﻿Реттік №/ № п/п,Күні / Дата,Корр-тің БСК / БИК корр-та,Корр-тің ЖСК /ИИК корр-та,Жіберушінің СН / ИН отправителя,Корреспондент / Корреспондент,Алушының СН / ИН получателя,Дебет / Дебет,Кредит / Кредит,ТМК /КНП,Банк корреспондент / Банк корреспондент,Төлемнің мақсаты / Назначение платежа,ip_knp_norm,ip_op_date,ip_is_non_business_by_knp,ip_is_non_business_by_keywords,ip_is_non_business,ip_credit_amount,ip_is_business_income
NT- 354310,11.12.2024 15:49,KCJBKZKX,KZ918562799133233 181,980524400928,ИП Балерке,980640000093,8550,,841,"АО ""Банк ЦентрКредит""","ПП/ПО № NT-354310 от 03.10.2024. Частичная оплата К2.Погашение комиссии по счету KZ058562204133231097. Комиссия за пакет услуг (периоды) , НДС не облагается.",841,2024-12-11,False,False,False,0.0,False
1439,11.12.2024 15:46,KCJBKZKX,KZ388560000000526 989,090840004730,"Товарищество с ограниченной ответственностью ""Saryarqa-MS""",980524400928,,300000,819,"АО ""Банк ЦентрКредит""","Оплата согласно счету №5,№6 от 10.12.2024 годжа Сумма 300 000-00 в т.ч. НДС(12%) 32 142-86 Прочие платежи по транспортным услугам",819,2024-12-11,False,False,False,300000.0,True
19,12.12.2024 10:59,CASPKZKA,KZ80722C00002310 0722,980524400928,ИП Балерке,980524400928,291450,,343,"АО ""KASPI BANK""",Без НДС Переводы клиентом денег со своего текущего счета в одном банке на свой текущий счет в другом банке,343,2024-12-12,True,False,True,0.0,False
20,18.12.2024 15:21,CASPKZKA,KZ80722C00002310 0722,980524400928,ИП Балерке,980524400928,960000,,343,"АО ""KASPI BANK""",Без НДС Переводы клиентом денег со своего текущего счета в одном банке на свой текущий счет в другом банке,343,2024-12-18,True,False,True,0.0,False
1469,18.12.2024 14:52,KCJBKZKX,KZ388560000000526 989,090840004730,"Товарищество с ограниченной ответственностью ""Saryarqa-MS""",980524400928,,980000,814,"АО ""Банк ЦентрКредит""",Оплата согласно счет на оплату №7 от 17.12.2024 гСумма 980 000-00 в т.ч. НДС(12%) 105 000-00 Платежи за услуги иного сухопутного транспорта,814,2024-12-18,False,False,False,980000.0,True
1496,25.12.2024 10:41,KCJBKZKX,KZ388560000000526 989,090840004730,"Товарищество с ограниченной ответственностью ""Saryarqa-MS""",980524400928,,1180000,814,"АО ""Банк ЦентрКредит""",Оплата согласно счету №8 от 24.12.2024 года Сумма 1 180 000-00 в т.ч. НДС(12%) 126 428-57 Платежи за услуги иного сухопутного транспорта,814,2024-12-25,False,False,False,1180000.0,True
22,26.12.2024 15:27,CASPKZKA,KZ80722C00002310 0722,980524400928,ИП Балерке,980524400928,1150000,,343,"АО ""KASPI BANK""",Без НДС Переводы клиентом денег со своего текущего счета в одном банке на свой текущий счет в другом банке,343,2024-12-26,True,False,True,0.0,False
1521,30.12.2024 13:42,KCJBKZKX,KZ388560000000526 989,090840004730,"Товарищество с ограниченной ответственностью ""Saryarqa-MS""",980524400928,,980000,814,"АО ""Банк ЦентрКредит""",Оплата согласно счету №9 от 30.12.2024 года Сумма 980 000-00 в т.ч. НДС(12%) 105 000-00 Платежи за услуги иного сухопутного транспорта,814,2024-12-30,False,False,False,980000.0,True
NT- 108640,03.01.2025 20:49,KCJBKZKX,KZ918562799133233 181,980524400928,"Акционерное Общество ""Банк ЦентрКредит""",980524400928,8550,,841,"АО ""Банк ЦентрКредит""","Комиссия за пакет услуг (периоды) , НДС не облагается.",841,2025-01-03,False,False,False,0.0,False
23,05.01.2025 15:42,CASPKZKA,KZ80722C00002310 0722,980524400928,ИП Балерке,980524400928,1021450,,343,"АО ""KASPI BANK""",Без НДС Переводы клиентом денег со своего текущего счета в одном банке на свой текущий счет в другом банке,343,2025-01-05,True,False,True,0.0,False
39,17.01.2025 14:35,KCJBKZKX,KZ388560000000526 989,090840004730,"Товарищество с ограниченной ответственностью ""Saryarqa-MS""",980524400928,,130000,814,"АО ""Банк ЦентрКредит""",Оплата согласно счету №1 от 08.01.2024 года Сумма 130 000-00 в т.ч. НДС(12%) 13 928-57 Платежи за услуги иного сухопутного транспорта,814,2025-01-17,False,False,False,130000.0,True
24,21.01.2025 11:43,CASPKZKA,KZ80722C00002310 0722,980524400928,ИП Балерке,980524400928,130000,,343,"АО ""KASPI BANK""",Без НДС Переводы клиентом денег со своего текущего счета в одном банке на свой текущий счет в другом банке,343,2025-01-21,True,False,True,0.0,False
NT- 898006,11.04.2025 13:46,KCJBKZKX,KZ918562799133233 181,980524400928,ИП Балерке,980640000093,8550,,841,"АО ""Банк ЦентрКредит""","ПП/ПО № NT-898006 от 03.04.2025. Частичная оплата К2.Погашение комиссии по счету KZ058562204133231097. Комиссия за пакет услуг (периоды) , НДС не облагается.",841,2025-04-11,False,False,False,0.0,False
1195,11.04.2025 13:43,HSBKKZKX,KZ786010111000042 387,001140004068,ТОО ASTI,980524400928,,250000,819,"АО ""Народный Банк Казахстана""",Оплатат за услуги транспорта по счету № 2 от 10.04.2025 Сумма 250 000-00 в т.ч. НДС(12%) 26 785-71 Прочие платежи по транспортным услугам,819,2025-04-11,False,False,False,250000.0,True
26,14.04.2025 08:24,CASPKZKA,KZ80722C00002310 0722,980524400928,ИП Балерке,980524400928,240000,,343,"АО ""KASPI BANK""",Без НДСПереводы клиентом денег со своего текущего счета в одном банке на свой текущий счет в другом банке,343,2025-04-14,True,False,True,0.0,False
28,25.04.2025 17:49,CASPKZKA,KZ80722C00002310 0722,980524400928,ИП Балерке,980524400928,57000,,343,"АО ""KASPI BANK""",Без НДСПереводы клиентом денег со своего текущего счета в одном банке на свой текущий счет в другом банке,343,2025-04-25,True,False,True,0.0,False
27,25.04.2025 15:26,CASPKZKA,KZ80722C00002310 0722,980524400928,ИП Балерке,980524400928,61000,,343,"АО ""KASPI BANK""",Без НДСПереводы клиентом денег со своего текущего счета в одном банке на свой текущий счет в другом банке,343,2025-04-25,True,False,True,0.0,False
311,25.04.2025 17:43,HSBKKZKX,KZ94601A871015389 731,170840001842,"ТОО ""МеталлХаб""",980524400928,,57000,819,"АО ""Народный Банк Казахстана""",по счету № 4 от 25.04.2025г. Прочие платежи по транспортным услугам,819,2025-04-25,False,False,False,57000.0,True
572,25.04.2025 14:14,KCJBKZKX,KZ388560000000526 989,090840004730,"Товарищество с ограниченной ответственностью ""Saryarqa-MS""",980524400928,,60000,819,"АО ""Банк ЦентрКредит""",Оплата согласно счету №3 от 25.04.2025 года. НДС. Прочие платежи по транспортным услугам,819,2025-04-25,False,False,False,60000.0,True
1007,12.06.2025 11:15,KCJBKZKX,KZ388560000000526 989,090840004730,"Товарищество с ограниченной ответственностью ""Saryarqa-MS""",980524400928,,100000,814,"АО ""Банк ЦентрКредит""",Оплата согласно счет №5 от 05.06.2025 года Сумма 100 000- 00тенгев т.ч. НДС(12%) 10 714- 29тенгеПлатежи за услуги иного сухопутного транспорта,814,2025-06-12,False,False,False,100000.0,True
29,13.06.2025 11:02,CASPKZKA,KZ80722C00002310 0722,980524400928,ИП Балерке,980524400928,100000,,343,"АО ""KASPI BANK""",Без НДСПереводы клиентом денег со своего текущего счета в одном банке на свой текущий счет в другом банке,343,2025-06-13,True,False,True,0.0,False
NT- 996269,03.07.2025 19:10,KCJBKZKX,KZ918562799133233 181,980524400928,"Акционерное Общество ""Банк ЦентрКредит""",980524400928,450,,841,"АО ""Банк ЦентрКредит""","Комиссия за пакет услуг (периоды) , НДС не облагается.",841,2025-07-03,False,False,False,0.0,False
NT- 996270,14.08.2025 14:49,KCJBKZKX,KZ918562799133233 181,980524400928,ИП Балерке,980640000093,8100,,841,"АО ""Банк ЦентрКредит""","ПП/ПО № NT-996270 от 03.07.2025. Частичная оплата К2.Погашение комиссии по счету KZ058562204133231097. Комиссия за пакет услуг (периоды) , НДС не облагается.",841,2025-08-14,False,False,False,0.0,False
938,14.08.2025 14:46,IRTYKZKA,KZ5696503F0012567 661,011240012410,"ТОО ""ASR Units""",980524400928,,120000,819,"АО ""ForteBank""","Прочие услуги. Оплата , соглсно счета №6 от 12.08.2025г., Сумма 120 000- 00тенгебез налога",819,2025-08-14,False,False,False,120000.0,True
NT- 854981,16.08.2025 19:14,KCJBKZKX,KZ208561005105115 985,980524400928,"Филиал Акционерного Общества ""Банк ЦентрКредит"" в городе Астана",980741000260,111000,,341,"АО ""Банк ЦентрКредит""","Снятие наличных АТМ 00031528, 16.08.2025, KZBCCAST Mustafina13 SM, STANAKZ, , Карта: 489988******7293",341,2025-08-16,False,False,False,0.0,False
981,19.08.2025 10:41,IRTYKZKA,KZ5696503F0012567 661,011240012410,"ТОО ""ASR Units""",980524400928,,85000,819,"АО ""ForteBank""","Прочие услуги. Оплата , соглсно счета №7 от 13.08.2025г., Сумма 85 000- 00тенгебез налога",819,2025-08-19,False,False,False,85000.0,True
NT- 377042,21.08.2025 04:12,KCJBKZKX,KZ248562860132903 774,980524400928,"Акционерное Общество ""Банк ЦентрКредит""",980640000093,20000,,341,"АО ""Банк ЦентрКредит""","Снятие наличных АТМ Номер устройства в ПЦ, 19.08.2025 16:22:55, KAZ, AstanaKZ, Upravlenie delami Prezide, Карта: 489988******7293",341,2025-08-21,False,False,False,0.0,False
NT- 521938,31.08.2025 05:06,KCJBKZKX,KZ248562860132903 774,980524400928,"Акционерное Общество ""Банк ЦентрКредит""",980640000093,65000,,341,"АО ""Банк ЦентрКредит""","Снятие наличных АТМ Номер устройства в ПЦ, 29.08.2025 10:32:26, KAZ, NUR-SULTAN, DOM MINISTERSTV 11 POD E, Карта: 489988******7293",341,2025-08-31,False,False,False,0.0,False
