﻿Реттік №/ № п/п,Күні / Дата,Корр-тің БСК / БИК корр-та,Корр-тің ЖСК /ИИК корр-та,Жіберушінің СН / ИН отправителя,Корреспондент / Корреспондент,Алушының СН / ИН получателя,Дебет / Дебет,Кредит / Кредит,ТМК /КНП,Банк корреспондент / Банк корреспондент,Төлемнің мақсаты / Назначение платежа,ip_knp_norm,ip_op_date,ip_is_non_business_by_knp,ip_is_non_business_by_keywords,ip_is_non_business,ip_credit_amount,ip_is_business_income
291,04.09.2023 10:13,GCVPKZ2A,KZ67009SS0036860 9110,770814400803,"НАО ""Государственная корпорация ""Правительство для граждан""",160440007161,2450,,012,"НАО ""Государственная корпорация ""Правительство для граждан""",Социальные отчисленияСоциальные отчисления,12,2023-09-04,True,True,True,0.0,False
292,04.09.2023 10:14,GCVPKZ2A,KZ67009SS0036860 9110,770814400803,"НАО ""Государственная корпорация ""Правительство для граждан""",160440007161,2450,,012,"НАО ""Государственная корпорация ""Правительство для граждан""",Социальные отчисленияСоциальные отчисления,12,2023-09-04,True,True,True,0.0,False
293,04.09.2023 10:15,GCVPKZ2A,KZ67009SS0036860 9110,770814400803,"НАО ""Государственная корпорация ""Правительство для граждан""",160440007161,2450,,012,"НАО ""Государственная корпорация ""Правительство для граждан""",Социальные отчисленияСоциальные отчисления,12,2023-09-04,True,True,True,0.0,False
294,04.09.2023 10:16,GCVPKZ2A,KZ67009SS0036860 9110,770814400803,"НАО ""Государственная корпорация ""Правительство для граждан""",160440007161,2450,,012,"НАО ""Государственная корпорация ""Правительство для граждан""",Социальные отчисленияСоциальные отчисления,12,2023-09-04,True,True,True,0.0,False
295,04.09.2023 10:18,GCVPKZ2A,KZ67009SS0036860 9110,770814400803,"НАО ""Государственная корпорация ""Правительство для граждан""",160440007161,2450,,012,"НАО ""Государственная корпорация ""Правительство для граждан""",Социальные отчисленияСоциальные отчисления,12,2023-09-04,True,True,True,0.0,False
296,04.09.2023 10:19,GCVPKZ2A,KZ67009SS0036860 9110,770814400803,"НАО ""Государственная корпорация ""Правительство для граждан""",160440007161,2450,,012,"НАО ""Государственная корпорация ""Правительство для граждан""",Социальные отчисленияСоциальные отчисления,12,2023-09-04,True,True,True,0.0,False
297,04.09.2023 10:20,GCVPKZ2A,KZ92009MEDS36860 9103,770814400803,"НАО ""Государственная корпорация ""Правительство для граждан""",160440007161,4900,,122,"НАО ""Государственная корпорация ""Правительство для граждан""",Взносы на обязательное социальное медицинское страхованиеВзносы на обязательное социальное медицинское страхование,122,2023-09-04,False,True,True,0.0,False
298,04.09.2023 10:21,GCVPKZ2A,KZ92009MEDS36860 9103,770814400803,"НАО ""Государственная корпорация ""Правительство для граждан""",160440007161,4900,,122,"НАО ""Государственная корпорация ""Правительство для граждан""",Взносы на обязательное социальное медицинское страхованиеВзносы на обязательное социальное медицинское страхование,122,2023-09-04,False,True,True,0.0,False
299,04.09.2023 10:22,GCVPKZ2A,KZ92009MEDS36860 9103,770814400803,"НАО ""Государственная корпорация ""Правительство для граждан""",160440007161,4900,,122,"НАО ""Государственная корпорация ""Правительство для граждан""",Взносы на обязательное социальное медицинское страхованиеВзносы на обязательное социальное медицинское страхование,122,2023-09-04,False,True,True,0.0,False
300,04.09.2023 10:23,GCVPKZ2A,KZ92009MEDS36860 9103,770814400803,"НАО ""Государственная корпорация ""Правительство для граждан""",160440007161,4900,,122,"НАО ""Государственная корпорация ""Правительство для граждан""",Взносы на обязательное социальное медицинское страхованиеВзносы на обязательное социальное медицинское страхование,122,2023-09-04,False,True,True,0.0,False
301,04.09.2023 10:24,GCVPKZ2A,KZ92009MEDS36860 9103,770814400803,"НАО ""Государственная корпорация ""Правительство для граждан""",160440007161,4900,,122,"НАО ""Государственная корпорация ""Правительство для граждан""",Взносы на обязательное социальное медицинское страхованиеВзносы на обязательное социальное медицинское страхование,122,2023-09-04,False,True,True,0.0,False
302,04.09.2023 10:25,GCVPKZ2A,KZ92009MEDS36860 9103,770814400803,"НАО ""Государственная корпорация ""Правительство для граждан""",160440007161,4900,,122,"НАО ""Государственная корпорация ""Правительство для граждан""",Взносы на обязательное социальное медицинское страхованиеВзносы на обязательное социальное медицинское страхование,122,2023-09-04,False,True,True,0.0,False
285,04.09.2023 10:03,GCVPKZ2A,KZ12009NPS041360 9816,770814400803,"НАО ""Государственная корпорация ""Правительство для граждан""",160440007161,7000,,010,"НАО ""Государственная корпорация ""Правительство для граждан""",Обязательные пенсионные взносыОбязательные пенсионные взносы,10,2023-09-04,True,True,True,0.0,False
286,04.09.2023 10:05,GCVPKZ2A,KZ12009NPS041360 9816,770814400803,"НАО ""Государственная корпорация ""Правительство для граждан""",160440007161,7000,,010,"НАО ""Государственная корпорация ""Правительство для граждан""",Обязательные пенсионные взносыОбязательные пенсионные взносы,10,2023-09-04,True,True,True,0.0,False
287,04.09.2023 10:07,GCVPKZ2A,KZ12009NPS041360 9816,770814400803,"НАО ""Государственная корпорация ""Правительство для граждан""",160440007161,7000,,010,"НАО ""Государственная корпорация ""Правительство для граждан""",Обязательные пенсионные взносыОбязательные пенсионные взносы,10,2023-09-04,True,True,True,0.0,False
288,04.09.2023 10:08,GCVPKZ2A,KZ12009NPS041360 9816,770814400803,"НАО ""Государственная корпорация ""Правительство для граждан""",160440007161,7000,,010,"НАО ""Государственная корпорация ""Правительство для граждан""",Обязательные пенсионные взносыОбязательные пенсионные взносы,10,2023-09-04,True,True,True,0.0,False
289,04.09.2023 10:10,GCVPKZ2A,KZ12009NPS041360 9816,770814400803,"НАО ""Государственная корпорация ""Правительство для граждан""",160440007161,7000,,010,"НАО ""Государственная корпорация ""Правительство для граждан""",Обязательные пенсионные взносыОбязательные пенсионные взносы,10,2023-09-04,True,True,True,0.0,False
290,04.09.2023 10:11,GCVPKZ2A,KZ12009NPS041360 9816,770814400803,"НАО ""Государственная корпорация ""Правительство для граждан""",160440007161,7000,,010,"НАО ""Государственная корпорация ""Правительство для граждан""",Обязательные пенсионные взносыОбязательные пенсионные взносы,10,2023-09-04,True,True,True,0.0,False
217,06.11.2023 14:57,CASPKZKA,KZ36722S000014749 208,011140006422,"ТОО ""КОЙБАГОРСКАЯ НЕФТЕБАЗА""",770814400803,,210000,859,"АО ""KASPI BANK""","За профессиональные, научные и технические услуги. Оплата согл асно счет-фактуры № 38 от 06.11.2023 год, услуги.",859,2023-11-06,False,False,False,210000.0,True
439,08.11.2023 10:05,HSBKKZKX,KZ306017221000001 331,080340002714,ТОО Верхне- Тобольский рыбопитомник,770814400803,,80000,859,"Акционерное общество ""Народный Банк Казахстана""","оплата согласно договора 8 от 02.05.23.без ндс Платежи за проф ессиональные, научные и технические услуги,",859,2023-11-08,False,False,False,80000.0,True
301,08.11.2023 13:08,HSBKKZKX,KZ686010221000019 524,980440000571,ТОО Содружество- 98,770814400803,,95000,859,"Акционерное общество ""Народный Банк Казахстана""","Оплата за отчеты по программе ПЭК за 2023г согласно АВР №44 от 06.11.2023г. Платежи за профессиональные, научные и технические услуг и,",859,2023-11-08,False,False,False,95000.0,True
ONB5KQ MZA,13.11.2023 16:20,HSBKKZKX,KZ056010221000011 443,051140002457,"ТОО ""Agrimer Karasu""",770814400803,,240000,859,"Акционерное общество ""Народный Банк Казахстана""","услуги консультационные в области экологии Платежи за професси ональные, научные и технические услуги,",859,2023-11-13,False,False,False,240000.0,True
306,05.12.2023 12:34,KCJBKZKX,KZ388562204108294 713,770814400803,Нургуль,770814400803,794000,,342,"АО ""Банк ЦентрКредит""","Без НДС Переводы клиентом денег с одного своего текущего счета, открытого в банке, на другой свой текущий счет, открытый в данном банке",342,2023-12-05,True,False,True,0.0,False
149,28.12.2023 15:50,HSBKKZKX,KZ876010221000285 253,150440025693,ТОО МАЛ Базар Костанай,770814400803,,150000,859,"Акционерное общество ""Народный Банк Казахстана""","Оплата за предоставление отчетов по ЭСФ № 41 от 07.11.2023 год а. Платежи за профессиональные, научные и технические услуги,",859,2023-12-28,False,False,False,150000.0,True
503,28.12.2023 09:35,HSBKKZKX,KZ526017221000002 099,980840004407,ТОО Ключевое,770814400803,,180000,859,"Акционерное общество ""Народный Банк Казахстана""","Оплата за отчет по программе ПЭК (производственно экологически й контроль) за 2023 г., согласно счета на оплату № 14 от 19.12.2023г. Сумма 180 000,00 тенге, в т.ч. НДС (без НДС) 0,00 тенге Платежи за про фессиональные, научные и технические услуги,",859,2023-12-28,False,False,False,180000.0,True
4497,28.12.2023 18:58,HSBKKZKX,KZ106010221000008 346,940640001490,ТОО Тойсай,770814400803,,200000,859,"Акционерное общество ""Народный Банк Казахстана""","согл. ЭСФ № 39 от 06.11.2023 г. за услуги Платежи за профессио нальные, научные и технические услуги,",859,2023-12-28,False,False,False,200000.0,True
307,29.12.2023 13:26,KCJBKZKX,KZ388562204108294 713,770814400803,Нургуль,770814400803,600000,,342,"АО ""Банк ЦентрКредит""","Без НДС Переводы клиентом денег с одного своего текущего счета, открытого в банке, на другой свой текущий счет, открытый в данном банке",342,2023-12-29,True,False,True,0.0,False
982,29.12.2023 12:02,KCJBKZKX,KZ808562203116432 194,981240003750,ТОО ЌОРЄАУ,770814400803,,120000,859,"АО ""Банк ЦентрКредит""","Оплата за услуги согласно счёт- фактуры № 40 от 06.11.2023 г, Платежи за профессиональные, научные и технические услуги",859,2023-12-29,False,False,False,120000.0,True
79,09.01.2024 15:29,CASPKZKA,KZ64722S000000370 200,990340008486,ТОО ИМ К МАРКСА,770814400803,,850000,859,"АО ""KASPI BANK""","За профессиональные, научные и технические услуги. Оплата согл асно договора №1,2 от 03.01.2024 г за разработку проектной документаци и, отчет по программе ПЭКза 2024 г.",859,2024-01-09,False,False,False,850000.0,True
309,02.02.2024 15:21,GCVPKZ2A,KZ67009SS0036860 9110,770814400803,"НАО ""Государственная корпорация ""Правительство для граждан""",160440007161,2975,,012,"НАО ""Государственная корпорация ""Правительство для граждан""",Социальные отчисления,12,2024-02-02,True,True,True,0.0,False
310,02.02.2024 15:24,GCVPKZ2A,KZ92009MEDS36860 9103,770814400803,"НАО ""Государственная корпорация ""Правительство для граждан""",160440007161,5950,,122,"НАО ""Государственная корпорация ""Правительство для граждан""",Взносы на обязательное социальное медицинское страхование,122,2024-02-02,False,True,True,0.0,False
308,02.02.2024 15:15,GCVPKZ2A,KZ12009NPS041360 9816,770814400803,"НАО ""Государственная корпорация ""Правительство для граждан""",160440007161,8500,,010,"НАО ""Государственная корпорация ""Правительство для граждан""",Обязательные пенсионные взносы,10,2024-02-02,True,True,True,0.0,False
21,07.02.2024 10:02,HSBKKZKX,KZ78601A221001877 321,010240001284,ТОО Кохана,770814400803,,65000,859,"Акционерное общество ""Народный Банк Казахстана""","на Услуги профессиональные, отчетность.Счет на оплату № 1 от 06.0 2.2024 г. Сумма 65 000-00 тенге без НДС Платежи за профессиональные, учные и технические услуги,",859,2024-02-07,False,False,False,65000.0,True
35,13.02.2024 11:04,KCJBKZKX,KZ378560000000471 814,980240001808,"Товарищество с ограниченной ответственностью ""ЖАЛГЫСКАН""",770814400803,,30000,859,"АО ""Банк ЦентрКредит""","Оплата за услуги в области экологии . Сумма 30000-00 тенге.Без НДС Платежи за профессиональные, научные и технические услуги",859,2024-02-13,False,False,False,30000.0,True
33,13.02.2024 11:24,KCJBKZKX,KZ828560000000092 801,601215450278,"кх ""Мадина""",770814400803,,30000,859,"АО ""Банк ЦентрКредит""","Оплата за консультации в области экологии согласно счет фактуре № 8 от 09.02.2024 г. Сумма 30000-00 тенге.Без НДС Платежи за профессиональные, научные и технические услуги",859,2024-02-13,False,False,False,30000.0,True
311,14.02.2024 11:37,KCJBKZKX,KZ388562204108294 713,770814400803,Нургуль,770814400803,1300000,,342,"АО ""Банк ЦентрКредит""","Без НДС Переводы клиентом денег с одного своего текущего счета, открытого в банке, на другой свой текущий счет, открытый в данном банке",342,2024-02-14,True,False,True,0.0,False
669,14.02.2024 11:38,KCJBKZKX,KZ398560000000111 811,050440012096,ТОО Кемел - Ќарасу,770814400803,,210000,859,"АО ""Банк ЦентрКредит""","Услуги консультационные в области экологии согласно акта сверки от 14.02.24 г. Без НДС Платежи за профессиональные, научные и технические услуги",859,2024-02-14,False,False,False,210000.0,True
7507,14.02.2024 11:21,KCJBKZKX,KZ028560000006157 323,130940021169,ТОО Astana Grand Trade,770814400803,,330000,859,"АО ""Банк ЦентрКредит""","Услуги консультационные в области экологии согласно акта сверки от 14.02.24 г. Без НДС Платежи за профессиональные, научные и технические услуги",859,2024-02-14,False,False,False,330000.0,True
13,19.02.2024 15:30,HSBKKZKX,KZ696010221000015 432,980240002987,ТОО Крутоярское,770814400803,,20000,859,"Акционерное общество ""Народный Банк Казахстана""","За отчет по инвентаризации отходов за 2023 год. Платежи за про фессиональные, научные и технические услуги,",859,2024-02-19,False,False,False,20000.0,True
76,19.02.2024 17:00,HSBKKZKX,KZ326010221000015 904,980340002504,ТОО Ершовское-2,770814400803,,40000,859,"Акционерное общество ""Народный Банк Казахстана""","оплата за консультационные услуги в области экологии согласно АВР №18 от 19.02.2024 г Сумма 40 000-00 тенге без НДС Платежи за профе ссиональные, научные и технические услуги,",859,2024-02-19,False,False,False,40000.0,True
18,20.02.2024 15:07,CASPKZKA,KZ46722S000001814 369,170540015089,ТОО АБАЙ-АГРО 2017,770814400803,,40000,859,"АО ""KASPI BANK""","За профессиональные, научные и технические услуги. Оплата за п одготовку и разработку отчетовсогласно договораот 15.02.2024 г Без НДС.",859,2024-02-20,False,False,False,40000.0,True
6,20.02.2024 15:48,EURIKZKA,KZ0394807KZT2203 1006,990240005983,"ТОО ""КАРКЫН""",770814400803,,40000,859,"АО ""Евразийский Банк""","Платежи за профессиональные, научные и технические услуги cогл .АВР от 09.02.24 г",859,2024-02-20,False,False,False,40000.0,True
314,21.02.2024 12:08,KCJBKZKX,KZ388562204108294 713,770814400803,Нургуль,770814400803,447000,,342,"АО ""Банк ЦентрКредит""","Без НДС Переводы клиентом денег с одного своего текущего счета, открытого в банке, на другой свой текущий счет, открытый в данном банке",342,2024-02-21,True,False,True,0.0,False
68,21.02.2024 10:05,TSESKZKA,KZ67998GTB000053 4152,770607350372,"крестьянское хозяйство ""ВЕСТА""",770814400803,,20000,859,"АО ""First Heartland Jusan Bank""","Оплата согласно акта выполненных работ № 11 от 19,02,2024 год а. Платежи за профессиональные, научные и технические услуги.",859,2024-02-21,False,False,False,20000.0,True
40,21.02.2024 15:51,HSBKKZKX,KZ686010221000019 524,980440000571,ТОО Содружество- 98,770814400803,,30000,859,"Акционерное общество ""Народный Банк Казахстана""","Оплата за отчет согласно счета на оплату №11 от 21.02.2024г Пл атежи за профессиональные, научные и технические услуги,",859,2024-02-21,False,False,False,30000.0,True
32,21.02.2024 11:42,CASPKZKA,KZ36722S000014749 208,011140006422,"ТОО ""КОЙБАГОРСКАЯ НЕФТЕБАЗА""",770814400803,,40000,859,"АО ""KASPI BANK""","За профессиональные, научные и технические услуги. Оплата согл асно счета №2 от 21.02.2024 год,отчет по инвентаризацииотходов.",859,2024-02-21,False,False,False,40000.0,True
2574,21.02.2024 14:39,HSBKKZKX,KZ856010321000020 571,050640001474,ТОО Agrimer Zhanyspay,770814400803,,40000,859,"Акционерное общество ""Народный Банк Казахстана""","Согласно счета на оплату №4 от 21.02.2024г.,отчет по инвентари зации отходов Платежи за профессиональные, научные и технические услуг и,",859,2024-02-21,False,False,False,40000.0,True
3146,21.02.2024 15:42,HSBKKZKX,KZ11601A221000212 261,000440006875,ТОО Батыр-Моздок,770814400803,,40000,859,"Акционерное общество ""Народный Банк Казахстана""","Оплата за услуги по предоставлению отчета согласно счета на оп лату № 3 от 21.02.2024 года. Платежи за профессиональные, научные и те хнические услуги,",859,2024-02-21,False,False,False,40000.0,True
315,22.02.2024 17:50,KCJBKZKX,KZ388562204108294 713,770814400803,Нургуль,770814400803,175000,,342,"АО ""Банк ЦентрКредит""","Без НДС Переводы клиентом денег с одного своего текущего счета, открытого в банке, на другой свой текущий счет, открытый в данном банке",342,2024-02-22,True,False,True,0.0,False
47,22.02.2024 16:16,EURIKZKA,KZ5594807KZT2203 0458,050840006036,"ТОО ""ҐМІР-2005""",770814400803,,25000,859,"АО ""Евразийский Банк""","Оплата за услуги, сог-но счет-фактуру № 12 от 21.02.2024 года, (без НДС). - Разные деловые, профессиональные и технические услуги",859,2024-02-22,False,False,False,25000.0,True
30,22.02.2024 10:35,KCJBKZKX,KZ268560000000090 802,981240003600,"ТОО ""Убаганский""",770814400803,,40000,859,"АО ""Банк ЦентрКредит""","Оплата согласно счета на оплату №13 от 21.02.2024 г.Без НДС Платежи за профессиональные, научные и технические услуги",859,2024-02-22,False,False,False,40000.0,True
316,23.02.2024 17:36,KCJBKZKX,KZ388562204108294 713,770814400803,Нургуль,770814400803,75000,,342,"АО ""Банк ЦентрКредит""","Без НДС Переводы клиентом денег с одного своего текущего счета, открытого в банке, на другой свой текущий счет, открытый в данном банке",342,2024-02-23,True,False,True,0.0,False
38,23.02.2024 19:18,HSBKKZKX,KZ226010221000008 324,660127401577,КХ НАДЕЖДА,770814400803,,20000,859,"Акционерное общество ""Народный Банк Казахстана""","Согласно счета на оплату №12 от 21.02.2024 г за отчет по инвен таризации отходов, без НДС Платежи за профессиональные, научные и техн ические услуги,",859,2024-02-23,False,False,False,20000.0,True
3312,23.02.2024 15:51,KCJBKZKX,KZ088560000000255 056,990340009315,"ТОО ""Колос - МЛ""",770814400803,,75000,859,"АО ""Банк ЦентрКредит""","за отчет по инвентаризации отходов, согл. счета на оплату № 6 от 21.02.2024 г.Без НДС Платежи за профессиональные, научные и технические услуги",859,2024-02-23,False,False,False,75000.0,True
2,27.02.2024 09:51,KCJBKZKX,KZ918562203118400 320,020640004136,ТОО ХПП Алтын Дан,770814400803,,40000,859,"АО ""Банк ЦентрКредит""","Без НДС Платежи за профессиональные, научные и технические услуги Паспорт отходов счет №9от 09.02.2024",859,2024-02-27,False,False,False,40000.0,True
91,13.03.2024 15:26,EURIKZKA,KZ3194807KZT2203 0211,050140016553,"ТОО ""БЕСТОБЕ-2""",770814400803,,40000,859,"АО ""Евразийский Банк""","Платежи за профессиональные, научные и технические услуги Услу ги отчет по инвентаризации отходов .согл счета №5 от 21 -02 -2024 г. Сумма 40 000-00 тенге без НДС",859,2024-03-13,False,False,False,40000.0,True
144,18.03.2024 11:19,KCJBKZKX,KZ198562203116434 650,980240001821,Товарищество с ограниченной ответственностью Кадал,770814400803,,35000,859,"АО ""Банк ЦентрКредит""","Оплата за услуги согласно счёт- фактуры № 31 от 26.02.2024 гБез НДС Платежи за профессиональные, научные и технические услуги",859,2024-03-18,False,False,False,35000.0,True
144,18.03.2024 11:24,KCJBKZKX,KZ808562203116432 194,981240003750,ТОО ЌОРЄАУ,770814400803,,35000,859,"АО ""Банк ЦентрКредит""","Оплата за услуги согласно счёт- фактуры № 30 от 26.02.2024 гБез НДС Платежи за профессиональные, научные и технические услуги",859,2024-03-18,False,False,False,35000.0,True
317,19.03.2024 14:13,KCJBKZKX,KZ388562204108294 713,770814400803,Нургуль,770814400803,310000,,342,"АО ""Банк ЦентрКредит""","Без НДС Переводы клиентом денег с одного своего текущего счета, открытого в банке, на другой свой текущий счет, открытый в данном банке",342,2024-03-19,True,False,True,0.0,False
65,19.03.2024 16:19,HSBKKZKX,KZ866010221000016 387,041240007747,"Товарищество с ограниченной ответственностью ""Їйкескен""",770814400803,,40000,859,"Акционерное общество ""Народный Банк Казахстана""",Счет фактура №15 от 21.02.2023г. за отчет по инвентаризации от ходов. Сумма 40 000-00 тенге,859,2024-03-19,False,False,False,40000.0,True
314,19.03.2024 09:44,CASPKZKA,KZ05722S000000370 195,990240008135,"ТОО ""ШЕМИНОВКА""",770814400803,,140000,859,"АО ""KASPI BANK""","За профессиональные, научные и технические услуги. за отчет по программе ПЭК согласно договора № 4 от 11.03.2024 года.",859,2024-03-19,False,False,False,140000.0,True
106,20.03.2024 11:01,KCJBKZKX,KZ518560000000415 787,990440006601,ТОО Бидай К,770814400803,,75000,859,"АО ""Банк ЦентрКредит""","Без НДСУслуги согл. акта выполненных работ №21 от 19.02.2024г. Платежи за профессиональные, научные и технические услуги",859,2024-03-20,False,False,False,75000.0,True
318,28.03.2024 08:16,KCJBKZKX,KZ388562204108294 713,770814400803,Нургуль,770814400803,115674,,342,"АО ""Банк ЦентрКредит""","Без НДС Переводы клиентом денег с одного своего текущего счета, открытого в банке, на другой свой текущий счет, открытый в данном банке",342,2024-03-28,True,False,True,0.0,False
26,28.03.2024 10:13,KCJBKZKX,KZ298560000000274 466,990840003780,"Товарищество с ограниченной ответственностью ""Бирлик-Омир""",770814400803,,75000,859,"АО ""Банк ЦентрКредит""","счет-фактура от 21.02.2024 года.Отчет по инвентаризации отходов. Без НДС Платежи за профессиональные, научные и технические услуги",859,2024-03-28,False,False,False,75000.0,True
319,29.03.2024 15:37,KCJBKZKX,KZ388562204108294 713,770814400803,Нургуль,770814400803,145000,,342,"АО ""Банк ЦентрКредит""","Без НДС Переводы клиентом денег с одного своего текущего счета, открытого в банке, на другой свой текущий счет, открытый в данном банке",342,2024-03-29,True,False,True,0.0,False
226,29.03.2024 10:45,NURSKZKX,KZ1384912KZ00608 3924,710619301289,"КХ ""БОБЁР- ИНВЕСТ""",770814400803,,30000,859,"АО ""Нурбанк""","за услуги согласно накладной от 26.02.2024 года без ндс Проф., научные и технич.услуги",859,2024-03-29,False,False,False,30000.0,True
4865,29.03.2024 11:37,HSBKKZKX,KZ106010221000008 346,940640001490,ТОО Тойсай,770814400803,,40000,859,"Акционерное общество ""Народный Банк Казахстана""","согл. ЭСФ № 33 от 18.03.2024 г. за услуги профессиональные, те хнические и коммерческие и др. Платежи за профессиональные, научные и технические услуги,",859,2024-03-29,False,False,False,40000.0,True
147,01.04.2024 14:40,TSESKZKA,KZ78998GTB000001 4713,990340005065,ТОО МАКС,770814400803,,40000,859,"АО ""First Heartland Jusan Bank""","Оплата за услуги по сдачи отчета ПЭК согласно счет-фактуры №32 от 13.03.2023 г.. Платежи за профессиональные, научные и технические услуги.",859,2024-04-01,False,False,False,40000.0,True
397,02.04.2024 17:19,HSBKKZKX,KZ906010221000177 626,990540004788,ТОО Надеждинка,770814400803,,35000,859,"Акционерное общество ""Народный Банк Казахстана""","Счет на оплату № 7 от 02.04.2024г Платежи за профессиональные, научные и технические услуги,",859,2024-04-02,False,False,False,35000.0,True
523,09.04.2024 12:55,IRTYKZKA,KZ989650000124695 138,031040007758,"Товарищество с ограниченной ответственностью ""Алтынсарино""",770814400803,,350000,859,"АО ""ForteBank""",Услуги/ За услуги по экологии по договору № 3 от 31.01.2024 г. НДС нет.,859,2024-04-09,False,False,False,350000.0,True
323,11.04.2024 12:59,GCVPKZ2A,KZ12009NPS041360 9816,770814400803,"НАО ""Государственная корпорация ""Правительство для граждан""",160440007161,1275,,089,"НАО ""Государственная корпорация ""Правительство для граждан""",Без НДС Обязательные пенсионные взносы работодателя,89,2024-04-11,False,True,True,0.0,False
325,11.04.2024 13:03,GCVPKZ2A,KZ12009NPS041360 9816,770814400803,"НАО ""Государственная корпорация ""Правительство для граждан""",160440007161,1275,,089,"НАО ""Государственная корпорация ""Правительство для граждан""",Без НДС Обязательные пенсионные взносы работодателя,89,2024-04-11,False,True,True,0.0,False
321,11.04.2024 12:56,GCVPKZ2A,KZ67009SS0036860 9110,770814400803,"НАО ""Государственная корпорация ""Правительство для граждан""",160440007161,2975,,012,"НАО ""Государственная корпорация ""Правительство для граждан""",Социальные отчисления,12,2024-04-11,True,True,True,0.0,False
326,11.04.2024 13:04,GCVPKZ2A,KZ67009SS0036860 9110,770814400803,"НАО ""Государственная корпорация ""Правительство для граждан""",160440007161,2975,,012,"НАО ""Государственная корпорация ""Правительство для граждан""",Социальное отчисления Социальные отчисления,12,2024-04-11,True,True,True,0.0,False
322,11.04.2024 12:58,GCVPKZ2A,KZ92009MEDS36860 9103,770814400803,"НАО ""Государственная корпорация ""Правительство для граждан""",160440007161,5950,,122,"НАО ""Государственная корпорация ""Правительство для граждан""",Взносы на обязательное социальное медицинское страхование,122,2024-04-11,False,True,True,0.0,False
327,11.04.2024 13:06,GCVPKZ2A,KZ92009MEDS36860 9103,770814400803,"НАО ""Государственная корпорация ""Правительство для граждан""",160440007161,5950,,122,"НАО ""Государственная корпорация ""Правительство для граждан""",Взносы на обязательное социальное медицинское страхование,122,2024-04-11,False,True,True,0.0,False
320,11.04.2024 12:51,GCVPKZ2A,KZ12009NPS041360 9816,770814400803,"НАО ""Государственная корпорация ""Правительство для граждан""",160440007161,8500,,010,"НАО ""Государственная корпорация ""Правительство для граждан""",Обязательные пенсионные взносы,10,2024-04-11,True,True,True,0.0,False
324,11.04.2024 13:02,GCVPKZ2A,KZ12009NPS041360 9816,770814400803,"НАО ""Государственная корпорация ""Правительство для граждан""",160440007161,8500,,010,"НАО ""Государственная корпорация ""Правительство для граждан""",Обязательные пенсионные взносы,10,2024-04-11,True,True,True,0.0,False
328,11.04.2024 13:07,GCVPKZ2A,KZ12009NPS041360 9816,770814400803,"НАО ""Государственная корпорация ""Правительство для граждан""",160440007161,8500,,010,"НАО ""Государственная корпорация ""Правительство для граждан""",Обязательные пенсионные взносы,10,2024-04-11,True,True,True,0.0,False
329,11.04.2024 13:18,KCJBKZKX,KZ388562204108294 713,770814400803,Нургуль,770814400803,379100,,342,"АО ""Банк ЦентрКредит""","Без НДС Переводы клиентом денег с одного своего текущего счета, открытого в банке, на другой свой текущий счет, открытый в данном банке",342,2024-04-11,True,False,True,0.0,False
172,18.04.2024 14:42,HSBKKZKX,KZ966010221000001 754,010940000678,ТОО Алабата,770814400803,,35000,859,"Акционерное общество ""Народный Банк Казахстана""","по акту сверки.Сумма 35 000-00 тенге без налога Платежи за про фессиональные, научные и технические услуги,",859,2024-04-18,False,False,False,35000.0,True
150,10.05.2024 16:25,KCJBKZKX,KZ838560000000109 952,020540002047,"TOO ""Талды - К""",770814400803,,40000,859,"АО ""Банк ЦентрКредит""","Без НДС За отчет по инвентаризации отходов,согл.сч.на оплату №10 от 21.02.2024 г. Платежи за профессиональные, научные и технические услуги",859,2024-05-10,False,False,False,40000.0,True
104,03.06.2024 10:17,CASPKZKA,KZ36722S000014749 208,011140006422,"ТОО ""КОЙБАГОРСКАЯ НЕФТЕБАЗА""",770814400803,,100000,859,"АО ""KASPI BANK""","За профессиональные, научные и технические услуги. Оплата согл асно счета № 14 от 03.06.2024 год,отчет по программе ПЭК 1-2 кв 2024 г ода.",859,2024-06-03,False,False,False,100000.0,True
201,03.06.2024 10:34,HSBKKZKX,KZ876010221000285 253,150440025693,ТОО МАЛ Базар Костанай,770814400803,,150000,859,"Акционерное общество ""Народный Банк Казахстана""","Оплата за сдачу отчета по программе ПЭК по счету на оплату № 1 5 от 03.06.2024 года. Платежи за профессиональные, научные и техническ ие услуги,",859,2024-06-03,False,False,False,150000.0,True
OK- 036012,05.06.2024 11:28,KCJBKZKX,KZ778564601101324 834,770814400803,"Акционерное Общество ""Банк ЦентрКредит""",980841000472,300,,841,"АО ""Банк ЦентрКредит""","WWW. Интернет-банкинг. ПС. Перевод с 00.01 до 13.00, поступление средств день в день,(при платеже по поручению клиентов путем прямого дебетования банковского счета тариф взимается в двойном размере). Расчетный документ № 330 от 05.06.24 на сумму 1",841,2024-06-05,False,False,False,0.0,False
330,05.06.2024 11:28,IRTYKZKA,KZ9396513F0008259 404,770814400803,ТОО ГЭСПОЛ,060440009058,158626,,859,"АО ""ForteBank""","Воздух, вода Платежи за профессиональные, научные и технические услуги",859,2024-06-05,False,False,False,0.0,False
810,05.06.2024 15:56,HSBKKZKX,KZ306017221000001 331,080340002714,ТОО Верхне- Тобольский рыбопитомник,770814400803,,100000,859,"Акционерное общество ""Народный Банк Казахстана""","отчет по программе ПЭК.без ндс Платежи за профессиональные, на учные и технические услуги,",859,2024-06-05,False,False,False,100000.0,True
334,19.06.2024 14:53,GCVPKZ2A,KZ12009NPS041360 9816,770814400803,"НАО ""Государственная корпорация ""Правительство для граждан""",160440007161,1275,,089,"НАО ""Государственная корпорация ""Правительство для граждан""",Без НДС Обязательные пенсионные взносы работодателя,89,2024-06-19,False,True,True,0.0,False
336,19.06.2024 14:57,GCVPKZ2A,KZ12009NPS041360 9816,770814400803,"НАО ""Государственная корпорация ""Правительство для граждан""",160440007161,1275,,089,"НАО ""Государственная корпорация ""Правительство для граждан""",Без НДС Обязательные пенсионные взносы работодателя,89,2024-06-19,False,True,True,0.0,False
332,19.06.2024 14:45,GCVPKZ2A,KZ67009SS0036860 9110,770814400803,"НАО ""Государственная корпорация ""Правительство для граждан""",160440007161,2975,,012,"НАО ""Государственная корпорация ""Правительство для граждан""",Социальные отчисления,12,2024-06-19,True,True,True,0.0,False
337,19.06.2024 14:59,GCVPKZ2A,KZ67009SS0036860 9110,770814400803,"НАО ""Государственная корпорация ""Правительство для граждан""",160440007161,2975,,012,"НАО ""Государственная корпорация ""Правительство для граждан""",Социальные отчисления,12,2024-06-19,True,True,True,0.0,False
333,19.06.2024 14:48,GCVPKZ2A,KZ92009MEDS36860 9103,770814400803,"НАО ""Государственная корпорация ""Правительство для граждан""",160440007161,5950,,122,"НАО ""Государственная корпорация ""Правительство для граждан""",Взносы на обязательное социальное медицинское страхование,122,2024-06-19,False,True,True,0.0,False
338,19.06.2024 15:00,GCVPKZ2A,KZ92009MEDS36860 9103,770814400803,"НАО ""Государственная корпорация ""Правительство для граждан""",160440007161,5950,,122,"НАО ""Государственная корпорация ""Правительство для граждан""",Взносы на обязательное социальное медицинское страхование,122,2024-06-19,False,True,True,0.0,False
335,19.06.2024 14:55,GCVPKZ2A,KZ12009NPS041360 9816,770814400803,"НАО ""Государственная корпорация ""Правительство для граждан""",160440007161,8500,,010,"НАО ""Государственная корпорация ""Правительство для граждан""",Обязательные пенсионные взносы,10,2024-06-19,True,True,True,0.0,False
342,03.07.2024 09:49,GCVPKZ2A,KZ12009NPS041360 9816,770814400803,"НАО ""Государственная корпорация ""Правительство для граждан""",160440007161,1275,,089,"НАО ""Государственная корпорация ""Правительство для граждан""",Без НДС Обязательные пенсионные взносы работодателя,89,2024-07-03,False,True,True,0.0,False
340,03.07.2024 09:46,GCVPKZ2A,KZ67009SS0036860 9110,770814400803,"НАО ""Государственная корпорация ""Правительство для граждан""",160440007161,2975,,012,"НАО ""Государственная корпорация ""Правительство для граждан""",Социальные отчисления,12,2024-07-03,True,True,True,0.0,False
344,03.07.2024 09:58,GCVPKZ2A,KZ67009SS0036860 9110,770814400803,"НАО ""Государственная корпорация ""Правительство для граждан""",160440007161,2975,,012,"НАО ""Государственная корпорация ""Правительство для граждан""",Собственныеотчисления Социальные отчисления,12,2024-07-03,True,True,True,0.0,False
347,03.07.2024 10:02,GCVPKZ2A,KZ67009SS0036860 9110,770814400803,"НАО ""Государственная корпорация ""Правительство для граждан""",160440007161,2975,,012,"НАО ""Государственная корпорация ""Правительство для граждан""",Социальные отчисления,12,2024-07-03,True,True,True,0.0,False
350,03.07.2024 10:06,GCVPKZ2A,KZ67009SS0036860 9110,770814400803,"НАО ""Государственная корпорация ""Правительство для граждан""",160440007161,2975,,012,"НАО ""Государственная корпорация ""Правительство для граждан""",Социальные отчисления,12,2024-07-03,True,True,True,0.0,False
354,03.07.2024 10:11,GCVPKZ2A,KZ67009SS0036860 9110,770814400803,"НАО ""Государственная корпорация ""Правительство для граждан""",160440007161,2975,,012,"НАО ""Государственная корпорация ""Правительство для граждан""",Социальные отчисления,12,2024-07-03,True,True,True,0.0,False
355,03.07.2024 10:12,GCVPKZ2A,KZ67009SS0036860 9110,770814400803,"НАО ""Государственная корпорация ""Правительство для граждан""",160440007161,2975,,012,"НАО ""Государственная корпорация ""Правительство для граждан""",Социальные отчисления,12,2024-07-03,True,True,True,0.0,False
341,03.07.2024 09:48,GCVPKZ2A,KZ92009MEDS36860 9103,770814400803,"НАО ""Государственная корпорация ""Правительство для граждан""",160440007161,5950,,122,"НАО ""Государственная корпорация ""Правительство для граждан""",Взносы на обязательное социальное медицинское страхование,122,2024-07-03,False,True,True,0.0,False
345,03.07.2024 10:00,GCVPKZ2A,KZ92009MEDS36860 9103,770814400803,"НАО ""Государственная корпорация ""Правительство для граждан""",160440007161,5950,,122,"НАО ""Государственная корпорация ""Правительство для граждан""",Взносы на обязательное социальное медицинское страхование,122,2024-07-03,False,True,True,0.0,False
348,03.07.2024 10:04,GCVPKZ2A,KZ92009MEDS36860 9103,770814400803,"НАО ""Государственная корпорация ""Правительство для граждан""",160440007161,5950,,122,"НАО ""Государственная корпорация ""Правительство для граждан""",Взносы на обязательное социальное медицинское страхование,122,2024-07-03,False,True,True,0.0,False
351,03.07.2024 10:07,GCVPKZ2A,KZ92009MEDS36860 9103,770814400803,"НАО ""Государственная корпорация ""Правительство для граждан""",160440007161,5950,,122,"НАО ""Государственная корпорация ""Правительство для граждан""",Взносы на обязательное социальное медицинское страхование,122,2024-07-03,False,True,True,0.0,False
356,03.07.2024 10:13,GCVPKZ2A,KZ92009MEDS36860 9103,770814400803,"НАО ""Государственная корпорация ""Правительство для граждан""",160440007161,5950,,122,"НАО ""Государственная корпорация ""Правительство для граждан""",Взносы на обязательное социальное медицинское страхование,122,2024-07-03,False,True,True,0.0,False
357,03.07.2024 10:14,GCVPKZ2A,KZ92009MEDS36860 9103,770814400803,"НАО ""Государственная корпорация ""Правительство для граждан""",160440007161,5950,,122,"НАО ""Государственная корпорация ""Правительство для граждан""",Взносы на обязательное социальное медицинское страхование,122,2024-07-03,False,True,True,0.0,False
339,03.07.2024 09:43,GCVPKZ2A,KZ12009NPS041360 9816,770814400803,"НАО ""Государственная корпорация ""Правительство для граждан""",160440007161,8500,,010,"НАО ""Государственная корпорация ""Правительство для граждан""",Обязательные пенсионные взносы,10,2024-07-03,True,True,True,0.0,False
343,03.07.2024 09:54,GCVPKZ2A,KZ12009NPS041360 9816,770814400803,"НАО ""Государственная корпорация ""Правительство для граждан""",160440007161,8500,,010,"НАО ""Государственная корпорация ""Правительство для граждан""",Обязательные пенсионные взносы,10,2024-07-03,True,True,True,0.0,False
346,03.07.2024 10:01,GCVPKZ2A,KZ12009NPS041360 9816,770814400803,"НАО ""Государственная корпорация ""Правительство для граждан""",160440007161,8500,,010,"НАО ""Государственная корпорация ""Правительство для граждан""",Обязательные пенсионные взносы,10,2024-07-03,True,True,True,0.0,False
349,03.07.2024 10:05,GCVPKZ2A,KZ12009NPS041360 9816,770814400803,"НАО ""Государственная корпорация ""Правительство для граждан""",160440007161,8500,,010,"НАО ""Государственная корпорация ""Правительство для граждан""",Обязательные пенсионные взносы,10,2024-07-03,True,True,True,0.0,False
352,03.07.2024 10:08,GCVPKZ2A,KZ12009NPS041360 9816,770814400803,"НАО ""Государственная корпорация ""Правительство для граждан""",160440007161,8500,,010,"НАО ""Государственная корпорация ""Правительство для граждан""",Обязательные пенсионные взносы,10,2024-07-03,True,True,True,0.0,False
353,03.07.2024 10:09,GCVPKZ2A,KZ12009NPS041360 9816,770814400803,"НАО ""Государственная корпорация ""Правительство для граждан""",160440007161,8500,,010,"НАО ""Государственная корпорация ""Правительство для граждан""",Обязательные пенсионные взносы,10,2024-07-03,True,True,True,0.0,False
1756,29.08.2024 09:59,CASPKZKA,KZ64722S000000370 200,990340008486,ТОО ИМ К МАРКСА,770814400803,,500000,859,"АО ""KASPI BANK""","За профессиональные, научные и технические услуги. Оплата согл асно договора №1 от 03.01.2024 г за разработку проектной документации.",859,2024-08-29,False,False,False,500000.0,True
