﻿Дата,Номер документа,Дебет,Кредит,Контрагент (имя),Контрагент ИИН/БИН,Детали платежа,КНП
05.06.2024,003090961384,355197.65,,Жамбылский Областной Народного Банка Казахстана 940641000130,940641000130,"Референс 3147618147 Погашение со счета KZ576010161000230021 вид начисления - Основной долг в сумме 355197.65 по договору D1151055470.370775, по клиенту ИНДИВИДУАЛЬНЫЙ ПРЕДПРИНИМАТЕЛЬ ИП КАБДУЛЛИН ЕРЖАН ЖИЕНӘЛІҰЛЫ",
05.06.2024,003090947539,568461.65,,Жамбылский Областной Народного Банка Казахстана 940641000130,940641000130,"Референс 3147601723 Погашение со счета KZ576010161000230021 вид начисления - Проценты по кредиту в сумме 568461.65 по договору D1151055470.370775, по клиенту ИНДИВИДУАЛЬНЫЙ ПРЕДПРИНИМАТЕЛЬ ИП КАБДУЛЛИН ЕРЖАН ЖИЕНӘЛІҰЛЫ",
05.06.2024,003090844166,79.68,,Жамбылский Областной Народного Банка Казахстана 940641000130,940641000130,Референс 3147516340 Оплата К2 CMSTAKE Комиссия за ведение счета KZ576010161000230021 за 05 месяц,
05.06.2024,ONBJZV40R,,925000.0,КАБДУЛЛИН Е.Ж.COM 920701301932,920701301932,"Референс 3147512753 Onlinebank, Переводы клиентом денег с одного своего текущего счета, открытого в банке, на другой свой текущий счет, открытый в данном банке",
31.05.2024,003086095655,920.32,,Жамбылский Областной Народного Банка Казахстана 940641000130,940641000130,Референс 3142722669 CMSTAKE Комиссия за ведение счета KZ576010161000230021 за 05 месяц,
06.05.2024,003061419308,308894.07,,Жамбылский Областной Народного Банка Казахстана 940641000130,940641000130,"Референс 3120582384 Погашение со счета KZ576010161000230021 вид начисления - Основной долг в сумме 308894.07 по договору D1151055470.370775, по клиенту ИНДИВИДУАЛЬНЫЙ ПРЕДПРИНИМАТЕЛЬ ИП КАБДУЛЛИН ЕРЖАН ЖИЕНӘЛІҰЛЫ",
06.05.2024,003061403179,614765.23,,Жамбылский Областной Народного Банка Казахстана 940641000130,940641000130,"Референс 3120561203 Погашение со счета KZ576010161000230021 вид начисления - Проценты по кредиту в сумме 614765.23 по договору D1151055470.370775, по клиенту ИНДИВИДУАЛЬНЫЙ ПРЕДПРИНИМАТЕЛЬ ИП КАБДУЛЛИН ЕРЖАН ЖИЕНӘЛІҰЛЫ",
04.05.2024,ONBLWK0J5,,924000.0,КАБДУЛЛИН Е.Ж.COM 920701301932,920701301932,"Референс 3119575352 Onlinebank, Переводы клиентом денег с одного своего текущего счета, открытого в банке, на другой свой текущий счет, открытый в данном банке",
30.04.2024,003055365448,1000.0,,Жамбылский Областной Народного Банка Казахстана 940641000130,940641000130,Референс 3114982079 CMSTAKE Комиссия за ведение счета KZ576010161000230021 за 04 месяц 1,
30.04.2024,003055365491,1000.0,,Жамбылский Областной Народного Банка Казахстана 940641000130,940641000130,Референс 3114982116 CMSTAKE Комиссия за ведение счета KZ326010161000220771 за 04 месяц,
07.04.2024,003032886300,17401.03,,Жамбылский Областной Народного Банка Казахстана 940641000130,940641000130,"Референс 3094266124 Погашение со счета KZ576010161000230021 вид начисления - Основной долг в сумме 17401.03 по договору D1151055470.370775, по клиенту ИНДИВИДУАЛЬНЫЙ ПРЕДПРИНИМАТЕЛЬ ИП КАБДУЛЛИН ЕРЖАН ЖИЕНӘЛІҰЛЫ",
07.04.2024,003032886129,19.35,,Жамбылский Областной Народного Банка Казахстана 940641000130,940641000130,Референс 3094265893 Погашение со счета KZ576010161000230021 вид начисления - Штраф за просрочку основного долга в сумме 19.35 по договору D1151055470.370775,
06.04.2024,ONBUI81WY,,5000.0,КАБДУЛЛИН Е.Ж.COM 920701301932,920701301932,"Референс 3094054607 Onlinebank, Переводы клиентом денег с одного своего текущего счета, открытого в банке, на другой свой текущий счет, открытый в данном банке",
06.04.2024,ONBE0IEY5,,15000.0,КАБДУЛЛИН Е.Ж.COM 920701301932,920701301932,"Референс 3094054587 Onlinebank, Переводы клиентом денег с одного своего текущего счета, открытого в банке, на другой свой текущий счет, открытый в данном банке",
05.04.2024,003031308001,302792.46,,Жамбылский Областной Народного Банка Казахстана 940641000130,940641000130,"Референс 3092749795 Погашение со счета KZ576010161000230021 вид начисления - Основной долг в сумме 302792.46 по договору D1151055470.370775, по клиенту ИНДИВИДУАЛЬНЫЙ ПРЕДПРИНИМАТЕЛЬ ИП КАБДУЛЛИН ЕРЖАН ЖИЕНӘЛІҰЛЫ",
05.04.2024,003031293453,602086.41,,Жамбылский Областной Народного Банка Казахстана 940641000130,940641000130,"Референс 3092731989 Погашение со счета KZ576010161000230021 вид начисления - Проценты по кредиту в сумме 602086.41 по договору D1151055470.370775, по клиенту ИНДИВИДУАЛЬНЫЙ ПРЕДПРИНИМАТЕЛЬ ИП КАБДУЛЛИН ЕРЖАН ЖИЕНӘЛІҰЛЫ",
03.04.2024,ONBOJ1VDM,20000.0,,КАБДУЛЛИН Е.Ж.COM 920701301932,920701301932,"Референс 3091098362 Onlinebank Переводы клиентом денег с одного своего текущего счета, открытого в банке, ф-ле банка-нерез-та РК на другой свой текущий счет, открытый в данном банке, в ф-ле данного банка-нерез-та РК RRN=24403D750963",
03.04.2024,ONBO6WUBS,,920000.0,КАБДУЛЛИН Е.Ж.COM 920701301932,920701301932,"Референс 3090775459 Onlinebank, Переводы клиентом денег с одного своего текущего счета, открытого в банке, на другой свой текущий счет, открытый в данном банке",
29.03.2024,003024404959,1000.0,,Жамбылский Областной Народного Банка Казахстана 940641000130,940641000130,Референс 3086314252 CMSTAKE Комиссия за ведение счета KZ576010161000230021 за 03 месяц,
29.03.2024,003024404973,1000.0,,Жамбылский Областной Народного Банка Казахстана 940641000130,940641000130,Референс 3086314260 CMSTAKE Комиссия за ведение счета KZ326010161000220771 за 03 месяц,
05.03.2024,003001438601,314576.2,,Жамбылский Областной Народного Банка Казахстана 940641000130,940641000130,"Референс 3065277034 Погашение со счета KZ576010161000230021 вид начисления - Основной долг в сумме 314576.2 по договору D1151055470.370775, по клиенту ИНДИВИДУАЛЬНЫЙ ПРЕДПРИНИМАТЕЛЬ ИП КАБДУЛЛИН ЕРЖАН ЖИЕНӘЛІҰЛЫ",
05.03.2024,003001426241,609083.1,,Жамбылский Областной Народного Банка Казахстана 940641000130,940641000130,"Референс 3065261739 Погашение со счета KZ576010161000230021 вид начисления - Проценты по кредиту в сумме 609083.1 по договору D1151055470.370775, по клиенту ИНДИВИДУАЛЬНЫЙ ПРЕДПРИНИМАТЕЛЬ ИП КАБДУЛЛИН ЕРЖАН ЖИЕНӘЛІҰЛЫ",
04.03.2024,ONBSGJC5U,,930000.0,КАБДУЛЛИН Е.Ж.COM 920701301932,920701301932,"Референс 3064835704 Onlinebank, Переводы клиентом денег с одного своего текущего счета, открытого в банке, на другой свой текущий счет, открытый в данном банке 2",
29.02.2024,002997038736,1000.0,,Жамбылский Областной Народного Банка Казахстана 940641000130,940641000130,Референс 3061080970 CMSTAKE Комиссия за ведение счета KZ576010161000230021 за 02 месяц,
16.02.2024,ONBGMVYIT,61000.0,,КАБДУЛЛИН Е.Ж.COM 920701301932,920701301932,"Референс 3050139418 Onlinebank Переводы клиентом денег с одного своего текущего счета, открытого в банке, ф-ле банка-нерез-та РК на другой свой текущий счет, открытый в данном банке, в ф-ле данного банка-нерез-та РК RRN=24216D19693",
16.02.2024,002984794030,,60238.75,ИНДИВИДУАЛЬНЫЙ ПРЕДПРИНИМАТЕЛЬ КАБДУЛЛИН ЕРЖАН ЖИЕНӘЛІҰЛЫ 920701301932,100230012764,"Референс 3050001977 Зачисление проданой валюты KZT, заявка №100230012764 на сумму 60238.75 по курсу 481.91. Дата валютирования 16.02.24 Продажа иностранной валюты за тенге вне биржи. Цель: прочее.",
15.02.2024,ONBZLWKRF,160000.0,,КАБДУЛЛИН Е.Ж.COM 920701301932,920701301932,"Референс 3049105839 Onlinebank Переводы клиентом денег с одного своего текущего счета, открытого в банке, ф-ле банка-нерез-та РК на другой свой текущий счет, открытый в данном банке, в ф-ле данного банка-нерез-та РК RRN=24215D1530",
09.02.2024,002978054529,,158261.4,ИНДИВИДУАЛЬНЫЙ ПРЕДПРИНИМАТЕЛЬ КАБДУЛЛИН ЕРЖАН ЖИЕНӘЛІҰЛЫ 920701301932,100229211270,"Референс 3043835620 Зачисление проданой валюты KZT, заявка №100229211270 на сумму 158261.4 по курсу 479.58. Дата валютирования 09.02.24 Продажа иностранной валюты за тенге вне биржи. Цель: прочее.",
05.02.2024,002973627651,2325.0,,Жамбылский Областной Народного Банка Казахстана 940641000130,940641000130,"Референс 3039883992 Комиссия за операцию ""Зачисление средств на счет клиента через АДМ № 16070003"" согласно тарифам банка. НДС не облагается.",
05.02.2024,002972562662,307731.72,,Жамбылский Областной Народного Банка Казахстана 940641000130,940641000130,"Референс 3039079842 Погашение со счета KZ576010161000230021 вид начисления - Основной долг в сумме 307731.72 по договору D1151055470.370775, по клиенту ИНДИВИДУАЛЬНЫЙ ПРЕДПРИНИМАТЕЛЬ ИП КАБДУЛЛИН ЕРЖАН ЖИЕНӘЛІҰЛЫ",
05.02.2024,002972550137,615927.58,,Жамбылский Областной Народного Банка Казахстана 940641000130,940641000130,"Референс 3039064823 Погашение со счета KZ576010161000230021 вид начисления - Проценты по кредиту в сумме 615927.58 по договору D1151055470.370775, по клиенту ИНДИВИДУАЛЬНЫЙ ПРЕДПРИНИМАТЕЛЬ ИП КАБДУЛЛИН ЕРЖАН ЖИЕНӘЛІҰЛЫ",
05.02.2024,AW1730345968,,930000.0,Народный Банк Казахстана 940140000385,940140000385,Референс 3039061075 Пополнение с терминала 16070003,
05.01.2024,002946736154,620.0,,Жамбылский Областной Народного Банка Казахстана 940641000130,940641000130,"Референс 3014848673 Комиссия за операцию ""Зачисление средств на счет клиента через АДМ № 16070003"" согласно тарифам банка. НДС не облагается.",
05.01.2024,002946736162,1575.0,,Жамбылский Областной Народного Банка Казахстана 940641000130,940641000130,"Референс 3014848685 Комиссия за операцию ""Зачисление средств на счет клиента через АДМ № 16070003"" согласно тарифам банка. НДС не облагается.",
05.01.2024,002945878000,301036.18,,Жамбылский Областной Народного Банка Казахстана 940641000130,940641000130,"Референс 3014194391 Погашение со счета KZ576010161000230021 вид начисления - Основной долг в сумме 301036.18 по договору D1151055470.370775, по клиенту ИНДИВИДУАЛЬНЫЙ ПРЕДПРИНИМАТЕЛЬ ИП КАБДУЛЛИН ЕРЖАН ЖИЕНӘЛІҰЛЫ",
05.01.2024,002945869326,622623.12,,Жамбылский Областной Народного Банка Казахстана 940641000130,940641000130,"Референс 3014183186 Погашение со счета KZ576010161000230021 вид начисления - Проценты по кредиту в сумме 622623.12 по договору D1151055470.370775, по клиенту ИНДИВИДУАЛЬНЫЙ ПРЕДПРИНИМАТЕЛЬ ИП КАБДУЛЛИН ЕРЖАН ЖИЕНӘЛІҰЛЫ 3",
05.01.2024,AW1716128416,,248000.0,Народный Банк Казахстана 940140000385,940140000385,Референс 3014146958 Пополнение с терминала 16070003,
05.01.2024,AW1716127373,,630000.0,Народный Банк Казахстана 940140000385,940140000385,Референс 3014145513 Пополнение с терминала 16070003,
29.12.2023,002941700461,1000.0,,Жамбылский Областной Народного Банка Казахстана 940641000130,940641000130,Референс 3008163900 CMSTAKE Комиссия за ведение счета KZ326010161000220771 за 12 месяц,
29.12.2023,002941700398,1000.0,,Жамбылский Областной Народного Банка Казахстана 940641000130,940641000130,Референс 3008163887 CMSTAKE Комиссия за ведение счета KZ576010161000230021 за 12 месяц,
28.12.2023,002939962127,5600.0,,Жамбылский Областной Народного Банка Казахстана 940641000130,940641000130,"Референс 3006836134 Комиссия за операцию ""Снятие с текущего счета ЮЛ через АК"" согласно тарифам банка. НДС не облагается.",
28.12.2023,002939962113,1400000.0,,Народный Банк Республики Казахстан 940140000385,940140000385,Референс 3006836128 Снятие с текущего счета ЮЛ/ПБОЮЛ через АК. (Снятие наличных денег с текущих или корреспондентских счетов),
27.12.2023,ONBFSYBOG,1500000.0,,КАБДУЛЛИН Е.Ж.COM 920701301932,920701301932,"Референс 3006159547 Onlinebank Переводы клиентом денег с одного своего текущего счета, открытого в банке, на другой свой текущий счет, открытый в данном банке RRN=23C27D296128",
27.12.2023,242,,2900000.0,"Товарищество с ограниченной ответственностью ""Абсент-АМК-Инв 090240003235",090240003235,"Референс 3006099202 Оплата за монтаж слаботочных систем, согласно по счетук №10 от 27.12.2023. Платежи за строительные услуги.",
05.12.2023,002918368313,2250.0,,Жамбылский Областной Народного Банка Казахстана 940641000130,940641000130,"Референс 2987099642 Комиссия за операцию ""Зачисление средств на счет клиента через АДМ № 16070003"" согласно тарифам банка. НДС не облагается.",
05.12.2023,002918368301,250.0,,Жамбылский Областной Народного Банка Казахстана 940641000130,940641000130,"Референс 2987099549 Комиссия за операцию ""Зачисление средств на счет клиента через АДМ № 16070003"" согласно тарифам банка. НДС не облагается.",
05.12.2023,002917268573,315017.32,,Жамбылский Областной Народного Банка Казахстана 940641000130,940641000130,"Референс 2986287690 Погашение со счета KZ576010161000230021 вид начисления - Основной долг в сумме 315017.32 по договору D1151055470.370775, по клиенту ИНДИВИДУАЛЬНЫЙ ПРЕДПРИНИМАТЕЛЬ ИП КАБДУЛЛИН ЕРЖАН ЖИЕНӘЛІҰЛЫ",
05.12.2023,002917261840,608641.98,,Жамбылский Областной Народного Банка Казахстана 940641000130,940641000130,"Референс 2986277812 Погашение со счета KZ576010161000230021 вид начисления - Проценты по кредиту в сумме 608641.98 по договору D1151055470.370775, по клиенту ИНДИВИДУАЛЬНЫЙ ПРЕДПРИНИМАТЕЛЬ ИП КАБДУЛЛИН ЕРЖАН ЖИЕНӘЛІҰЛЫ",
05.12.2023,AW1702475556,,80000.0,Народный Банк Казахстана 940140000385,940140000385,Референс 2986253816 Пополнение с терминала 16070003,
05.12.2023,AW1702473896,,900000.0,Народный Банк Казахстана 940140000385,940140000385,Референс 2986252022 Пополнение с терминала 16070003,
01.12.2023,ONB7LCSCK,65000.0,,КАБДУЛЛИН Е.Ж.COM 920701301932,920701301932,"Референс 2983462252 Onlinebank Переводы клиентом денег с одного своего текущего счета, открытого в банке, на другой свой текущий счет, открытый в данном банке RRN=23C01D893235",
30.11.2023,002913109328,1000.0,,Жамбылский Областной Народного Банка Казахстана 940641000130,940641000130,Референс 2982330586 CMSTAKE Комиссия за ведение счета KZ576010161000230021 за 11 месяц 4,
30.11.2023,002913109344,1000.0,,Жамбылский Областной Народного Банка Казахстана 940641000130,940641000130,Референс 2982330598 CMSTAKE Комиссия за ведение счета KZ326010161000220771 за 11 месяц,
28.11.2023,ONBH29L5F,1000000.0,,КАБДУЛЛИН Е.Ж.COM 920701301932,920701301932,"Референс 2980405500 Onlinebank Переводы клиентом денег с одного своего текущего счета, открытого в банке, на другой свой текущий счет, открытый в данном банке RRN=23B28D844046",
28.11.2023,24,,1035000.0,DATKA TRADE 220440022218,220440022218,"Референс 2980398552 Монтаж и наладка слаботочных систем, договор #7 от 19.10.2023 года Платежи за профессиональные, научные и технические услуги",
21.11.2023,ONBJT6R6A,1000000.0,,КАБДУЛЛИН Е.Ж.COM 920701301932,920701301932,"Референс 2974511645 Onlinebank Переводы клиентом денег с одного своего текущего счета, открытого в банке, на другой свой текущий счет, открытый в данном банке RRN=23B21D745598",
20.11.2023,ONBJI3525,1300000.0,,КАБДУЛЛИН Е.Ж.COM 920701301932,920701301932,"Референс 2973407032 Onlinebank Переводы клиентом денег с одного своего текущего счета, открытого в банке, на другой свой текущий счет, открытый в данном банке RRN=23B20D728368",
20.11.2023,20,,2328750.0,DATKA TRADE 220440022218,220440022218,"Референс 2973361050 Монтаж и наладка слаботочных систем, договор #7 от 19.10.2023 года Платежи за профессиональные, научные и технические услуги",
08.11.2023,ONBGKAPTR,20000.0,,КАБДУЛЛИН Е.Ж.COM 920701301932,920701301932,"Референс 2963866565 Onlinebank Переводы клиентом денег с одного своего текущего счета, открытого в банке, на другой свой текущий счет, открытый в данном банке RRN=23B08D565713",
06.11.2023,002889979532,266907.66,,Жамбылский Областной Народного Банка Казахстана 940641000130,940641000130,"Референс 2961329474 Погашение со счета KZ576010161000230021 вид начисления - Основной долг в сумме 266907.66 по договору D1151055470.370775, по клиенту ИНДИВИДУАЛЬНЫЙ ПРЕДПРИНИМАТЕЛЬ ИП КАБДУЛЛИН ЕРЖАН ЖИЕНӘЛІҰЛЫ",
06.11.2023,002889970059,656751.64,,Жамбылский Областной Народного Банка Казахстана 940641000130,940641000130,"Референс 2961315077 Погашение со счета KZ576010161000230021 вид начисления - Проценты по кредиту в сумме 656751.64 по договору D1151055470.370775, по клиенту ИНДИВИДУАЛЬНЫЙ ПРЕДПРИНИМАТЕЛЬ ИП КАБДУЛЛИН ЕРЖАН ЖИЕНӘЛІҰЛЫ",
31.10.2023,002884721634,1000.0,,Жамбылский Областной Народного Банка Казахстана 940641000130,940641000130,Референс 2956426581 CMSTAKE Комиссия за ведение счета KZ326010161000220771 за 10 месяц,
31.10.2023,002884721625,1000.0,,Жамбылский Областной Народного Банка Казахстана 940641000130,940641000130,Референс 2956426576 CMSTAKE Комиссия за ведение счета KZ576010161000230021 за 10 месяц,
30.10.2023,ONBRY4PQI,50000.0,,КАБДУЛЛИН Е.Ж.COM 920701301932,920701301932,"Референс 2955875633 Onlinebank Переводы клиентом денег с одного своего текущего счета, открытого в банке, на другой свой текущий счет, открытый в данном банке RRN=23A30D439270",
29.10.2023,ONBPYLE1D,75000.0,,КАБДУЛЛИН Е.Ж.COM 920701301932,920701301932,"Референс 2954861063 Onlinebank Переводы клиентом денег с одного своего текущего счета, открытого в банке, на другой свой текущий счет, открытый в данном банке RRN=23A29D424923",
16.10.2023,ONBFC4ETY,1800000.0,,КАБДУЛЛИН Е.Ж.COM 920701301932,920701301932,"Референс 2944497457 Onlinebank Переводы клиентом денег с одного своего текущего счета, открытого в банке, на другой свой текущий счет, открытый в данном банке RRN=23A16D246703 5",
05.10.2023,002862003229,281824.95,,Жамбылский Областной Народного Банка Казахстана 940641000130,940641000130,"Референс 2935684062 Погашение со счета KZ576010161000230021 вид начисления - Основной долг в сумме 281824.95 по договору D1151055470.370775, по клиенту ИНДИВИДУАЛЬНЫЙ ПРЕДПРИНИМАТЕЛЬ ИП КАБДУЛЛИН ЕРЖАН ЖИЕНӘЛІҰЛЫ",
05.10.2023,002861997593,641834.35,,Жамбылский Областной Народного Банка Казахстана 940641000130,940641000130,"Референс 2935676149 Погашение со счета KZ576010161000230021 вид начисления - Проценты по кредиту в сумме 641834.35 по договору D1151055470.370775, по клиенту ИНДИВИДУАЛЬНЫЙ ПРЕДПРИНИМАТЕЛЬ ИП КАБДУЛЛИН ЕРЖАН ЖИЕНӘЛІҰЛЫ",
29.09.2023,002856848037,1000.0,,Жамбылский Областной Народного Банка Казахстана 940641000130,940641000130,Референс 2930785774 CMSTAKE Комиссия за ведение счета KZ576010161000230021 за 09 месяц,
29.09.2023,002856848044,1000.0,,Жамбылский Областной Народного Банка Казахстана 940641000130,940641000130,Референс 2930785778 CMSTAKE Комиссия за ведение счета KZ326010161000220771 за 09 месяц,
28.09.2023,75,,3800000.0,"""Main production"" 200340007277",200340007277,"Референс 2929892659 Предоплата за услуги режиссера постановщика на сериале ""727"" согл. счет на оплату №01 от 28.09.2023 г. по договору №07Г__727 от 20.07.2023 г. Платежи за услуги в сфере культуры и отдыха",
09.09.2023,ONBIIPWBE,13000.0,,КАБДУЛЛИН Е.Ж.COM 920701301932,920701301932,"Референс 2914769141 Onlinebank Переводы клиентом денег с одного своего текущего счета, открытого в банке, на другой свой текущий счет, открытый в данном банке RRN=23909D469501",
05.09.2023,002834666485,318012.31,,Жамбылский Областной Народного Банка Казахстана 940641000130,940641000130,"Референс 2910653003 Погашение со счета KZ576010161000230021 вид начисления - Основной долг в сумме 318012.31 по договору D1151055470.370775, по клиенту ИНДИВИДУАЛЬНЫЙ ПРЕДПРИНИМАТЕЛЬ ИП КАБДУЛЛИН ЕРЖАН ЖИЕНӘЛІҰЛЫ",
05.09.2023,002834653340,605646.99,,Жамбылский Областной Народного Банка Казахстана 940641000130,940641000130,"Референс 2910637081 Погашение со счета KZ576010161000230021 вид начисления - Проценты по кредиту в сумме 605646.99 по договору D1151055470.370775, по клиенту ИНДИВИДУАЛЬНЫЙ ПРЕДПРИНИМАТЕЛЬ ИП КАБДУЛЛИН ЕРЖАН ЖИЕНӘЛІҰЛЫ",
04.09.2023,002834431211,2350.0,,Жамбылский Областной Народного Банка Казахстана 940641000130,940641000130,"Референс 2910301273 Комиссия за операцию ""Зачисление средств на счет клиента через АДМ № 16070003"" согласно тарифам банка. НДС не облагается.",
04.09.2023,AW1659265460,,940000.0,Народный Банк Казахстана 940140000385,940140000385,Референс 2909934309 Пополнение с терминала 16070003,
31.08.2023,002830638547,1000.0,,Жамбылский Областной Народного Банка Казахстана 940641000130,940641000130,Референс 2906842696 CMSTAKE Комиссия за ведение счета KZ576010161000230021 за 08 месяц,
17.08.2023,ONBVXAW1W,229000.0,,КАБДУЛЛИН Е.Ж.COM 920701301932,920701301932,"Референс 2896596664 Onlinebank Переводы клиентом денег с одного своего текущего счета, открытого в банке, на другой свой текущий счет, открытый в данном банке RRN=23817D600137",
17.08.2023,002819079591,,228330.2,ИНДИВИДУАЛЬНЫЙ ПРЕДПРИНИМАТЕЛЬ КАБДУЛЛИН ЕРЖАН ЖИЕНӘЛІҰЛЫ 920701301932,100210759475,"Референс 2896474523 Зачисление проданой валюты KZT, заявка №100210759475 на сумму 228330.2 по курсу 496.37. Дата валютирования 17.08.23 Продажа иностранной валюты за тенге вне биржи. Цель: прочее.",
15.08.2023,ONB9OCMDM,5000.0,,КАБДУЛЛИН Е.Ж.COM 920701301932,920701301932,"Референс 2895196899 Onlinebank Переводы клиентом денег с одного своего текущего счета, открытого в банке, на другой свой текущий счет, открытый в данном банке RRN=23815D482638 6",
07.08.2023,002809710733,226126.59,,Жамбылский Областной Народного Банка Казахстана 940641000130,940641000130,"Референс 2888055626 Погашение со счета KZ576010161000230021 вид начисления - Основной долг в сумме 226126.59 по договору D1151055470.370775, по клиенту ИНДИВИДУАЛЬНЫЙ ПРЕДПРИНИМАТЕЛЬ ИП КАБДУЛЛИН ЕРЖАН ЖИЕНӘЛІҰЛЫ",
07.08.2023,002809701677,697532.71,,Жамбылский Областной Народного Банка Казахстана 940641000130,940641000130,"Референс 2888043043 Погашение со счета KZ576010161000230021 вид начисления - Проценты по кредиту в сумме 697532.71 по договору D1151055470.370775, по клиенту ИНДИВИДУАЛЬНЫЙ ПРЕДПРИНИМАТЕЛЬ ИП КАБДУЛЛИН ЕРЖАН ЖИЕНӘЛІҰЛЫ",
04.08.2023,ONBO4GOK2,,930000.0,КАБДУЛЛИН Е.Ж.COM 920701301932,920701301932,"Референс 2886856072 Onlinebank, Переводы клиентом денег с одного своего текущего счета, открытого в банке, на другой свой текущий счет, открытый в данном банке",
31.07.2023,002803710621,1000.0,,Жамбылский Областной Народного Банка Казахстана 940641000130,940641000130,Референс 2882499823 CMSTAKE Комиссия за ведение счета KZ576010161000230021 за 07 месяц,
16.07.2023,ONB61D9ZZ,74000.0,,КАБДУЛЛИН Е.Ж.COM 920701301932,920701301932,"Референс 2871505413 Onlinebank Переводы клиентом денег с одного своего текущего счета, открытого в банке, на другой свой текущий счет, открытый в данном банке RRN=23716D552934",
05.07.2023,002782956835,263853.84,,Жамбылский Областной Народного Банка Казахстана 940641000130,940641000130,"Референс 2863467326 Погашение со счета KZ576010161000230021 вид начисления - Основной долг в сумме 263853.84 по договору D1151055470.370775, по клиенту ИНДИВИДУАЛЬНЫЙ ПРЕДПРИНИМАТЕЛЬ ИП КАБДУЛЛИН ЕРЖАН ЖИЕНӘЛІҰЛЫ",
05.07.2023,002782948291,659805.46,,Жамбылский Областной Народного Банка Казахстана 940641000130,940641000130,"Референс 2863455432 Погашение со счета KZ576010161000230021 вид начисления - Проценты по кредиту в сумме 659805.46 по договору D1151055470.370775, по клиенту ИНДИВИДУАЛЬНЫЙ ПРЕДПРИНИМАТЕЛЬ ИП КАБДУЛЛИН ЕРЖАН ЖИЕНӘЛІҰЛЫ",
30.06.2023,002778398362,1000.0,,Жамбылский Областной Народного Банка Казахстана 940641000130,940641000130,Референс 2859257613 CMSTAKE Комиссия за ведение счета KZ576010161000230021 за 06 месяц,
30.06.2023,002778398374,1000.0,,Жамбылский Областной Народного Банка Казахстана 940641000130,940641000130,Референс 2859257618 CMSTAKE Комиссия за ведение счета KZ326010161000220771 за 06 месяц,
