﻿Дата,Номер документа,Дебет,Кредит,Контрагент (имя),Контрагент ИИН/БИН,Детали платежа,КНП
28.03.2025,003443193127,46.72,,Областной филиал «Абай» Народного Банка Казахстана 980341000593,980341000593,"Референс 3439680335 Комиссия за операцию ""Зачисление средств на счет клиента через АДМ № 13070012"" согласно тарифам банка. НДС не облагается.",
28.03.2025,ONB4Q1DG0,2600.0,,ЖАНДОС Н. 880405301983,880405301983,Референс 3439610604 PHONE_NUMBER 7770078448 Прочие безвозмездные переводы денег RRN=25328D730065,
28.03.2025,ONB37G5I8,1510000.0,,"""КазАгроФинанс"" 991240000043",991240000043,Референс 3439224031 Договор ABAI-0205-23 от 18.05.2023 Финансовый лизинг,
28.03.2025,003442260872,353.28,,Областной филиал «Абай» Народного Банка Казахстана 980341000593,261000577011,Референс 3439193310 Оплата К2 CMSTAKE Комиссия за ведение счета KZ20601A261000577011 за 02 месяц,
28.03.2025,AW1911688347,,1513000.0,Народный Банк Казахстана 940140000385,940140000385,Референс 3439192232 Пополнение с терминала 13070012 ПОПОЛНЕНИЕ,
28.02.2025,003401876856,646.72,,Областной филиал «Абай» Народного Банка Казахстана 980341000593,261000577011,Референс 3411081481 CMSTAKE Комиссия за ведение счета KZ20601A261000577011 за 02 месяц,
10.02.2025,ONBIDEOVU,47000.0,,ЖАНДОС Н. 880405301983,880405301983,Референс 3392224759 PHONE_NUMBER 7770078448 Прочие безвозмездные переводы денег RRN=25210D703440,
07.02.2025,ONBND87Y3,150000.0,,ЖАНДОС Н. 880405301983,880405301983,Референс 3389893201 PHONE_NUMBER 7770078448 Прочие безвозмездные переводы денег RRN=25207D648183,
01.02.2025,ONBFHJOAW,4880000.0,,"""КазАгроФинанс"" 991240000043",991240000043,Референс 3383393350 Договор ABAI-0205-23 от 18.05.2023 Финансовый лизинг,
31.01.2025,003358436565,1000.0,,Областной филиал «Абай» Народного Банка Казахстана 980341000593,261000577011,Референс 3381989891 CMSTAKE Комиссия за ведение счета KZ20601A261000577011 за 01 месяц,
30.01.2025,224,,5000000.0,"""Макай"" 020540000497",020540000497,"Референс 3380887095 Оплата за соевые бобы согласно договора №32 от 14.11.2024г., без НДС Платежи за товары, за исключением недвижимости и товаров с кодами назначения платежей 711, 712 и 713,",
15.01.2025,ONBZCFQAT,200000.0,,ЖАНДОС Н. 880405301983,880405301983,Референс 3366834954 PHONE_NUMBER 7770078448 Прочие безвозмездные переводы денег RRN=25115D165519,
15.01.2025,003335515290,2500.0,,Областной филиал «Абай» Народного Банка Казахстана 980341000593,980341000593,"Референс 3366687366 Комиссия за операцию ""Снятие с текущего счета ЮЛ через АК"" согласно тарифам банка. НДС не облагается. 1",
15.01.2025,003335515233,500000.0,,Народный Банк Республики Казахстан 940140000385,940140000385,Референс 3366687324 Снятие с текущего счета ЮЛ/ПБОЮЛ через АК. (Снятие наличных денег с текущих или корреспондентских счетов),
15.01.2025,003335514240,8000.0,,Областной филиал «Абай» Народного Банка Казахстана 980341000593,980341000593,"Референс 3366686695 Комиссия за операцию ""Снятие с текущего счета ЮЛ через АК"" согласно тарифам банка. НДС не облагается.",
15.01.2025,003335514208,2000000.0,,Народный Банк Республики Казахстан 940140000385,940140000385,Референс 3366686668 Снятие с текущего счета ЮЛ/ПБОЮЛ через АК. (Снятие наличных денег с текущих или корреспондентских счетов),
15.01.2025,003335512877,12000.0,,Областной филиал «Абай» Народного Банка Казахстана 980341000593,980341000593,"Референс 3366685718 Комиссия за операцию ""Снятие с текущего счета ЮЛ через АК"" согласно тарифам банка. НДС не облагается.",
15.01.2025,003335512869,3000000.0,,Народный Банк Республики Казахстан 940140000385,940140000385,Референс 3366685701 Снятие с текущего счета ЮЛ/ПБОЮЛ через АК. (Снятие наличных денег с текущих или корреспондентских счетов),
15.01.2025,77,,5000000.0,"""Макай"" 020540000497",020540000497,"Референс 3366670618 Оплата за соевые бобы согласно договора №32 от 14.11.2024г., без НДС Платежи за товары, за исключением недвижимости и товаров с кодами назначения платежей 711, 712 и 713,",
14.01.2025,ONBFCI9GA,500000.0,,ЖАНДОС Н. 880405301983,880405301983,Референс 3365798046 PHONE_NUMBER 7770078448 Прочие безвозмездные переводы денег RRN=25114D145629,
13.01.2025,ONB70T7D7,200000.0,,ЖАНДОС Н. 880405301983,880405301983,Референс 3364306062 PHONE_NUMBER 7770078448 Прочие безвозмездные переводы денег RRN=25113D115180,
12.01.2025,ONBN26AWL,200000.0,,ЖАНДОС Н. 880405301983,880405301983,Референс 3363930749 PHONE_NUMBER 7770078448 Прочие безвозмездные переводы денег RRN=25112D110838,
11.01.2025,ONBULLQ3F,200000.0,,ЖАНДОС Н. 880405301983,880405301983,Референс 3363396194 PHONE_NUMBER 7770078448 Прочие безвозмездные переводы денег RRN=25111D91201,
10.01.2025,003329906290,453.28,,Областной филиал «Абай» Народного Банка Казахстана 980341000593,261000577011,Референс 3362390825 Оплата К2 CMSTAKE Комиссия за ведение счета KZ20601A261000577011 за 09 месяц,
10.01.2025,36,,1901600.0,"""Макай"" 020540000497",020540000497,"Референс 3362381217 Оплата за соевые бобы согласно договора №32 от 14.11.2024г., без НДС Платежи за товары, за исключением недвижимости и товаров с кодами назначения платежей 711, 712 и 713,",
30.09.2024,003215850919,546.72,,Областной филиал «Абай» Народного Банка Казахстана 980341000593,261000577011,Референс 3258304104 CMSTAKE Комиссия за ведение счета KZ20601A261000577011 за 09 месяц,
07.09.2024,ONB9IF5C2,9000.0,,ЖАНДОС Н. 880405301983,880405301983,Референс 3237681950 PHONE_NUMBER 7770078448 Прочие безвозмездные переводы денег RRN=24907D479003,
06.09.2024,ONBDO6IFU,140000.0,,ЖАНДОС Н. 880405301983,880405301983,Референс 3236400130 PHONE_NUMBER 7770078448 Прочие безвозмездные переводы денег RRN=24906D451662,
04.09.2024,003188944021,64523.38,,Областной филиал «Абай» Народного Банка Казахстана 980341000593,980341000593,"Референс 3234385762 Комиссия за операцию ""Выдача наличных денег"" согласно тарифам банкаКассовый документ № 05 от 04.09.24 на сумму 18 435 250.00 KZT. НДС не облагается.",
04.09.2024,05,18435250.0,,Областной филиал «Абай» Народного Банка Казахстана 980341000593,700911300960,Референс 3234385753 ВЫДАЧА НА ОПЛАТУ ТОВАРОВ И УСЛУГ Ч/З Турлиев Далель Назарович ИИН 700911300960 АДРЕС ОБЛ АБАЙ УРДЖАРСКИЙ РАЙОН С КЫЗЫЛ ТУ УЛ ЛЕНИНА Д 30 ТЕЛ 87755089970 БИН ОРГ 880405301983 2,
03.09.2024,1845,,18500000.0,"""Макай"" 020540000497",020540000497,"Референс 3233074414 Оплата за соевые бобы согласно договора №17 от 22.06.2023г., без НДС Платежи за товары, за исключением недвижимости и товаров с кодами назначения платежей 711, 712 и 713,",
01.09.2024,ONBIQ9CNE,1290000.0,,"""КазАгроФинанс"" 991240000043",991240000043,Референс 3231082221 ABAI-0205-23 от 18.05.2023 Финансовый лизинг,
31.08.2024,ONBLZ01K5,100000.0,,ЖАНДОС Н. 880405301983,880405301983,Референс 3230706143 PHONE_NUMBER 7770078448 Прочие безвозмездные переводы денег RRN=24831D346517,
29.08.2024,003182872726,1000.0,,Областной филиал «Абай» Народного Банка Казахстана 980341000593,261000577011,Референс 3228901102 CMSTAKE Комиссия за ведение счета KZ20601A261000577011 за 08 месяц,
13.08.2024,003165925524,720.0,,Областной филиал «Абай» Народного Банка Казахстана 980341000593,980341000593,"Референс 3214098035 Комиссия за операцию ""Простой перевод обычной срочности"" согласно тарифам банкаРасчетный документ № ONB3T4NYP от 13.08.24 на сумму 480 000.00 KZT. НДС не облагается.",
13.08.2024,ONB3T4NYP,480000.0,,ЖАНДОС КАЛЕЛҰЛЫ 880405301983,880405301983,"Референс 3214097992 Оплата за покупку племенного крс Переводы клиентом денег со своего текущего счета в одном банке филиале банка-нерезидента Республики Казахстан на свой текущий счет в другом банке, филиале другого банка-нерезидента Республики Казахстан",
13.08.2024,1703,,500000.0,"""Макай"" 020540000497",020540000497,"Референс 3213897040 Оплата за соевые бобы согласно договора №17 от 22.06.2023г., без НДС Платежи за товары, за исключением недвижимости и товаров с кодами назначения платежей 711, 712 и 713,",
02.08.2024,003153867146,27902.0,,Областной филиал «Абай» Народного Банка Казахстана 980341000593,980341000593,"Референс 3203307854 Комиссия за операцию ""Выдача наличных денег"" согласно тарифам банкаКассовый документ № 03 от 02.08.24 на сумму 7 972 000.00 KZT. НДС не облагается.",
02.08.2024,03,7972000.0,,Областной филиал «Абай» Народного Банка Казахстана 980341000593,700911300960,Референс 3203307845 ВЫДАЧА НА ОПЛАТУ ТОВАРОВ И УСЛУГ Ч/З Турлиев Далель Назарович ИИН 700911300960 АДРЕС ОБЛ АБАЙ УРДЖАРСКИЙ РАЙОН С КЫЗЫЛ ТУ УЛ ЛЕНИНА Д 30 ТЕЛ 87755089970 БИН ОРГ 880405301983,
01.08.2024,1614,,8000000.0,"""Макай"" 020540000497",020540000497,"Референс 3202474402 Оплата за соевые бобы согласно договора №17 от 22.06.2023г., без НДС Платежи за товары, за исключением недвижимости и товаров с кодами назначения платежей 711, 712 и 713,",
31.07.2024,003151008404,1000.0,,Областной филиал «Абай» Народного Банка Казахстана 980341000593,261000577011,Референс 3200981658 CMSTAKE Комиссия за ведение счета KZ20601A261000577011 за 07 месяц,
28.06.2024,003116036556,1000.0,,Областной филиал «Абай» Народного Банка Казахстана 980341000593,261000577011,Референс 3169880937 CMSTAKE Комиссия за ведение счета KZ20601A261000577011 за 06 месяц,
27.06.2024,003114670812,52316.25,,Областной филиал «Абай» Народного Банка Казахстана 980341000593,980341000593,"Референс 3168606332 Комиссия за операцию ""Выдача наличных денег"" согласно тарифам банкаКассовый документ № 03 от 27.06.24 на сумму 14 947 500.00 KZT. НДС не облагается.",
27.06.2024,03,14947500.0,,Областной филиал «Абай» Народного Банка Казахстана 980341000593,700911300960,Референс 3168606328 ВЫДАЧА НА ОПЛАТУ ТОВАРОВ И УСЛУГ Ч/З Турлиев Далель Назарович ИИН 700911300960 АДРЕС ОБЛ АБАЙ УРДЖАРСКИЙ РАЙОН С КЫЗЫЛ ТУ УЛ ЛЕНИНА Д 30 ТЕЛ 87755089970 БИН ОРГ 880405301983,
26.06.2024,1345,,15000000.0,"""Макай"" 020540000497",020540000497,"Референс 3167771660 Оплата за соевые бобы согласно договора №17 от 22.06.2023г., без НДС Платежи за товары, за исключением недвижимости и товаров с кодами назначения платежей 711, 712 и 713, 3",
26.06.2024,003113299514,4975.0,,Областной филиал «Абай» Народного Банка Казахстана 980341000593,980341000593,"Референс 3167460582 Комиссия за операцию ""Выдача наличных денег"" согласно тарифам банкаКассовый документ № 01 от 26.06.24 на сумму 995 000.00 KZT. НДС не облагается.",
26.06.2024,01,995000.0,,Областной филиал «Абай» Народного Банка Казахстана 980341000593,700911300960,Референс 3167460567 ВЫДАЧА НА ОПЛАТУ ТОВАРОВ И УСЛУГ Ч/З Турлиев Далель Назарович ИИН 700911300960 АДРЕС ОБЛ АБАЙ УРДЖАРСКИЙ РАЙОН С КЫЗЫЛ ТУ УЛ ЛЕНИНА Д 30 ТЕЛ 87755089970 БИН ОРГ 880405301983,
25.06.2024,1300,,1000000.0,"""Макай"" 020540000497",020540000497,"Референс 3166784130 Оплата за соевые бобы согласно договора №17 от 22.06.2023г., без НДС Платежи за товары, за исключением недвижимости и товаров с кодами назначения платежей 711, 712 и 713,",
08.06.2024,ONB61ZT89,1411000.0,,"""КазАгроФинанс"" 991240000043",991240000043,Референс 3151215867 ABAI-0205-23 от 18.05.2023 Финансовый лизинг,
31.05.2024,003085948631,1000.0,,Областной филиал «Абай» Народного Банка Казахстана 980341000593,261000577011,Референс 3142639222 CMSTAKE Комиссия за ведение счета KZ20601A261000577011 за 05 месяц,
02.05.2024,003057819189,69748.0,,Областной филиал «Абай» Народного Банка Казахстана 980341000593,980341000593,"Референс 3117187212 Комиссия за операцию ""Выдача наличных денег"" согласно тарифам банкаКассовый документ № 09 от 02.05.24 на сумму 19 928 000.00 KZT. НДС не облагается.",
02.05.2024,09,19928000.0,,Областной филиал «Абай» Народного Банка Казахстана 980341000593,700911300960,"Референс 3117187170 на полату товаров и услуг через Турлиев Далель Назарович ИИН 700911300960 область Абай,Урджарский район, село Кызылту, ул Жанибек хан д 30 сот 87755089970 БИН ОРГ 880405301983",
02.05.2024,871,,20000000.0,"""Макай"" 020540000497",020540000497,"Референс 3117067174 Оплата за соевые бобы согласно договора №17 от 22.06.2023г., без НДС Платежи за товары, за исключением недвижимости и товаров с кодами назначения платежей 711, 712 и 713,",
30.04.2024,003055212536,1000.0,,Областной филиал «Абай» Народного Банка Казахстана 980341000593,261000577011,Референс 3114895038 CMSTAKE Комиссия за ведение счета KZ20601A261000577011 за 04 месяц,
