﻿Дата,Номер документа,Дебет,Кредит,Контрагент (имя),Контрагент ИИН/БИН,Детали платежа,КНП
04.07.2025,ONB8D2SUR,400000.0,,К. 850709401907,850709401907,Референс 3546403442 PHONE_NUMBER 7077875659 Прочие безвозмездные переводы денег RRN=25704D135942 Внешний референс: 0225704826708669,
04.07.2025,57,,400000.0,"""Творческо - производственное предприятие ""ДАРТ"" 040440007840",040440007840,"Референс 3546221605 Окончательный расчет за разработку сметы по договору №1-08.24-8 от ""25"" сентября 2024 Платежи за профессиональные, научные и технические услуги, Внешний референс: 0225704826635859",
30.06.2025,003585379902,25.0,,Алматинский городской Народного Банка Казахстана 960941000145,861005498411,Референс 3540235223 CMSTAKE Комиссия за ведение счета KZ61601A861005498411 за 06 месяц Внешний референс: 0225630824820203,
30.05.2025,003538564275,1500.0,,Алматинский городской Народного Банка Казахстана 960941000145,861005498411,Референс 3507026406 CMSTAKE Комиссия за ведение счета KZ61601A861005498411 за 05 месяц Внешний референс: 0225530815095538,
02.05.2025,003496202006,1975.0,,Алматинский городской Народного Банка Казахстана 960941000145,960941000145,"Референс 3476171575 Комиссия за операцию ""Снятие с текущего счета ЮЛ через АК"" согласно тарифам банка. НДС не облагается. Внешний референс: 0225502806147072",
02.05.2025,003496201921,395000.0,,Народный Банк Республики Казахстан 940140000385,940140000385,Референс 3476171516 Снятие с текущего счета ЮЛ/ПБОЮЛ через АК. (Снятие наличных денег с текущих или корреспондентских счетов) Внешний референс: 100293602407,
02.05.2025,003496028638,1500.0,,Алматинский городской Народного Банка Казахстана 960941000145,861005498411,Референс 3476090058 Оплата К2 CMSTAKE Комиссия за ведение счета KZ61601A861005498411 за 04 месяц Внешний референс: 0225502806118127,
02.05.2025,33,,400000.0,"""Творческо - производственное предприятие ""ДАРТ"" 040440007840",040440007840,"Референс 3476081026 Аванс за разработку сметы по договору №1-08.24-8 от ""25"" сентября 2024 Платежи за профессиональные, научные и технические услуги, Внешний референс: 0225502806113741",
03.04.2025,ONB73V3VW,2350.0,,"""Государственная корпорация ""Правительство для граждан"" 160440007161",160440007161,Референс 3445985989 Cоциальные отчисления Cоциальные отчисления Внешний референс: 0225403797119144,
31.03.2025,003444850639,1500.0,,Алматинский городской Народного Банка Казахстана 960941000145,861005498411,Референс 3441235747 CMSTAKE Комиссия за ведение счета KZ61601A861005498411 за 03 месяц Внешний референс: 0225331795591050 1,
07.03.2025,003414829098,4950.0,,Алматинский городской Народного Банка Казахстана 960941000145,960941000145,"Референс 3419837575 Комиссия за операцию ""Снятие с текущего счета ЮЛ через АК"" согласно тарифам банка. НДС не облагается. Внешний референс: 0225307789568299",
07.03.2025,003414828895,990000.0,,Народный Банк Республики Казахстан 940140000385,940140000385,Референс 3419837470 Снятие с текущего счета ЮЛ/ПБОЮЛ через АК. (Снятие наличных денег с текущих или корреспондентских счетов) Внешний референс: SB25307937233368,
07.03.2025,003413668252,1200.0,,Алматинский городской Народного Банка Казахстана 960941000145,861005498411,Референс 3419234640 Оплата К2 CMSTAKE Комиссия за ведение счета KZ61601A861005498411 за 12 месяц Внешний референс: 0225307789374824,
07.03.2025,20,,1000000.0,"""Творческо - производственное предприятие ""ДАРТ"" 040440007840",040440007840,"Референс 3419231535 Аванс за разработку сметы по договору №1-08.24-8 от ""25"" сентября 2024 Платежи за профессиональные, научные и технические услуги, Внешний референс: 0225307789373544",
31.12.2024,003321231429,300.0,,Алматинский городской Народного Банка Казахстана 960941000145,861005498411,Референс 3351388192 CMSTAKE Комиссия за ведение счета KZ61601A861005498411 за 12 месяц Внешний референс: 0224Z31770348528,
02.12.2024,003286601443,8360.0,,Алматинский городской Народного Банка Казахстана 960941000145,960941000145,"Референс 3320647863 Комиссия за операцию ""Снятие с текущего счета ЮЛ через АК"" согласно тарифам банка. НДС не облагается. Внешний референс: 0224Z02760864061",
02.12.2024,003286601393,2090000.0,,Народный Банк Республики Казахстан 940140000385,940140000385,Референс 3320647758 Снятие с текущего счета ЮЛ/ПБОЮЛ через АК. (Снятие наличных денег с текущих или корреспондентских счетов) Внешний референс: 100268578938,
02.12.2024,003286415126,1340.0,,Алматинский городской Народного Банка Казахстана 960941000145,861005498411,Референс 3320394528 Оплата К2 CMSTAKE Комиссия за ведение счета KZ61601A861005498411 за 10 месяц Внешний референс: 0224Z02760820209,
02.12.2024,40,,2100000.0,"""Творческо - производственное предприятие ""ДАРТ"" 040440007840",040440007840,"Референс 3320391814 Аванс за разработку сметы по договору №1-08.24-8 от ""25"" сентября 2024 Платежи за профессиональные, научные и технические услуги, Внешний референс: 0224Z02760818949",
31.10.2024,003250651869,160.0,,Алматинский городской Народного Банка Казахстана 960941000145,861005498411,Референс 3288632697 CMSTAKE Комиссия за ведение счета KZ61601A861005498411 за 10 месяц Внешний референс: 0224Q31751008590,
08.10.2024,003226457790,8360.0,,Алматинский городской Народного Банка Казахстана 960941000145,960941000145,"Референс 3267399028 Комиссия за операцию ""Снятие с текущего счета ЮЛ через АК"" согласно тарифам банка. НДС не облагается. Внешний референс: 0224Q08744247353",
08.10.2024,003226457704,2090000.0,,Народный Банк Республики Казахстан 940140000385,940140000385,Референс 3267398957 Снятие с текущего счета ЮЛ/ПБОЮЛ через АК. (Снятие наличных денег с текущих или корреспондентских счетов) Внешний референс: 100260633610,
08.10.2024,003226034421,1480.0,,Алматинский городской Народного Банка Казахстана 960941000145,861005498411,Референс 3267113151 Оплата К2 CMSTAKE Комиссия за ведение счета KZ61601A861005498411 за 07 месяц Внешний референс: 0224Q08744121595,
08.10.2024,27,,2100000.0,"""Творческо - производственное предприятие ""ДАРТ"" 040440007840",040440007840,"Референс 3267104925 Аванс за разработку сметы по договору №1-08.24-8 от ""25"" сентября 2024 Платежи за профессиональные, научные и технические услуги, Внешний референс: 0224Q08744119295",
