﻿Дата,Номер документа,Дебет,Кредит,Контрагент (имя),Контрагент ИИН/БИН,Детали платежа,КНП
11.07.2024,ONBD3Y4RU,7700000.0,,МАМЫРҚҰЛ МАҚСАТ БОЛАТҰЛЫ 900220301805,900220301805,"Референс 3182966317 Без наличка Переводы клиентом денег с одного своего текущего счета, открытого в банке, ф-ле банка-нерез-та РК на другой свой текущий счет, открытый в данном банке, в ф-ле данного банка-нерез-та РК",
11.07.2024,154,,8000000.0,"Товарищество с ограниченной ответственностью ""Научно-практич 200540006721",200540006721,"Референс 3182924120 Услуги. Оплата за услуги согласно счет на оплату 10 от 11.07.2024, договор№ 024-06 от 01.03.2024",
09.07.2024,ONB1IAW4U,299000.0,,ЫДЫРЫС АЛМАТ БОЛАТҰЛЫ (ALFA PRODUCT) 970630300948,970630300948,"Референс 3180017768 Без наличка Переводы клиентом денег с одного своего текущего счета, открытого в банке, ф-ле банка-нерез-та РК на другой свой текущий счет, открытый в данном банке, в ф-ле данного банка-нерез-та РК",
09.07.2024,600,,300000.0,"""ROYAL EVENT"" 150840007382",150840007382,Референс 3179971053 За услуги в сфере культуры и отдыха. Счет на оплату № 60 от 5 июля 2024 г.,
18.06.2024,ONBIGQJX8,300000.0,,ЫДЫРЫС АЛМАТ БОЛАТҰЛЫ (ALFA PRODUCT) 970630300948,970630300948,"Референс 3160389441 Без наличка Переводы клиентом денег с одного своего текущего счета, открытого в банке, ф-ле банка-нерез-та РК на другой свой текущий счет, открытый в данном банке, в ф-ле данного банка-нерез-та РК",
18.06.2024,526,,300000.0,"""ROYAL EVENT"" 150840007382",150840007382,Референс 3159889011 За услуги в сфере культуры и отдыха. Счет на оплату № 60 от 12 июня 2024г.,
13.06.2024,ONBL9ISDG,607000.0,,ЫДЫРЫС АЛМАТ БОЛАТҰЛЫ (ALFA PRODUCT) 970630300948,970630300948,"Референс 3156068500 Без наличка Переводы клиентом денег с одного своего текущего счета, открытого в банке, ф-ле банка-нерез-та РК на другой свой текущий счет, открытый в данном банке, в ф-ле данного банка-нерез-та РК",
13.06.2024,003100058202,4500.0,,Алматинский городской Народного Банка Казахстана 960941000145,960941000145,"Референс 3155684105 Оплата К2 Комиссия за операцию ""Абонентская плата"" согласно тарифам банка. НДС не облагается.",
13.06.2024,37,,609750.0,Локальный прфессиональный союз 090940001006,090940001006,Референс 3155677879 В т.ч. НДС 0% за проведение праздничного мероприятия по счету №3 от 10.06.2024г. по договору №24\3 от 10.06.2024г. Сумма 609 750-00 тенге без НДС 1,
23.05.2024,ONB5HECSV,1145000.0,,ЫДЫРЫС АЛМАТ БОЛАТҰЛЫ (ALFA PRODUCT) 970630300948,970630300948,"Референс 3136016418 Без наличка Переводы клиентом денег с одного своего текущего счета, открытого в банке, ф-ле банка-нерез-та РК на другой свой текущий счет, открытый в данном банке, в ф-ле данного банка-нерез-та РК",
23.05.2024,1104,,1145000.0,"Альянс студентов ""Алматы"" 100940015407",100940015407,"Референс 3135976213 Услуги по графического дизайнера и фото и видеосъемки, Счет на оплату №3 от 22.05.2024 г. Гранты (в том числе выигранные по тендеру)",
16.05.2024,ONBEYKGLA,95000.0,,Ydyrys 970630300948,970630300948,"Референс 3129508685 Без наличка Переводы клиентом денег с одного своего текущего счета, открытого в банке, ф-ле банка-нерез-та РК на другой свой текущий счет, открытый в данном банке, в ф-ле данного банка-нерез-та РК",
13.05.2024,ONBXK0PNL,1863000.0,,Ydyrys 970630300948,970630300948,"Референс 3125890633 Без наличка Переводы клиентом денег с одного своего текущего счета, открытого в банке, ф-ле банка-нерез-та РК на другой свой текущий счет, открытый в данном банке, в ф-ле данного банка-нерез-та РК",
10.05.2024,909,,1863785.71,"Альянс студентов ""Алматы"" 100940015407",100940015407,"Референс 3124167400 Услуги по изготовлению промо-роликов; услуги фото и видеосъемки; Услуги режиссер проекта; Услуги СММ и мобилиографа; Услуги дизайнера рамках проекта «Услуги по выявлению, поддержке и развитию молодежи в области музыкального, хореографического и художественного творчества «Jas Gala» согласно Договор возмездного оказания услуг №2024\03-04 от 01.04.2024 г., Счет на оплату №1 от 25.04.2024 г. Гранты (в том числе выигранные по тендеру)",
10.05.2024,003065091851,4500.0,,Алматинский городской Народного Банка Казахстана 960941000145,960941000145,"Референс 3123948957 Комиссия за операцию ""Абонентская плата"" согласно тарифам банка. НДС не облагается.",
06.05.2024,ONBD0I1TB,249000.0,,Ydyrys 970630300948,970630300948,"Референс 3121397668 Без наличка Переводы клиентом денег с одного своего текущего счета, открытого в банке, ф-ле банка-нерез-та РК на другой свой текущий счет, открытый в данном банке, в ф-ле данного банка-нерез-та РК",
06.05.2024,4125,,250000.0,AZM Trade 180840000648,180840000648,"Референс 3121275886 Согласно счета на оплату №58 от 3 мая 2024 года (в том числе НДС = 26785.71) Платежи за услуги в сфере культуры и отдыха,",
04.05.2024,ONB5CFVOD,150000.0,,Мамырқұл Мақсат 900220301805,900220301805,"Референс 3119149766 Без наличка Переводы клиентом денег с одного своего текущего счета, открытого в банке, ф-ле банка-нерез-та РК на другой свой текущий счет, открытый в данном банке, в ф-ле данного банка-нерез-та РК",
04.05.2024,30,,247250.0,Локальный прфессиональный союз 090940001006,090940001006,Референс 3119100025 В т.ч. НДС 0% за проведение праздничного мероприятия по счету №2 от 04.05.2024г.по договору №24\2 от 04.05.2024г. Сумма 247 250-00 тенге без НДС,
02.05.2024,ONBPIRIYK,338000.0,,Ydyrys 970630300948,970630300948,"Референс 3116970392 Без наличка Переводы клиентом денег с одного своего текущего счета, открытого в банке, ф-ле банка-нерез-та РК на другой свой текущий счет, открытый в данном банке, в ф-ле данного банка-нерез-та РК",
22.04.2024,ONBMDAE58,,340000.0,АШИРБАЕВА РОЗА 840627401216,840627401216,"Референс 3107515582 За видеосьемку Платежи за профессиональные, научные и технические услуги,",
21.04.2024,ONB2Z8JMW,248000.0,,Ydyrys 970630300948,970630300948,"Референс 3106632291 Без наличка Переводы клиентом денег с одного своего текущего счета, открытого в банке, ф-ле банка-нерез-та РК на другой свой текущий счет, открытый в данном банке, в ф-ле данного банка-нерез-та РК 2",
10.04.2024,003036824909,4500.0,,Алматинский городской Народного Банка Казахстана 960941000145,960941000145,"Референс 3097825060 Комиссия за операцию ""Абонентская плата"" согласно тарифам банка. НДС не облагается.",
05.04.2024,ONBIQAW9P,350000.0,,Ydyrys 970630300948,970630300948,"Референс 3093192915 Без наличка Переводы клиентом денег с одного своего текущего счета, открытого в банке, ф-ле банка-нерез-та РК на другой свой текущий счет, открытый в данном банке, в ф-ле данного банка-нерез-та РК",
05.04.2024,ONBTIDDCV,,350000.0,АШИРБАЕВА РОЗА 840627401216,840627401216,"Референс 3093151408 За видеосьемку Платежи за профессиональные, научные и технические услуги,",
02.04.2024,240,,250000.0,Asia Mebel Qazaqstan 171240017522,171240017522,"Референс 3089751855 Согласно счета на оплату №57 от 1 апреля 2024 года (в том числе НДС = 26785.71) Платежи за услуги в сфере культуры и отдыха,",
02.04.2024,ONBTKIKNE,249000.0,,Ydyrys 970630300948,970630300948,"Референс 3089730563 Без наличка Переводы клиентом денег с одного своего текущего счета, открытого в банке, ф-ле банка-нерез-та РК на другой свой текущий счет, открытый в данном банке, в ф-ле данного банка-нерез-та РК",
02.04.2024,3775,,250000.0,AZM Trade 180840000648,180840000648,"Референс 3089688912 Согласно счета на оплату №57 от 1 апреля 2024 года (в том числе НДС = 26785.71) Платежи за услуги в сфере культуры и отдыха,",
26.03.2024,ONBVXNUPR,579000.0,,Ydyrys 970630300948,970630300948,"Референс 3083466148 Без наличка Переводы клиентом денег с одного своего текущего счета, открытого в банке, ф-ле банка-нерез-та РК на другой свой текущий счет, открытый в данном банке, в ф-ле данного банка-нерез-та РК",
26.03.2024,003020790937,,580000.0,Народный Банк Казахстана 940140000385,940140000385,"Референс 3083197101 Плательщик: Novtek Business LLC Nijegorodka,Chapae//40702398000021006446 Получатель: ALFA PRODUCT mkr Karlaman-2 Shardenova str,21Almaty Назначение: Payment for bill 56 from14.03.2024 for organization of the",
15.03.2024,ONB6XAG6N,500000.0,,Ydyrys 970630300948,970630300948,"Референс 3075459467 Без наличка Переводы клиентом денег с одного своего текущего счета, открытого в банке, ф-ле банка-нерез-та РК на другой свой текущий счет, открытый в данном банке, в ф-ле данного банка-нерез-та РК",
15.03.2024,ONBZXCYYI,,500000.0,АШИРБАЕВА РОЗА 840627401216,840627401216,"Референс 3075238966 За видеосьемку Платежи за профессиональные, научные и технические услуги,",
14.03.2024,ONBPS082Z,9000.0,,Ydyrys 970630300948,970630300948,"Референс 3074300103 Без наличка Переводы клиентом денег с одного своего текущего счета, открытого в банке, ф-ле банка-нерез-та РК на другой свой текущий счет, открытый в данном банке, в ф-ле данного банка-нерез-та РК",
11.03.2024,003007507786,4500.0,,Алматинский городской Народного Банка Казахстана 960941000145,960941000145,"Референс 3070829788 Комиссия за операцию ""Абонентская плата"" согласно тарифам банка. НДС не облагается.",
07.03.2024,ONBFIUB8U,350000.0,,Ydyrys 970630300948,970630300948,"Референс 3068602379 Без наличка Переводы клиентом денег с одного своего текущего счета, открытого в банке, ф-ле банка-нерез-та РК на другой свой текущий счет, открытый в данном банке, в ф-ле данного банка-нерез-та РК",
07.03.2024,ONBKUNCYX,,350000.0,АШИРБАЕВА РОЗА 840627401216,840627401216,"Референс 3068439263 За видеосьемку Платежи за профессиональные, научные и технические услуги, 3",
04.03.2024,ONB9TCLAL,260000.0,,Ыдырыс Алмат 970630300948,970630300948,"Референс 3064370059 Без наличка Переводы клиентом денег с одного своего текущего счета, открытого в банке, ф-ле банка-нерез-та РК на другой свой текущий счет, открытый в данном банке, в ф-ле данного банка-нерез-та РК",
04.03.2024,17,,267250.0,Локальный прфессиональный союз 090940001006,090940001006,Референс 3064202364 В т.ч. НДС 0% за проведение праздничного мероприятия по счету №1 от 04.03.2024г.по договору №24\1 от 04.03.2024г. Сумма 267 250-00 тенге без НДС,
04.03.2024,002999836130,100.0,,Алматинский городской Народного Банка Казахстана 960941000145,960941000145,"Референс 3063761939 Комиссия за операцию ""Простой перевод обычной срочности"" согласно тарифам банкаРасчетный документ № ONBOS3H9I от 04.03.24 на сумму 20 000.00 KZT. НДС не облагается.",
04.03.2024,ONBOS3H9I,20000.0,,Ыдырыс Алмат 970630300948,970630300948,"Референс 3063761755 Без наличка Переводы клиентом денег с одного своего текущего счета, открытого в банке, ф-ле банка-нерез-та РК на другой свой текущий счет, открытый в данном банке, в ф-ле данного банка-нерез-та РК",
29.02.2024,ONBLUT0VM,879200.0,,Тулеубеков Бекдос Саятович 951031301364,951031301364,"Референс 3061220912 Без наличка Переводы клиентом денег с одного своего текущего счета, открытого в банке, ф-ле банка-нерез-та РК на другой свой текущий счет, открытый в данном банке, в ф-ле данного банка-нерез-та РК",
29.02.2024,30,,906400.0,'ФЕДЕРАЦИЯ 'БӘЙГЕ' 140840013721,140840013721,Референс 3060831537 Услуги. Оплата за услуги видеосъемки с-но сч № 55 от 27.02.2024 г. Сумма 906 400-00 тенге,
13.02.2024,002981574279,1000.0,,Алматинский городской Народного Банка Казахстана 960941000145,960941000145,"Референс 3047092007 Комиссия за операцию ""Простой перевод обычной срочности"" согласно тарифам банкаРасчетный документ № ONBGJGVOE от 13.02.24 на сумму 220 000.00 KZT. НДС не облагается.",
13.02.2024,ONBGJGVOE,220000.0,,Ыдырыс Алмат 970630300948,970630300948,"Референс 3047091999 Без наличка Переводы клиентом денег с одного своего текущего счета, открытого в банке, ф-ле банка-нерез-та РК на другой свой текущий счет, открытый в данном банке, в ф-ле данного банка-нерез-та РК",
13.02.2024,27,,220480.0,'ФЕДЕРАЦИЯ 'БӘЙГЕ' 140840013721,140840013721,Референс 3047060565 Услуги. Оплата за услуги для видеосъемки подкаста с-но сч № 53 от 13.02.2024 г. Сумма 220 480-00 тенге,
10.02.2024,ONB3S9ZVO,5796000.0,,Мамырқұл Мақсат 900220301805,900220301805,"Референс 3044621378 Без наличка Переводы клиентом денег с одного своего текущего счета, открытого в банке, ф-ле банка-нерез-та РК на другой свой текущий счет, открытый в данном банке, в ф-ле данного банка-нерез-та РК",
10.02.2024,Z02242106759542,,5000000.0,МАМЫР??Л МА?САТ 900220301805,900220301805,"Референс 3044608085 Возврат МТ100, референс: 0224210675954205, получатель - МАМЫР??Л МА?САТ, 10.02.2024 сумма: 5000000счет закрыт[Без наличка Переводы клиентом денег с одного своего текущего счета, открытого в банке, ф-ле банка-нерез-та РК на другой свой текущий счет, открытый в данном банке, в ф-ле данного банка-нерез-та РК]",
10.02.2024,ONBHT91BW,5000000.0,,Мамырқұл Мақсат 900220301805,900220301805,"Референс 3044603185 Без наличка Переводы клиентом денег с одного своего текущего счета, открытого в банке, ф-ле банка-нерез-та РК на другой свой текущий счет, открытый в данном банке, в ф-ле данного банка-нерез-та РК 4",
10.02.2024,Z02242106759433,,5796000.0,МАМЫР??Л МА?САТ 900220301805,900220301805,"Референс 3044525875 Возврат МТ100, референс: 0224210675943389, получатель - МАМЫР??Л МА?САТ, 10.02.2024 сумма: 5796000счет закрыт[Без наличка Переводы клиентом денег с одного своего текущего счета, открытого в банке, ф-ле банка-нерез-та РК на другой свой текущий счет, открытый в данном банке, в ф-ле данного банка-нерез-та РК]",
10.02.2024,ONBS7M8MF,5796000.0,,Мамырқұл Мақсат 900220301805,900220301805,"Референс 3044520049 Без наличка Переводы клиентом денег с одного своего текущего счета, открытого в банке, ф-ле банка-нерез-та РК на другой свой текущий счет, открытый в данном банке, в ф-ле данного банка-нерез-та РК",
10.02.2024,002978789966,4500.0,,Алматинский городской Народного Банка Казахстана 960941000145,960941000145,"Референс 3044518786 Комиссия за операцию ""Абонентская плата"" согласно тарифам банка. НДС не облагается.",
10.02.2024,ONB77R85K,200000.0,,Ydyrys 970630300948,970630300948,"Референс 3044518498 Без наличка Переводы клиентом денег с одного своего текущего счета, открытого в банке, ф-ле банка-нерез-та РК на другой свой текущий счет, открытый в данном банке, в ф-ле данного банка-нерез-та РК",
10.02.2024,Z02242106759414,,5000000.0,МАМЫР??Л МА?САТ 900220301805,900220301805,"Референс 3044507550 Возврат МТ100, референс: 0224210675941433, получатель - МАМЫР??Л МА?САТ, 10.02.2024 сумма: 5000000счет закрыт[Без наличка Переводы клиентом денег с одного своего текущего счета, открытого в банке, ф-ле банка-нерез-та РК на другой свой текущий счет, открытый в данном банке, в ф-ле данного банка-нерез-та РК]",
10.02.2024,ONB0LN3BE,5000000.0,,Мамырқұл Мақсат 900220301805,900220301805,"Референс 3044506586 Без наличка Переводы клиентом денег с одного своего текущего счета, открытого в банке, ф-ле банка-нерез-та РК на другой свой текущий счет, открытый в данном банке, в ф-ле данного банка-нерез-та РК",
09.02.2024,Z02242096759085,,5800000.0,МАМЫР??Л МА?САТ 900220301805,900220301805,"Референс 3044229163 Возврат МТ100, референс: 0224209675908558, получатель - МАМЫР??Л МА?САТ, 09.02.2024 сумма: 5800000счет закрыт[Без наличка Переводы клиентом денег с одного своего текущего счета, открытого в банке, ф-ле банка-нерез-та РК на другой свой текущий счет, открытый в данном банке, в ф-ле данного банка-нерез-та РК]",
09.02.2024,ONBQUS5AG,5800000.0,,Мамырқұл Мақсат 900220301805,900220301805,"Референс 3044226270 Без наличка Переводы клиентом денег с одного своего текущего счета, открытого в банке, ф-ле банка-нерез-та РК на другой свой текущий счет, открытый в данном банке, в ф-ле данного банка-нерез-та РК",
09.02.2024,186,,6000000.0,"Товарищество с ограниченной ответственностью ""Научно-практич 200540006721",200540006721,Референс 3044060158 Услуги. Оплата за услуги согласно счет на оплату 05 от 08.02.2024 договору №024-05 от 08.02.2024,
31.01.2024,002968356326,1000.0,,Алматинский городской Народного Банка Казахстана 960941000145,960941000145,Референс 3035125132 CMSTAKE Комиссия за ведение счета KZ916018771000421281 за 01 месяц,
23.01.2024,ONBVS11KI,274000.0,,Ydyrys 970630300948,970630300948,"Референс 3028753980 Без наличка Переводы клиентом денег с одного своего текущего счета, открытого в банке, ф-ле банка-нерез-та РК на другой свой текущий счет, открытый в данном банке, в ф-ле данного банка-нерез-та РК 5",
23.01.2024,107,,275000.0,Товарищество с ограниченной ответственностью Галерея Новостр 210440008230,210440008230,"Референс 3028740352 Оплата за услуги ведущего мероприятия, согласно счета № 52 от 22 января 2024г. Сумма 275 000-00 тенге без НДС Платежи за услуги в сфере культуры и отдыха",
18.01.2024,ONB66B3PU,274000.0,,Ydyrys 970630300948,970630300948,"Референс 3025114021 Без наличка Переводы клиентом денег с одного своего текущего счета, открытого в банке, ф-ле банка-нерез-та Республики Казахстан, на другой свой текущий счет, открытый в данном банке, в ф- ле данного банка-нерез-та Республики Казахстан",
18.01.2024,96,,275000.0,Товарищество с ограниченной ответственностью Галерея Новостр 210440008230,210440008230,"Референс 3025106027 Оплата за услуги ведущего мероприятия, согласно счета № 51 от 18 января 2024г. Сумма 275 000-00 тенге без НДС Платежи за услуги в сфере культуры и отдыха",
17.01.2024,ONB1EEWCM,813000.0,,Ydyrys 970630300948,970630300948,"Референс 3024272973 Без наличка Переводы клиентом денег с одного своего текущего счета, открытого в банке, ф-ле банка-нерез-та Республики Казахстан, на другой свой текущий счет, открытый в данном банке, в ф- ле данного банка-нерез-та Республики Казахстан",
17.01.2024,ONB81855E,,814000.0,Закирова 920714400347,920714400347,"Референс 3023983503 услуга ведущего мероприятия и мобилографа Платежи за услуги в сфере культуры и отдыха,",
29.12.2023,002941641229,1000.0,,Алматинский городской Народного Банка Казахстана 960941000145,960941000145,Референс 3008130640 CMSTAKE Комиссия за ведение счета KZ916018771000421281 за 12 месяц,
08.12.2023,ONBPR5AG3,1949000.0,,Ydyrys 970630300948,970630300948,"Референс 2990123868 Без наличка Переводы клиентом денег с одного своего текущего счета, открытого в банке, на другой свой текущий счет, открытый в данном банке",
08.12.2023,Z0223Z08659907,,1949000.0,МАМЫР??Л МА?САТ 900220301805,900220301805,"Референс 2989577904 Возврат МТ100, референс: 0223Z08659907433, получатель - МАМЫР??Л МА?САТ, 08.12.2023 сумма: 1949000счет закрыт[Без наличка Переводы клиентом денег с одного своего текущего счета, открытого в банке, на другой свой текущий счет, открытый в данном банке]",
08.12.2023,ONBWXJYZR,1949000.0,,Мамырқұл Мақсат 900220301805,900220301805,"Референс 2989464942 Без наличка Переводы клиентом денег с одного своего текущего счета, открытого в банке, на другой свой текущий счет, открытый в данном банке",
07.12.2023,Z0223Z07659726,,1949000.0,МАМЫР??Л МА?САТ 900220301805,900220301805,"Референс 2988897600 Возврат МТ100, референс: 0223Z07659726761, получатель - МАМЫР??Л МА?САТ, 07.12.2023 сумма: 1949000счет закрыт[Без наличка Переводы клиентом денег с одного своего текущего счета, открытого в банке, на другой свой текущий счет, открытый в данном банке]",
07.12.2023,ONBDNTPVG,1949000.0,,Мамырқұл Мақсат 900220301805,900220301805,"Референс 2988880518 Без наличка Переводы клиентом денег с одного своего текущего счета, открытого в банке, на другой свой текущий счет, открытый в данном банке",
07.12.2023,85,,1950000.0,Локальный профессиональный союз 090940001006,090940001006,"Референс 2988623209 за проведение торжественного мероприятия,посвященного Новому году по счету №4 от 06.12.2023г.по договору №23\4 от 06.12.2023г. Сумма 1 950 000-00 тенге без НДС Платежи за услуги в сфере культуры и отдыха",
30.11.2023,002913069210,1000.0,,Алматинский городской Народного Банка Казахстана 960941000145,960941000145,Референс 2982309089 CMSTAKE Комиссия за ведение счета KZ916018771000421281 за 11 месяц,
21.11.2023,ONBE0SJHA,527880.0,,Ydyrys 970630300948,970630300948,"Референс 2974934171 Без наличка Переводы клиентом денег с одного своего текущего счета, открытого в банке, на другой свой текущий счет, открытый в данном банке 6",
21.11.2023,002904894653,320.0,,Алматинский городской Народного Банка Казахстана 960941000145,960941000145,Референс 2974837706 Оплата К2 CMSTAKE Комиссия за ведение счета KZ916018771000421281 за 09 месяц,
21.11.2023,11-2117,,529200.0,АИФ недвижимости Center Plus 111140019514,111140019514,Референс 2974833473 Оплата на организацию новогоднего корпоратива №49 от 08.11.2023Сумма 529 200-00 тенге без НДС Платежи за услуги в сфере культуры и,
29.09.2023,002856826617,680.0,,Алматинский городской Народного Банка Казахстана 960941000145,960941000145,Референс 2930773677 CMSTAKE Комиссия за ведение счета KZ916018771000421281 за 09 месяц,
22.09.2023,ONBSM92O3,1000.0,,Ydyrys 970630300948,970630300948,"Референс 2925418764 Без наличка Переводы клиентом денег с одного своего текущего счета, открытого в банке, на другой свой текущий счет, открытый в данном банке",
22.09.2023,ONB7BLAJS,250000.0,,Ydyrys 970630300948,970630300948,"Референс 2925183271 Без наличка Переводы клиентом денег с одного своего текущего счета, открытого в банке, на другой свой текущий счет, открытый в данном банке",
22.09.2023,202302881,,250000.0,Университет КИМЭП 040740001010,040740001010,"Референс 2925126397 За услуги модератора и диджея,с-но сч.№47 от 25/08/2023г.Сумма 250 000-00 тенге без НДС Платежи за услуги в сфере культуры и отдыха,",
18.09.2023,ONBMF687E,255000.0,,Ydyrys 970630300948,970630300948,"Референс 2921015538 Без наличка Переводы клиентом денег с одного своего текущего счета, открытого в банке, на другой свой текущий счет, открытый в данном банке",
18.09.2023,ONB3M19EN,4892500.0,,Мамырқұл Мақсат 900220301805,900220301805,"Референс 2920997167 Без наличка Переводы клиентом денег с одного своего текущего счета, открытого в банке, на другой свой текущий счет, открытый в данном банке",
18.09.2023,002845884116,820.0,,Алматинский городской Народного Банка Казахстана 960941000145,960941000145,Референс 2920943665 Оплата К2 CMSTAKE Комиссия за ведение счета KZ916018771000421281 за 08 месяц,
13.09.2023,187,,5150000.0,"""НАУЧНО- ПРАКТИЧЕСКИЙ МЕДИЦИНСКИЙ ЦЕНТР"" 200540006721",200540006721,"Референс 2917681070 Оплата согласно счет на оплату №8 от 12.09.2023 Без НДС Платежи за профессиональные, научные и технические услуги",
31.08.2023,002830617406,180.0,,Алматинский городской Народного Банка Казахстана 960941000145,960941000145,Референс 2906830369 CMSTAKE Комиссия за ведение счета KZ916018771000421281 за 08 месяц,
16.08.2023,ONBGYDRQO,126000.0,,Ydyrys 970630300948,970630300948,"Референс 2895508590 Без наличка Переводы клиентом денег с одного своего текущего счета, открытого в банке, на другой свой текущий счет, открытый в данном банке",
15.08.2023,ONBH37VNP,2375000.0,,Ydyrys 970630300948,970630300948,"Референс 2894806093 Без наличка Переводы клиентом денег с одного своего текущего счета, открытого в банке, на другой свой текущий счет, открытый в данном банке",
14.08.2023,173,,2500000.0,"""НАУЧНО- ПРАКТИЧЕСКИЙ МЕДИЦИНСКИЙ ЦЕНТР"" 200540006721",200540006721,"Референс 2894214853 Оплата услуги по проекту согласно счет на оплату №15 от 14.08.2023 Без НДС Платежи за профессиональные, научные и технические услуги",
14.08.2023,ONB08JJ5O,63000.0,,Ydyrys 970630300948,970630300948,"Референс 2893974458 Без наличка Переводы клиентом денег с одного своего текущего счета, открытого в банке, на другой свой текущий счет, открытый в данном банке",
08.08.2023,ONBGH611G,60000.0,,Ydyrys 970630300948,970630300948,"Референс 2889614785 Без наличка Переводы клиентом денег с одного своего текущего счета, открытого в банке, на другой свой текущий счет, открытый в данном банке",
31.07.2023,002803689015,1000.0,,Алматинский городской Народного Банка Казахстана 960941000145,960941000145,Референс 2882486978 CMSTAKE Комиссия за ведение счета KZ916018771000421281 за 07 месяц 7,
28.07.2023,ONB05TD79,2375000.0,,Мамырқұл Мақсат 900220301805,900220301805,"Референс 2881371031 Без наличка Переводы клиентом денег с одного своего текущего счета, открытого в банке, на другой свой текущий счет, открытый в данном банке",
28.07.2023,160,,2500000.0,"""НАУЧНО- ПРАКТИЧЕСКИЙ МЕДИЦИНСКИЙ ЦЕНТР"" 200540006721",200540006721,"Референс 2881132097 Оплата услуги по проекту согласно счет на оплату №10 от 28.07.2023 Без НДС Платежи за профессиональные, научные и технические услуги",
27.07.2023,ONBXPKHC8,48000.0,,Ydyrys 970630300948,970630300948,"Референс 2880225367 Без наличка Переводы клиентом денег с одного своего текущего счета, открытого в банке, на другой свой текущий счет, открытый в данном банке",
25.07.2023,ONBWKGC22,25000.0,,Ydyrys 970630300948,970630300948,"Референс 2878658528 Без наличка Переводы клиентом денег с одного своего текущего счета, открытого в банке, на другой свой текущий счет, открытый в данном банке",
25.07.2023,ONBEAULAK,399000.0,,Ydyrys 970630300948,970630300948,"Референс 2878211436 Без наличка Переводы клиентом денег с одного своего текущего счета, открытого в банке, на другой свой текущий счет, открытый в данном банке",
25.07.2023,1321,,400000.0,АлмаТауСтрой 161040016763,161040016763,"Референс 2878199377 400 000 согл Заявка на оплату ATS00000743 от 21.07.2023 за Корпоративные мероприятия Платежи за услуги в сфере культуры и отдыха,",
24.07.2023,ONB4RDHV9,80000.0,,Ydyrys 970630300948,970630300948,"Референс 2877764826 Без наличка Переводы клиентом денег с одного своего текущего счета, открытого в банке, на другой свой текущий счет, открытый в данном банке",
24.07.2023,ONBICXGM2,50000.0,,Ydyrys 970630300948,970630300948,"Референс 2877429939 Без наличка Переводы клиентом денег с одного своего текущего счета, открытого в банке, на другой свой текущий счет, открытый в данном банке",
12.07.2023,ONBZMF9MD,3838000.0,,Мамырқұл Мақсат 900220301805,900220301805,"Референс 2869001876 Без наличка Переводы клиентом денег с одного своего текущего счета, открытого в банке, на другой свой текущий счет, открытый в данном банке",
12.07.2023,137,,4040000.0,"Товарищество с ограниченной ответственностью ""Научно-практич 200540006721",200540006721,Референс 2868780593 Услуги. Оплата за услуги разработки дизайна согласно счет на оплату №7 от 12.07.2023,
12.07.2023,002788506582,470.0,,Алматинский городской АО «Народный Казахстана» 960941000145,960941000145,"Референс 2868571081 Комиссия за операцию ""Простой перевод обычной срочности"" согласно тарифам банкаРасчетный документ № ONBIJNB9B от 12.07.23 на сумму 5 000 000.00 KZT. НДС не облагается.",
12.07.2023,ONBIJNB9B,5000000.0,,Құрманбек Өтеш 951210301248,951210301248,"Референс 2868571030 Без наличка Переводы клиентом денег с одного своего текущего счета, открытого в банке, на другой свой текущий счет, открытый в данном банке",
11.07.2023,002787472757,,5000000.0,"Акционерное общество ""Аграрная кредитная корпорация"" 010340000953",010340000953,Референс 2867648871 СФ# F000021/23-3133 за 11.07.2023 ЗП# Ст.-Окончательный.Выдача кредита согласно реестра исходящих платежных поручений № 000003133 от 11.07.2023г.Без НДС,
