﻿Дата,Номер документа,Дебет,Кредит,Контрагент (имя),Контрагент ИИН/БИН,Детали платежа,КНП,ip_knp_norm,ip_op_date,ip_is_non_business_by_knp,ip_is_non_business_by_keywords,ip_is_non_business,ip_credit_amount,ip_is_business_income
07.09.2025,ONBTYLWS3,200000.0,,БОРАНКУЛОВА Г.М.COM 790710401807,790710401807,"Референс 3618090052 Onlinebank Переводы клиентом денег с одного своего текущего счета, открытого в банке, ф-ле банка-нерез-та РК на другой свой текущий счет, открытый в данном банке, в ф-ле данного банка-нерез-та РК RRN=25907D944965 Внешний референс: 0325907847951882",,,2025-09-07,False,False,False,0.0,False
06.09.2025,ONBZ66RO7,100000.0,,БОРАНКУЛОВА Г.М.COM 790710401807,790710401807,"Референс 3617604933 Onlinebank Переводы клиентом денег с одного своего текущего счета, открытого в банке, ф-ле банка-нерез-та РК на другой свой текущий счет, открытый в данном банке, в ф-ле данного банка-нерез-та РК RRN=25906D928814 Внешний референс: 0325906847884911",,,2025-09-06,False,False,False,0.0,False
06.09.2025,ONBVNSDJZ,49500.0,,БОРАНКУЛОВА Г.М.COM 790710401807,790710401807,"Референс 3617578204 Onlinebank Переводы клиентом денег с одного своего текущего счета, открытого в банке, ф-ле банка-нерез-та РК на другой свой текущий счет, открытый в данном банке, в ф-ле данного банка-нерез-та РК RRN=25906D927733 Внешний референс: 0325906847880531",,,2025-09-06,False,False,False,0.0,False
05.09.2025,ONB21MO83,50000.0,,С. 040819650878,040819650878,Референс 3616950293 PHONE_NUMBER 7056849854 Прочие безвозмездные переводы денег RRN=25905D908351 Внешний референс: 0325905847789535,,,2025-09-05,False,False,False,0.0,False
05.09.2025,ONBLW4G5U,400200.0,,БОРАНКУЛОВА Г.М.COM 790710401807,790710401807,"Референс 3615775374 Onlinebank Переводы клиентом денег с одного своего текущего счета, открытого в банке, ф-ле банка-нерез-та РК на другой свой текущий счет, открытый в данном банке, в ф-ле данного банка-нерез-та РК RRN=25905D880042 Внешний референс: 0325905847390781",,,2025-09-05,False,False,False,0.0,False
04.09.2025,ONBQOQN6L,100100.0,,БОРАНКУЛОВА Г.М.COM 790710401807,790710401807,"Референс 3614954319 Onlinebank Переводы клиентом денег с одного своего текущего счета, открытого в банке, ф-ле банка-нерез-та РК на другой свой текущий счет, открытый в данном банке, в ф-ле данного банка-нерез-та РК RRN=25904D863576 Внешний референс: 0325904847151885",,,2025-09-04,False,False,False,0.0,False
03.09.2025,ONBU8C4Q2,100000.0,,БОРАНКУЛОВА Г.М.COM 790710401807,790710401807,"Референс 3613528790 Onlinebank Переводы клиентом денег с одного своего текущего счета, открытого в банке, ф-ле банка-нерез-та РК на другой свой текущий счет, открытый в данном банке, в ф-ле данного банка-нерез-та РК RRN=25903D828461 Внешний референс: 0325903846708777 1",,,2025-09-03,False,False,False,0.0,False
02.09.2025,ONB2LI560,100000.0,,БОРАНКУЛОВА Г.М.COM 790710401807,790710401807,"Референс 3611718723 Onlinebank Переводы клиентом денег с одного своего текущего счета, открытого в банке, ф-ле банка-нерез-та РК на другой свой текущий счет, открытый в данном банке, в ф-ле данного банка-нерез-та РК RRN=25902D789703 Внешний референс: 0325902846164168",,,2025-09-02,False,False,False,0.0,False
31.08.2025,ONBWUQKZX,43000.0,,БОРАНКУЛОВА Г.М.COM 790710401807,790710401807,"Референс 3610316570 Onlinebank Переводы клиентом денег с одного своего текущего счета, открытого в банке, ф-ле банка-нерез-та РК на другой свой текущий счет, открытый в данном банке, в ф-ле данного банка-нерез-та РК RRN=25831D751173 Внешний референс: 0325831845795824",,,2025-08-31,False,False,False,0.0,False
30.08.2025,ONB60DUQQ,60000.0,,БОРАНКУЛОВА Г.М.COM 790710401807,790710401807,"Референс 3609984731 Onlinebank Переводы клиентом денег с одного своего текущего счета, открытого в банке, ф-ле банка-нерез-та РК на другой свой текущий счет, открытый в данном банке, в ф-ле данного банка-нерез-та РК RRN=25830D735385 Внешний референс: 0325830845752697",,,2025-08-30,False,False,False,0.0,False
29.08.2025,ONBOFX4S3,100000.0,,БОРАНКУЛОВА Г.М.COM 790710401807,790710401807,"Референс 3609020374 Onlinebank Переводы клиентом денег с одного своего текущего счета, открытого в банке, ф-ле банка-нерез-та РК на другой свой текущий счет, открытый в данном банке, в ф-ле данного банка-нерез-та РК RRN=25829D701622 Внешний референс: 0325829845528942",,,2025-08-29,False,False,False,0.0,False
29.08.2025,003683385928,1000.0,,Актюбинский Областной Народного Банка Казахстана 961141000023,121000412801,Референс 3608522112 CMSTAKE Комиссия за ведение счета KZ09601A121000412801 за 08 месяц Внешний референс: 0325829845244454,,,2025-08-29,False,False,False,0.0,False
29.08.2025,ONBMXZYEX,100000.0,,БОРАНКУЛОВА Г.М.COM 790710401807,790710401807,"Референс 3608043884 Onlinebank Переводы клиентом денег с одного своего текущего счета, открытого в банке, ф-ле банка-нерез-та РК на другой свой текущий счет, открытый в данном банке, в ф-ле данного банка-нерез-та РК RRN=25829D682197 Внешний референс: 0325829845064558",,,2025-08-29,False,False,False,0.0,False
28.08.2025,ONBG822BB,50000.0,,БОРАНКУЛОВА Г.М.COM 790710401807,790710401807,"Референс 3607839550 Onlinebank Переводы клиентом денег с одного своего текущего счета, открытого в банке, ф-ле банка-нерез-та РК на другой свой текущий счет, открытый в данном банке, в ф-ле данного банка-нерез-та РК RRN=25828D676670 Внешний референс: 0325828845007602",,,2025-08-28,False,False,False,0.0,False
28.08.2025,ONBZBU4AK,20000.0,,БОРАНКУЛОВА Г.М.COM 790710401807,790710401807,"Референс 3607429563 Onlinebank Переводы клиентом денег с одного своего текущего счета, открытого в банке, ф-ле банка-нерез-та РК на другой свой текущий счет, открытый в данном банке, в ф-ле данного банка-нерез-та РК RRN=25828D665602 Внешний референс: 0325828844855651",,,2025-08-28,False,False,False,0.0,False
26.08.2025,ONBKSYJ7L,100000.0,,БОРАНКУЛОВА Г.М.COM 790710401807,790710401807,"Референс 3604902247 Onlinebank Переводы клиентом денег с одного своего текущего счета, открытого в банке, ф-ле банка-нерез-та РК на другой свой текущий счет, открытый в данном банке, в ф-ле данного банка-нерез-та РК RRN=25826D602805 Внешний референс: 0325826844031488",,,2025-08-26,False,False,False,0.0,False
25.08.2025,ONBECS7PQ,150000.0,,БОРАНКУЛОВА Г.М.COM 790710401807,790710401807,"Референс 3603675873 Onlinebank Переводы клиентом денег с одного своего текущего счета, открытого в банке, ф-ле банка-нерез-та РК на другой свой текущий счет, открытый в данном банке, в ф-ле данного банка-нерез-та РК RRN=25825D574565 Внешний референс: 0325825843642481",,,2025-08-25,False,False,False,0.0,False
25.08.2025,ONB04QAHZ,10000.0,,ГУЛЬМИРА Б. 790710401807,790710401807,Референс 3603412420 PHONE_NUMBER 7016541754 Прочие безвозмездные переводы денег RRN=25825D567974 Внешний референс: 0325825843535229 2,,,2025-08-25,False,False,False,0.0,False
22.08.2025,ONBWEJR7W,50000.0,,БОРАНКУЛОВА Г.М.COM 790710401807,790710401807,"Референс 3600763596 Onlinebank Переводы клиентом денег с одного своего текущего счета, открытого в банке, ф-ле банка-нерез-та РК на другой свой текущий счет, открытый в данном банке, в ф-ле данного банка-нерез-та РК RRN=25822D490921 Внешний референс: 0325822842757836",,,2025-08-22,False,False,False,0.0,False
21.08.2025,003669675128,450.0,,Актюбинский Областной Народного Банка Казахстана 961141000023,961141000023,"Референс 3599485527 Комиссия за операцию ""Простой перевод обычной срочности"" согласно тарифам банкаРасчетный документ № ONBR0QB5X от 21.08.25 на сумму 300 000.00 KZT. НДС не облагается. Внешний референс: 0325821842328664",,,2025-08-21,False,False,False,0.0,False
21.08.2025,ONBR0QB5X,300000.0,,"""TABOL INVEST"" 210640027561",210640027561,"Референс 3599485521 Оплата за гсм Платежи за товары, за исключением недвижимости и товаров с кодами назначения платежей 711, 712 и 713, Внешний референс: 0325821842328656",,,2025-08-21,False,False,False,0.0,False
21.08.2025,ONB02FEHB,201000.0,,БОРАНКУЛОВА Г.М.COM 790710401807,790710401807,"Референс 3599110482 Onlinebank Переводы клиентом денег с одного своего текущего счета, открытого в банке, ф-ле банка-нерез-та РК на другой свой текущий счет, открытый в данном банке, в ф-ле данного банка-нерез-та РК RRN=25821D452017 Внешний референс: 0325821842250847",,,2025-08-21,False,False,False,0.0,False
21.08.2025,ONBESV69P,200500.0,,БОРАНКУЛОВА Г.М.COM 790710401807,790710401807,"Референс 3599104706 Onlinebank Переводы клиентом денег с одного своего текущего счета, открытого в банке, ф-ле банка-нерез-та РК на другой свой текущий счет, открытый в данном банке, в ф-ле данного банка-нерез-та РК RRN=25821D451705 Внешний референс: 0325821842249419",,,2025-08-21,False,False,False,0.0,False
21.08.2025,ONB5YKKPP,200500.0,,БОРАНКУЛОВА Г.М.COM 790710401807,790710401807,"Референс 3599104718 Onlinebank Переводы клиентом денег с одного своего текущего счета, открытого в банке, ф-ле банка-нерез-та РК на другой свой текущий счет, открытый в данном банке, в ф-ле данного банка-нерез-та РК RRN=25821D451703 Внешний референс: 0325821842249444",,,2025-08-21,False,False,False,0.0,False
20.08.2025,ONBLIPC45,100000.0,,БОРАНКУЛОВА Г.М.COM 790710401807,790710401807,"Референс 3598923064 Onlinebank Переводы клиентом денег с одного своего текущего счета, открытого в банке, ф-ле банка-нерез-та РК на другой свой текущий счет, открытый в данном банке, в ф-ле данного банка-нерез-та РК RRN=25820D449717 Внешний референс: 0325820842191677",,,2025-08-20,False,False,False,0.0,False
18.08.2025,003664723901,13500.0,,Актюбинский Областной Народного Банка Казахстана 961141000023,961141000023,"Референс 3596171092 Комиссия за операцию ""Снятие с текущего счета ЮЛ через АК"" согласно тарифам банка. НДС не облагается. Внешний референс: 0325818841300322",,,2025-08-18,False,False,False,0.0,False
18.08.2025,003664723809,3000000.0,,Народный Банк Республики Казахстан 940140000385,940140000385,Референс 3596171070 Снятие с текущего счета ЮЛ/ПБОЮЛ через АК. (Снятие наличных денег с текущих или корреспондентских счетов) Внешний референс: SB25818980162814,,,2025-08-18,False,False,False,0.0,False
15.08.2025,9107,,5800000.0,"Товарищество с ограниченной ответственностью ""Темiржол жөнде 030140002252",030140002252,"Референс 3593208307 Оплата по факту за аренду тягач и автокран, АВР 3 от 31.07.25г., дог.ТЖ/2025/06/02/09 от 02.06.25г. Платежи по лизингу (текущая аренда), Внешний референс: 5325815840419011",,,2025-08-15,False,False,False,5800000.0,True
10.08.2025,ONB3V22L4,15000.0,,ГУЛЬМИРА Б. 790710401807,790710401807,Референс 3587050519 PHONE_NUMBER 7016541754 Прочие безвозмездные переводы денег RRN=25810D146585 Внешний референс: 0325810838569752,,,2025-08-10,False,False,False,0.0,False
09.08.2025,ONBXBEYC3,20000.0,,ГУЛЬМИРА Б. 790710401807,790710401807,Референс 3586493892 PHONE_NUMBER 7016541754 Прочие безвозмездные переводы денег RRN=25809D125763 Внешний референс: 0325809838513160 3,,,2025-08-09,False,False,False,0.0,False
09.08.2025,ONBLO0XFO,150200.0,,БОРАНКУЛОВА Г.М.COM 790710401807,790710401807,"Референс 3586480985 Onlinebank Переводы клиентом денег с одного своего текущего счета, открытого в банке, ф-ле банка-нерез-та РК на другой свой текущий счет, открытый в данном банке, в ф-ле данного банка-нерез-та РК RRN=25809D125182 Внешний референс: 0325809838512267",,,2025-08-09,False,False,False,0.0,False
07.08.2025,ONBQV0QRX,15000.0,,БОРАНКУЛОВА Г.М.COM 790710401807,790710401807,"Референс 3584637682 Onlinebank Переводы клиентом денег с одного своего текущего счета, открытого в банке, ф-ле банка-нерез-та РК на другой свой текущий счет, открытый в данном банке, в ф-ле данного банка-нерез-та РК RRN=25807D81407 Внешний референс: 0325807838029381",,,2025-08-07,False,False,False,0.0,False
07.08.2025,ONBBUQQLM,25000.0,,БОРАНКУЛОВА Г.М.COM 790710401807,790710401807,"Референс 3584040541 Onlinebank Переводы клиентом денег с одного своего текущего счета, открытого в банке, ф-ле банка-нерез-та РК на другой свой текущий счет, открытый в данном банке, в ф-ле данного банка-нерез-та РК RRN=25807D66750 Внешний референс: 0325807837824129",,,2025-08-07,False,False,False,0.0,False
06.08.2025,ONB5LY54Z,10000.0,,БОРАНКУЛОВА Г.М.COM 790710401807,790710401807,"Референс 3583328914 Onlinebank Переводы клиентом денег с одного своего текущего счета, открытого в банке, ф-ле банка-нерез-та РК на другой свой текущий счет, открытый в данном банке, в ф-ле данного банка-нерез-та РК RRN=25806D52638 Внешний референс: 0325806837614753",,,2025-08-06,False,False,False,0.0,False
06.08.2025,ONBFXDYLI,15000.0,,БОРАНКУЛОВА Г.М.COM 790710401807,790710401807,"Референс 3582823283 Onlinebank Переводы клиентом денег с одного своего текущего счета, открытого в банке, ф-ле банка-нерез-та РК на другой свой текущий счет, открытый в данном банке, в ф-ле данного банка-нерез-та РК RRN=25806D38711 Внешний референс: 0325806837461998",,,2025-08-06,False,False,False,0.0,False
06.08.2025,ONB4K84TE,20000.0,,БОРАНКУЛОВА Г.М.COM 790710401807,790710401807,"Референс 3582649273 Onlinebank Переводы клиентом денег с одного своего текущего счета, открытого в банке, ф-ле банка-нерез-та РК на другой свой текущий счет, открытый в данном банке, в ф-ле данного банка-нерез-та РК RRN=25806D33648 Внешний референс: 0325806837401652",,,2025-08-06,False,False,False,0.0,False
06.08.2025,ONB9LNCN3,30000.0,,БОРАНКУЛОВА Г.М.COM 790710401807,790710401807,"Референс 3582486656 Onlinebank Переводы клиентом денег с одного своего текущего счета, открытого в банке, ф-ле банка-нерез-та РК на другой свой текущий счет, открытый в данном банке, в ф-ле данного банка-нерез-та РК RRN=25806D29376 Внешний референс: 0325806837325201",,,2025-08-06,False,False,False,0.0,False
04.08.2025,ONBS37CTD,100000.0,,БОРАНКУЛОВА Г.М.COM 790710401807,790710401807,"Референс 3579923321 Onlinebank Переводы клиентом денег с одного своего текущего счета, открытого в банке, ф-ле банка-нерез-та РК на другой свой текущий счет, открытый в данном банке, в ф-ле данного банка-нерез-та РК RRN=25804D972046 Внешний референс: 0325804836582388",,,2025-08-04,False,False,False,0.0,False
02.08.2025,ONBFL7VYA,169000.0,,БОРАНКУЛОВА Г.М.COM 790710401807,790710401807,"Референс 3578579107 Onlinebank Переводы клиентом денег с одного своего текущего счета, открытого в банке, ф-ле банка-нерез-та РК на другой свой текущий счет, открытый в данном банке, в ф-ле данного банка-нерез-та РК RRN=25802D935406 Внешний референс: 0325802836243630",,,2025-08-02,False,False,False,0.0,False
02.08.2025,ONB13TZZL,300000.0,,БОРАНКУЛОВА Г.М.COM 790710401807,790710401807,"Референс 3578527085 Onlinebank Переводы клиентом денег с одного своего текущего счета, открытого в банке, ф-ле банка-нерез-та РК на другой свой текущий счет, открытый в данном банке, в ф-ле данного банка-нерез-та РК RRN=25802D932821 Внешний референс: 0325802836234295 4",,,2025-08-02,False,False,False,0.0,False
02.08.2025,ONBVE9CN4,600000.0,,БОРАНКУЛОВА Г.М.COM 790710401807,790710401807,"Референс 3578346264 Onlinebank Переводы клиентом денег с одного своего текущего счета, открытого в банке, ф-ле банка-нерез-та РК на другой свой текущий счет, открытый в данном банке, в ф-ле данного банка-нерез-та РК RRN=25802D930584 Внешний референс: 0325802836228724",,,2025-08-02,False,False,False,0.0,False
31.07.2025,003635350304,1000.0,,Актюбинский Областной Народного Банка Казахстана 961141000023,121000412801,Референс 3575562454 CMSTAKE Комиссия за ведение счета KZ09601A121000412801 за 07 месяц Внешний референс: 0325731835280756,,,2025-07-31,False,False,False,0.0,False
30.07.2025,003633804453,9000.0,,Актюбинский Областной Народного Банка Казахстана 961141000023,961141000023,"Референс 3574555713 Комиссия за операцию ""Снятие с текущего счета ЮЛ через АК"" согласно тарифам банка. НДС не облагается. Внешний референс: 0325730834924558",,,2025-07-30,False,False,False,0.0,False
30.07.2025,003633804375,2000000.0,,Народный Банк Республики Казахстан 940140000385,940140000385,Референс 3574555678 Снятие с текущего счета ЮЛ/ПБОЮЛ через АК. (Снятие наличных денег с текущих или корреспондентских счетов) Внешний референс: SB25730975049187,,,2025-07-30,False,False,False,0.0,False
29.07.2025,003632737239,721.4,,Актюбинский Областной Народного Банка Казахстана 961141000023,121000412801,Референс 3573738043 Оплата К2 CMSTAKE Комиссия за ведение счета KZ09601A121000412801 за 05 месяц Внешний референс: 0325729834685365,,,2025-07-29,False,False,False,0.0,False
29.07.2025,8372,,3480000.0,"Товарищество с ограниченной ответственностью ""Темiржол жөнде 030140002252",030140002252,"Референс 3573735380 Оплата по факту за аренду тягач и автокран, АВР 2 от 30.06.25г., дог.ТЖ/2025/06/02/09 от 02.06.25г. Платежи по лизингу (текущая аренда), Внешний референс: 5325729834683781",,,2025-07-29,False,False,False,3480000.0,True
30.05.2025,003538321036,278.6,,Актюбинский Областной Народного Банка Казахстана 961141000023,121000412801,Референс 3506918128 CMSTAKE Комиссия за ведение счета KZ09601A121000412801 за 05 месяц Внешний референс: 0325530815018025,,,2025-05-30,False,False,False,0.0,False
11.05.2025,ONBA4CDDX,100200.0,,БОРАНКУЛОВА Г.М.COM 790710401807,790710401807,"Референс 3484288568 Onlinebank Переводы клиентом денег с одного своего текущего счета, открытого в банке, ф-ле банка-нерез-та РК на другой свой текущий счет, открытый в данном банке, в ф-ле данного банка-нерез-та РК RRN=25511D750988 Внешний референс: 0325511808078252",,,2025-05-11,False,False,False,0.0,False
10.05.2025,ONBRR6G2U,210000.0,,БОРАНКУЛОВА Г.М.COM 790710401807,790710401807,"Референс 3483788224 Onlinebank Переводы клиентом денег с одного своего текущего счета, открытого в банке, ф-ле банка-нерез-та РК на другой свой текущий счет, открытый в данном банке, в ф-ле данного банка-нерез-та РК RRN=25510D730982 Внешний референс: 0325510808016195",,,2025-05-10,False,False,False,0.0,False
09.05.2025,ONBD18VFF,12000.0,,БОРАНКУЛОВА Г.М.COM 790710401807,790710401807,"Референс 3483313873 Onlinebank Переводы клиентом денег с одного своего текущего счета, открытого в банке, ф-ле банка-нерез-та РК на другой свой текущий счет, открытый в данном банке, в ф-ле данного банка-нерез-та РК RRN=25509D716571 Внешний референс: 0325509807954456",,,2025-05-09,False,False,False,0.0,False
08.05.2025,ONBZIJ5WZ,20000.0,,БОРАНКУЛОВА Г.М.COM 790710401807,790710401807,"Референс 3482700887 Onlinebank Переводы клиентом денег с одного своего текущего счета, открытого в банке, ф-ле банка-нерез-та РК на другой свой текущий счет, открытый в данном банке, в ф-ле данного банка-нерез-та РК RRN=25508D696118 Внешний референс: 0325508807881766",,,2025-05-08,False,False,False,0.0,False
08.05.2025,662,,240384.35,"""Казахстанская Компания"" 130440006762",130440006762,Референс 3482168020 Возврат переплаты по договору 281/2023 от 25.08.2023 г. сог-но подписанному акту сверки Сумма 240 384-35 тенге без налога Внешний референс: SB25508035233878 5,,,2025-05-08,False,True,True,240384.35,False
08.05.2025,ONBAZZOBK,25000.0,,БОРАНКУЛОВА Г.М.COM 790710401807,790710401807,"Референс 3482075265 Onlinebank Переводы клиентом денег с одного своего текущего счета, открытого в банке, ф-ле банка-нерез-та РК на другой свой текущий счет, открытый в данном банке, в ф-ле данного банка-нерез-та РК RRN=25508D684046 Внешний референс: 0325508807681017",,,2025-05-08,False,False,False,0.0,False
08.05.2025,ONBUFB0MN,37000.0,,БОРАНКУЛОВА Г.М.COM 790710401807,790710401807,"Референс 3481485012 Onlinebank Переводы клиентом денег с одного своего текущего счета, открытого в банке, ф-ле банка-нерез-та РК на другой свой текущий счет, открытый в данном банке, в ф-ле данного банка-нерез-та РК RRN=25508D672146 Внешний референс: 0325508807440325",,,2025-05-08,False,False,False,0.0,False
06.05.2025,ONB6R4S9B,25000.0,,БОРАНКУЛОВА Г.М.COM 790710401807,790710401807,"Референс 3479618375 Onlinebank Переводы клиентом денег с одного своего текущего счета, открытого в банке, ф-ле банка-нерез-та РК на другой свой текущий счет, открытый в данном банке, в ф-ле данного банка-нерез-та РК RRN=25506D629230 Внешний референс: 0325506806999103",,,2025-05-06,False,False,False,0.0,False
05.05.2025,ONBK7N15U,15000.0,,БОРАНКУЛОВА Г.М.COM 790710401807,790710401807,"Референс 3478158558 Onlinebank Переводы клиентом денег с одного своего текущего счета, открытого в банке, ф-ле банка-нерез-та РК на другой свой текущий счет, открытый в данном банке, в ф-ле данного банка-нерез-та РК RRN=25505D602083 Внешний референс: 0325505806577774",,,2025-05-05,False,False,False,0.0,False
30.04.2025,003491758918,1000.0,,Актюбинский Областной Народного Банка Казахстана 961141000023,121000412801,Референс 3473174577 CMSTAKE Комиссия за ведение счета KZ09601A121000412801 за 04 месяц Внешний референс: 0325430805143606,,,2025-04-30,False,False,False,0.0,False
29.04.2025,ONBK1GPSN,55000.0,,БОРАНКУЛОВА Г.М.COM 790710401807,790710401807,"Референс 3471787798 Onlinebank Переводы клиентом денег с одного своего текущего счета, открытого в банке, ф-ле банка-нерез-та РК на другой свой текущий счет, открытый в данном банке, в ф-ле данного банка-нерез-та РК RRN=25429D452404 Внешний референс: 0325429804649785",,,2025-04-29,False,False,False,0.0,False
23.04.2025,ONB15RC6R,5000.0,,БОРАНКУЛОВА Г.М.COM 790710401807,790710401807,"Референс 3466661912 Onlinebank Переводы клиентом денег с одного своего текущего счета, открытого в банке, ф-ле банка-нерез-та РК на другой свой текущий счет, открытый в данном банке, в ф-ле данного банка-нерез-та РК RRN=25423D333943 Внешний референс: 0325423803158086",,,2025-04-23,False,False,False,0.0,False
23.04.2025,ONB3OVP6Q,35000.0,,БОРАНКУЛОВА Г.М.COM 790710401807,790710401807,"Референс 3465950942 Onlinebank Переводы клиентом денег с одного своего текущего счета, открытого в банке, ф-ле банка-нерез-та РК на другой свой текущий счет, открытый в данном банке, в ф-ле данного банка-нерез-та РК RRN=25423D316352 Внешний референс: 0325423802858699",,,2025-04-23,False,False,False,0.0,False
22.04.2025,ONB7LZQER,50200.0,,БОРАНКУЛОВА Г.М.COM 790710401807,790710401807,"Референс 3465508197 Onlinebank Переводы клиентом денег с одного своего текущего счета, открытого в банке, ф-ле банка-нерез-та РК на другой свой текущий счет, открытый в данном банке, в ф-ле данного банка-нерез-та РК RRN=25422D308744 Внешний референс: 0325422802768319",,,2025-04-22,False,False,False,0.0,False
20.04.2025,ONB2F1DGF,50000.0,,БОРАНКУЛОВА Г.М.COM 790710401807,790710401807,"Референс 3462800099 Onlinebank Переводы клиентом денег с одного своего текущего счета, открытого в банке, ф-ле банка-нерез-та РК на другой свой текущий счет, открытый в данном банке, в ф-ле данного банка-нерез-та РК RRN=25420D250056 Внешний референс: 0325420801899890",,,2025-04-20,False,False,False,0.0,False
15.04.2025,ONBH32MG9,40000.0,,БОРАНКУЛОВА Г.М.COM 790710401807,790710401807,"Референс 3457909859 Onlinebank Переводы клиентом денег с одного своего текущего счета, открытого в банке, ф-ле банка-нерез-та РК на другой свой текущий счет, открытый в данном банке, в ф-ле данного банка-нерез-та РК RRN=25415D134325 Внешний референс: 0325415800409398 6",,,2025-04-15,False,False,False,0.0,False
14.04.2025,ONBKNNO8Z,260000.0,,БОРАНКУЛОВА Г.М.COM 790710401807,790710401807,"Референс 3456317216 Onlinebank Переводы клиентом денег с одного своего текущего счета, открытого в банке, ф-ле банка-нерез-та РК на другой свой текущий счет, открытый в данном банке, в ф-ле данного банка-нерез-та РК RRN=25414D102090 Внешний референс: 0325414799874396",,,2025-04-14,False,False,False,0.0,False
11.04.2025,ONB22IU6K,200000.0,,БОРАНКУЛОВА Г.М.COM 790710401807,790710401807,"Референс 3454596240 Onlinebank Переводы клиентом денег с одного своего текущего счета, открытого в банке, ф-ле банка-нерез-та РК на другой свой текущий счет, открытый в данном банке, в ф-ле данного банка-нерез-та РК RRN=25411D54482 Внешний референс: 0325411799544386",,,2025-04-11,False,False,False,0.0,False
11.04.2025,236,,900000.0,MCF Services 170540012554,170540012554,Референс 3454580246 За перевозку карбонат кальция согласно счета на оплату №1 от 10.04.2025 г. Прочие платежи по транспортным услугам Внешний референс: 1225411799521011,,,2025-04-11,False,False,False,900000.0,True
10.04.2025,ONBWL2WUW,5600.0,,БОРАНКУЛОВА Г.М.COM 790710401807,790710401807,"Референс 3452868524 Onlinebank Переводы клиентом денег с одного своего текущего счета, открытого в банке, ф-ле банка-нерез-та РК на другой свой текущий счет, открытый в данном банке, в ф-ле данного банка-нерез-та РК RRN=25410D12158 Внешний референс: 0325410798915771",,,2025-04-10,False,False,False,0.0,False
10.04.2025,ONBNM1SPB,,5600.0,БОРАНКУЛОВА Г.М.COM 790710401807,790710401807,"Референс 3452863069 Onlinebank, Переводы клиентом денег с одного своего текущего счета, открытого в банке, на другой свой текущий счет, открытый в данном банке Внешний референс: 5100E2481392",,,2025-04-10,False,False,False,5600.0,True
10.04.2025,ONBF0IBG6,5500.0,,БОРАНКУЛОВА Г.М.COM 790710401807,790710401807,"Референс 3452641503 Onlinebank Переводы клиентом денег с одного своего текущего счета, открытого в банке, ф-ле банка-нерез-та РК на другой свой текущий счет, открытый в данном банке, в ф-ле данного банка-нерез-та РК RRN=25410D11844 Внешний референс: 0325410798914876",,,2025-04-10,False,False,False,0.0,False
08.04.2025,003459050915,950.0,,Актюбинский Областной Народного Банка Казахстана 961141000023,961141000023,"Референс 3450879985 Комиссия за операцию ""Простой перевод обычной срочности"" согласно тарифам банкаРасчетный документ № ONB78J8G6 от 08.04.25 на сумму 11 618 224.70 KZT. НДС не облагается. Внешний референс: 0325408798430649",,,2025-04-08,False,False,False,0.0,False
08.04.2025,ONB78J8G6,11618224.7,,"""Казахстанская Компания"" 130440006762",130440006762,Референс 3450879941 Стандартное соглашение(Лизинга). Договор №281/2023 от 25.08.2023 г. Финансовый лизинг Внешний референс: 0325408798430615,,,2025-04-08,False,False,False,0.0,False
08.04.2025,9C289650155,,29000.0,Боранкулова Гульмира Махсутовна 790710401807,790710401807,Референс 3450847299 СУБП: Homebank. Пополнение счета . Референс: 9C289650155 Внешний референс: 0525408798415685,,,2025-04-08,False,False,False,29000.0,True
08.04.2025,9C289644705,,1620000.0,Боранкулова Гульмира Махсутовна 790710401807,790710401807,Референс 3450820756 СУБП: Homebank. Пополнение счета . Референс: 9C289644705 Внешний референс: 0525408798404391,,,2025-04-08,False,False,False,1620000.0,True
08.04.2025,003458903235,25000.0,,Актюбинский Областной Народного Банка Казахстана 961141000023,961141000023,"Референс 3450806227 Комиссия за операцию ""Зачисление средств на счет клиента через АДМ № 23070001"" согласно тарифам банка. НДС не облагается. Внешний референс: 0325408798400333",,,2025-04-08,False,False,False,0.0,False
08.04.2025,AW1915647598,,10000000.0,Народный Банк Казахстана 940140000385,940140000385,Референс 3450806159 Пополнение с терминала 23070001 Внешний референс: AW1915647598,,,2025-04-08,False,True,True,10000000.0,False
31.03.2025,003444562776,1000.0,,Актюбинский Областной Народного Банка Казахстана 961141000023,121000412801,Референс 3441108258 CMSTAKE Комиссия за ведение счета KZ09601A121000412801 за 03 месяц Внешний референс: 0325331795499677,,,2025-03-31,False,False,False,0.0,False
20.03.2025,003432085570,470.0,,Актюбинский Областной Народного Банка Казахстана 961141000023,961141000023,"Референс 3432002458 Комиссия за операцию ""Простой перевод обычной срочности"" согласно тарифам банкаРасчетный документ № ONBTUNVH4 от 20.03.25 на сумму 630 750.00 KZT. НДС не облагается. Внешний референс: 0325320792982719 7",,,2025-03-20,False,False,False,0.0,False
20.03.2025,ONBTUNVH4,630750.0,,"""Казахстанская Компания"" 130440006762",130440006762,Референс 3432002414 Стандартное соглашение(Лизинга). Договор №281/2023 от 25.08.2023 г. Финансовый лизинг Внешний референс: 0325320792982681,,,2025-03-20,False,False,False,0.0,False
19.03.2025,003431535206,400.0,,Актюбинский Областной Народного Банка Казахстана 961141000023,961141000023,"Референс 3431466489 Комиссия за операцию ""Зачисление средств на счет клиента через АДМ № 12070001"" согласно тарифам банка. НДС не облагается. Внешний референс: 0325319792872288",,,2025-03-19,False,False,False,0.0,False
19.03.2025,AW1908904175,,160000.0,Народный Банк Казахстана 940140000385,940140000385,Референс 3431466385 Пополнение с терминала 12070001 Внешний референс: AW1908904175,,,2025-03-19,False,True,True,160000.0,False
19.03.2025,003431479697,1185.0,,Актюбинский Областной Народного Банка Казахстана 961141000023,961141000023,"Референс 3431437813 Комиссия за операцию ""Зачисление средств на счет клиента через АДМ № 12070001"" согласно тарифам банка. НДС не облагается. Внешний референс: 0325319792863729",,,2025-03-19,False,False,False,0.0,False
19.03.2025,AW1908897374,,474000.0,Народный Банк Казахстана 940140000385,940140000385,Референс 3431437766 Пополнение с терминала 12070001 Внешний референс: AW1908897374,,,2025-03-19,False,True,True,474000.0,False
15.03.2025,ONBSLJRQQ,164000.0,,ГУЛЬМИРА Б. 790710401807,790710401807,Референс 3426828310 PHONE_NUMBER 7016541754 Прочие безвозмездные переводы денег RRN=25315D436633 Внешний референс: 0325315791413897,,,2025-03-15,False,False,False,0.0,False
15.03.2025,ONBPJIR1T,,163000.0,БОРАНКУЛОВА Г.М.COM 790710401807,790710401807,"Референс 3426827104 Onlinebank, Переводы клиентом денег с одного своего текущего счета, открытого в банке, на другой свой текущий счет, открытый в данном банке Внешний референс: 5074E1726832",,,2025-03-15,False,False,False,163000.0,True
12.03.2025,003419466044,235.5,,Актюбинский Областной Народного Банка Казахстана 961141000023,961141000023,"Референс 3423593747 Комиссия за операцию ""Простой перевод обычной срочности"" согласно тарифам банкаРасчетный документ № ONBIOMW2F от 12.03.25 на сумму 157 000.00 KZT. НДС не облагается. Внешний референс: 0325312790434585",,,2025-03-12,False,False,False,0.0,False
12.03.2025,ONBIOMW2F,157000.0,,"""Казахстанская Компания"" 130440006762",130440006762,Референс 3423593732 Стандартное соглашение(Лизинга). Договор №281/2023 от 25.08.2023 г. Финансовый лизинг Внешний референс: 0325312790434572,,,2025-03-12,False,False,False,0.0,False
12.03.2025,003419376015,990.55,,Актюбинский Областной Народного Банка Казахстана 961141000023,121000412801,Референс 3423549667 Оплата К2 CMSTAKE Комиссия за ведение счета KZ09601A121000412801 за 02 месяц Внешний референс: 0325312790417346,,,2025-03-12,False,False,False,0.0,False
12.03.2025,ONB1KPJ3F,,160000.0,БОРАНКУЛОВА Г.М.COM 790710401807,790710401807,"Референс 3423548578 Onlinebank, Переводы клиентом денег с одного своего текущего счета, открытого в банке, на другой свой текущий счет, открытый в данном банке Внешний референс: 5071E1613972",,,2025-03-12,False,False,False,160000.0,True
28.02.2025,003401831676,9.45,,Актюбинский Областной Народного Банка Казахстана 961141000023,121000412801,Референс 3411060245 CMSTAKE Комиссия за ведение счета KZ09601A121000412801 за 02 месяц Внешний референс: 0325228786950978,,,2025-02-28,False,False,False,0.0,False
24.02.2025,ONBRS0APY,36650.0,,БОРАНКУЛОВА Г.М.COM 790710401807,790710401807,"Референс 3406257851 Onlinebank Переводы клиентом денег с одного своего текущего счета, открытого в банке, ф-ле банка-нерез-та РК на другой свой текущий счет, открытый в данном банке, в ф-ле данного банка-нерез-та РК RRN=25224D6135 Внешний референс: 0325224785338283",,,2025-02-24,False,False,False,0.0,False
24.02.2025,ONB229O8A,675050.0,,"""УГД по Хромтаускому району Деп государственных доходов 980640000975",980640000975,"Референс 3406249699 Июль, Декабрь 2024 Социальный налог Начисленные (исчисленные) и иные обязательства в бюджет Внешний референс: 0325224785332927",,,2025-02-24,False,True,True,0.0,False
24.02.2025,ONBNSAHV7,710750.0,,"""УГД по Хромтаускому району Деп государственных доходов 980640000975",980640000975,"Референс 3406185681 Июль, Декабрь 2024 Индивидуальный подоходный налог с доходов, не облагаемых у источника выплаты Начисленные (исчисленные) и иные обязательства в бюджет Внешний референс: 0325224785302325 8",,,2025-02-24,False,False,False,0.0,False
14.02.2025,ONB8RZBTT,182200.0,,БОРАНКУЛОВА Г.М.COM 790710401807,790710401807,"Референс 3397627810 Onlinebank Переводы клиентом денег с одного своего текущего счета, открытого в банке, ф-ле банка-нерез-та РК на другой свой текущий счет, открытый в данном банке, в ф-ле данного банка-нерез-та РК RRN=25214D814419 Внешний референс: 0325214782837303",,,2025-02-14,False,False,False,0.0,False
05.02.2025,ONBL5LTCL,43000.0,,БОРАНКУЛОВА Г.М.COM 790710401807,790710401807,"Референс 3387410176 Onlinebank Переводы клиентом денег с одного своего текущего счета, открытого в банке, ф-ле банка-нерез-та РК на другой свой текущий счет, открытый в данном банке, в ф-ле данного банка-нерез-та РК RRN=25205D601457 Внешний референс: 0325205779925274",,,2025-02-05,False,False,False,0.0,False
03.02.2025,ONBFUOPD6,130000.0,,БОРАНКУЛОВА Г.М.COM 790710401807,790710401807,"Референс 3384928245 Onlinebank Переводы клиентом денег с одного своего текущего счета, открытого в банке, ф-ле банка-нерез-та РК на другой свой текущий счет, открытый в данном банке, в ф-ле данного банка-нерез-та РК RRN=25203D554559 Внешний референс: 0325203779199174",,,2025-02-03,False,False,False,0.0,False
03.02.2025,003361900538,946.13,,Актюбинский Областной Народного Банка Казахстана 961141000023,961141000023,"Референс 3384583994 Комиссия за операцию ""Простой перевод обычной срочности"" согласно тарифам банкаРасчетный документ № ONBP3JEME от 03.02.25 на сумму 630 750.00 KZT. НДС не облагается. Внешний референс: 0325203779133097",,,2025-02-03,False,False,False,0.0,False
03.02.2025,ONBP3JEME,630750.0,,"""Казахстанская Компания"" 130440006762",130440006762,Референс 3384583965 Стандартное соглашение(Лизинга). Договор №281/2023 от 25.08.2023 г. Финансовый лизинг Внешний референс: 0325203779133084,,,2025-02-03,False,False,False,0.0,False
31.01.2025,003360147347,1587.5,,Актюбинский Областной Народного Банка Казахстана 961141000023,961141000023,"Референс 3382957259 Комиссия за операцию ""Зачисление средств на счет клиента через АДМ № 12070001"" согласно тарифам банка. НДС не облагается. Внешний референс: 0325201778767628",,,2025-01-31,False,False,False,0.0,False
31.01.2025,AW1888331234,,635000.0,Народный Банк Казахстана 940140000385,940140000385,Референс 3382512753 Пополнение с терминала 12070001 ПОПОЛНЕНИЕ Внешний референс: AW1888331234,,,2025-01-31,False,True,True,635000.0,False
31.01.2025,003358386119,1000.0,,Актюбинский Областной Народного Банка Казахстана 961141000023,121000412801,Референс 3381965077 CMSTAKE Комиссия за ведение счета KZ09601A121000412801 за 01 месяц Внешний референс: 0325131778319040,,,2025-01-31,False,False,False,0.0,False
29.01.2025,003355456083,470.0,,Актюбинский Областной Народного Банка Казахстана 961141000023,961141000023,"Референс 3380035425 Комиссия за операцию ""Простой перевод обычной срочности"" согласно тарифам банкаРасчетный документ № ONBPFD8C7 от 29.01.25 на сумму 7 863.00 KZT. НДС не облагается. Внешний референс: 0325129777688010",,,2025-01-29,False,False,False,0.0,False
29.01.2025,ONBPFD8C7,7863.0,,"""TABOL INVEST"" 210640027561",210640027561,"Референс 3380035396 Оплата за гсм Платежи за товары, за исключением недвижимости и товаров с кодами назначения платежей 711, 712 и 713, Внешний референс: 0325129777688001",,,2025-01-29,False,False,False,0.0,False
26.01.2025,ONB3FKQNK,240000.0,,БОРАНКУЛОВА Г.М.COM 790710401807,790710401807,"Референс 3376906138 Onlinebank Переводы клиентом денег с одного своего текущего счета, открытого в банке, ф-ле банка-нерез-та РК на другой свой текущий счет, открытый в данном банке, в ф-ле данного банка-нерез-та РК RRN=25126D389399 Внешний референс: 0325126776711957",,,2025-01-26,False,False,False,0.0,False
25.01.2025,ONBCFUB5R,20000.0,,БОРАНКУЛОВА Г.М.COM 790710401807,790710401807,"Референс 3376621403 Onlinebank Переводы клиентом денег с одного своего текущего счета, открытого в банке, ф-ле банка-нерез-та РК на другой свой текущий счет, открытый в данном банке, в ф-ле данного банка-нерез-та РК RRN=25125D381882 Внешний референс: 0325125776680931 9",,,2025-01-25,False,False,False,0.0,False
21.01.2025,ONBIGTWI4,25000.0,,БОРАНКУЛОВА Г.М.COM 790710401807,790710401807,"Референс 3372533030 Onlinebank Переводы клиентом денег с одного своего текущего счета, открытого в банке, ф-ле банка-нерез-та РК на другой свой текущий счет, открытый в данном банке, в ф-ле данного банка-нерез-та РК RRN=25121D294324 Внешний референс: 0325121775447669",,,2025-01-21,False,False,False,0.0,False
21.01.2025,ONBPHSX4I,10000.0,,БОРАНКУЛОВА Г.М.COM 790710401807,790710401807,"Референс 3372281948 Onlinebank Переводы клиентом денег с одного своего текущего счета, открытого в банке, ф-ле банка-нерез-та РК на другой свой текущий счет, открытый в данном банке, в ф-ле данного банка-нерез-та РК RRN=25121D288569 Внешний референс: 0325121775343733",,,2025-01-21,False,False,False,0.0,False
19.01.2025,ONB2JJZRF,20000.0,,БОРАНКУЛОВА Г.М.COM 790710401807,790710401807,"Референс 3370343546 Onlinebank Переводы клиентом денег с одного своего текущего счета, открытого в банке, ф-ле банка-нерез-та РК на другой свой текущий счет, открытый в данном банке, в ф-ле данного банка-нерез-та РК RRN=25119D251605 Внешний референс: 0325119774721948",,,2025-01-19,False,False,False,0.0,False
19.01.2025,ONB9FHDCA,32000.0,,БОРАНКУЛОВА Г.М.COM 790710401807,790710401807,"Референс 3370303210 Onlinebank Переводы клиентом денег с одного своего текущего счета, открытого в банке, ф-ле банка-нерез-та РК на другой свой текущий счет, открытый в данном банке, в ф-ле данного банка-нерез-та РК RRN=25119D249279 Внешний референс: 0325119774715423",,,2025-01-19,False,False,False,0.0,False
19.01.2025,ONBV96NPQ,127000.0,,БОРАНКУЛОВА Г.М.COM 790710401807,790710401807,"Референс 3370101460 Onlinebank Переводы клиентом денег с одного своего текущего счета, открытого в банке, ф-ле банка-нерез-та РК на другой свой текущий счет, открытый в данном банке, в ф-ле данного банка-нерез-та РК RRN=25119D244162 Внешний референс: 0325119774698952",,,2025-01-19,False,False,False,0.0,False
17.01.2025,158,,2258167.5,Зерде-Керамика 160640000489,160640000489,Референс 3369419159 Оплата за транспортные услуги согл акта сверки Прочие платежи по транспортным услугам Внешний референс: 0325117774567417,,,2025-01-17,False,False,False,2258167.5,True
16.01.2025,003338205810,300.0,,Актюбинский Областной Народного Банка Казахстана 961141000023,961141000023,"Референс 3368332018 За операцию. Информационные справки, предоставляемые по запросу клиента (за каждый экземпляр) в системе ONLINEBANK с учетом НДС Комиссия за справки. Внешний референс: 0325116774201081",,,2025-01-16,False,False,False,0.0,False
16.01.2025,003338205351,300.0,,Актюбинский Областной Народного Банка Казахстана 961141000023,961141000023,"Референс 3368331839 За операцию. Информационные справки, предоставляемые по запросу клиента (за каждый экземпляр) в системе ONLINEBANK с учетом НДС Комиссия за справки. Внешний референс: 0325116774200916",,,2025-01-16,False,False,False,0.0,False
31.12.2024,003320997571,1000.0,,Актюбинский Областной Народного Банка Казахстана 961141000023,121000412801,Референс 3351263046 CMSTAKE Комиссия за ведение счета KZ09601A121000412801 за 12 месяц Внешний референс: 0324Z31770260537,,,2024-12-31,False,False,False,0.0,False
30.12.2024,ONB63BKRG,630750.0,,"""Казахстанская Компания"" 130440006762",130440006762,Референс 3350257097 Стандартное соглашение(Лизинга). Договор №281/2023 от 25.08.2023 г. Финансовый лизинг Внешний референс: 0324Z30769860646,,,2024-12-30,False,False,False,0.0,False
30.12.2024,003319699088,946.13,,Актюбинский Областной Народного Банка Казахстана 961141000023,961141000023,"Референс 3350257123 Комиссия за операцию ""Простой перевод обычной срочности"" согласно тарифам банкаРасчетный документ № ONB63BKRG от 30.12.24 на сумму 630 750.00 KZT. НДС не облагается. Внешний референс: 0324Z30769860666",,,2024-12-30,False,False,False,0.0,False
30.12.2024,003319586712,1587.5,,Актюбинский Областной Народного Банка Казахстана 961141000023,961141000023,"Референс 3350178465 Комиссия за операцию ""Взнос на текущий счет ЮЛ через АК"" согласно тарифам банка. НДС не облагается. Внешний референс: 0324Z30769826979 10",,,2024-12-30,False,False,False,0.0,False
30.12.2024,003319586597,,635000.0,Народный Банк Республики Казахстан 940140000385,940140000385,Референс 3350178359 Взнос на текущий счет ЮЛ/ПБОЮЛ через АК (Взнос наличных денег на текущие или корреспондентские счета) Внешний референс: SB24Z30919423293,,,2024-12-30,False,False,False,635000.0,True
02.12.2024,003286721899,1710.0,,Актюбинский Областной Народного Банка Казахстана 961141000023,961141000023,"Референс 3320746276 Комиссия за операцию ""Снятие с текущего счета ЮЛ через АК"" согласно тарифам банка. НДС не облагается. Внешний референс: 0324Z02760891570",,,2024-12-02,False,False,False,0.0,False
02.12.2024,003286721806,342000.0,,Народный Банк Республики Казахстан 940140000385,940140000385,Референс 3320746208 Снятие с текущего счета ЮЛ/ПБОЮЛ через АК. (Снятие наличных денег с текущих или корреспондентских счетов) Внешний референс: 100268588705,,,2024-12-02,False,False,False,0.0,False
02.12.2024,ONB9KW2OE,115000.0,,БОРАНКУЛОВА Г.М.COM 790710401807,790710401807,"Референс 3320141272 Onlinebank Переводы клиентом денег с одного своего текущего счета, открытого в банке, ф-ле банка-нерез-та РК на другой свой текущий счет, открытый в данном банке, в ф-ле данного банка-нерез-та РК RRN=24C02D202865 Внешний референс: 0324Z02760733361",,,2024-12-02,False,False,False,0.0,False
29.11.2024,003283366845,1000.0,,Актюбинский Областной Народного Банка Казахстана 961141000023,121000412801,Референс 3317557587 CMSTAKE Комиссия за ведение счета KZ09601A121000412801 за 11 месяц Внешний референс: 0324S29759906486,,,2024-11-29,False,False,False,0.0,False
29.11.2024,ONB31G9OL,50000.0,,БОРАНКУЛОВА Г.М.COM 790710401807,790710401807,"Референс 3317414706 Onlinebank Переводы клиентом денег с одного своего текущего счета, открытого в банке, ф-ле банка-нерез-та РК на другой свой текущий счет, открытый в данном банке, в ф-ле данного банка-нерез-та РК RRN=24B29D138728 Внешний референс: 0324S29759812958",,,2024-11-29,False,False,False,0.0,False
28.11.2024,ONB4RZRB6,14000.0,,БОРАНКУЛОВА Г.М.COM 790710401807,790710401807,"Референс 3316257826 Onlinebank Переводы клиентом денег с одного своего текущего счета, открытого в банке, ф-ле банка-нерез-та РК на другой свой текущий счет, открытый в данном банке, в ф-ле данного банка-нерез-та РК RRN=24B28D112922 Внешний референс: 0324S28759437768",,,2024-11-28,False,False,False,0.0,False
27.11.2024,ONBI4BI2K,11000.0,,БОРАНКУЛОВА Г.М.COM 790710401807,790710401807,"Референс 3315935508 Onlinebank Переводы клиентом денег с одного своего текущего счета, открытого в банке, ф-ле банка-нерез-та РК на другой свой текущий счет, открытый в данном банке, в ф-ле данного банка-нерез-та РК RRN=24B27D110376 Внешний референс: 0324S27759379296",,,2024-11-27,False,False,False,0.0,False
26.11.2024,ONBQ26ONC,30000.0,,БОРАНКУЛОВА Г.М.COM 790710401807,790710401807,"Референс 3314122489 Onlinebank Переводы клиентом денег с одного своего текущего счета, открытого в банке, ф-ле банка-нерез-та РК на другой свой текущий счет, открытый в данном банке, в ф-ле данного банка-нерез-та РК RRN=24B26D67125 Внешний референс: 0324S26758745417",,,2024-11-26,False,False,False,0.0,False
25.11.2024,003277788368,2000.0,,Актюбинский Областной Народного Банка Казахстана 961141000023,961141000023,"Референс 3312849712 Комиссия за операцию ""Снятие с текущего счета ЮЛ через АК"" согласно тарифам банка. НДС не облагается. Внешний референс: 0324S25758288929",,,2024-11-25,False,False,False,0.0,False
25.11.2024,003277788363,400000.0,,Народный Банк Республики Казахстан 940140000385,940140000385,Референс 3312849709 Снятие с текущего счета ЮЛ/ПБОЮЛ через АК. (Снятие наличных денег с текущих или корреспондентских счетов) Внешний референс: 100267400884,,,2024-11-25,False,False,False,0.0,False
25.11.2024,ONB6ZUCCM,,400000.0,БОРАНКУЛОВА Г.М.COM 790710401807,790710401807,"Референс 3312804507 Onlinebank, Переводы клиентом денег с одного своего текущего счета, открытого в банке, на другой свой текущий счет, открытый в данном банке Внешний референс: 4330E8483471 11",,,2024-11-25,False,False,False,400000.0,True
25.11.2024,ONBVAJE01,400000.0,,БОРАНКУЛОВА Г.М.COM 790710401807,790710401807,"Референс 3312803046 Onlinebank Переводы клиентом денег с одного своего текущего счета, открытого в банке, ф-ле банка-нерез-та РК на другой свой текущий счет, открытый в данном банке, в ф-ле данного банка-нерез-та РК RRN=24B25D43888 Внешний референс: 0324S25758271691",,,2024-11-25,False,False,False,0.0,False
23.11.2024,ONBH6UYV5,20000.0,,БОРАНКУЛОВА Г.М.COM 790710401807,790710401807,"Референс 3311854221 Onlinebank Переводы клиентом денег с одного своего текущего счета, открытого в банке, ф-ле банка-нерез-та РК на другой свой текущий счет, открытый в данном банке, в ф-ле данного банка-нерез-та РК RRN=24B23D16724 Внешний референс: 0324S23758110951",,,2024-11-23,False,False,False,0.0,False
22.11.2024,ONBAU31X2,10000.0,,БОРАНКУЛОВА Г.М.COM 790710401807,790710401807,"Референс 3311572265 Onlinebank Переводы клиентом денег с одного своего текущего счета, открытого в банке, ф-ле банка-нерез-та РК на другой свой текущий счет, открытый в данном банке, в ф-ле данного банка-нерез-та РК RRN=24B22D11634 Внешний референс: 0324S22758078593",,,2024-11-22,False,False,False,0.0,False
22.11.2024,003276637104,3000.0,,Актюбинский Областной Народного Банка Казахстана 961141000023,961141000023,"Референс 3311463863 Комиссия за операцию ""Снятие с текущего счета ЮЛ через АК"" согласно тарифам банка. НДС не облагается. Внешний референс: 0324S22758042793",,,2024-11-22,False,False,False,0.0,False
22.11.2024,003276636835,600000.0,,Народный Банк Республики Казахстан 940140000385,940140000385,Референс 3311463686 Снятие с текущего счета ЮЛ/ПБОЮЛ через АК. (Снятие наличных денег с текущих или корреспондентских счетов) Внешний референс: 100267166163,,,2024-11-22,False,False,False,0.0,False
22.11.2024,ONBSSK4M3,8000.0,,БОРАНКУЛОВА Г.М.COM 790710401807,790710401807,"Референс 3310941987 Onlinebank Переводы клиентом денег с одного своего текущего счета, открытого в банке, ф-ле банка-нерез-та РК на другой свой текущий счет, открытый в данном банке, в ф-ле данного банка-нерез-та РК RRN=24B22D996908 Внешний референс: 0324S22757813451",,,2024-11-22,False,False,False,0.0,False
21.11.2024,ONB84PLPT,16000.0,,БОРАНКУЛОВА Г.М.COM 790710401807,790710401807,"Референс 3310380732 Onlinebank Переводы клиентом денег с одного своего текущего счета, открытого в банке, ф-ле банка-нерез-та РК на другой свой текущий счет, открытый в данном банке, в ф-ле данного банка-нерез-та РК RRN=24B21D987904 Внешний референс: 0324S21757647892",,,2024-11-21,False,False,False,0.0,False
21.11.2024,003274234508,5000.0,,Актюбинский Областной Народного Банка Казахстана 961141000023,961141000023,"Референс 3309627808 Комиссия за операцию ""Снятие с текущего счета ЮЛ через АК"" согласно тарифам банка. НДС не облагается. Внешний референс: 0324S21757319807",,,2024-11-21,False,False,False,0.0,False
21.11.2024,003274234494,1000000.0,,Народный Банк Республики Казахстан 940140000385,940140000385,Референс 3309627798 Снятие с текущего счета ЮЛ/ПБОЮЛ через АК. (Снятие наличных денег с текущих или корреспондентских счетов) Внешний референс: 100266878072,,,2024-11-21,False,False,False,0.0,False
20.11.2024,ONBRXETRZ,200000.0,,БОРАНКУЛОВА Г.М.COM 790710401807,790710401807,"Референс 3308388194 Onlinebank Переводы клиентом денег с одного своего текущего счета, открытого в банке, ф-ле банка-нерез-та РК на другой свой текущий счет, открытый в данном банке, в ф-ле данного банка-нерез-та РК RRN=24B20D944525 Внешний референс: 0324S20756915939",,,2024-11-20,False,False,False,0.0,False
19.11.2024,ONB20J01G,10000.0,,БОРАНКУЛОВА Г.М.COM 790710401807,790710401807,"Референс 3307995273 Onlinebank Переводы клиентом денег с одного своего текущего счета, открытого в банке, ф-ле банка-нерез-та РК на другой свой текущий счет, открытый в данном банке, в ф-ле данного банка-нерез-та РК RRN=24B19D938315 Внешний референс: 0324S19756838960 12",,,2024-11-19,False,False,False,0.0,False
19.11.2024,ONBB0FL6O,1000.0,,БОРАНКУЛОВА Г.М.COM 790710401807,790710401807,"Референс 3307617881 Onlinebank Переводы клиентом денег с одного своего текущего счета, открытого в банке, ф-ле банка-нерез-та РК на другой свой текущий счет, открытый в данном банке, в ф-ле данного банка-нерез-та РК RRN=24B19D930006 Внешний референс: 0324S19756679248",,,2024-11-19,False,False,False,0.0,False
19.11.2024,ONB7R83DL,13000.0,,БОРАНКУЛОВА Г.М.COM 790710401807,790710401807,"Референс 3307590134 Onlinebank Переводы клиентом денег с одного своего текущего счета, открытого в банке, ф-ле банка-нерез-та РК на другой свой текущий счет, открытый в данном банке, в ф-ле данного банка-нерез-та РК RRN=24B19D929197 Внешний референс: 0324S19756668545",,,2024-11-19,False,False,False,0.0,False
18.11.2024,ONBSYMCI7,380000.0,,БОРАНКУЛОВА Г.М.COM 790710401807,790710401807,"Референс 3306904670 Onlinebank Переводы клиентом денег с одного своего текущего счета, открытого в банке, ф-ле банка-нерез-та РК на другой свой текущий счет, открытый в данном банке, в ф-ле данного банка-нерез-та РК RRN=24B18D917346 Внешний референс: 0324S18756445767",,,2024-11-18,False,False,False,0.0,False
18.11.2024,ONB550Y5H,170000.0,,БОРАНКУЛОВА Г.М.COM 790710401807,790710401807,"Референс 3306785023 Onlinebank Переводы клиентом денег с одного своего текущего счета, открытого в банке, ф-ле банка-нерез-та РК на другой свой текущий счет, открытый в данном банке, в ф-ле данного банка-нерез-та РК RRN=24B18D913363 Внешний референс: 0324S18756382531",,,2024-11-18,False,False,False,0.0,False
18.11.2024,5814,,3000000.0,Зерде-Керамика 160640000489,160640000489,Референс 3306410808 Оплата за транспортные услуги согл с/о 2 от 29/07/2024 Прочие платежи по транспортным услугам Внешний референс: 0324S18756233714,,,2024-11-18,False,False,False,3000000.0,True
17.11.2024,ONBUBDT44,11000.0,,БОРАНКУЛОВА Г.М.COM 790710401807,790710401807,"Референс 3305653508 Onlinebank Переводы клиентом денег с одного своего текущего счета, открытого в банке, ф-ле банка-нерез-та РК на другой свой текущий счет, открытый в данном банке, в ф-ле данного банка-нерез-та РК RRN=24B17D890799 Внешний референс: 0324S17756003838",,,2024-11-17,False,False,False,0.0,False
16.11.2024,ONBKNK1QZ,80000.0,,БОРАНКУЛОВА Г.М.COM 790710401807,790710401807,"Референс 3305135313 Onlinebank Переводы клиентом денег с одного своего текущего счета, открытого в банке, ф-ле банка-нерез-та РК на другой свой текущий счет, открытый в данном банке, в ф-ле данного банка-нерез-та РК RRN=24B16D868959 Внешний референс: 0324S16755930092",,,2024-11-16,False,False,False,0.0,False
15.11.2024,ONBPWL66O,10000.0,,БОРАНКУЛОВА Г.М.COM 790710401807,790710401807,"Референс 3304079303 Onlinebank Переводы клиентом денег с одного своего текущего счета, открытого в банке, ф-ле банка-нерез-та РК на другой свой текущий счет, открытый в данном банке, в ф-ле данного банка-нерез-та РК RRN=24B15D844979 Внешний референс: 0324S15755585435",,,2024-11-15,False,False,False,0.0,False
13.11.2024,ONB5WUFI5,30000.0,,БОРАНКУЛОВА Г.М.COM 790710401807,790710401807,"Референс 3302515333 Onlinebank Переводы клиентом денег с одного своего текущего счета, открытого в банке, ф-ле банка-нерез-та РК на другой свой текущий счет, открытый в данном банке, в ф-ле данного банка-нерез-та РК RRN=24B13D812880 Внешний референс: 0324S13755105573",,,2024-11-13,False,False,False,0.0,False
13.11.2024,ONBRS0AZG,70000.0,,БОРАНКУЛОВА Г.М.COM 790710401807,790710401807,"Референс 3302192022 Onlinebank Переводы клиентом денег с одного своего текущего счета, открытого в банке, ф-ле банка-нерез-та РК на другой свой текущий счет, открытый в данном банке, в ф-ле данного банка-нерез-та РК RRN=24B13D805121 Внешний референс: 0324S13754980232",,,2024-11-13,False,False,False,0.0,False
12.11.2024,ONB068LEW,30000.0,,БОРАНКУЛОВА Г.М.COM 790710401807,790710401807,"Референс 3301526427 Onlinebank Переводы клиентом денег с одного своего текущего счета, открытого в банке, ф-ле банка-нерез-та РК на другой свой текущий счет, открытый в данном банке, в ф-ле данного банка-нерез-та РК RRN=24B12D791106 Внешний референс: 0324S12754796178 13",,,2024-11-12,False,False,False,0.0,False
11.11.2024,003262725276,470.0,,Актюбинский Областной Народного Банка Казахстана 961141000023,961141000023,"Референс 3299580656 Комиссия за операцию ""Простой перевод обычной срочности"" согласно тарифам банкаРасчетный документ № ONBXIP7Y6 от 11.11.24 на сумму 630 750.00 KZT. НДС не облагается. Внешний референс: 0324S11754114679",,,2024-11-11,False,False,False,0.0,False
11.11.2024,ONBXIP7Y6,630750.0,,"""Казахстанская Компания"" 130440006762",130440006762,Референс 3299580645 Стандартное соглашение(Лизинга). Договор №281/2023 от 25.08.2023 г. Финансовый лизинг Внешний референс: 0324S11754114672,,,2024-11-11,False,False,False,0.0,False
09.11.2024,ONB4TXCV9,130000.0,,БОРАНКУЛОВА Г.М.COM 790710401807,790710401807,"Референс 3298623238 Onlinebank Переводы клиентом денег с одного своего текущего счета, открытого в банке, ф-ле банка-нерез-та РК на другой свой текущий счет, открытый в данном банке, в ф-ле данного банка-нерез-та РК RRN=24B09D727368 Внешний референс: 0324S09753956901",,,2024-11-09,False,False,False,0.0,False
08.11.2024,ONBZQS3J5,5000.0,,БОРАНКУЛОВА Г.М.COM 790710401807,790710401807,"Референс 3297628270 Onlinebank Переводы клиентом денег с одного своего текущего счета, открытого в банке, ф-ле банка-нерез-та РК на другой свой текущий счет, открытый в данном банке, в ф-ле данного банка-нерез-та РК RRN=24B08D704924 Внешний референс: 0324S08753700741",,,2024-11-08,False,False,False,0.0,False
07.11.2024,ONB3W0F9P,5000.0,,БОРАНКУЛОВА Г.М.COM 790710401807,790710401807,"Референс 3296364197 Onlinebank Переводы клиентом денег с одного своего текущего счета, открытого в банке, ф-ле банка-нерез-та РК на другой свой текущий счет, открытый в данном банке, в ф-ле данного банка-нерез-та РК RRN=24B07D682767 Внешний референс: 0324S07753287922",,,2024-11-07,False,False,False,0.0,False
06.11.2024,ONBCEMMPA,1000.0,,БОРАНКУЛОВА Г.М.COM 790710401807,790710401807,"Референс 3295051088 Onlinebank Переводы клиентом денег с одного своего текущего счета, открытого в банке, ф-ле банка-нерез-та РК на другой свой текущий счет, открытый в данном банке, в ф-ле данного банка-нерез-та РК RRN=24B06D659958 Внешний референс: 0324S06752880030",,,2024-11-06,False,False,False,0.0,False
06.11.2024,ONBCEFWZ5,2000.0,,БОРАНКУЛОВА Г.М.COM 790710401807,790710401807,"Референс 3295045901 Onlinebank Переводы клиентом денег с одного своего текущего счета, открытого в банке, ф-ле банка-нерез-та РК на другой свой текущий счет, открытый в данном банке, в ф-ле данного банка-нерез-та РК RRN=24B06D659898 Внешний референс: 0324S06752879389",,,2024-11-06,False,False,False,0.0,False
06.11.2024,003257487321,470.0,,Актюбинский Областной Народного Банка Казахстана 961141000023,961141000023,"Референс 3294895632 Комиссия за операцию ""Простой перевод обычной срочности"" согласно тарифам банкаРасчетный документ № ONB6TS87L от 06.11.24 на сумму 1 710 555.00 KZT. НДС не облагается. Внешний референс: 0324S06752830536",,,2024-11-06,False,False,False,0.0,False
06.11.2024,ONB6TS87L,1710555.0,,"""TABOL INVEST"" 210640027561",210640027561,"Референс 3294895598 Оплата за гсм Платежи за товары, за исключением недвижимости и товаров с кодами назначения платежей 711, 712 и 713, Внешний референс: 0324S06752830521",,,2024-11-06,False,False,False,0.0,False
06.11.2024,003257352667,10600.0,,Актюбинский Областной Народного Банка Казахстана 961141000023,961141000023,"Референс 3294801540 Комиссия за операцию ""Снятие с текущего счета ЮЛ через АК"" согласно тарифам банка. НДС не облагается. Внешний референс: 0324S06752793599",,,2024-11-06,False,False,False,0.0,False
06.11.2024,003257352551,2650000.0,,Народный Банк Республики Казахстан 940140000385,940140000385,Референс 3294801443 Снятие с текущего счета ЮЛ/ПБОЮЛ через АК. (Снятие наличных денег с текущих или корреспондентских счетов) Внешний референс: 100264698076,,,2024-11-06,False,False,False,0.0,False
05.11.2024,ONBCPV5AQ,8000.0,,БОРАНКУЛОВА Г.М.COM 790710401807,790710401807,"Референс 3294261795 Onlinebank Переводы клиентом денег с одного своего текущего счета, открытого в банке, ф-ле банка-нерез-та РК на другой свой текущий счет, открытый в данном банке, в ф-ле данного банка-нерез-та РК RRN=24B05D645730 Внешний референс: 0324S05752657908 14",,,2024-11-05,False,False,False,0.0,False
31.10.2024,003251204630,56000.0,,Актюбинский Областной Народного Банка Казахстана 961141000023,961141000023,"Референс 3288991404 Комиссия за операцию ""Выдача наличных денег"" согласно тарифам банкаКассовый документ № 1 от 31.10.24 на сумму 16 000 000.00 KZT. НДС не облагается. Внешний референс: 0324Q31751177320",,,2024-10-31,False,False,False,0.0,False
31.10.2024,1,16000000.0,,Актюбинский ОФ 961141000023,961141000023,Референс 3288991394 1 Внешний референс: 0301020301022410317918113,,,2024-10-31,False,False,False,0.0,False
31.10.2024,003250418955,1000.0,,Актюбинский Областной Народного Банка Казахстана 961141000023,121000412801,Референс 3288507204 CMSTAKE Комиссия за ведение счета KZ09601A121000412801 за 10 месяц Внешний референс: 0324Q31750921329,,,2024-10-31,False,False,False,0.0,False
30.10.2024,5541,,20000000.0,Зерде-Керамика 160640000489,160640000489,Референс 3287836745 Оплата за транспортные услуги согл с/о 2 от 29/07/2024Сумма 20 000 000-00 тенге в т.ч. НДС(12%) 2 142 857-14 тенге Прочие платежи по транспортным услугам Внешний референс: 0324Q30750691344,,,2024-10-30,False,False,False,20000000.0,True
30.10.2024,003249067025,5000.0,,Актюбинский Областной Народного Банка Казахстана 961141000023,961141000023,"Референс 3287398902 Комиссия за операцию ""Снятие с текущего счета ЮЛ через АК"" согласно тарифам банка. НДС не облагается. Внешний референс: 0324Q30750512868",,,2024-10-30,False,False,False,0.0,False
30.10.2024,003249066905,1000000.0,,Народный Банк Республики Казахстан 940140000385,940140000385,Референс 3287398796 Снятие с текущего счета ЮЛ/ПБОЮЛ через АК. (Снятие наличных денег с текущих или корреспондентских счетов) Внешний референс: 100263593833,,,2024-10-30,False,False,False,0.0,False
25.10.2024,ONBFZW78C,20000.0,,БОРАНКУЛОВА Г.М.COM 790710401807,790710401807,"Референс 3283670161 Onlinebank Переводы клиентом денег с одного своего текущего счета, открытого в банке, ф-ле банка-нерез-та РК на другой свой текущий счет, открытый в данном банке, в ф-ле данного банка-нерез-та РК RRN=24A25D423407 Внешний референс: 0324Q25749437174",,,2024-10-25,False,False,False,0.0,False
24.10.2024,ONB81LPMH,130000.0,,БОРАНКУЛОВА Г.М.COM 790710401807,790710401807,"Референс 3282747901 Onlinebank Переводы клиентом денег с одного своего текущего счета, открытого в банке, ф-ле банка-нерез-та РК на другой свой текущий счет, открытый в данном банке, в ф-ле данного банка-нерез-та РК RRN=24A24D401369 Внешний референс: 0324Q24749143605",,,2024-10-24,False,False,False,0.0,False
23.10.2024,5474,,3000000.0,Зерде-Керамика 160640000489,160640000489,Референс 3281817816 Оплата за транспортные услуги согл с/о 2 от 29/07/2024 Прочие платежи по транспортным услугам Внешний референс: 0324Q23748833542,,,2024-10-23,False,False,False,3000000.0,True
16.10.2024,ONBIRXEA9,72000.0,,БОРАНКУЛОВА Г.М.COM 790710401807,790710401807,"Референс 3274817164 Onlinebank Переводы клиентом денег с одного своего текущего счета, открытого в банке, ф-ле банка-нерез-та РК на другой свой текущий счет, открытый в данном банке, в ф-ле данного банка-нерез-та РК RRN=24A16D234070 Внешний референс: 0324Q16746531081",,,2024-10-16,False,False,False,0.0,False
15.10.2024,ONBOZ68N6,5000.0,,БОРАНКУЛОВА Г.М.COM 790710401807,790710401807,"Референс 3273727170 Onlinebank Переводы клиентом денег с одного своего текущего счета, открытого в банке, ф-ле банка-нерез-та РК на другой свой текущий счет, открытый в данном банке, в ф-ле данного банка-нерез-та РК RRN=24A15D211131 Внешний референс: 0324Q15746160842",,,2024-10-15,False,False,False,0.0,False
10.10.2024,ONBX4K6OF,185000.0,,БОРАНКУЛОВА Г.М.COM 790710401807,790710401807,"Референс 3269543996 Onlinebank Переводы клиентом денег с одного своего текущего счета, открытого в банке, ф-ле банка-нерез-та РК на другой свой текущий счет, открытый в данном банке, в ф-ле данного банка-нерез-та РК RRN=24A10D122781 Внешний референс: 0324Q10744918669 15",,,2024-10-10,False,False,False,0.0,False
08.10.2024,ONB3ATR7Y,100000.0,,БОРАНКУЛОВА Г.М.COM 790710401807,790710401807,"Референс 3266868234 Onlinebank Переводы клиентом денег с одного своего текущего счета, открытого в банке, ф-ле банка-нерез-та РК на другой свой текущий счет, открытый в данном банке, в ф-ле данного банка-нерез-та РК RRN=24A08D71430 Внешний референс: 0324Q08744026174",,,2024-10-08,False,False,False,0.0,False
08.10.2024,ONBMSZFIK,351000.0,,БОРАНКУЛОВА Г.М.COM 790710401807,790710401807,"Референс 3266645806 Onlinebank Переводы клиентом денег с одного своего текущего счета, открытого в банке, ф-ле банка-нерез-та РК на другой свой текущий счет, открытый в данном банке, в ф-ле данного банка-нерез-та РК RRN=24A08D66713 Внешний референс: 0324Q08743940533",,,2024-10-08,False,False,False,0.0,False
08.10.2024,003225233984,470.0,,Актюбинский Областной Народного Банка Казахстана 961141000023,961141000023,"Референс 3266418492 Комиссия за операцию ""Простой перевод обычной срочности"" согласно тарифам банкаРасчетный документ № ONBQOZ4Q9 от 08.10.24 на сумму 630 750.00 KZT. НДС не облагается. Внешний референс: 0324Q08743912050",,,2024-10-08,False,False,False,0.0,False
08.10.2024,ONBQOZ4Q9,630750.0,,"""Казахстанская Компания"" 130440006762",130440006762,Референс 3266418406 Стандартное соглашение(Лизинга). Договор №281/2023 от 25.08.2023 г. Финансовый лизинг Внешний референс: 0324Q08743911990,,,2024-10-08,False,False,False,0.0,False
04.10.2024,003221680670,470.0,,Актюбинский Областной Народного Банка Казахстана 961141000023,961141000023,"Референс 3263223512 Комиссия за операцию ""Простой перевод обычной срочности"" согласно тарифам банкаРасчетный документ № ONBB4G21B от 04.10.24 на сумму 2 755 387.00 KZT. НДС не облагается. Внешний референс: 0324Q04742992278",,,2024-10-04,False,False,False,0.0,False
04.10.2024,ONBB4G21B,2755387.0,,"""TABOL INVEST"" 210640027561",210640027561,"Референс 3263223493 Оплата за гсм Платежи за товары, за исключением недвижимости и товаров с кодами назначения платежей 711, 712 и 713, Внешний референс: 0324Q04742992242",,,2024-10-04,False,False,False,0.0,False
03.10.2024,003220285778,8000.0,,Актюбинский Областной Народного Банка Казахстана 961141000023,961141000023,"Референс 3262074211 Комиссия за операцию ""Снятие с текущего счета ЮЛ через АК"" согласно тарифам банка. НДС не облагается. Внешний референс: 0324Q03742604190",,,2024-10-03,False,False,False,0.0,False
03.10.2024,003220285710,2000000.0,,Народный Банк Республики Казахстан 940140000385,940140000385,Референс 3262074156 Снятие с текущего счета ЮЛ/ПБОЮЛ через АК. (Снятие наличных денег с текущих или корреспондентских счетов) Внешний референс: 100259809872,,,2024-10-03,False,False,False,0.0,False
02.10.2024,2214,,2105000.0,"""ЕРЗАТ"" 920940000559",920940000559,"Референс 3261413002 За аренду погрузчика (Енбекши). Согл. по договору от 20.06.2024 г. Платежи за профессиональные, научные и технические услуги Внешний референс: ATB24Q0204492667",,,2024-10-02,False,False,False,2105000.0,True
30.09.2024,5090,,1000000.0,Зерде-Керамика 160640000489,160640000489,Референс 3258946493 Оплата за транспортные услуги согл с/о 2 от 29/07/2024 Прочие платежи по транспортным услугам Внешний референс: 0324930741613109,,,2024-09-30,False,False,False,1000000.0,True
30.09.2024,003215824120,1000.0,,Актюбинский Областной Народного Банка Казахстана 961141000023,121000412801,Референс 3258289920 CMSTAKE Комиссия за ведение счета KZ09601A121000412801 за 09 месяц Внешний референс: 0324930741314934,,,2024-09-30,False,False,False,0.0,False
24.09.2024,5013,,3000000.0,Зерде-Керамика 160640000489,160640000489,Референс 3252959145 Оплата за транспортные услуги согл с/о 2 от 29/07/202Сумма 3 000 000-00 тенге в т.ч. НДС(12%) 321 428-57 тенге Прочие платежи по транспортным услугам Внешний референс: 0324924739677738,,,2024-09-24,False,False,False,3000000.0,True
