﻿Дата,Номер документа,Дебет,Кредит,Контрагент (имя),Контрагент ИИН/БИН,Детали платежа,КНП
18.06.2024,ONB8Y31QI,200000.0,,КОШЕРБАЕВА Н.Н.COM 600124400809,600124400809,"Референс 3160012359 Onlinebank Переводы клиентом денег с одного своего текущего счета, открытого в банке, ф-ле банка-нерез-та РК на другой свой текущий счет, открытый в данном банке, в ф-ле данного банка-нерез-та РК RRN=24618D5157",
14.06.2024,ONB99D0HL,594000.0,,КОШЕРБАЕВА Н.Н.COM 600124400809,600124400809,"Референс 3156826556 Onlinebank Переводы клиентом денег с одного своего текущего счета, открытого в банке, ф-ле банка-нерез-та РК на другой свой текущий счет, открытый в данном банке, в ф-ле данного банка-нерез-та РК RRN=24614D940210",
12.06.2024,003099276168,1000.0,,Областной филиал «Жетісу» Народного Банка Казахстана 961041000353,961041000353,Референс 3154938969 Оплата К2 CMSTAKE Комиссия за ведение счета KZ896017311000004678 за 05 месяц,
12.06.2024,56,,800000.0,"""КОШЕРБАЕВ"" 180440037880",180440037880,Референс 3154933200 За аренду/лизинг. Аренда помещения за июнь месяц 2024 г.,
15.05.2024,ONB033V0G,799000.0,,КОШЕРБАЕВА Н.Н.COM 600124400809,600124400809,"Референс 3128481395 Onlinebank Переводы клиентом денег с одного своего текущего счета, открытого в банке, ф-ле банка-нерез-та РК на другой свой текущий счет, открытый в данном банке, в ф-ле данного банка-нерез-та РК RRN=24515D445585",
15.05.2024,003069901959,1000.0,,Областной филиал «Жетісу» Народного Банка Казахстана 961041000353,961041000353,Референс 3128252720 Оплата К2 CMSTAKE Комиссия за ведение счета KZ896017311000004678 за 04 месяц,
15.05.2024,40,,800000.0,"""КОШЕРБАЕВ"" 180440037880",180440037880,Референс 3128247636 За аренду/лизинг. Аренда помещения за май месяц 2024 г.,
23.04.2024,ONBDX8EOW,1200000.0,,КОШЕРБАЕВА Н.Н.COM 600124400809,600124400809,"Референс 3108910082 Onlinebank Переводы клиентом денег с одного своего текущего счета, открытого в банке, ф-ле банка-нерез-та РК на другой свой текущий счет, открытый в данном банке, в ф-ле данного банка-нерез-та РК RRN=24423D73814",
23.04.2024,31,,800000.0,"""КОШЕРБАЕВ"" 180440037880",180440037880,Референс 3108894428 За аренду/лизинг. Аренда помещения за апрель месяц 2024 г.,
18.04.2024,ONBAP8VWP,100000.0,,КОШЕРБАЕВА Н.Н.COM 600124400809,600124400809,"Референс 3104792788 Onlinebank Переводы клиентом денег с одного своего текущего счета, открытого в банке, ф-ле банка-нерез-та РК на другой свой текущий счет, открытый в данном банке, в ф-ле данного банка-нерез-та РК RRN=24418D995632 1",
15.04.2024,ONB7SDCON,100000.0,,КОШЕРБАЕВА Н.Н.COM 600124400809,600124400809,"Референс 3102121210 Onlinebank Переводы клиентом денег с одного своего текущего счета, открытого в банке, ф-ле банка-нерез-та РК на другой свой текущий счет, открытый в данном банке, в ф-ле данного банка-нерез-та РК RRN=24415D949956",
13.04.2024,ONB98HYAO,700000.0,,КОШЕРБАЕВА Н.Н.COM 600124400809,600124400809,"Референс 3100452131 Onlinebank Переводы клиентом денег с одного своего текущего счета, открытого в банке, ф-ле банка-нерез-та РК на другой свой текущий счет, открытый в данном банке, в ф-ле данного банка-нерез-та РК RRN=24413D914123",
12.04.2024,29,,800000.0,"""КОШЕРБАЕВ"" 180440037880",180440037880,Референс 3099990434 За аренду/лизинг. Аренда помещения за март месяц 2024 г.,
10.04.2024,ONBAAW0SS,241000.0,,КОШЕРБАЕВА Н.Н.COM 600124400809,600124400809,"Референс 3097650189 Onlinebank Переводы клиентом денег с одного своего текущего счета, открытого в банке, ф-ле банка-нерез-та РК на другой свой текущий счет, открытый в данном банке, в ф-ле данного банка-нерез-та РК RRN=24410D862844",
08.04.2024,003033532721,1000.0,,Областной филиал «Жетісу» Народного Банка Казахстана 961041000353,961041000353,Референс 3094948569 Оплата К2 CMSTAKE Комиссия за ведение счета KZ896017311000004678 за 03 месяц,
08.04.2024,2133,,742000.0,Талдыкорганская акционерная ТЭК 980140000600,980140000600,"Референс 3094942568 За обработку архивных документов, согласно договора№118 от 26.03.2024г Сумма 742 000-00 тенге в т.ч. НДС(12%) 79 500-00 тенге Платежи за товары, за исключением недвижимости и товаров с кодами назначения платежей 711, 712 и 713,",
27.03.2024,ONBEUSMZ6,742000.0,,КОШЕРБАЕВА Н.Н.COM 600124400809,600124400809,"Референс 3084124943 Onlinebank Переводы клиентом денег с одного своего текущего счета, открытого в банке, ф-ле банка-нерез-та РК на другой свой текущий счет, открытый в данном банке, в ф-ле данного банка-нерез-та РК RRN=24327D628411",
27.03.2024,1876,,742000.0,Талдыкорганская акционерная ТЭК 980140000600,980140000600,"Референс 3084005174 За обработку архивных документов, согласно договора№118 от 26.03.2024г Сумма 742 000-00 тенге в т.ч. НДС(12%) 79 500-00 тенге Платежи за товары, за исключением недвижимости и товаров с кодами назначения платежей 711, 712 и 713,",
13.03.2024,ONBIWX59M,225000.0,,КОШЕРБАЕВА Н.Н.COM 600124400809,600124400809,"Референс 3072752820 Onlinebank Переводы клиентом денег с одного своего текущего счета, открытого в банке, ф-ле банка-нерез-та РК на другой свой текущий счет, открытый в данном банке, в ф-ле данного банка-нерез-та РК RRN=24313D418979",
13.03.2024,767,,225000.0,Жетысу Энерготрейд 050140001060,050140001060,"Референс 3072688543 Договор №1 от 12.03.2024 г... услуги по обработке архивных документов ( 50%)Сумма 225 000-00 тенге в т.ч. НДС(без налога) 0-00 тенге Платежи за профессиональные, научные и технические услуги,",
10.03.2024,ONBYE6S3K,224000.0,,КОШЕРБАЕВА Н.Н.COM 600124400809,600124400809,"Референс 3069697493 Onlinebank Переводы клиентом денег с одного своего текущего счета, открытого в банке, ф-ле банка-нерез-та РК на другой свой текущий счет, открытый в данном банке, в ф-ле данного банка-нерез-та РК RRN=24310D371559",
05.03.2024,003001535037,1000.0,,Областной филиал «Жетісу» Народного Банка Казахстана 961041000353,961041000353,Референс 3065367022 Оплата К2 CMSTAKE Комиссия за ведение счета KZ896017311000004678 за 02 месяц,
05.03.2024,668,,225000.0,Жетысу Энерготрейд 050140001060,050140001060,"Референс 3065360238 Договор №68-ТОО от 28.02.2024 г... услуги по обработке архивных документов ( 50%)Сумма 225 000-00 тенге в т.ч. НДС(без налога) 0-00 тенге Платежи за профессиональные, научные и технические услуги, 2",
06.02.2024,ONBQG6IW5,800000.0,,КОШЕРБАЕВА Н.Н.COM 600124400809,600124400809,"Референс 3040677375 Onlinebank Переводы клиентом денег с одного своего текущего счета, открытого в банке, ф-ле банка-нерез-та РК на другой свой текущий счет, открытый в данном банке, в ф-ле данного банка-нерез-та РК RRN=24206D854910",
06.02.2024,6,,800000.0,"""КОШЕРБАЕВ"" 180440037880",180440037880,Референс 3040644497 За аренду/лизинг. Аренда помещения за февраль месяц 2024 г.,
31.01.2024,ONBW9983O,798000.0,,КОШЕРБАЕВА Н.Н.COM 600124400809,600124400809,"Референс 3035408246 Onlinebank Переводы клиентом денег с одного своего текущего счета, открытого в банке, ф-ле банка-нерез-та РК на другой свой текущий счет, открытый в данном банке, в ф-ле данного банка-нерез-та РК RRN=24131D765245",
31.01.2024,002968061752,1000.0,,Областной филиал «Жетісу» Народного Банка Казахстана 961041000353,961041000353,Референс 3034957467 CMSTAKE Комиссия за ведение счета KZ896017311000004678 за 01 месяц,
26.01.2024,002964880909,1000.0,,Областной филиал «Жетісу» Народного Банка Казахстана 961041000353,961041000353,Референс 3031790748 Оплата К2 CMSTAKE Комиссия за ведение счета KZ896017311000004678 за 09 месяц,
26.01.2024,2,,800000.0,"""КОШЕРБАЕВ"" 180440037880",180440037880,Референс 3031789257 За аренду/лизинг. Аренда помещения за январь месяц 2024 г.,
01.09.2023,ONB66F46D,900.0,,КОШЕРБАЕВА Н.Н.COM 600124400809,600124400809,"Референс 2908411685 Onlinebank Переводы клиентом денег с одного своего текущего счета, открытого в банке, на другой свой текущий счет, открытый в данном банке RRN=23901D689365",
01.09.2023,002832631622,1000.0,,Областной филиал «Жетісу» Народного Банка Казахстана 961041000353,961041000353,Референс 2908410774 Оплата К2 CMSTAKE Комиссия за ведение счета KZ896017311000004678 за 06 месяц,
01.09.2023,ONBB2EB3E,,1900.0,КОШЕРБАЕВА Н.Н.COM 600124400809,600124400809,"Референс 2908409923 Onlinebank, Переводы клиентом денег с одного своего текущего счета, открытого в банке, на другой свой текущий счет, открытый в данном банке",
20.06.2023,002769387624,100.0,,Султан 600124400809,600124400809,Референс 2850841857 ПЕРЕВОД СОБСТВЕННЫХ СРЕДСТВ НА КОРП КАРТУ,
19.06.2023,ONB1A74CE,,100.0,КОШЕРБАЕВА Н.Н.COM 600124400809,600124400809,"Референс 2850236208 Onlinebank, Переводы клиентом денег с одного своего текущего счета, открытого в банке, на другой свой текущий счет, открытый в данном банке",
02.06.2023,002754810973,209000.0,,Султан 600124400809,600124400809,Референс 2836963750 ПЕРЕВОД СОБСТВЕННЫХ СРЕДСТВ НА КОРП КАРТУ,
01.06.2023,002754763605,1000.0,,Талдыкорганский областной Филиал Народного Банка Казахстана 961041000353,961041000353,Референс 2836862024 Оплата К2 CMSTAKE Комиссия за ведение счета KZ896017311000004678 за 05 месяц,
01.06.2023,1780,,210000.0,Жетысу Энерготрейд 050140001060,050140001060,Референс 2836217468 Согласно договора №33-ТОО от 24.05.2023 г.. услуги по,
