﻿Дата,Номер документа,Дебет,Кредит,Контрагент (имя),Контрагент ИИН/БИН,Детали платежа,КНП,ip_knp_norm,ip_op_date,ip_is_non_business_by_knp,ip_is_non_business_by_keywords,ip_is_non_business,ip_credit_amount,ip_is_business_income
12.09.2025,ONBZV4K3L,150000.0,,ЗИНЧЕНКО Н.Г.COM 000623551798,000623551798,"Референс 3625279542 Onlinebank Переводы клиентом денег с одного своего текущего счета, открытого в банке, ф-ле банка-нерез-та РК на другой свой текущий счет, открытый в данном банке, в ф-ле данного банка-нерез-та РК RRN=25912D117259 Внешний референс: 3225912850147262",,,2025-09-12,False,False,False,0.0,False
12.09.2025,457,,150000.0,"Товарищество с ограниченной ответственностью ""ROSSDORCOM KZ"" 130440026549",130440026549,"Референс 3625198162 Оплата по счету 11 от 09.09.2025, за транспортные услуги. Без НДС. Прочие платежи по транспортным услугам Внешний референс: PVL2591257279849",,,2025-09-12,False,False,False,150000.0,True
09.09.2025,ONB3DX6L3,500000.0,,ЗИНЧЕНКО Н.Г.COM 000623551798,000623551798,"Референс 3620243069 Onlinebank Переводы клиентом денег с одного своего текущего счета, открытого в банке, ф-ле банка-нерез-та РК на другой свой текущий счет, открытый в данном банке, в ф-ле данного банка-нерез-та РК RRN=25909D992669 Внешний референс: 3225909848556724",,,2025-09-09,False,False,False,0.0,False
08.09.2025,003698171380,300.0,,Павлодарский Областной Народного Банка Казахстана 961141000047,961141000047,"Референс 3619264437 За операцию. Информационные справки, предоставляемые по запросу клиента (за каждый экземпляр) в системе ONLINEBANK с учетом НДС Комиссия за справки. Внешний референс: 3225908848325464",,,2025-09-08,False,False,False,0.0,False
06.09.2025,ONBY162AK,300000.0,,ЗИНЧЕНКО Н.Г.COM 000623551798,000623551798,"Референс 3617679877 Onlinebank Переводы клиентом денег с одного своего текущего счета, открытого в банке, ф-ле банка-нерез-та РК на другой свой текущий счет, открытый в данном банке, в ф-ле данного банка-нерез-та РК RRN=25906D932082 Внешний референс: 3225906847900047",,,2025-09-06,False,False,False,0.0,False
02.09.2025,ONB709ULF,100000.0,,ЗИНЧЕНКО Н.Г.COM 000623551798,000623551798,"Референс 3612767690 Onlinebank Переводы клиентом денег с одного своего текущего счета, открытого в банке, ф-ле банка-нерез-та РК на другой свой текущий счет, открытый в данном банке, в ф-ле данного банка-нерез-та РК RRN=25902D811292 Внешний референс: 3225902846482420",,,2025-09-02,False,False,False,0.0,False
01.09.2025,ONB3JCPO3,100000.0,,ЗИНЧЕНКО Н.Г.COM 000623551798,000623551798,"Референс 3611026070 Onlinebank Переводы клиентом денег с одного своего текущего счета, открытого в банке, ф-ле банка-нерез-та РК на другой свой текущий счет, открытый в данном банке, в ф-ле данного банка-нерез-та РК RRN=25901D777234 Внешний референс: 3225901845939639 1",,,2025-09-01,False,False,False,0.0,False
01.09.2025,ONBR5CUHS,131000.0,,ЗИНЧЕНКО Н.Г.COM 000623551798,000623551798,"Референс 3610850179 Onlinebank Переводы клиентом денег с одного своего текущего счета, открытого в банке, ф-ле банка-нерез-та РК на другой свой текущий счет, открытый в данном банке, в ф-ле данного банка-нерез-та РК RRN=25901D765319 Внешний референс: 3225901845913523",,,2025-09-01,False,False,False,0.0,False
31.08.2025,ONBAP2IZ8,200000.0,,ЗИНЧЕНКО Н.Г.COM 000623551798,000623551798,"Референс 3610484380 Onlinebank Переводы клиентом денег с одного своего текущего счета, открытого в банке, ф-ле банка-нерез-та РК на другой свой текущий счет, открытый в данном банке, в ф-ле данного банка-нерез-та РК RRN=25831D756830 Внешний референс: 3225831845849859",,,2025-08-31,False,False,False,0.0,False
30.08.2025,ONBB3KW9T,200000.0,,ЗИНЧЕНКО Н.Г.COM 000623551798,000623551798,"Референс 3609942895 Onlinebank Переводы клиентом денег с одного своего текущего счета, открытого в банке, ф-ле банка-нерез-та РК на другой свой текущий счет, открытый в данном банке, в ф-ле данного банка-нерез-та РК RRN=25830D732723 Внешний референс: 3225830845746938",,,2025-08-30,False,False,False,0.0,False
29.08.2025,003683195994,1500.0,,Павлодарский Областной Народного Банка Казахстана 961141000047,241012405291,Референс 3608424174 CMSTAKE Комиссия за ведение счета KZ63601A241012405291 за 08 месяц Внешний референс: 3225829845167084,,,2025-08-29,False,False,False,0.0,False
29.08.2025,003683195981,1500.0,,Павлодарский Областной Народного Банка Казахстана 961141000047,241004947131,Референс 3608424167 CMSTAKE Комиссия за ведение счета KZ32601A241004947131 за 08 месяц Внешний референс: 3225829845167078,,,2025-08-29,False,False,False,0.0,False
26.08.2025,700,,250000.0,"""Караганда- Трансфер"" 030740000179",030740000179,Референс 3605197881 Оплата за международную автоперевозку по счету 7 от 23.07.25г. Без НДС. Прочие платежи по транспортным услугам Внешний референс: KAR2582639147360,,,2025-08-26,False,False,False,250000.0,True
25.08.2025,ONBZFW0AR,130000.0,,ЗИНЧЕНКО Н.Г.COM 000623551798,000623551798,"Референс 3604064455 Onlinebank Переводы клиентом денег с одного своего текущего счета, открытого в банке, ф-ле банка-нерез-та РК на другой свой текущий счет, открытый в данном банке, в ф-ле данного банка-нерез-та РК RRN=25825D582440 Внешний референс: 3225825843780901",,,2025-08-25,False,False,False,0.0,False
25.08.2025,ONBGHPDS2,700000.0,,ЗИНЧЕНКО Н.Г.COM 000623551798,000623551798,"Референс 3603881158 Onlinebank Переводы клиентом денег с одного своего текущего счета, открытого в банке, ф-ле банка-нерез-та РК на другой свой текущий счет, открытый в данном банке, в ф-ле данного банка-нерез-та РК RRN=25825D577654 Внешний референс: 3225825843704535",,,2025-08-25,False,False,False,0.0,False
25.08.2025,ONB371A95,,1089620.0,Kdk Logistics 231040025361,231040025361,Референс 3603748791 на основании счета от т15 августа 2025 Прочие платежи по транспортным услугам Внешний референс: 4125825843611781,,,2025-08-25,False,False,False,1089620.0,True
25.08.2025,ONBDKEPXX,150000.0,,ЗИНЧЕНКО Н.Г.COM 000623551798,000623551798,"Референс 3603742108 Onlinebank Переводы клиентом денег с одного своего текущего счета, открытого в банке, ф-ле банка-нерез-та РК на другой свой текущий счет, открытый в данном банке, в ф-ле данного банка-нерез-та РК RRN=25825D575057 Внешний референс: 3225825843651317",,,2025-08-25,False,False,False,0.0,False
25.08.2025,ONB5REXSD,20000.0,,ЗИНЧЕНКО Н.Г.COM 000623551798,000623551798,"Референс 3603472260 Onlinebank Переводы клиентом денег с одного своего текущего счета, открытого в банке, ф-ле банка-нерез-та РК на другой свой текущий счет, открытый в данном банке, в ф-ле данного банка-нерез-та РК RRN=25825D569457 Внешний референс: 3225825843559882",,,2025-08-25,False,False,False,0.0,False
25.08.2025,ONB5E55C6,4250.0,,"""Государственная корпорация ""Правительство для граждан"" 160440007161",160440007161,Референс 3602755272 Cоциальные отчисления Cоциальные отчисления Внешний референс: 3225825843277758 2,,,2025-08-25,False,False,False,0.0,False
25.08.2025,ONB24A89C,5950.0,,"""Государственная корпорация ""Правительство для граждан"" 160440007161",160440007161,Референс 3602755220 Взносы на обязательное социальное медицинское страхование Взносы на обязательное социальное медицинское страхование Внешний референс: 3225825843277700,,,2025-08-25,False,True,True,0.0,False
25.08.2025,ONB0D2691,8500.0,,"""Государственная корпорация ""Правительство для граждан"" 160440007161",160440007161,Референс 3602734157 Обязательные пенсионные взносы Обязательные пенсионные взносы Внешний референс: 3225825843273113,,,2025-08-25,False,True,True,0.0,False
25.08.2025,ONBF27BA0,2125.0,,"""Государственная корпорация ""Правительство для граждан"" 160440007161",160440007161,Референс 3602704199 Обязательные пенсионные взносы работодателя Обязательные пенсионные взносы работодателя Внешний референс: 3225825843264501,,,2025-08-25,False,True,True,0.0,False
21.08.2025,687,,250000.0,"""Караганда- Трансфер"" 030740000179",030740000179,Референс 3599569867 Оплата за международную автоперевозку по счету 7 от 23.07.25г. Без НДС. Прочие платежи по транспортным услугам Внешний референс: KAR2582133187898,,,2025-08-21,False,False,False,250000.0,True
20.08.2025,003669095036,1000.0,,Павлодарский Областной Народного Банка Казахстана 961141000047,961141000047,Референс 3598926444 Оплата К2 Согласно Тарифам комиссионного вознаграждения по осуществлению рассчетно-кассового обслуживания юридических и физических лиц и индивидуальных предпринимателей в Павлодарский Областной Филиал Народного Банка Казахстана Внешний референс: 3225820842192313,,,2025-08-20,False,False,False,0.0,False
20.08.2025,6564373,37019.41,,«Alatau City Bank» 920140000084,920140000084,"Референс 3598925897 Оплата К2 ref=PTJ0000006564373, Погашение задолженности по ПТ Зинченко Николай Григорьевич по Договору банковского займа № EM24120-006958444 от 19.06.2024, ИИН 000623551798 в соответствии со ст.32 Закона РК № 11-VI от 26.07.2016 г. ""О платежах и платежных системах"" Внешний референс: UCIHB00096446565",,,2025-08-20,False,False,False,0.0,False
17.08.2025,ONBDLGKK4,410000.0,,ЗИНЧЕНКО Н.Г.COM 000623551798,000623551798,"Референс 3594888966 Onlinebank Переводы клиентом денег с одного своего текущего счета, открытого в банке, ф-ле банка-нерез-та РК на другой свой текущий счет, открытый в данном банке, в ф-ле данного банка-нерез-та РК RRN=25817D349309 Внешний референс: 3225817840897906",,,2025-08-17,False,False,False,0.0,False
15.08.2025,ONB946354,,1000000.0,Kdk Logistics 231040025361,231040025361,Референс 3593423566 на основании счета от т15 августа 2025 Прочие платежи по транспортным услугам Внешний референс: 4125815840414661,,,2025-08-15,False,False,False,1000000.0,True
06.08.2025,ONB27467C,65257.0,,"""УГД по городу Павлодар Деп государственных доходов 980940001220",980940001220,Референс 3583290146 1 полугодие 2025 Социальный налог Начисленные (исчисленные) и иные обязательства в бюджет Внешний референс: 3225806837611472,,,2025-08-06,False,True,True,0.0,False
06.08.2025,ONBB1F583,78007.0,,"""УГД по городу Павлодар Деп государственных доходов 980940001220",980940001220,"Референс 3583290144 1 полугодие 2025 Индивидуальный подоходный налог с доходов, не облагаемых у источника выплаты Начисленные (исчисленные) и иные обязательства в бюджет Внешний референс: 3225806837611470",,,2025-08-06,False,False,False,0.0,False
06.08.2025,ONB96MNBC,5950.0,,"""Государственная корпорация ""Правительство для граждан"" 160440007161",160440007161,Референс 3582726399 Взносы на обязательное социальное медицинское страхование Взносы на обязательное социальное медицинское страхование Внешний референс: 3225806837427515,,,2025-08-06,False,True,True,0.0,False
05.08.2025,ONB9N8MYD,600000.0,,ЗИНЧЕНКО Н.Г.COM 000623551798,000623551798,"Референс 3581434919 Onlinebank Переводы клиентом денег с одного своего текущего счета, открытого в банке, ф-ле банка-нерез-та РК на другой свой текущий счет, открытый в данном банке, в ф-ле данного банка-нерез-та РК RRN=25805D6715 Внешний референс: 3225805837040640 3",,,2025-08-05,False,False,False,0.0,False
05.08.2025,ONBYZAD4K,1000000.0,,ЗИНЧЕНКО Н.Г.COM 000623551798,000623551798,"Референс 3581312298 Onlinebank Переводы клиентом денег с одного своего текущего счета, открытого в банке, ф-ле банка-нерез-та РК на другой свой текущий счет, открытый в данном банке, в ф-ле данного банка-нерез-та РК RRN=25805D3257 Внешний референс: 3225805837000887",,,2025-08-05,False,False,False,0.0,False
05.08.2025,003643243375,,2162986.87,Индивидуальный Предприниматель ЗИНЧЕНКО НИКОЛАЙ ГРИГОРЬЕВИЧ 000623551798,100309704863,"Референс 3581304993 Зачисление проданой валюты KZT, заявка №100309704863 на сумму 2162986.87 по курсу 536.7. Дата валютирования 05.08.25 Продажа иностранной валюты за тенге вне биржи. Цель: перевод собственных средств на счета в банках-нерезидентах. Внешний референс: 0501010501012508051986448",,,2025-08-05,False,False,False,2162986.87,True
14.07.2025,ONBRXWQAV,300000.0,,ЗИНЧЕНКО Н.Г.COM 000623551798,000623551798,"Референс 3557266985 Onlinebank Переводы клиентом денег с одного своего текущего счета, открытого в банке, ф-ле банка-нерез-та РК на другой свой текущий счет, открытый в данном банке, в ф-ле данного банка-нерез-та РК RRN=25714D403075 Внешний референс: 3225714829635561",,,2025-07-14,False,False,False,0.0,False
11.07.2025,ONBT19ZK9,200000.0,,ЗИНЧЕНКО Н.Г.COM 000623551798,000623551798,"Референс 3554784419 Onlinebank Переводы клиентом денег с одного своего текущего счета, открытого в банке, ф-ле банка-нерез-та РК на другой свой текущий счет, открытый в данном банке, в ф-ле данного банка-нерез-та РК RRN=25711D337792 Внешний референс: 3225711829013965",,,2025-07-11,False,False,False,0.0,False
09.07.2025,ONB1UTWS1,200000.0,,ЗИНЧЕНКО Н.Г.COM 000623551798,000623551798,"Референс 3552128923 Onlinebank Переводы клиентом денег с одного своего текущего счета, открытого в банке, ф-ле банка-нерез-та РК на другой свой текущий счет, открытый в данном банке, в ф-ле данного банка-нерез-та РК RRN=25709D278413 Внешний референс: 3225709828242620",,,2025-07-09,False,False,False,0.0,False
07.07.2025,ONBN643BE,300000.0,,ЗИНЧЕНКО Н.Г.COM 000623551798,000623551798,"Референс 3548850846 Onlinebank Переводы клиентом денег с одного своего текущего счета, открытого в банке, ф-ле банка-нерез-та РК на другой свой текущий счет, открытый в данном банке, в ф-ле данного банка-нерез-та РК RRN=25707D206798 Внешний референс: 3225707827237677",,,2025-07-07,False,False,False,0.0,False
05.07.2025,ONBQYQ2X0,600000.0,,ЗИНЧЕНКО Н.Г.COM 000623551798,000623551798,"Референс 3547832011 Onlinebank Переводы клиентом денег с одного своего текущего счета, открытого в банке, ф-ле банка-нерез-та РК на другой свой текущий счет, открытый в данном банке, в ф-ле данного банка-нерез-та РК RRN=25705D171079 Внешний референс: 3225705827065233",,,2025-07-05,False,False,False,0.0,False
04.07.2025,ONBKLL4K5,100000.0,,ЗИНЧЕНКО Н.Г.COM 000623551798,000623551798,"Референс 3546466912 Onlinebank Переводы клиентом денег с одного своего текущего счета, открытого в банке, ф-ле банка-нерез-та РК на другой свой текущий счет, открытый в данном банке, в ф-ле данного банка-нерез-та РК RRN=25704D137627 Внешний референс: 3225704826734085",,,2025-07-04,False,False,False,0.0,False
03.07.2025,ONBR5OCK4,65000.0,,ЗИНЧЕНКО Н.Г.COM 000623551798,000623551798,"Референс 3545800603 Onlinebank Переводы клиентом денег с одного своего текущего счета, открытого в банке, ф-ле банка-нерез-та РК на другой свой текущий счет, открытый в данном банке, в ф-ле данного банка-нерез-та РК RRN=25703D125087 Внешний референс: 3225703826554074",,,2025-07-03,False,False,False,0.0,False
02.07.2025,ONBT3RLOC,35000.0,,ЗИНЧЕНКО Н.Г.COM 000623551798,000623551798,"Референс 3543431106 Onlinebank Переводы клиентом денег с одного своего текущего счета, открытого в банке, ф-ле банка-нерез-та РК на другой свой текущий счет, открытый в данном банке, в ф-ле данного банка-нерез-та РК RRN=25702D71975 Внешний референс: 3225702825820044 4",,,2025-07-02,False,False,False,0.0,False
02.07.2025,ONBL33LPG,30000.0,,ЗИНЧЕНКО Н.Г.COM 000623551798,000623551798,"Референс 3543427866 Onlinebank Переводы клиентом денег с одного своего текущего счета, открытого в банке, ф-ле банка-нерез-та РК на другой свой текущий счет, открытый в данном банке, в ф-ле данного банка-нерез-та РК RRN=25702D71891 Внешний референс: 3225702825818183",,,2025-07-02,False,False,False,0.0,False
01.07.2025,003588544538,828.82,,Павлодарский Областной Народного Банка Казахстана 961141000047,241004947131,Референс 3542554596 Оплата К2 CMSTAKE Комиссия за ведение счета KZ32601A241004947131 за 06 месяц Внешний референс: 3225701825594021,,,2025-07-01,False,False,False,0.0,False
01.07.2025,ONBVK1D7T,500000.0,,ЗИНЧЕНКО Н.Г.COM 000623551798,000623551798,"Референс 3542284672 Onlinebank Переводы клиентом денег с одного своего текущего счета, открытого в банке, ф-ле банка-нерез-та РК на другой свой текущий счет, открытый в данном банке, в ф-ле данного банка-нерез-та РК RRN=25701D47171 Внешний референс: 3225701825498089",,,2025-07-01,False,False,False,0.0,False
01.07.2025,ONBKYE31A,15000.0,,ЗИНЧЕНКО Н.Г.COM 000623551798,000623551798,"Референс 3541656445 Onlinebank Переводы клиентом денег с одного своего текущего счета, открытого в банке, ф-ле банка-нерез-та РК на другой свой текущий счет, открытый в данном банке, в ф-ле данного банка-нерез-та РК RRN=25701D31690 Внешний референс: 3225701825304170",,,2025-07-01,False,False,False,0.0,False
30.06.2025,ONB754Q4N,52000.0,,ЗИНЧЕНКО Н.Г.COM 000623551798,000623551798,"Референс 3540857158 Onlinebank Переводы клиентом денег с одного своего текущего счета, открытого в банке, ф-ле банка-нерез-та РК на другой свой текущий счет, открытый в данном банке, в ф-ле данного банка-нерез-та РК RRN=25630D20830 Внешний референс: 3225630825097541",,,2025-06-30,False,False,False,0.0,False
30.06.2025,3627,,2397893.0,"""ТЕХНОБЕЛ"" 110240013139",110240013139,"Референс 3540363818 Прочие услуги. Оплата услуг, согласно сч 5 от 08.06.2025. Договор- заявка Е608778 от 30.05.2025 Внешний референс: 140574022",,,2025-06-30,False,False,False,2397893.0,True
30.06.2025,003584812284,671.18,,Павлодарский Областной Народного Банка Казахстана 961141000047,241004947131,Референс 3539951542 CMSTAKE Комиссия за ведение счета KZ32601A241004947131 за 06 месяц Внешний референс: 3225630824621602,,,2025-06-30,False,False,False,0.0,False
17.06.2025,ONBNCY0K3,590000.0,,ЗИНЧЕНКО Н.Г.COM 000623551798,000623551798,"Референс 3526508700 Onlinebank Переводы клиентом денег с одного своего текущего счета, открытого в банке, ф-ле банка-нерез-та РК на другой свой текущий счет, открытый в данном банке, в ф-ле данного банка-нерез-та РК RRN=25617D687364 Внешний референс: 3225617820577092",,,2025-06-17,False,False,False,0.0,False
16.06.2025,106,,590000.0,"""TRANSTAYER"" 070340016643",070340016643,Референс 3525255241 За прочие платежи по транспортным услугам. Счет 6 от 16.06.25. Внешний референс: CLR0265104385093,,,2025-06-16,False,False,False,590000.0,True
09.06.2025,ONB28UFDT,200000.0,,ЗИНЧЕНКО Н.Г.COM 000623551798,000623551798,"Референс 3516798847 Onlinebank Переводы клиентом денег с одного своего текущего счета, открытого в банке, ф-ле банка-нерез-та РК на другой свой текущий счет, открытый в данном банке, в ф-ле данного банка-нерез-та РК RRN=25609D458232 Внешний референс: 3225609817720557",,,2025-06-09,False,False,False,0.0,False
03.06.2025,3795,,200000.0,Proff Cargo 170440014493,170440014493,Референс 3511000400 Оплата на основании счета на оплату №3 от 19.05.2025 г. Прочие платежи по транспортным услугам Внешний референс: 0225603816260972,,,2025-06-03,False,False,False,200000.0,True
31.05.2025,ONBGYFAZ9,117000.0,,ЗИНЧЕНКО Н.Г.COM 000623551798,000623551798,"Референс 3508209066 Onlinebank Переводы клиентом денег с одного своего текущего счета, открытого в банке, ф-ле банка-нерез-та РК на другой свой текущий счет, открытый в данном банке, в ф-ле данного банка-нерез-та РК RRN=25531D258972 Внешний референс: 3225531815486308",,,2025-05-31,False,False,False,0.0,False
30.05.2025,003538082040,1500.0,,Павлодарский Областной Народного Банка Казахстана 961141000047,241004947221,Референс 3506793953 CMSTAKE Комиссия за ведение счета KZ27601A241004947221 за 05 месяц Внешний референс: 3225530814932161 5,,,2025-05-30,False,False,False,0.0,False
30.05.2025,003538082022,1500.0,,Павлодарский Областной Народного Банка Казахстана 961141000047,241004947131,Референс 3506793943 CMSTAKE Комиссия за ведение счета KZ32601A241004947131 за 05 месяц Внешний референс: 3225530814932155,,,2025-05-30,False,False,False,0.0,False
22.05.2025,2737,,120000.0,Аквилон Трейд 171240002990,171240002990,"Референс 3497080799 Прочие услуги. Оплата за транспортные услуги,по счету №4 от 21/05/25 Внешний референс: 138638112",,,2025-05-22,False,False,False,120000.0,True
11.05.2025,ONBDDDE96,8000.0,,ЗИНЧЕНКО Н.Г.COM 000623551798,000623551798,"Референс 3484226467 Onlinebank Переводы клиентом денег с одного своего текущего счета, открытого в банке, ф-ле банка-нерез-та РК на другой свой текущий счет, открытый в данном банке, в ф-ле данного банка-нерез-та РК RRN=25511D747596 Внешний референс: 3225511808072613",,,2025-05-11,False,False,False,0.0,False
08.05.2025,ONBBKRUHF,650000.0,,ЗИНЧЕНКО Н.Г.COM 000623551798,000623551798,"Референс 3482702104 Onlinebank Переводы клиентом денег с одного своего текущего счета, открытого в банке, ф-ле банка-нерез-та РК на другой свой текущий счет, открытый в данном банке, в ф-ле данного банка-нерез-та РК RRN=25508D696131 Внешний референс: 3225508807881800",,,2025-05-08,False,False,False,0.0,False
06.05.2025,003500135213,500.0,,Павлодарский Областной Народного Банка Казахстана 961141000047,241004947131,Референс 3479363383 Оплата К2 CMSTAKE Комиссия за ведение счета KZ32601A241004947131 за 04 месяц Внешний референс: 3225506806901848,,,2025-05-06,False,False,False,0.0,False
06.05.2025,003500135005,1000.0,,Павлодарский Областной Народного Банка Казахстана 961141000047,241004947131,Референс 3479363317 Оплата К2 CMSTAKE Комиссия за ведение счета KZ32601A241004947131 за 04 месяц Внешний референс: 3225506806901802,,,2025-05-06,False,False,False,0.0,False
06.05.2025,003500134764,300.0,,Павлодарский Областной Народного Банка Казахстана 961141000047,961141000047,"Референс 3479363236 Оплата К2 За операцию. Информационные справки, предоставляемые по запросу клиента (за каждый экземпляр) в системе ONLINEBANK с учетом НДС Комиссия за справки. Внешний референс: 3225506806901759",,,2025-05-06,False,False,False,0.0,False
06.05.2025,003500134532,1230.82,,Павлодарский Областной Народного Банка Казахстана 961141000047,241004947131,Референс 3479363143 Оплата К2 CMSTAKE Комиссия за ведение счета KZ32601A241004947131 за 03 месяц Внешний референс: 3225506806901718,,,2025-05-06,False,False,False,0.0,False
06.05.2025,003500128036,,660702.0,Индивидуальный Предприниматель ЗИНЧЕНКО НИКОЛАЙ ГРИГОРЬЕВИЧ 000623551798,100294146684,"Референс 3479361559 Зачисление проданой валюты KZT, заявка №100294146684 на сумму 660702 по курсу 6.2924. Дата валютирования 06.05.25 Продажа иностранной валюты за тенге вне биржи. Цель: перевод собственных средств на счета в банках-нерезидентах. Внешний референс: 0501010501012505063073560",,,2025-05-06,False,False,False,660702.0,True
21.04.2025,ONBDDCW9P,,1000.0,ЗИНЧЕНКО Н.Г.COM 000623551798,000623551798,"Референс 3463800434 Onlinebank, Переводы клиентом денег с одного своего текущего счета, открытого в банке, на другой свой текущий счет, открытый в данном банке Внешний референс: 5111E2793026",,,2025-04-21,False,False,False,1000.0,True
31.03.2025,003444343381,269.18,,Павлодарский Областной Народного Банка Казахстана 961141000047,241004947131,Референс 3440989684 CMSTAKE Комиссия за ведение счета KZ32601A241004947131 за 03 месяц Внешний референс: 3225331795421180,,,2025-03-31,False,False,False,0.0,False
29.03.2025,ONBEEJVI9,4000.0,,ЗИНЧЕНКО Н.Г.COM 000623551798,000623551798,"Референс 3440111256 Onlinebank Переводы клиентом денег с одного своего текущего счета, открытого в банке, ф-ле банка-нерез-та РК на другой свой текущий счет, открытый в данном банке, в ф-ле данного банка-нерез-та РК RRN=25329D747689 Внешний референс: 3225329795239888",,,2025-03-29,False,False,False,0.0,False
28.02.2025,003401618377,1500.0,,Павлодарский Областной Народного Банка Казахстана 961141000047,241004947131,Референс 3410932909 CMSTAKE Комиссия за ведение счета KZ32601A241004947131 за 02 месяц Внешний референс: 3225228786864034 6,,,2025-02-28,False,False,False,0.0,False
18.02.2025,ONBVQWLKU,70000.0,,ЗИНЧЕНКО Н.Г.COM 000623551798,000623551798,"Референс 3400555572 Onlinebank Переводы клиентом денег с одного своего текущего счета, открытого в банке, ф-ле банка-нерез-та РК на другой свой текущий счет, открытый в данном банке, в ф-ле данного банка-нерез-та РК RRN=25218D880067 Внешний референс: 3225218783602823",,,2025-02-18,False,False,False,0.0,False
09.02.2025,ONBKDDCJA,200000.0,,ЗИНЧЕНКО Н.Г.COM 000623551798,000623551798,"Референс 3391028980 Onlinebank Переводы клиентом денег с одного своего текущего счета, открытого в банке, ф-ле банка-нерез-та РК на другой свой текущий счет, открытый в данном банке, в ф-ле данного банка-нерез-та РК RRN=25209D676720 Внешний референс: 3225209780867328",,,2025-02-09,False,False,False,0.0,False
31.01.2025,ONBB2488C,102336.0,,"""УГД по городу Павлодар Деп государственных доходов 980940001220",980940001220,"Референс 3382084545 2 полугодие 2024 Индивидуальный подоходный налог с доходов, не облагаемых у источника выплаты Начисленные (исчисленные) и иные обязательства в бюджет Внешний референс: 3225131778404744",,,2025-01-31,False,False,False,0.0,False
31.01.2025,ONB747827,87461.0,,"""УГД по городу Павлодар Деп государственных доходов 980940001220",980940001220,Референс 3382082340 2 полугодие 2024 Социальный налог Начисленные (исчисленные) и иные обязательства в бюджет Внешний референс: 3225131778403599,,,2025-01-31,False,True,True,0.0,False
31.01.2025,003358530517,,465066.0,Индивидуальный Предприниматель ЗИНЧЕНКО НИКОЛАЙ ГРИГОРЬЕВИЧ 000623551798,100278735911,"Референс 3382031106 Зачисление проданой валюты KZT, заявка №100278735911 на сумму 465066 по курсу 5.1674. Дата валютирования 31.01.25 Продажа иностранной валюты за тенге вне биржи. Цель: перевод собственных средств на счета в банках-нерезидентах. Внешний референс: 0501010501012501318788746",,,2025-01-31,False,False,False,465066.0,True
08.01.2025,ONBW9HGO0,81000.0,,ЗИНЧЕНКО Н.Г.COM 000623551798,000623551798,"Референс 3359369050 Onlinebank Переводы клиентом денег с одного своего текущего счета, открытого в банке, ф-ле банка-нерез-та РК на другой свой текущий счет, открытый в данном банке, в ф-ле данного банка-нерез-та РК RRN=25108D16688 Внешний референс: 3225108771652664",,,2025-01-08,False,False,False,0.0,False
04.01.2025,ONB4BX4X0,100000.0,,ЗИНЧЕНКО Н.Г.COM 000623551798,000623551798,"Референс 3356021839 Onlinebank Переводы клиентом денег с одного своего текущего счета, открытого в банке, ф-ле банка-нерез-та РК на другой свой текущий счет, открытый в данном банке, в ф-ле данного банка-нерез-та РК RRN=25104D957011 Внешний референс: 3225104770788430",,,2025-01-04,False,False,False,0.0,False
03.01.2025,ONB5CKEXO,20000.0,,ЗИНЧЕНКО Н.Г.COM 000623551798,000623551798,"Референс 3354424379 Onlinebank Переводы клиентом денег с одного своего текущего счета, открытого в банке, ф-ле банка-нерез-та РК на другой свой текущий счет, открытый в данном банке, в ф-ле данного банка-нерез-та РК RRN=25103D920940 Внешний референс: 3225103770690479",,,2025-01-03,False,False,False,0.0,False
31.12.2024,ONBRY9U04,17000.0,,ЗИНЧЕНКО Н.Г.COM 000623551798,000623551798,"Референс 3351867126 Onlinebank Переводы клиентом денег с одного своего текущего счета, открытого в банке, ф-ле банка-нерез-та РК на другой свой текущий счет, открытый в данном банке, в ф-ле данного банка-нерез-та РК RRN=24C31D913458 Внешний референс: 3224Z31770576002",,,2024-12-31,False,False,False,0.0,False
31.12.2024,003320854319,1500.0,,Павлодарский Областной Народного Банка Казахстана 961141000047,241004947131,Референс 3351187309 CMSTAKE Комиссия за ведение счета KZ32601A241004947131 за 12 месяц Внешний референс: 3224Z31770202757,,,2024-12-31,False,False,False,0.0,False
31.12.2024,100003680,,220000.0,"""Salling Plast Qazaqstan"" 180440021686",180440021686,Референс 3351134799 Оплата по счёту № 22 от 30.12.24г.Без НДС Прочие платежи по транспортным услугам Внешний референс: PVL24Z3195240041 7,,,2024-12-31,False,False,False,220000.0,True
27.12.2024,ONBXEGN8T,305915.0,,ЗИНЧЕНКО Н.Г.COM 000623551798,000623551798,"Референс 3347797697 Onlinebank Переводы клиентом денег с одного своего текущего счета, открытого в банке, ф-ле банка-нерез-та РК на другой свой текущий счет, открытый в данном банке, в ф-ле данного банка-нерез-та РК RRN=24C27D803333 Внешний референс: 3224Z27769148616",,,2024-12-27,False,False,False,0.0,False
26.12.2024,ONBOUI1AN,60000.0,,ЗИНЧЕНКО Н.Г.COM 000623551798,000623551798,"Референс 3345949756 Onlinebank Переводы клиентом денег с одного своего текущего счета, открытого в банке, ф-ле банка-нерез-та РК на другой свой текущий счет, открытый в данном банке, в ф-ле данного банка-нерез-та РК RRN=24C26D777038 Внешний референс: 3224Z26768767227",,,2024-12-26,False,False,False,0.0,False
25.12.2024,003313206883,1000.0,,Павлодарский Областной Народного Банка Казахстана 961141000047,961141000047,Референс 3344048515 Оплата К2 Согласно Тарифам комиссионного вознаграждения по осуществлению рассчетно-кассового обслуживания юридических и физических лиц и индивидуальных предпринимателей в Павлодарский Областной Филиал Народного Банка Казахстана Внешний референс: 3224Z25767948482,,,2024-12-25,False,False,False,0.0,False
25.12.2024,2144755,32331.68,,"""First Heartland Jusan 920140000084",920140000084,"Референс 3344048185 Оплата К2 ref=PTJ0000002144755, Погашение задолженности по ПТ Зинченко Николай Григорьевич по Договору банковского займа № EM24120-006958444 от 19.06.2024, ИИН 000623551798 в соответствии со ст.32 Закона РК № 11-VI от 26.07.2016 г. ""О платежах и платежных системах"" Внешний референс: UCIHB00089366131",,,2024-12-25,False,False,False,0.0,False
24.12.2024,ONBWTE96F,150000.0,,ЗИНЧЕНКО Н.Г.COM 000623551798,000623551798,"Референс 3342676756 Onlinebank Переводы клиентом денег с одного своего текущего счета, открытого в банке, ф-ле банка-нерез-та РК на другой свой текущий счет, открытый в данном банке, в ф-ле данного банка-нерез-та РК RRN=24C24D701937 Внешний референс: 3224Z24767437323",,,2024-12-24,False,False,False,0.0,False
17.12.2024,003303839837,753.14,,Павлодарский Областной Народного Банка Казахстана 961141000047,241004947131,Референс 3335936200 Оплата К2 CMSTAKE Комиссия за ведение счета KZ32601A241004947131 за 09 месяц Внешний референс: 3224Z17765308981,,,2024-12-17,False,False,False,0.0,False
17.12.2024,1135,,550000.0,Компания Артель 100240007331,100240007331,Референс 3335929849 Международные перевозки Прочие платежи по транспортным услугам Внешний референс: 5324Z17765306041,,,2024-12-17,False,False,False,550000.0,True
30.09.2024,003215660441,746.86,,Павлодарский Областной Народного Банка Казахстана 961141000047,241004947131,Референс 3258184767 CMSTAKE Комиссия за ведение счета KZ32601A241004947131 за 09 месяц Внешний референс: 3224930741242784,,,2024-09-30,False,False,False,0.0,False
