﻿Дата,Номер документа,Дебет,Кредит,Контрагент (имя),Контрагент ИИН/БИН,Детали платежа,КНП
06.06.2024,ONB4VBQFN,656000.0,,САРСЕНБАЙ І. 921202301992,921202301992,Референс 3149551345 PHONE_NUMBER 7783390192 Прочие безвозмездные переводы денег RRN=24606D806052,
06.06.2024,273,,654000.0,на ПХВ Ат.обл.дет.стом.поликлини 990240002562,990240002562,"Референс 3149515850 Кондиционер (сплит- система) по договору №79 от 21.05.2024. счет- фактура №21 от 27.05.2024 г. Платежи за товары, за исключением недвижимости и товаров с кодами назначения платежей 711, 712 и 713,",
31.05.2024,003086097456,1500.0,,Атырауский Областной Народного Банка Казахстана 970541000638,141001272661,Референс 3142723736 CMSTAKE Комиссия за ведение счета KZ33601A141001272661 за 05 месяц,
14.05.2024,003068360108,1432.0,,Атырауский Областной Народного Банка Казахстана 970541000638,141001272661,Референс 3126985907 Оплата К2 CMSTAKE Комиссия за ведение счета KZ33601A141001272661 за 02 месяц,
14.05.2024,ONB3S9I9R,115000.0,,Центр электронных финансов 071140005693 Сарсенбай С.І. 921202301992,071140005693,"Референс 3126985905 Оплата за услугу по использованию (доступу)веб-портала государственных закупок лицевом счете 411430 Платежи за профессиональные, научные и технические услуги, Референс 3126982201 PHONE_NUMBER 7783390192 Платеж за профессиональные, научные и технические услуги RRN=24514D415724",
29.02.2024,002997032493,68.0,,Атырауский Областной Народного Банка Казахстана 970541000638,141001272661,Референс 3061077641 CMSTAKE Комиссия за ведение счета KZ33601A141001272661 за 02 месяц,
22.02.2024,ONBR4EUQM,149000.0,,САРСЕНБАЙ І. 921202301992,921202301992,Референс 3054770952 PHONE_NUMBER 7783390192 Прочие безвозмездные переводы денег RRN=24222D100553,
22.02.2024,002989851717,932.0,,Атырауский Областной Народного Банка Казахстана 970541000638,141001272661,Референс 3054701888 Оплата К2 CMSTAKE Комиссия за ведение счета KZ33601A141001272661 за 12 месяц,
22.02.2024,167,,150000.0,"""Новые Технологии Алматы"" 171140022713",171140022713,"Референс 3054696773 Согласно счёта №19 от 21.02.2024г.Без НДС Платежи за профессиональные, научные и технические услуги",
29.12.2023,002941697587,568.0,,Атырауский Областной Народного Банка Казахстана 970541000638,141001272661,Референс 3008162501 CMSTAKE Комиссия за ведение счета KZ33601A141001272661 за 12 месяц 1,
25.12.2023,ONBA6XN9R,200000.0,,САРСЕНБАЙ І. 921202301992,921202301992,Референс 3004071551 PHONE_NUMBER 7783390192 Прочие безвозмездные переводы денег RRN=23C25D258589,
25.12.2023,ONBER2U7K,50000.0,,САРСЕНБАЙ І. 921202301992,921202301992,Референс 3003522212 PHONE_NUMBER 7783390192 Прочие безвозмездные переводы денег RRN=23C25D249820,
24.12.2023,ONBS4ZY1V,48000.0,,САРСЕНБАЙ І. 921202301992,921202301992,Референс 3002863426 PHONE_NUMBER 7783390192 Прочие безвозмездные переводы денег RRN=23C24D241130,
07.12.2023,002920393373,1432.0,,Атырауский Областной Народного Банка Казахстана 970541000638,141001272661,Референс 2988974954 Оплата К2 CMSTAKE Комиссия за ведение счета KZ33601A141001272661 за 11 месяц,
07.12.2023,132676295,,300000.0,"""Управление делами аппарата акима города Атырау"" 160440009881",921202301992,"Референс 2988959215 СФ# 1221264/23-980 за 06.12.2023 ЗП# 7046888 Ст.- Окончательный.ESF-921202301992-20231204- 93890451 04.12.2023 Услуги по техническому обслуживанию климатического оборудования, 7046888 16.05.2023",
30.11.2023,002913107548,68.0,,Атырауский Областной Народного Банка Казахстана 970541000638,141001272661,Референс 2982329715 CMSTAKE Комиссия за ведение счета KZ33601A141001272661 за 11 месяц,
13.11.2023,ONB4NAKR4,732500.0,,САРСЕНБАЙ І. 921202301992,921202301992,Референс 2968108131 PHONE_NUMBER 7783390192 Прочие безвозмездные переводы денег RRN=23B13D636396,
13.11.2023,002897454996,1498.0,,Атырауский Областной Народного Банка Казахстана 970541000638,141001272661,Референс 2968071794 Оплата К2 CMSTAKE Комиссия за ведение счета KZ33601A141001272661 за 10 месяц,
13.11.2023,131778478,,734065.18,"""Средняя общеобразовательная имени Б. Нысанбаева"" 000540002787",921202301992,"Референс 2968016612 СФ# 2611477/23-1100 за 09.11.2023 ЗП# 7262063 Ст.- Окончательный.ESF-921202301992-20231026- 11532061 26.10.2023 текущие работы по монтажу и демонтажу внутреннего и наружного освещения, 7262063 20.10.2023",
31.10.2023,ONBJN03EZ,915934.0,,САРСЕНБАЙ І. 921202301992,921202301992,Референс 2957035028 PHONE_NUMBER 7783390192 Прочие безвозмездные переводы денег RRN=23A31D456490,
31.10.2023,131504591,,915934.82,"""Средняя общеобразовательная имени Б. Нысанбаева"" 000540002787",000540002787,Референс 2956980327 СФ# 2611477/23-1043 за 31.10.2023 ЗП# 7262063 Ст.-Текущий.7262063 20.10.2023г. текущие работы по монтажу и демонтажу внутреннего и наружного освещения. Согласно счет фактура №ESF- 921202301992-20231026-11532061 26.10.2023г.,
31.10.2023,002884724862,2.0,,Атырауский Областной Народного Банка Казахстана 970541000638,141001272661,Референс 2956428173 CMSTAKE Комиссия за ведение счета KZ33601A141001272661 за 10 месяц,
20.10.2023,ONBTYO2KR,477500.0,,САРСЕНБАЙ І. 921202301992,921202301992,Референс 2948566553 PHONE_NUMBER 7783390192 Прочие безвозмездные переводы денег RRN=23A20D315191,
20.10.2023,002876089275,1498.0,,Атырауский Областной Народного Банка Казахстана 970541000638,141001272661,Референс 2948522622 Оплата К2 CMSTAKE Комиссия за ведение счета KZ33601A141001272661 за 09 месяц,
20.10.2023,131035245,,479000.0,"""Аппарат акима Тасшагильского сельского Кызылкогин 931240000885",931240000885,Референс 2948515240 СФ# 1241287/23-389 за 19.10.2023 ЗП# 7249415 Ст.- Окончательный.Приобретение ноутбуг .Увед№ 7249415 от 12.10.2023г Счет фак№ ESF-921202301992-20231019-99405771,
29.09.2023,002856856583,2.0,,Атырауский Областной Народного Банка Казахстана 970541000638,141001272661,Референс 2930790380 CMSTAKE Комиссия за ведение счета KZ33601A141001272661 за 09 месяц,
22.09.2023,ONBK3MDZQ,38000.0,,САРСЕНБАЙ І. 921202301992,921202301992,Референс 2924928721 PHONE_NUMBER 7783390192 Прочие безвозмездные переводы денег RRN=23922D927668 2,
22.09.2023,130189794,,19000.0,"""Управление координации занятости и социальных программ А 970340000764",970340000764,Референс 2924796984 СФ# 2561261/23-4541 за 21.09.2023 ЗП# Ст.-Окончательный.Работы по установке/монтажу климатического оборудования согласно договора №59 от 08.09.2023 года и с/ф №ESF-921202301992- 20230914-59752693 от 14.09.2023 года,
22.09.2023,130189795,,19000.0,"""Управление координации занятости и социальных программ А 970340000764",970340000764,Референс 2924796979 СФ# 2561261/23-4542 за 21.09.2023 ЗП# Ст.-Окончательный.Работы по установке/монтажу климатического оборудования согласно договора №60 от 08.09.2023 года и с/ф №ESF-921202301992- 20230914-59781463 от 14.09.2023 года,
20.09.2023,ONB0VM204,89000.0,,САРСЕНБАЙ І. 921202301992,921202301992,Референс 2923272048 PHONE_NUMBER 7783390192 Прочие безвозмездные переводы денег RRN=23920D842585,
20.09.2023,130128995,,89000.0,"""Детско-юношеская спортивная школа Дамба"" Управления физ 230240041417",921202301992,Референс 2923205379 СФ# 2851289/23-171 за 20.09.2023 ЗП# Ст.-Окончательный.ESF- 921202301992-20230904-33479133 04.09.2023 Работы по установке/монтажу климатического оборудования и систем/вентиляционных систем и оборудования,
16.09.2023,ONBBDILW5,500000.0,,САРСЕНБАЙ І. 921202301992,921202301992,Референс 2920287441 PHONE_NUMBER 7783390192 Прочие безвозмездные переводы денег RRN=23916D351142,
15.09.2023,1032,,500000.0,Высший колледж PetroTechnic 120940012842,120940012842,"Референс 2919903470 работа по ремонту с/но Договора №4-4-2/109 от 04.04.2023г., ЭСФ №14 от 06.09.2023г. Сумма 500 000-00 тенге без НДС Платежи за профессиональные, научные и технические услуги,",
13.09.2023,ONBIJNZ5N,150000.0,,САРСЕНБАЙ І. 921202301992,921202301992,Референс 2918114781 PHONE_NUMBER 7783390192 Прочие безвозмездные переводы денег RRN=23913D3027,
13.09.2023,324,,150000.0,"Товарищество с ограниченной ответственностью ""Атырау 060140014717",060140014717,"Референс 2918078302 по ТБИ замена рубильника, эл.работа согласно счета №16 от 13.09.2023г . Платежи за профессиональные, научные и технические услуги.",
07.09.2023,ONBEOV65H,245500.0,,САРСЕНБАЙ І. 921202301992,921202301992,Референс 2912719844 PHONE_NUMBER 7783390192 Прочие безвозмездные переводы денег RRN=23907D184874,
07.09.2023,129859090,,245000.0,"""Областной лицей Жолдаскали Досмухамбетова для од 941040000868",921202301992,Референс 2912663882 СФ# 2611279/23-414 за 06.09.2023 ЗП# Ст.-Окончательный.ESF- 921202301992-20230906-39679283 06.09.2023 Работы по ремонту кондиционеров и заправка.,
03.09.2023,002833166753,1498.0,,Атырауский Областной Народного Банка Казахстана 970541000638,141001272661,Референс 2909102245 Оплата К2 CMSTAKE Комиссия за ведение счета KZ33601A141001272661 за 08 месяц,
31.08.2023,ONBC0OXPR,2338000.0,,САРСЕНБАЙ І. 921202301992,921202301992,Референс 2907358475 PHONE_NUMBER 7783390192 Прочие безвозмездные переводы денег RRN=23831D596970,
31.08.2023,1096,,2340000.0,Целингидротех 211040019185,211040019185,"Референс 2907351969 Оплата за установку опор согласно акта сверки б/н от 31.08.2023г. Платежи за профессиональные, научные и технические услуги,",
31.08.2023,002830630609,2.0,,Атырауский Областной Народного Банка Казахстана 970541000638,141001272661,Референс 2906837834 CMSTAKE Комиссия за ведение счета KZ33601A141001272661 за 08 месяц,
25.08.2023,ONBUF0XCQ,300500.0,,САРСЕНБАЙ І. 921202301992,921202301992,Референс 2903396091 PHONE_NUMBER 7783390192 Прочие безвозмездные переводы денег RRN=23825D200501,
25.08.2023,0358,,300000.0,GURIEV TRADE 720320399148,720320399148,"Референс 2903367067 За услуги электирика сч№9 от 25.08.2023 Платежи за профессиональные, научные и технические услуги, 3",
18.08.2023,ONB3MSB5L,498000.0,,САРСЕНБАЙ І. 921202301992,921202301992,Референс 2897732308 PHONE_NUMBER 7783390192 Прочие безвозмездные переводы денег RRN=23818D695202,
18.08.2023,002820334424,1498.0,,Атырауский Областной Народного Банка Казахстана 970541000638,141001272661,Референс 2897522526 Оплата К2 CMSTAKE Комиссия за ведение счета KZ33601A141001272661 за 07 месяц,
18.08.2023,129271423,,500000.0,"""Управление делами аппарата акима города Атырау"" 160440009881",921202301992,"Референс 2897519892 СФ# 1221264/23-618 за 18.08.2023 ЗП# 7046888 Ст.-Текущий.ESF- 921202301992-20230702-97909913 02.07.2023 Услуги по техническому обслуживанию климатического оборудования, 7046888 16.05.2023",
31.07.2023,002803714377,2.0,,Атырауский Областной Народного Банка Казахстана 970541000638,141001272661,Референс 2882502045 CMSTAKE Комиссия за ведение счета KZ33601A141001272661 за 07 месяц,
10.07.2023,ONBJOX99Z,145000.0,,САРСЕНБАЙ І. 921202301992,921202301992,Референс 2866856601 PHONE_NUMBER 7783390192 Прочие безвозмездные переводы денег RRN=23710D158101,
10.07.2023,128279325,,145000.0,"""Госпиталь с поликлиникой Департамента полиции Атырауско 940740000931",940740000931,"Референс 2866690040 СФ# 2010132/23-500 за 10.07.2023 ЗП# 7110585 Ст.- Окончательный.7110585 27.06.2023 Работы по текущему ремонту, чистке, заправке сплит- систем,эл.счет-фактура№ESF- 921202301992- 20230705-85550831 от 05.07.23г",
30.06.2023,002778413953,1500.0,,Атырауский Областной Народного Банка Казахстана 970541000638,141001272661,Референс 2859266427 CMSTAKE Комиссия за ведение счета KZ33601A141001272661 за 06 месяц,
26.06.2023,ONBOCK05H,313500.0,,САРСЕНБАЙ І. 921202301992,921202301992,Референс 2856105673 PHONE_NUMBER 7783390192 Прочие безвозмездные переводы денег RRN=23626D358984,
26.06.2023,463,,315001.0,CSGEO СиЭсГео 160840000149,160840000149,"Референс 2856095252 счет 7 от 26/06/2023 Платежи за профессиональные, научные и технические услуги,",
