﻿Дата,Номер документа,Дебет,Кредит,Контрагент (имя),Контрагент ИИН/БИН,Детали платежа,КНП
05.06.2024,ONB6B2F04,563361.0,,ЭЛЬМИРА С. 951216450841,951216450841,Референс 3147756057 PHONE_NUMBER 7023878747 Прочие безвозмездные переводы денег RRN=24605D774445,
05.06.2024,БК0000583,,563361.0,VIS TRADE COMPANY 150140016930,150140016930,"Референс 3147740928 Услуги по продвижению товара, согласно счета на АВР № 2 от 31.05.24 г. Платежи за профессиональные, научные и технические услуги,",
02.05.2024,ONBFF0DCE,563393.0,,ЭЛЬМИРА С. 951216450841,951216450841,Референс 3117298713 PHONE_NUMBER 7023878747 Прочие безвозмездные переводы денег RRN=24502D227241,
02.05.2024,ONBDECC23,,563393.0,Э.С.COM 951216450841,951216450841,"Референс 3117283155 Onlinebank, Переводы клиентом денег с одного своего текущего счета, открытого в банке, на другой свой текущий счет, открытый в данном банке",
02.05.2024,ONBF4F3A0,563393.0,,Э.С.COM 951216450841,951216450841,"Референс 3117218236 Onlinebank Переводы клиентом денег с одного своего текущего счета, открытого в банке, ф-ле банка-нерез-та РК на другой свой текущий счет, открытый в данном банке, в ф-ле данного банка-нерез-та РК RRN=24502D226310",
02.05.2024,БК0000437,,563393.0,VIS TRADE COMPANY 150140016930,150140016930,"Референс 3117061202 Услуги по продвижению товара, согласно счета на АВР № 1 от 30.04.24 г. Платежи за профессиональные, научные и технические услуги,",
05.09.2023,ONB8D3132,474733.0,,Э.С.COM 951216450841,951216450841,"Референс 2910908178 Onlinebank Переводы клиентом денег с одного своего текущего счета, открытого в банке, на другой свой текущий счет, открытый в данном банке RRN=23905D982141",
05.09.2023,БК0000550,,474733.0,VIS TRADE COMPANY 150140016930,150140016930,"Референс 2910868900 Услуги по продвижению товара, согласно АВР № 8 от 31.08.23 г. Платежи за профессиональные, научные и технические услуги,",
03.08.2023,ONB52559D,459400.0,,Э.С.COM 951216450841,951216450841,"Референс 2885620913 Onlinebank Переводы клиентом денег с одного своего текущего счета, открытого в банке, на другой свой текущий счет, открытый в данном банке RRN=23803D615424",
03.08.2023,БК0000453,,459400.0,VIS TRADE COMPANY 150140016930,150140016930,"Референс 2885586122 Услуги по продвижению товара, согласно АВР № 7 от 31.07.23 г. Платежи за профессиональные, научные и технические услуги,",
04.07.2023,ONB8E96BE,470757.0,,Э.С.COM 951216450841,951216450841,"Референс 2862413931 Onlinebank Переводы клиентом денег с одного своего текущего счета, открытого в банке, на другой свой текущий счет, открытый в данном банке RRN=23704D758154",
04.07.2023,БК0000339,,470757.0,VIS TRADE COMPANY 150140016930,150140016930,"Референс 2862396029 Услуги по продвижению товара, согласно АВР № 6 от 30.06.23 г. Платежи за профессиональные, научные и технические услуги,",
05.06.2023,ONB4FC657,448408.0,,Э.С.COM 951216450841,951216450841,"Референс 2839511997 Onlinebank Переводы клиентом денег с одного своего текущего счета, открытого в банке, на другой свой текущий счет, открытый в данном банке RRN=23605D158314",
05.06.2023,БК0000238,,448408.0,VIS TRADE COMPANY 150140016930,150140016930,"Референс 2839465747 Услуги по продвижению товара, согласно АВР № 5 от 31.05.23 г. Платежи за профессиональные, научные и технические услуги,",
