﻿Дата,Номер документа,Дебет,Кредит,Контрагент (имя),Контрагент ИИН/БИН,Детали платежа,КНП
17.09.2025,ONBF082FF,200000.0,,АСЫЛБЕК Е. 920130300920,920130300920,Референс 3629938998 PHONE_NUMBER 7074267247 Прочие безвозмездные переводы денег RRN=25917D239384 Внешний референс: 0325917851478252,
17.09.2025,NT-799637,,200000.0,Мубараков Айса Каратауович 710906300083,710906300083,"Референс 3629907049 Платежи за профессиональные, научные и технические услуги оплата согл.счета 11 от 17.09.2025 г. Безналичный перевод. ИИН/БИН получателя - 920130300920. Получатель – Ешмуханов Асылбек Қазенұлы Внешний референс: CNT2591761795158",
15.09.2025,ONBF5004F,98000.0,,АСЫЛБЕК Е. 920130300920,920130300920,Референс 3627222548 PHONE_NUMBER 7074267247 Прочие безвозмездные переводы денег RRN=25915D173802 Внешний референс: 0325915850553970,
15.09.2025,00002466,,98000.0,"""Бабәк-Курылыс"" 060540003598",060540003598,"Референс 3627213267 Оплата по счету №64 от 15.09.2025г., за монтаж и пуско-наладочные работы Сумма 98 000-00 тенге в т.ч. НДС(12%) 10 500-00 тенге Платежи за профессиональные, научные и технические услуги Внешний референс: ATB2591559495875",
03.09.2025,ONBE4C654,358500.0,,АСЫЛБЕК Е. 920130300920,920130300920,Референс 3613985283 PHONE_NUMBER 7074267247 Прочие безвозмездные переводы денег RRN=25903D839941 Внешний референс: 0325903846870235,
03.09.2025,003690697373,1500.0,,Актюбинский Областной Народного Банка Казахстана 961141000023,121002191221,Референс 3613887152 Оплата К2 CMSTAKE Комиссия за ведение счета KZ94601A121002191221 за 08 месяц Внешний референс: 0325903846828746,
03.09.2025,1285,,360000.0,"""ТОО Калам-Актобе"" 201040004422",201040004422,"Референс 3613884401 Оплата за услуги согласно счета № 61 от 02.09.2025Без НДС Платежи за профессиональные, научные и технические услуги Внешний референс: ATB2590347685747",
28.08.2025,ONB5602D3,650000.0,,АСЫЛБЕК Е. 920130300920,920130300920,Референс 3607855275 PHONE_NUMBER 7074267247 Прочие безвозмездные переводы денег RRN=25828D677257 Внешний референс: 0325828845013263,
28.08.2025,1273,,650000.0,"""ТОО Калам-Актобе"" 201040004422",201040004422,"Референс 3607844729 Оплата за услуги согласно счета № 60 от 28.08.2025Без НДС Платежи за профессиональные, научные и технические услуги Внешний референс: ATB2582841475510 1",
21.08.2025,ONBDC21AC,1880000.0,,АСЫЛБЕК Е. 920130300920,920130300920,Референс 3599552123 PHONE_NUMBER 7074267247 Прочие безвозмездные переводы денег RRN=25821D462403 Внешний референс: 0325821842363752,
21.08.2025,345,,1340000.0,"""Құрылыс Маркет 180540024039",180540024039,"Референс 3599509568 за пуско-наладочные работы согласно договора №18/08В от 18.08.2025 г Платежи за профессиональные, научные и технические услуги Внешний референс: ATB2582133148544",
21.08.2025,344,,540000.0,"""Құрылыс Маркет 180540024039",180540024039,"Референс 3599509408 за монтажный комплект согласно договора №18/08Т от 18.08.2025 г Платежи за товары, за исключением недвижимости и товаров с кодами назначения платежей 711, 712 и 713, Внешний референс: ATB2582133148214",
14.08.2025,ONB8889C5,92500.0,,АСЫЛБЕК Е. 920130300920,920130300920,Референс 3591419679 PHONE_NUMBER 7074267247 Прочие безвозмездные переводы денег RRN=25814D253216 Внешний референс: 0325814839887616,
13.08.2025,003657282401,,94000.0,Актюбинский Областной Народного Банка Казахстана 961141000023 Ситдыков Нуржан Нурланович 731025302235,121002191221,Референс 3590955822 Оплата К2 CMSTAKE Комиссия за ведение счета KZ94601A121002191221 за 07 месяц Внешний референс: 0325813839743355 Референс 3590949052 Услуги. Оплата за монтаж согласно счета на оплату №43 от 09.07.2025г Сумма 94 000-00 тенге без НДС Внешний референс: 142928726,
18.07.2025,ONBA115F6,1495000.0,,АСЫЛБЕК Е. 920130300920,920130300920,Референс 3562836483 PHONE_NUMBER 7074267247 Прочие безвозмездные переводы денег RRN=25718D534765 Внешний референс: 0325718831488373,
18.07.2025,1194,,1495000.0,"""BUILD COMPANY AKTOBE"" 200540016957",200540016957,"Референс 3562810470 За профессиональные, научные и технические услуги. Оплата услуг согласно СО №38 от 02.06.2025 г. Сумма 1 495 000-00 тенге без НДС. Внешний референс: GRS0273262387349",
16.07.2025,ONB9EB72C,84000.0,,АСЫЛБЕК Е. 920130300920,920130300920,Референс 3560464378 PHONE_NUMBER 7074267247 Прочие безвозмездные переводы денег RRN=25716D475764 Внешний референс: 0325716830711589,
16.07.2025,1,,84000.0,ТӘЖІМБЕТ ОРЫНБЕК ӘБУҰЛЫ 701203300588,701203300588,"Референс 3560057650 Платежи за товары, за исключением недвижимости и товаров с кодами назначения платежа 711, 712 и 713 на сумму 84,000.00 тенге, без НДС согл.счета на оплату № 50 от 16.07.2025 за модемы и счетчик на воду Гришина 11А Внешний референс: NB25716113750103",
15.07.2025,ONBB8AF61,1186000.0,,АСЫЛБЕК Е. 920130300920,920130300920,Референс 3558965890 PHONE_NUMBER 7074267247 Прочие безвозмездные переводы денег RRN=25715D440380 Внешний референс: 0325715830171047,
15.07.2025,706,,1186000.0,"""Nomad Stroy Batys"" 101140000264",101140000264,"Референс 3558912460 Согласно счета на оплату № 49 от 15,07,2025 за услуги монтажа Сумма 1 186 000-00 тенге без налога Внешний референс: ATB2571594210237",
11.07.2025,ONBC9BA58,148500.0,,АСЫЛБЕК Е. 920130300920,920130300920,Референс 3555176109 PHONE_NUMBER 7074267247 Прочие безвозмездные переводы денег RRN=25711D347020 Внешний референс: 0325711829128685,
11.07.2025,003606273622,1500.0,,Актюбинский Областной Народного Банка Казахстана 961141000023,121002191221,Референс 3555021257 Оплата К2 CMSTAKE Комиссия за ведение счета KZ94601A121002191221 за 06 месяц Внешний референс: 0325711829096968,
11.07.2025,36,,150000.0,ИМПУЛЬС ПУЛЬСАР 900117401465,900117401465,Референс 3555017224 За товары. За товары по счету на оплату № 48 от 11 июля 2025 г. Внешний референс: SMP0271560057744,
27.06.2025,ONB4FECCE,28000.0,,АСЫЛБЕК Е. 920130300920,920130300920,Референс 3537581007 PHONE_NUMBER 7074267247 Прочие безвозмездные переводы денег RRN=25627D936843 Внешний референс: 0325627824012937 2,
27.06.2025,128,,28000.0,"Коллегия адвокатов ""Актюбинская областная коллегия адвокатов"" 971240001206",971240001206,"Референс 3537565554 Оплата счет на оплату № 44 от 27 июня 2025г. за латунный счетчик XB DN 15 . латунный счетчик ГВ DN 15. Без НДС. Платежи за товары, за исключением недвижимости и товаров с кодами назначения платежей 711, 712 и 713, Внешний референс: ATB2562775492481",
20.06.2025,ONBD7CE68,120000.0,,АСЫЛБЕК Е. 920130300920,920130300920,Референс 3529921536 PHONE_NUMBER 7074267247 Прочие безвозмездные переводы денег RRN=25620D763808 Внешний референс: 0325620821724610,
20.06.2025,1148,,120000.0,"""ТОО Калам-Актобе"" 201040004422",201040004422,"Референс 3529889618 Оплата за услуги согласно счета №39 от 09.06.2025 г. Платежи за профессиональные, научные и технические услуги Внешний референс: ATB2562067417395",
19.06.2025,ONB5ADC7B,180000.0,,АСЫЛБЕК Е. 920130300920,920130300920,Референс 3529131909 PHONE_NUMBER 7074267247 Прочие безвозмездные переводы денег RRN=25619D746616 Внешний референс: 0325619821492890,
19.06.2025,977,,180000.0,"""BUILD COMPANY AKTOBE"" 200540016957",200540016957,"Референс 3529115808 За профессиональные, научные и технические услуги. Оплата услуг согласно СО №35 от 20.05.2025 г. Сумма 180 000-00 без НДС. Внешний референс: SMP0265929690814",
13.06.2025,ONBF521BB,235000.0,,АСЫЛБЕК Е. 920130300920,920130300920,Референс 3522685766 PHONE_NUMBER 7074267247 Прочие безвозмездные переводы денег RRN=25613D587471 Внешний референс: 0325613819540045,
13.06.2025,2659,,235000.0,Аманат Строй Компани 990740003340,990740003340,"Референс 3522675325 монтаж и пуско- наладочные работы сог. счета №42 от 13.06.2025 г. Платежи за профессиональные, научные и технические услуги, Внешний референс: 0325613819535974",
09.06.2025,ONBB50D45,158500.0,,АСЫЛБЕК Е. 920130300920,920130300920,Референс 3517612556 PHONE_NUMBER 7074267247 Прочие безвозмездные переводы денег RRN=25609D473361 Внешний референс: 0325609818000111,
09.06.2025,003552612961,1500.0,,Актюбинский Областной Народного Банка Казахстана 961141000023,121002191221,Референс 3517358279 Оплата К2 CMSTAKE Комиссия за ведение счета KZ94601A121002191221 за 05 месяц Внешний референс: 0325609817941946,
09.06.2025,6,,160000.0,"""Стройте Мир"" 031040002846",031040002846,"Референс 3517355765 Оплата сч 37 от 28,05,2025 г за настройку оборудования. Без НДС. Платежи за профессиональные, научные и технические услуги Внешний референс: ATB2560955903479",
23.05.2025,ONB6708D4,878500.0,,АСЫЛБЕК Е. 920130300920 Ситдыков Нуржан Нурланович 731025302235,920130300920,Референс 3497673624 PHONE_NUMBER 7074267247 Прочие безвозмездные переводы денег RRN=25523D46515 Внешний референс: 0325523812389902 Референс 3497094700 Услуги. Оплата за монтаж согласно счета на оплату №27 от 28.04.2025г Сумма 878 500-00 тенге без налога Внешний референс: 138639541,
21.05.2025,ONB81A2B5,232500.0,,АСЫЛБЕК Е. 920130300920,920130300920,Референс 3495456450 PHONE_NUMBER 7074267247 Прочие безвозмездные переводы денег RRN=25521D997812 Внешний референс: 0325521811650074,
20.05.2025,783,,20000.0,Build Company 200540016957,200540016957,Референс 3494250752 Оплата услуг согласно СО №33 от 14.05.2025 г. Сумма 20 000-00 без НДС Внешний референс: ATB2552034249058,
20.05.2025,ONB1A7AA7,875500.0,,"""ТОО ""AQUA DIGITAL"""" 221140023228",221140023228,"Референс 3493916027 возврат средств за не предоставленные товары Возврат средств за непредоставленные товары, Внешний референс: 0325520811095211 3",
19.05.2025,ONB0AAE3A,477500.0,,АСЫЛБЕК Е. 920130300920,920130300920,Референс 3492933673 PHONE_NUMBER 7074267247 Прочие безвозмездные переводы денег RRN=25519D944147 Внешний референс: 0325519810830486,
19.05.2025,1269,,1565500.0,"""SG Kurylys"" 060340011760",060340011760,"Референс 3492826313 Оплата за услуги, согласно счета №34 от 16.05.2025 года. Без НДС. Платежи за профессиональные, научные и технические услуги Внешний референс: ATB2551932953855",
16.05.2025,ONBAC99DE,118500.0,,АСЫЛБЕК Е. 920130300920,920130300920,Референс 3490840006 PHONE_NUMBER 7074267247 Прочие безвозмездные переводы денег RRN=25516D885322 Внешний референс: 0325516810287280,
16.05.2025,003516568272,1500.0,,Актюбинский Областной Народного Банка Казахстана 961141000023,121002191221,Референс 3490529083 Оплата К2 CMSTAKE Комиссия за ведение счета KZ94601A121002191221 за 04 месяц Внешний референс: 0325516810162425,
16.05.2025,1159,,120000.0,"""ТОО Калам-Актобе"" 201040004422",201040004422,"Референс 3490526391 Оплата за услуги согласно счета № 30 от 08.05.2025 г. Платежи за профессиональные, научные и технические услуги Внешний референс: ATB2551630491112",
18.04.2025,ONB99BAF8,120000.0,,АСЫЛБЕК Е. 920130300920,920130300920,Референс 3461556498 PHONE_NUMBER 7074267247 Прочие безвозмездные переводы денег RRN=25418D215165 Внешний референс: 0325418801641629,
18.04.2025,1106,,120000.0,"""ТОО Калам-Актобе"" 201040004422",201040004422,"Референс 3461548802 Оплата за услуги согласно счета № 24 от 02.04.2025 г. Платежи за профессиональные, научные и технические услуги Внешний референс: ATB2541801472102",
09.04.2025,ONBC6C170,55000.0,,АСЫЛБЕК Е. 920130300920,920130300920,Референс 3451803135 PHONE_NUMBER 7074267247 Прочие безвозмездные переводы денег RRN=25409D996340 Внешний референс: 0325409798693850,
09.04.2025,115,,55000.0,БерекетПроект 060240012398,060240012398,"Референс 3451551125 Услуги по технической поддержке информационных технологий (обновления 1с программы) согласно счет на оплату № 25 от 7 апреля 2025 года Платежи за профессиональные, научные и технические услуги, Внешний референс: 0325409798590544",
07.04.2025,ONB28E097,875500.0,,АСЫЛБЕК Е. 920130300920,920130300920,Референс 3449567727 PHONE_NUMBER 7074267247 Прочие безвозмездные переводы денег RRN=25407D950506 Внешний референс: 0325407798030641,
07.04.2025,31,,875500.0,"""ТОО ""AQUA DIGITAL"" 221140023228",221140023228,"Референс 3449509775 оплата по счету 26 от 07.04.2025 грузоперевозки. Без НДС. Платежи за профессиональные, научные и технические услуги Внешний референс: ATB2540790280195",
04.04.2025,ONBEBBF27,1576500.0,,АСЫЛБЕК Е. 920130300920,920130300920,Референс 3447146450 PHONE_NUMBER 7074267247 Прочие безвозмездные переводы денег RRN=25404D891062 Внешний референс: 0325404797469418,
04.04.2025,003453639770,1500.0,,Актюбинский Областной Народного Банка Казахстана 961141000023,121002191221,Референс 3446978846 Оплата К2 CMSTAKE Комиссия за ведение счета KZ94601A121002191221 за 03 месяц Внешний референс: 0325404797406950,
04.04.2025,657,,1578000.0,"Товарищество с ограниченной ответственностью ""Многопрофильная строительная фирма ""Мунайкурылыс"" 040240006304",040240006304,"Референс 3446962145 сог-но по счет на оплату №77 от 28,11.2024 г. за услуги по объекту Строительство десяти 9-эт-х 3-х секц-х кирпичных ж.д. в мкр №4 ""Нур-Актобе"" г.Актобе Сумма 1 578 000-00 тенге без НДС Внешний референс: KN25404564735601",
20.03.2025,ONBB73A9F,657000.0,,АСЫЛБЕК Е. 920130300920,920130300920,Референс 3432741402 PHONE_NUMBER 7074267247 Прочие безвозмездные переводы денег RRN=25320D564887 Внешний референс: 0325320793318829 4,
20.03.2025,150,,657000.0,"Товарищество с ограниченной ответственностью ""Строительная к 141140023479",141140023479,Референс 3432644469 Услуги. Оплата согласно эсф № 00000000023 от 19.03.2025 г Внешний референс: 135518255,
14.03.2025,ONB772B6A,60000.0,,АСЫЛБЕК Е. 920130300920,920130300920,Референс 3426394986 PHONE_NUMBER 7074267247 Прочие безвозмездные переводы денег RRN=25314D427483 Внешний референс: 0325314791336003,
14.03.2025,294,,60000.0,SATOM CONSTRUCTION 050140014953,050140014953,"Референс 3426266007 Оплата за услуги по тех.поддержке информационных технологий за январь и февраль, согласно счета на оплату № 22 от 03.03.25г. Сумма 60 000-00 тенге без НДС Платежи за компьютерные услуги, Внешний референс: 0325314791283912",
04.03.2025,ONBEFBFF7,99900.0,,АСЫЛБЕК Е. 920130300920,920130300920,Референс 3415178207 PHONE_NUMBER 7074267247 Прочие безвозмездные переводы денег RRN=25304D187045 Внешний референс: 0325304788167418,
04.03.2025,ONB0192F2,395100.0,,"""Актобе Импульс Пульсар"" 820104400062",820104400062,"Референс 3415164097 согл сч.ф.10 от 20.01.2025г.,за товары Платежи за товары, за исключением недвижимости и товаров с кодами назначения платежей 711, 712 и 713, Внешний референс: 0325304788162517",
04.03.2025,96,,495000.0,"""Астана-НД"" 140940010334",140940010334,"Референс 3414981665 Монтажный комплект, монтаж пуско-наладочные работы согласно счета № 16 от 03.03.2025г за ТОО "" Жастар құрылыс компаниясы"" БИН 070740018585. Без НДС. Платежи за профессиональные, научные и технические услуги Внешний референс: ATB2530455846133",
04.03.2025,ONB760045,655500.0,,АСЫЛБЕК Е. 920130300920,920130300920,Референс 3414668702 PHONE_NUMBER 7074267247 Прочие безвозмездные переводы денег RRN=25304D176989 Внешний референс: 0325304788032248,
03.03.2025,003405934511,1500.0,,Актюбинский Областной Народного Банка Казахстана 961141000023,121002191221,Референс 3414034281 Оплата К2 CMSTAKE Комиссия за ведение счета KZ94601A121002191221 за 02 месяц Внешний референс: 0325303787871111,
03.03.2025,113,,657000.0,"Товарищество с ограниченной ответственностью ""Строительная к 141140023479",141140023479,Референс 3414025122 Услуги. Оплата согласно счета № 19 от 28.02.2025 г Внешний референс: 134629686,
26.02.2025,ONB033037,120000.0,,АСЫЛБЕК Е. 920130300920,920130300920,Референс 3408802404 PHONE_NUMBER 7074267247 Прочие безвозмездные переводы денег RRN=25226D53908 Внешний референс: 0325226786211859,
26.02.2025,1109,,120000.0,"""ТОО Калам-Актобе"" 201040004422",201040004422,"Референс 3408788251 Оплата за услуги согласно счета № 18 от 26.02.2025 г. Платежи за профессиональные, научные и технические услуги Внешний референс: ATB2522648849759",
18.02.2025,ONBF125AD,303500.0,,АСЫЛБЕК Е. 920130300920,920130300920,Референс 3400489645 PHONE_NUMBER 7074267247 Прочие безвозмездные переводы денег RRN=25218D878239 Внешний референс: 0325218783573267,
18.02.2025,47,,303500.0,"""Стройте Мир"" 031040002846",031040002846,"Референс 3400482495 Оплата сч 15 от 18,02,2025 г за монтаж и пуско-наладочные работы Без НДС Платежи за профессиональные, научные и технические услуги Внешний референс: ATB2521839899492",
11.02.2025,ONB32DEB5,498000.0,,АСЫЛБЕК Е. 920130300920,920130300920,Референс 3394060448 PHONE_NUMBER 7074267247 Прочие безвозмездные переводы денег RRN=25211D738143 Внешний референс: 0325211781738340,
11.02.2025,76,,498000.0,"Товарищество с ограниченной ответственностью ""Concrete Beton"" 180340037094",180340037094,"Референс 3394029298 За работы.Согласно счета № 12 от 06.02.2025 г.Сумма 498 000-00 без НДС Платежи за профессиональные, научные и технические услуги Внешний референс: ATB2521133699365 5",
11.02.2025,ONB551F24,30000.0,,АСЫЛБЕК Е. 920130300920,920130300920,Референс 3393530205 PHONE_NUMBER 7074267247 Прочие безвозмездные переводы денег RRN=25211D727487 Внешний референс: 0325211781547835,
11.02.2025,25,,30000.0,"""Zharyk Batys"" 181040033201",181040033201,Референс 3393479057 Услуги. За монтаж и пуско-наладочные работы по счету на оплату №14 от 10.02.2025 г. Сумма 30 000-00 без НДС Внешний референс: 133589351,
07.02.2025,ONB2D6414,118500.0,,АСЫЛБЕК Е. 920130300920,920130300920,Референс 3389690825 PHONE_NUMBER 7074267247 Прочие безвозмездные переводы денег RRN=25207D644532 Внешний референс: 0325207780575169,
07.02.2025,003369589758,1500.0,,Актюбинский Областной Народного Банка Казахстана 961141000023,121002191221,Референс 3389684228 Оплата К2 CMSTAKE Комиссия за ведение счета KZ94601A121002191221 за 01 месяц Внешний референс: 0325207780571681,
07.02.2025,1084,,120000.0,"""ТОО Калам-Актобе"" 201040004422",201040004422,"Референс 3389680478 Оплата за услуги согласно счета № 6 от 03.02.2025 г. Платежи за профессиональные, научные и технические услуги Внешний референс: ATB2520729767926",
30.01.2025,ONBCBAB33,372400.0,,АСЫЛБЕК Е. 920130300920,920130300920,Референс 3381352240 PHONE_NUMBER 7074267247 Прочие безвозмездные переводы денег RRN=25130D478332 Внешний референс: 0325130778108344,
30.01.2025,120,,372400.0,Соллерс 100440022421,100440022421,"Референс 3381291940 за монтаж оборудования(счтчиков) согласно ЭСФ №6 от 21.01.2025г. Платежи за товары, за исключением недвижимости и товаров с кодами назначения платежей 711, 712 и 713, Внешний референс: 0325130778084167",
23.01.2025,ONBEDB380,25000.0,,АСЫЛБЕК Е. 920130300920,920130300920,Референс 3374472577 PHONE_NUMBER 7074267247 Прочие безвозмездные переводы денег RRN=25123D330695 Внешний референс: 0325123776048737,
23.01.2025,83,,25000.0,SATOM CONSTRUCTION 050140014953,050140014953,"Референс 3374460082 Оплата за услуги по тех.поддержке информационных технологий, согласно счета на оплату № 2 от 09.01.25г. Сумма 25 000-00 тенге без НДС Платежи за компьютерные услуги, Внешний референс: 0325123776043849",
13.01.2025,ONBB0D5F6,118500.0,,АСЫЛБЕК Е. 920130300920,920130300920,Референс 3364530565 PHONE_NUMBER 7074267247 Прочие безвозмездные переводы денег RRN=25113D120023 Внешний референс: 0325113773016710,
13.01.2025,003332141161,1500.0,,Актюбинский Областной Народного Банка Казахстана 961141000023,121002191221,Референс 3364488346 Оплата К2 CMSTAKE Комиссия за ведение счета KZ94601A121002191221 за 12 месяц Внешний референс: 0325113772998547,
13.01.2025,1042,,120000.0,"""ТОО Калам-Актобе"" 201040004422",201040004422,"Референс 3364480581 Оплата за услуги согласно счета № 4 от 09.01.2025 г. Платежи за профессиональные, научные и технические услуги Внешний референс: ATB2511305832820",
30.12.2024,ONBE1781A,60000.0,,АСЫЛБЕК Е. 920130300920,920130300920,Референс 3350484756 PHONE_NUMBER 7074267247 Прочие безвозмездные переводы денег RRN=24C30D879365 Внешний референс: 0324Z30769955251,
30.12.2024,2257,,60000.0,SATOM CONSTRUCTION 050140014953,050140014953,"Референс 3350423874 Оплата за услуги по тех.поддержке информационных технологий за ноябрь и декабрь, согласно счета на оплату № 81 от 27.12.24г. Сумма 60 000-00 тенге без НДС Платежи за компьютерные услуги, Внешний референс: 0324Z30769923601",
25.12.2024,ONBECCDC2,1397000.0,,АСЫЛБЕК Е. 920130300920,920130300920,Референс 3344924577 PHONE_NUMBER 7074267247 Прочие безвозмездные переводы денег RRN=24C25D753811 Внешний референс: 0324Z25768336630 6,
25.12.2024,2033,,1397000.0,"""BUILD COMPANY AKTOBE"" 200540016957",200540016957,"Референс 3344878543 За профессиональные, научные и технические услуги. Оплата услуг согласно Договор на оказание услуг №3. Сумма 1 397 000-00 тенге без НДС. Внешний референс: GRS0225324659607",
17.12.2024,ONBCC7CE4,135000.0,,АСЫЛБЕК Е. 920130300920,920130300920,Референс 3335771268 PHONE_NUMBER 7074267247 Прочие безвозмездные переводы денег RRN=24C17D544357 Внешний референс: 0324Z17765232627,
17.12.2024,388,,135000.0,Индивидуальный предприниматель Пархоменко Наталья Владимиров 531014401529,531014401529,Референс 3335593588 СОГЛ.СЧ. 65 ОТ 18.10.2024 ЗА ПУСКО-НАЛАДОЧНЫЕ РАБОТЫСумма 135 000-00 тенге без НДС Внешний референс: ATB24Z1778938772,
10.12.2024,ONB763B4B,92464.0,,АСЫЛБЕК Е. 920130300920,920130300920,Референс 3329855143 PHONE_NUMBER 7074267247 Прочие безвозмездные переводы денег RRN=24C10D401279 Внешний референс: 0324Z10763603970,
10.12.2024,408,,92464.0,"Товарищество с ограниченной ответственностью ""NS Gro 150840012081",150840012081,Референс 3329713085 Оплата согласно договора Договор 3 от 19.11.2024Сумма 92 464-00 тенге в т.ч. НДС(12%) 9 906-86 тенге Внешний референс: CNT24Z1072918686/002,
09.12.2024,ONBC71922,815500.0,,АСЫЛБЕК Е. 920130300920,920130300920,Референс 3328204060 PHONE_NUMBER 7074267247 Прочие безвозмездные переводы денег RRN=24C09D369467 Внешний референс: 0324Z09763085669,
09.12.2024,2406,,815500.0,"""Алым инжиниринг"" 990340009365",990340009365,"Референс 3328119419 Оплата за услуги. Без НДС. Платежи за профессиональные, научные и технические услуги Внешний референс: ATB24Z0971624052",
06.12.2024,ONB37CB80,100000.0,,АСЫЛБЕК Е. 920130300920,920130300920,Референс 3326157272 PHONE_NUMBER 7074267247 Прочие безвозмездные переводы денег RRN=24C06D319070 Внешний референс: 0324Z06762606608,
06.12.2024,402,,100000.0,"Товарищество с ограниченной ответственностью ""NS Gro 150840012081",150840012081,Референс 3326110878 Оплата согласно договора Договор 3 от 19.11.2024Сумма 100 000-00 тенге Внешний референс: ATB24Z0669362447,
06.12.2024,ONB3ED255,120000.0,,АСЫЛБЕК Е. 920130300920,920130300920,Референс 3325485652 PHONE_NUMBER 7074267247 Прочие безвозмездные переводы денег RRN=24C06D306158 Внешний референс: 0324Z06762362721,
06.12.2024,976,,120000.0,"""ТОО Калам-Актобе"" 201040004422",201040004422,"Референс 3325407829 Оплата за услуги согласно счета № 80 от 04.12.2024 г. Платежи за профессиональные, научные и технические услуги Внешний референс: ATB24Z0668902844",
06.12.2024,ONB683C2C,216000.0,,АСЫЛБЕК Е. 920130300920,920130300920,Референс 3325257582 PHONE_NUMBER 7074267247 Прочие безвозмездные переводы денег RRN=24C06D301017 Внешний референс: 0324Z06762277493,
06.12.2024,2128,,216000.0,SATOM CONSTRUCTION 050140014953,050140014953,"Референс 3325254392 Оплата за услуги по тех.поддержке информационных технологий за сентябрь, октябрь и за проектирование, согласно счета на оплату № 81 от 04.12.24г. Сумма 216 000-00 тенге без НДС Платежи за профессиональные, научные и технические услуги, Внешний референс: 0324Z06762276335",
03.12.2024,ONBF12205,498500.0,,АСЫЛБЕК Е. 920130300920,920130300920,Референс 3321749260 PHONE_NUMBER 7074267247 Прочие безвозмездные переводы денег RRN=24C03D230698 Внешний референс: 0324Z03761208745,
03.12.2024,003287712238,1500.0,,Актюбинский Областной Народного Банка Казахстана 961141000023,121002191221,Референс 3321652848 Оплата К2 CMSTAKE Комиссия за ведение счета KZ94601A121002191221 за 11 месяц Внешний референс: 0324Z03761167468 7,
03.12.2024,46,,500000.0,"Товарищество с ограниченной ответственностью ""Алан и 130840018473",130840018473,"Референс 3321645562 оплата согл.счета #79 от 03.12.2024г транспортные услуги Платежи за профессиональные, научные и технические услуги. Внешний референс: 7724Z03005555524",
29.11.2024,ONB9A7C48,97500.0,,АСЫЛБЕК Е. 920130300920,920130300920,Референс 3317934791 PHONE_NUMBER 7074267247 Прочие безвозмездные переводы денег RRN=24B29D148007 Внешний референс: 0324S29760116443,
29.11.2024,ONB5BF6C1,,97500.0,Индивидуальный предприниматель Мубараков Айса Каратауович 710906300083,710906300083,"Референс 3317920610 оплата согласно счета 48 от 6 августа 2024г Платежи за профессиональные, научные и технические услуги, Внешний референс: 0324S29760111491",
20.11.2024,ONBDCD7A0,250000.0,,АСЫЛБЕК Е. 920130300920,920130300920,Референс 3308635413 PHONE_NUMBER 7074267247 Прочие безвозмездные переводы денег RRN=24B20D950266 Внешний референс: 0324S20757020849,
20.11.2024,396,,250000.0,"Товарищество с ограниченной ответственностью ""NS Gro 150840012081",150840012081,Референс 3308601906 Оплата согласно договора Договор 3 от 19.11.2024Сумма 250 000-00 тенге Внешний референс: ATB24S2051745313,
15.11.2024,ONB04C44B,310000.0,,АСЫЛБЕК Е. 920130300920,920130300920,Референс 3304391307 PHONE_NUMBER 7074267247 Прочие безвозмездные переводы денег RRN=24B15D852646 Внешний референс: 0324S15755711309,
15.11.2024,627,,310000.0,Mart Construction 010240005207,010240005207,"Референс 3304341846 Оплата по счету № 75 от 14.11. 2024г. Сумма 310 000-00 тенге без НДС Платежи за профессиональные, научные и технические услуги, Внешний референс: 0324S15755692493",
14.11.2024,ONB87ED4B,780250.0,,АСЫЛБЕК Е. 920130300920,920130300920,Референс 3303498575 PHONE_NUMBER 7074267247 Прочие безвозмездные переводы денег RRN=24B14D833839 Внешний референс: 0324S14755420308,
14.11.2024,3630,,780250.0,Товарищество с ограниченной ответственностью САРТАЙ ЭНЕРГО С 070240022179,070240022179,"Референс 3303392072 Предоплата за монтаж и пуско-наладочные раб, 7-9к.,ЖК Алия,согл АВР от 12.11.2024г. Сумма 780 250-00 тенге Внешний референс: KN24S14388771445",
06.11.2024,ONB2740B2,118500.0,,АСЫЛБЕК Е. 920130300920,920130300920,Референс 3294787985 PHONE_NUMBER 7074267247 Прочие безвозмездные переводы денег RRN=24B06D654082 Внешний референс: 0324S06752788533,
06.11.2024,003257309192,1500.0,,Актюбинский Областной Народного Банка Казахстана 961141000023,121002191221,Референс 3294771481 Оплата К2 CMSTAKE Комиссия за ведение счета KZ94601A121002191221 за 10 месяц Внешний референс: 0324S06752781972,
06.11.2024,906,,120000.0,"Товарищество с ограниченной ответственностью ""Калам- Актобе"" 201040004422",201040004422,"Референс 3294768080 Оплата за услуги согласно счета № 74 от 04.11.2024 Платежи за профессиональные, научные и технические услуги Внешний референс: AOF24S0638164395",
17.10.2024,ONB00026B,601800.0,,АСЫЛБЕК Е. 920130300920,920130300920,Референс 3276364876 PHONE_NUMBER 7074267247 Прочие безвозмездные переводы денег RRN=24A17D268487 Внешний референс: 0324Q17747106830,
17.10.2024,ONB34C9E5,1000000.0,,АСЫЛБЕК Е. 920130300920,920130300920,Референс 3276050569 PHONE_NUMBER 7074267247 Прочие безвозмездные переводы денег RRN=24A17D261625 Внешний референс: 0324Q17746970018,
17.10.2024,2340,,1601800.0,"""ЕРЗАТ"" 920940000559",920940000559,"Референс 3276035204 За монтаж и пуско- наладочные работы. Согл.счеь №63 от 03.10.2024 г. Платежи за профессиональные, научные и технические услуги Внешний референс: ATB24Q1718526143",
10.10.2024,ONB5E7F42,120000.0,,АСЫЛБЕК Е. 920130300920,920130300920,Референс 3269129305 PHONE_NUMBER 7074267247 Прочие безвозмездные переводы денег RRN=24A10D114397 Внешний референс: 0324Q10744759050 8,
10.10.2024,906,,120000.0,"Товарищество с ограниченной ответственностью ""Калам- Актобе"" 201040004422",201040004422,"Референс 3269121222 Оплата за услуги согласно счета № 64 от 07.10.2024 Платежи за профессиональные, научные и технические услуги Внешний референс: ATB24Q1011647203",
10.10.2024,ONB0555FF,220000.0,,АСЫЛБЕК Е. 920130300920,920130300920,Референс 3268978096 PHONE_NUMBER 7074267247 Прочие безвозмездные переводы денег RRN=24A10D110606 Внешний референс: 0324Q10744706275,
09.10.2024,ONB67B90E,1000000.0,,АСЫЛБЕК Е. 920130300920,920130300920,Референс 3268210380 PHONE_NUMBER 7074267247 Прочие безвозмездные переводы денег RRN=24A09D97665 Внешний референс: 0324Q09744482156,
09.10.2024,003227256775,1500.0,,Актюбинский Областной Народного Банка Казахстана 961141000023,121002191221,Референс 3268160556 Оплата К2 CMSTAKE Комиссия за ведение счета KZ94601A121002191221 за 09 месяц Внешний референс: 0324Q09744463373,
09.10.2024,466,,1221500.0,"""Esentai Holding"" 001240002878",001240002878,"Референс 3268157813 СОГЛ СЧ НА ОПАЛАТУ № 36 от 03.10.2024 г монтажипускрналад. работы Сумма 1 221 500- 00 тенге в т.ч. НДС(12%) 130 875-00 тенге Платежи за профессиональные, научные и технические услуги Внешний референс: ATB24Q0910914251",
27.09.2024,ONBF3B0CD,12000.0,,АСЫЛБЕК Е. 920130300920,920130300920,Референс 3256399120 PHONE_NUMBER 7074267247 Прочие безвозмездные переводы денег RRN=24927D857551 Внешний референс: 0324927740840825,
27.09.2024,3721,,12000.0,АЙМАРСТРОЙСЕРВИС 061040011107,061040011107,"Референс 3256243804 Монтаж и пуско- наладочные работы на объекте ФОК Заречный, согласно счета на оплату №61 от 26.09.2024г. Без НДС Платежи за профессиональные, научные и технические услуги Внешний референс: ATB2492799183647",
23.09.2024,ONBCCB3DC,12000.0,,АСЫЛБЕК Е. 920130300920,920130300920,Референс 3251696217 PHONE_NUMBER 7074267247 Прочие безвозмездные переводы денег RRN=24923D769877 Внешний референс: 0324923739224519,
23.09.2024,3677,,12000.0,АЙМАРСТРОЙСЕРВИС 061040011107,061040011107,"Референс 3251620383 Пуско-наладочные работы на объекте ФОК Нокина, согласно счета на оплату №58 от 18.09.2024г. Без НДС Платежи за профессиональные, научные и технические услуги Внешний референс: ATB2492394196011",
20.09.2024,ONBA52042,247500.0,,АСЫЛБЕК Е. 920130300920,920130300920,Референс 3249903691 PHONE_NUMBER 7074267247 Прочие безвозмездные переводы денег RRN=24920D727457 Внешний референс: 0324920738773330,
20.09.2024,743,,247500.0,ASAR Group-2030 221140012599,221140012599,"Референс 3249881891 Согласно счета на оплату № 59 от 19,09,2024 за монтажные работы Сумма 247 500-00 тенге без налога Платежи за профессиональные, научные и технические услуги Внешний референс: ATB2492092073231",
20.09.2024,ONB9ABD00,140000.0,,АСЫЛБЕК Е. 920130300920,920130300920,Референс 3249441921 PHONE_NUMBER 7074267247 Прочие безвозмездные переводы денег RRN=24920D716753 Внешний референс: 0324920738581127,
19.09.2024,ONBDF5552,1000000.0,,АСЫЛБЕК Е. 920130300920 Ситдыков Нуржан Нурланович 731025302235,920130300920,Референс 3248946012 PHONE_NUMBER 7074267247 Прочие безвозмездные переводы денег RRN=24919D708036 Внешний референс: 0324919738459397 Референс 3248889611 Услуги. Оплата за монтаж согласно счета на оплату №49 от 08.08.2024г Сумма 1 140 000-00 тенге без налога Внешний референс: 126591919,
12.09.2024,ONBA522C9,750200.0,,АСЫЛБЕК Е. 920130300920,920130300920,Референс 3242281989 PHONE_NUMBER 7074267247 Прочие безвозмездные переводы денег RRN=24912D565798 Внешний референс: 0324912736320072 9,
12.09.2024,312,,750200.0,"""OKA-15"" 001140003862",001140003862,"Референс 3242259495 Оплата за монтаж сетей прибора учета и пуско-наладки согласно договора № 4 от 10.07.2024г. Без НДС Платежи за профессиональные, научные и технические услуги Внешний референс: ATB2491284567091",
11.09.2024,ONB9642FA,513500.0,,АСЫЛБЕК Е. 920130300920,920130300920,Референс 3241578889 PHONE_NUMBER 7074267247 Прочие безвозмездные переводы денег RRN=24911D553108 Внешний референс: 0324911736116800,
11.09.2024,905,,513500.0,ЛимитСервисГрупп 210440003071,210440003071,"Референс 3241489418 Перечисляется на осн.АВР №33 от 20 мая 2024 г. Платежи за профессиональные, научные и технические услуги, Внешний референс: 0324911736088180",
11.09.2024,ONB76AAC9,82000.0,,АСЫЛБЕК Е. 920130300920,920130300920,Референс 3241373530 PHONE_NUMBER 7074267247 Прочие безвозмездные переводы денег RRN=24911D548848 Внешний референс: 0324911736042684,
11.09.2024,157,,82000.0,"""АЛЬЯНС ТРЕЙД АКТОБЕ"" 180940008726",180940008726,"Референс 3241331295 Услуги. Услуги программиста,согласно счета №57 от 11 сентября 2024 года Внешний референс: 126177633",
06.09.2024,ONB82CBA6,120000.0,,АСЫЛБЕК Е. 920130300920,920130300920,Референс 3236577798 PHONE_NUMBER 7074267247 Прочие безвозмездные переводы денег RRN=24906D455111 Внешний референс: 0324906734645972,
06.09.2024,789,,120000.0,"Товарищество с ограниченной ответственностью ""Калам- Актобе"" 201040004422",201040004422,"Референс 3236533041 Оплата за услуги согласно счета № 53 от 02.09.2024 Платежи за профессиональные, научные и технические услуги Внешний референс: ATB2490679253742",
03.09.2024,ONB9DD08F,10500.0,,АСЫЛБЕК Е. 920130300920,920130300920,Референс 3233244208 PHONE_NUMBER 7074267247 Прочие безвозмездные переводы денег RRN=24903D393727 Внешний референс: 0324903733596295,
03.09.2024,003187258337,1500.0,,Актюбинский Областной Народного Банка Казахстана 961141000023,121002191221,Референс 3233013362 Оплата К2 CMSTAKE Комиссия за ведение счета KZ94601A121002191221 за 08 месяц Внешний референс: 0324903733508824,
03.09.2024,2,,12000.0,"""SK Стар Монтаж"" 100440006340",100440006340,"Референс 3233009943 В т.ч. НДС 1285.71 Платежи за профессиональные, научные и технические услуги Монтаж и пуско- наладочные работы согласно счета на оплату №55 от 03.09.2024г. Внешний референс: ATB2490376003347",
22.08.2024,ONBA34471,928500.0,,АСЫЛБЕК Е. 920130300920,920130300920,Референс 3221945082 PHONE_NUMBER 7074267247 Прочие безвозмездные переводы денег RRN=24822D164034 Внешний референс: 0324822730010463,
21.08.2024,ONBD1EF97,1000000.0,,АСЫЛБЕК Е. 920130300920,920130300920,Референс 3221762889 PHONE_NUMBER 7074267247 Прочие безвозмездные переводы денег RRN=24821D160442 Внешний референс: 0324821729955839,
21.08.2024,732,,1928500.0,"""НС АКТОБЕ ЖИЛОЙ ГРУПП"" 080740002441",080740002441,"Референс 3221738568 За профессиональные, научные и технические услуги. За услуги согласно ЭСФ №00000000055 от 21.08.2024 Сумма 1 928 500-00 тенге без налога. Внешний референс: GRS0198467553270",
12.08.2024,ONBBEC7E9,29400.0,,АСЫЛБЕК Е. 920130300920,920130300920,Референс 3213070625 PHONE_NUMBER 7074267247 Прочие безвозмездные переводы денег RRN=24812D988326 Внешний референс: 0324812727138900,
12.08.2024,922085,,29400.0,"АО ""Фридом Банк Казахстан"" в г.Актобе 110141006119",110141006119,Референс 3212912819 Оплата за услуги (Монтаж и пуско-наладочные работы по установке счетчиков гор. и хол. воды) Согласно счёту №41 от 06.08.24. Без учета НДС. Внешний референс: KN24812331036236 10,
09.08.2024,ONB4F8965,780250.0,,АСЫЛБЕК Е. 920130300920,920130300920,Референс 3211020953 PHONE_NUMBER 7074267247 Прочие безвозмездные переводы денег RRN=24809D941908 Внешний референс: 0324809726642826,
09.08.2024,2603,,780250.0,"""Сартай Энерго 070240022179",070240022179,"Референс 3211002778 Предоплата за монтаж и пуско-наладочные раб, 7-9к.,ЖК Алия,согл счету №44 от 02.08.2024г. Сумма 780 250-00 тенге.Платежи за профессиональные, научные и технические услуги Внешний референс: 7724809959857143",
07.08.2024,ONB59C6D8,80000.0,,АСЫЛБЕК Е. 920130300920,920130300920,Референс 3208241542 PHONE_NUMBER 7074267247 Прочие безвозмездные переводы денег RRN=24807D892662 Внешний референс: 0324807725733296,
07.08.2024,821,,80000.0,"Товарищество с ограниченной ответственностью ""Калам- Актобе"" 201040004422",201040004422,"Референс 3208225638 Оплата за услуги согласно счета № 47 от 05.08.2024 Платежи за профессиональные, научные и технические услуги Внешний референс: ATB2480750609846",
02.08.2024,ONB7791CF,6500.0,,АСЫЛБЕК Е. 920130300920,920130300920,Референс 3204137836 PHONE_NUMBER 7074267247 Прочие безвозмездные переводы денег RRN=24802D816814 Внешний референс: 0324802724581192,
02.08.2024,3066,,6500.0,ALTYNEX COMPANY 150740015974,150740015974,"Референс 3203913603 Монтаж пуско- наладочные работы, сч.№43 от 01.08.2024г. Проф.,научные и технич.услуги Внешний референс: NB24802081239148/002",
31.07.2024,003151002394,1500.0,,Актюбинский Областной Народного Банка Казахстана 961141000023,121002191221,Референс 3200978514 CMSTAKE Комиссия за ведение счета KZ94601A121002191221 за 07 месяц Внешний референс: 0324731723475967,
30.07.2024,ONB51AEB5,12000.0,,АСЫЛБЕК Е. 920130300920,920130300920,Референс 3200305072 PHONE_NUMBER 7074267247 Прочие безвозмездные переводы денег RRN=24730D749883 Внешний референс: 0324730723244412,
30.07.2024,ONB3JQDHW,,10000.0,СтройМастерКласс 070740005058,070740005058,"Референс 3200032671 По счету на оплату #42 от 30.07.2024 Платежи за товары, за исключением недвижимости и товаров с кодами назначения платежей 711, 712 и 713, Внешний референс: 0324730723136716",
05.07.2024,ONB3578A8,75000.0,,АСЫЛБЕК Е. 920130300920,920130300920,Референс 3177897148 PHONE_NUMBER 7074267247 Прочие безвозмездные переводы денег RRN=24705D324239 Внешний референс: 0324705716343554,
05.07.2024,003125159305,1500.0,,Актюбинский Областной Народного Банка Казахстана 961141000023,121002191221,Референс 3177892424 Оплата К2 CMSTAKE Комиссия за ведение счета KZ94601A121002191221 за 06 месяц Внешний референс: 0324705716343589,
05.07.2024,789,,80000.0,"Товарищество с ограниченной ответственностью ""Калам- Актобе"" 201040004422",201040004422,"Референс 3177888517 Оплата за услуги согласно счета № 34 от 03.07.2024 Платежи за профессиональные, научные и технические услуги Внешний референс: CNT2470520280751/005",
20.06.2024,ONBA1A659,53000.0,,АСЫЛБЕК Е. 920130300920,920130300920,Референс 3161750063 PHONE_NUMBER 7074267247 Прочие безвозмездные переводы денег RRN=24620D36695 Внешний референс: 0324620711123314,
19.06.2024,ONB4D7AE0,1000000.0,,АСЫЛБЕК Е. 920130300920,920130300920,Референс 3160999676 PHONE_NUMBER 7074267247 Прочие безвозмездные переводы денег RRN=24619D23305 Внешний референс: 0324619710899877,
19.06.2024,618,,1053000.0,"""Компания Мирас- 070740016132",070740016132,Референс 3160970179 Услуги. Согласно счета на оплату №30 от 19.06.2024г. за монтаж и пуско-наладочные работы Внешний референс: 122101838,
12.06.2024,ONB67ADF0,56000.0,,АСЫЛБЕК Е. 920130300920,920130300920,Референс 3154788256 PHONE_NUMBER 7074267247 Прочие безвозмездные переводы денег RRN=24612D903498 Внешний референс: 0324612709038727 11,
12.06.2024,133,,56000.0,"""ВЕСТ- ПРОМСТРОЙ"" 070240030090",070240030090,"Референс 3154766659 Услуги программиста,согласно счета №;21 от 28 мая 2024 года",
12.06.2024,ONB31498A,418380.0,,АСЫЛБЕК Е. 920130300920,920130300920,Референс 3154677539 PHONE_NUMBER 7074267247 Прочие безвозмездные переводы денег RRN=24612D900944 Внешний референс: 0324612708998375,
12.06.2024,489,,418380.0,"""Каспий Нефть ТМЕ"" 000440004551",000440004551,"Референс 3154641996 Рукав напорный для пожарной техники, ствол пожарный, ручной ствол согл сч-ф №42 от 28.05.2024г. Внешний референс: KZ20240612205099",
07.06.2024,ONBBA8C35,19500.0,,АСЫЛБЕК Е. 920130300920,920130300920,Референс 3150734323 PHONE_NUMBER 7074267247 Прочие безвозмездные переводы денег RRN=24607D824585 Внешний референс: 0324607707940358,
07.06.2024,003094288082,1500.0,,Актюбинский Областной Народного Банка Казахстана 961141000023,121002191221,Референс 3150434890 Оплата К2 CMSTAKE Комиссия за ведение счета KZ94601A121002191221 за 05 месяц Внешний референс: 0324607707828116,
07.06.2024,589,,21000.0,Соллерс 100440022421,100440022421,"Референс 3150428301 за монтаж и пуско- наладочные работы согласно счета №29 от 04.06.2024г. Платежи за профессиональные, научные и технические услуги, Внешний референс: 0324607707826568",
31.05.2024,ONBF9893A,127000.0,,ЕШМУХАНОВ А.Қ.COM 920130300920,920130300920,"Референс 3142710960 Onlinebank Переводы клиентом денег с одного своего текущего счета, открытого в банке, ф-ле банка-нерез-та РК на другой свой текущий счет, открытый в данном банке, в ф-ле данного банка-нерез-та РК RRN=24531D691813 Внешний референс: 0324531705585449",
31.05.2024,92,,127000.0,Жылыойсу 231040015969,231040015969,"Референс 3142703043 Согласно Сч№27 от 31.05.2024г. за счетчик фланцевый ВТ-80 Х тубинный (корпус-чугун). Сумма 127 000-00 тенге без НДС Платежи за товары, за исключением недвижимости и товаров с кодами назначения платежей 711, 712 и 713, Внешний референс: 1224531705581408",
30.05.2024,ONB52E11F,11000.0,,ЕШМУХАНОВ А.Қ.COM 920130300920,920130300920,"Референс 3142011208 Onlinebank Переводы клиентом денег с одного своего текущего счета, открытого в банке, ф-ле банка-нерез-та РК на другой свой текущий счет, открытый в данном банке, в ф-ле данного банка-нерез-та РК RRN=24530D680988 Внешний референс: 0324530705315594",
30.05.2024,ONB99FE73,146000.0,,"КУЗБАЕВА САЛИХА БАЗАРБАЕВНА (ИП ""Актобе Импульс Пульсар"") 820104400062",820104400062,"Референс 3141892307 согл акт сверки от 30.05.2024г., за товары Платежи за товары, за исключением недвижимости и товаров с кодами назначения платежей 711, 712 и 713, Внешний референс: 0324530705262736",
30.05.2024,52,,157000.0,Козыбаков Улан Ермекович 880330300511,880330300511,Референс 3141787659 За товар. Оплата за счётчик ультразвуковой с цифровым выходом RS-485 TBX Пульсар У DN20 согласно счета№26 от 30.05.2024 года Внешний референс: 121217771,
20.05.2024,ONB7DB6CD,14000.0,,ЕШМУХАНОВ АСЫЛБЕК ҚАЗЕНҰЛЫ Ешмуханов) 920130300920,920130300920,"Референс 3132665370 перевод Прочие безвозмездные переводы денег, Внешний референс: 0324520702217657",
17.05.2024,9219,,14000.0,"""Микрофинансовая организация ""R-Finance"" 171040011328",171040011328,"Референс 3130584884 Услуги по ремонту. Оплата за монтаж пуско-наладочные работы, согл счета №19 от 16.05.24г г. Актобе Сумма 14 000-00 тенге без налога Внешний референс: 120612019",
