﻿Дата,Номер документа,Дебет,Кредит,Контрагент (имя),Контрагент ИИН/БИН,Детали платежа,КНП
23.12.2023,ONBA699DA,,800.0,ТАУБАЕВА А.Ж.COM 870201403023,870201403023,"Референс 3002402639 Onlinebank, Переводы клиентом денег с одного своего текущего счета, открытого в банке, на другой свой текущий счет, открытый в данном банке",
24.11.2023,ONBC87171,50000.0,,ЕСБОЛАТ К. 850706302704,850706302704,Референс 2977488038 PHONE_NUMBER 7785698939 Прочие безвозмездные переводы денег RRN=23B24D792858,
24.11.2023,ONB0BF5A3,1343540.0,,АКЖИГИТ Ш. 860915301279,860915301279,Референс 2977484553 PHONE_NUMBER 7757121222 Прочие безвозмездные переводы денег RRN=23B24D792773,
24.11.2023,ONBT43D1X,,1393541.0,BADEN 931219400132,931219400132,"Референс 2977441738 На осн эсф 22 от 23.11.23 Платежи за профессиональные, научные и технические услуги,",
08.11.2023,ONB1CFD4E,110010.0,,ТАУБАЕВА А.Ж.COM 870201403023,870201403023,"Референс 2963872917 Onlinebank Переводы клиентом денег с одного своего текущего счета, открытого в банке, на другой свой текущий счет, открытый в данном банке RRN=23B08D565911",
08.11.2023,131694666,,110010.0,"Коммунальное государственное учреждение ""Аксайский ока 161140001719",161140001719,"Референс 2963861540 СФ# 2562014/23-877 за 07.11.2023 ЗП# 7247638 Ст.- Окончательный.7247638 11.10.2023 Приобретение машин,оборудования,инструментов,производс твенного и хозяйственного инвентаря (жироуловитель) счет-фактура№ESF- 870201403023-20231013-20398883",
02.11.2023,ONB7ED043,892489.0,,ТАУБАЕВА А.Ж.COM 870201403023,870201403023,"Референс 2958470938 Onlinebank Переводы клиентом денег с одного своего текущего счета, открытого в банке, на другой свой текущий счет, открытый в данном банке RRN=23B02D477934",
02.11.2023,ONBF407F5,950000.0,,ЕСБОЛАТ К. 850706302704,850706302704,Референс 2958467684 PHONE_NUMBER 7785698939 Прочие безвозмездные переводы денег RRN=23B02D477887,
02.11.2023,002887093936,150356.03,,Атырауский Областной Народного Банка Казахстана 970541000638,970541000638,"Референс 2958465332 Погашение со счета KZ936010141000405041 вид начисления - Проценты по кредиту в сумме 150356.03 по договору D211969241.721808, по клиенту ИНДИВИДУАЛЬНЫЙ ПРЕДПРИНИМАТЕЛЬ IZGI ZHOL",
02.11.2023,002887093950,7007155.11,,Атырауский Областной Народного Банка Казахстана 970541000638,970541000638,"Референс 2958465344 Погашение со счета KZ936010141000405041 вид начисления - Основной долг в сумме 7007155.11 по договору D211969241.721808, по клиенту ИНДИВИДУАЛЬНЫЙ ПРЕДПРИНИМАТЕЛЬ IZGI ZHOL",
02.11.2023,3638,,9000000.0,Некоммерческое акционерное общество Казахский национальный 990240005438,990240005438,"Референс 2958453494 Оплата за работы по ремонту жилых зданий\сооружений\помещений (текущий ремонт помещений УК2 ),согласно акт выполненных работ №230269\00\1 от 27.10.2023 г. Сумма 9 000 000-00 тенге в т.ч. НДС(без НДС) 0-00 тенге Платежи за строительные услуги",
01.11.2023,ONB5ABE49,145652.0,,ТАУБАЕВА А.Ж.COM 870201403023,870201403023,"Референс 2958035852 Onlinebank Переводы клиентом денег с одного своего текущего счета, открытого в банке, на другой свой текущий счет, открытый в данном банке RRN=23B01D472847",
31.10.2023,ONB1F3910,10000.0,,ТАУБАЕВА А.Ж.COM 870201403023,870201403023,"Референс 2956713015 Onlinebank Переводы клиентом денег с одного своего текущего счета, открытого в банке, на другой свой текущий счет, открытый в данном банке RRN=23A31D449960",
29.10.2023,ONB1451CD,30000.0,,ТАУБАЕВА А.Ж.COM 870201403023,870201403023,"Референс 2954864915 Onlinebank Переводы клиентом денег с одного своего текущего счета, открытого в банке, на другой свой текущий счет, открытый в данном банке RRN=23A29D425257",
29.10.2023,002882771943,148.5,,Атырауский Областной Народного Банка Казахстана 970541000638,970541000638,"Референс 2954730781 Комиссия за операцию ""Простой перевод обычной срочности"" согласно тарифам банкаРасчетный документ № ONB40F689 от 30.10.23 на сумму 99 000.00 KZT. НДС не облагается.",
29.10.2023,ONB40F689,99000.0,,"""Казахский национальный женский педагогический университет"" 990240005438",990240005438,"Референс 2954730779 неустойку Платежи за профессиональные, научные и технические услуги,",
28.10.2023,ONB85634C,15200.0,,ТАУБАЕВА А.Ж.COM 870201403023,870201403023,"Референс 2954514576 Onlinebank Переводы клиентом денег с одного своего текущего счета, открытого в банке, на другой свой текущий счет, открытый в данном банке RRN=23A28D415703",
26.10.2023,6,200000.0,,Центр электронных финансов 071140005693,071140005693,"Референс 2952774769 Оплата за услугу поиспользованию веб- портала государственных закупок Платежи за профессиональные, научные и технические услуги,",
26.10.2023,ONBF73AD6,,500000.0,ТАУБАЕВА А.Ж.COM 870201403023,870201403023,"Референс 2952764424 Onlinebank, Переводы клиентом денег с одного своего текущего счета, открытого в банке, на другой свой текущий счет, открытый в данном банке",
20.10.2023,ONB1B294D,150126.0,,ТАУБАЕВА А.Ж.COM 870201403023,870201403023,"Референс 2948685854 Onlinebank Переводы клиентом денег с одного своего текущего счета, открытого в банке, на другой свой текущий счет, открытый в данном банке RRN=23A20D317834",
20.10.2023,1273,,150000.0,Жылыойсу 080740017747,080740017747,"Референс 2948645322 Сумма 150 000-00 тенге без НДС Платежи за товары, за исключением недвижимости и товаров с кодами назначения платежей 711, 712 и 713,",
05.10.2023,002862004369,195844.89,,Атырауский Областной Народного Банка Казахстана 970541000638,970541000638,"Референс 2935685620 Погашение со счета KZ936010141000405041 вид начисления - Основной долг в сумме 195844.89 по договору D211969241.721808, по клиенту ИНДИВИДУАЛЬНЫЙ ПРЕДПРИНИМАТЕЛЬ IZGI ZHOL",
05.10.2023,002862002596,217526.6,,Атырауский Областной Народного Банка Казахстана 970541000638,970541000638,"Референс 2935683110 Погашение со счета KZ936010141000405041 вид начисления - Проценты по кредиту в сумме 217526.6 по договору D211969241.721808, по клиенту ИНДИВИДУАЛЬНЫЙ ПРЕДПРИНИМАТЕЛЬ IZGI ZHOL",
04.10.2023,ONB9FE90E,,413399.0,ТАУБАЕВА А.Ж.COM 870201403023,870201403023,"Референс 2935139557 Onlinebank, Переводы клиентом денег с одного своего текущего счета, открытого в банке, на другой свой текущий счет, открытый в данном банке",
30.09.2023,ONB53935D,810300.0,,ЕСБОЛАТ К. 850706302704,850706302704,Референс 2931685845 PHONE_NUMBER 7785698939 Прочие безвозмездные переводы денег RRN=23930D35549,
30.09.2023,ONB8F06E9,,810300.0,ТАУБАЕВА А.Ж.COM 870201403023,870201403023,"Референс 2931683340 Onlinebank, Переводы клиентом денег с одного своего текущего счета, открытого в банке, на другой свой текущий счет, открытый в данном банке",
25.09.2023,ONBC648D4,1100000.0,,ЕСБОЛАТ К. 850706302704,850706302704,Референс 2927303583 PHONE_NUMBER 7785698939 Прочие безвозмездные переводы денег RRN=23925D967145,
25.09.2023,ONB1BEB15,,1100000.0,ТАУБАЕВА А.Ж.COM 870201403023,870201403023,"Референс 2927298428 Onlinebank, Переводы клиентом денег с одного своего текущего счета, открытого в банке, на другой свой текущий счет, открытый в данном банке",
25.09.2023,ONBE1B812,1100000.0,,ТАУБАЕВА А.Ж.COM 870201403023,870201403023,"Референс 2927097353 Onlinebank Переводы клиентом денег с одного своего текущего счета, открытого в банке, на другой свой текущий счет, открытый в данном банке RRN=23925D963969",
25.09.2023,130266165,,550000.0,"""Спортивный клуб людей с ограниченными физическими в 140940028317",870201403023,"Референс 2927028628 СФ# 2850277/23-197 за 22.09.2023 ЗП# 7186746 Ст.- Окончательный.ESF-870201403023-20230831- 27905623 31.08.2023 приобретение основных средств (тренажер силовой HYCCE), 7186746 31.08.2023",
25.09.2023,130264577,,550000.0,"""Спортивный клуб людей с ограниченными физическими в 140940028317",870201403023,Референс 2927028472 СФ# 2850277/23-196 за 22.09.2023 ЗП# 7186735 Ст.- Окончательный.ESF-870201403023-20230831- 97537791 31.08.2023 приобретение основных средств ( тренажер силовой S-MAKER XB 1056) 7186735 31.08.2023,
12.09.2023,ONBA48D81,1098800.0,,ТАУБАЕВА А.Ж.COM 870201403023,870201403023,"Референс 2917105553 Onlinebank Переводы клиентом денег с одного своего текущего счета, открытого в банке, на другой свой текущий счет, открытый в данном банке RRN=23912D860585",
12.09.2023,517,,1098899.0,"""ГОРОДСКОЙ СПОРТИВНЫЙ КЛУБ БАЛХАШ"" 160240029968",160240029968,"Референс 2917051651 Платежи за товары, за исключением недвижимости и товаров с код ами назначения платежа 711,712 и 713 - Товары согласно договору №154 от 14.08.2023г, счет-фактура ESF-870201403023- 20230814-96020483 от 14 .08.2023г .",
30.08.2023,ONBECD9E3,4721000.0,,ТАУБАЕВА А.Ж.COM 870201403023,870201403023,"Референс 2906269879 Onlinebank Переводы клиентом денег с одного своего текущего счета, открытого в банке, на другой свой текущий счет, открытый в данном банке RRN=23830D511945",
29.08.2023,ONBD71DCE,1000000.0,,ТАУБАЕВА А.Ж.COM 870201403023,870201403023,"Референс 2905814891 Onlinebank Переводы клиентом денег с одного своего текущего счета, открытого в банке, на другой свой текущий счет, открытый в данном банке RRN=23829D451155",
29.08.2023,ONB4CF4F3,400000.0,,ТАУБАЕВА А.Ж.COM 870201403023,870201403023,"Референс 2905389006 Onlinebank Переводы клиентом денег с одного своего текущего счета, открытого в банке, на другой свой текущий счет, открытый в данном банке RRN=23829D419362",
29.08.2023,ONBE41675,600000.0,,ТАУБАЕВА А.Ж.COM 870201403023,870201403023,"Референс 2905380220 Onlinebank Переводы клиентом денег с одного своего текущего счета, открытого в банке, на другой свой текущий счет, открытый в данном банке RRN=23829D418744",
29.08.2023,ONB20D3CA,549000.0,,ТАУБАЕВА А.Ж.COM 870201403023,870201403023,"Референс 2905159642 Onlinebank Переводы клиентом денег с одного своего текущего счета, открытого в банке, на другой свой текущий счет, открытый в данном банке RRN=23829D414663",
28.08.2023,129566692,,549000.0,Служба пожаротушения и аварийно-спасательных Департ 080940017279,870201403023,"Референс 2904807637 СФ# 2020179/23-2246 за 25.08.2023 ЗП# 7084175 Ст.- Окончательный.ESF-870201403023-20230825- 99430362 25.08.2023 Приобретение спортивных товаров, 7084175 08.06.2023",
27.08.2023,ONBCBF0F6,179000.0,,ТАУБАЕВА А.Ж.COM 870201403023,870201403023,"Референс 2904072345 Onlinebank Переводы клиентом денег с одного своего текущего счета, открытого в банке, на другой свой текущий счет, открытый в данном банке RRN=23827D323829",
27.08.2023,ONB23973A,100000.0,,ТАУБАЕВА А.Ж.COM 870201403023,870201403023,"Референс 2904046546 Onlinebank Переводы клиентом денег с одного своего текущего счета, открытого в банке, на другой свой текущий счет, открытый в данном банке RRN=23827D315319",
27.08.2023,002827525510,203000.0,,"Акционерное общество ""Дочерняя компания Народного Банка Казахстана по страхованию жизни ""Халык-Life"" 051140004354",870201403023,"Референс 2904046185 Перевод страховой премии по кредиту D211969241.721808 от 27.08.23, Клиент ИНДИВИДУАЛЬНЫЙ ПРЕДПРИНИМАТЕЛЬ IZGI ZHOL ИИН 870201403023, референс:DS211969241.721808.",
27.08.2023,002827525505,,7203000.0,Атырауский Областной Народного Банка Казахстана 970541000638,970541000638,Референс 2904046180 Предоставление займа по договору № D211969241.721808 от 27.08.2023 в сумме 7203000 KZT. Заемщик: ИНДИВИДУАЛЬНЫЙ ПРЕДПРИНИМАТЕЛЬ IZGI ZHOL.,
22.08.2023,ONBE38FFC,680000.0,,ТАУБАЕВА А.Ж.COM 870201403023,870201403023,"Референс 2900281423 Onlinebank Переводы клиентом денег с одного своего текущего счета, открытого в банке, на другой свой текущий счет, открытый в данном банке RRN=23822D954779",
22.08.2023,129367998,,680000.0,"Коммунальное государственное учреждение ""Спортивный Нар 120340002188",120340002188,"Референс 2900250412 СФ# 8202507/23-463 за 22.08.2023 ЗП# 7150384 Ст.- Окончательный.Машиналар,жабдықтар,өндірі стік және шаруашылық мүкаммал құралдар тренажер для армрестлинга железный человек сатып алу үшін 21.08.2023ж ESF- 870201403023-20230821-91354562 шот фактураға сәйкес аударылым Хабарлама №7150384 31.07.2023ж",
10.08.2023,ONBC5E441,400000.0,,Центр электронных финансов 071140005693,071140005693,"Референс 2891075249 Оплата за услугу поиспользованию веб- портала государственных закупок Платежи за профессиональные, научные и технические услуги,",
10.08.2023,ONB5550B7,,400000.0,ТАУБАЕВА А.Ж.COM 870201403023,870201403023,"Референс 2891027838 Onlinebank, Переводы клиентом денег с одного своего текущего счета, открытого в банке, на другой свой текущий счет, открытый в данном банке",
08.08.2023,ONB7E7796,60400.0,,ТАУБАЕВА А.Ж.COM 870201403023,870201403023,"Референс 2889179004 Onlinebank Переводы клиентом денег с одного своего текущего счета, открытого в банке, на другой свой текущий счет, открытый в данном банке RRN=23808D951682",
07.08.2023,333,,60400.0,Ясли-сад Оркен 990440006057,990440006057,"Референс 2888532054 Перечисляется за жироуловитель согласно счет № 24 от 31.07.2023 Платежи за товары, за исключением недвижимости и товаров с кодами назначения платежей 711, 712 и 713,",
26.07.2023,ONBCCDED6,242000.0,,ТАУБАЕВА А.Ж.COM 870201403023,870201403023,"Референс 2879237859 Onlinebank Переводы клиентом денег с одного своего текущего счета, открытого в банке, на другой свой текущий счет, открытый в данном банке RRN=23726D102074",
