﻿Дата,Номер документа,Дебет,Кредит,Контрагент (имя),Контрагент ИИН/БИН,Детали платежа,КНП,ip_knp_norm,ip_op_date,ip_is_non_business_by_knp,ip_is_non_business_by_keywords,ip_is_non_business,ip_credit_amount,ip_is_business_income
25.06.2024,003112578569,500.0,,Актюбинский Областной Народного Банка Казахстана 961141000023,961141000023,"Референс 3166749661 Комиссия за операцию ""Выдача наличных денег"" согласно тарифам банкаКассовый документ № 2 от 25.06.24 на сумму 40 000.00 KZT. НДС не облагается.",,,2024-06-25,False,False,False,0.0,False
25.06.2024,2,40000.0,,Актюбинский ОФ 961141000023,961141000023,Референс 3166749623 ВЫДАЧА НА ОПЛАТУ ТОВАРОВ И УСЛУГ,,,2024-06-25,False,False,False,0.0,False
21.06.2024,2187,,400000.0,ANTARIUM GROUP 970340004013,970340004013,Референс 3163661294 Прочие платежи по транспортным услугам. Оплата за услуги самосвала по сч/о №6 от 02.05.2024г. Сумма 400 000-00 тенге без НДС,,,2024-06-21,False,False,False,400000.0,True
20.06.2024,003107690100,500.0,,Актюбинский Областной Народного Банка Казахстана 961141000023,961141000023,"Референс 3162405304 Комиссия за операцию ""Выдача наличных денег"" согласно тарифам банкаКассовый документ № 3 от 20.06.24 на сумму 35 000.00 KZT. НДС не облагается.",,,2024-06-20,False,False,False,0.0,False
20.06.2024,3,35000.0,,Актюбинский ОФ 961141000023,961141000023,Референс 3162405299 ВЫДАЧА НА ОПЛАТУ ТОВАРОВ И УСЛУГ,,,2024-06-20,False,False,False,0.0,False
19.06.2024,138539782,,1800000.0,"Государственное учреждение ""Аппарат Журынского сельско 931240000895",931240000895,"Референс 3161149585 СФ# 1240812/24-199 за 18.06.2024 ЗП# 7461863 Ст.- Текущий.Перечисляется очистка от снега и содержание внутренних и внешних автомобильных дорог поселка Журын, за июнь месяц 2024г,договор №1 от 30.01.2024г,ESF-770701302393-20240613- 85624742 от 13.06.2024г,увед№7461863 от",,,2024-06-19,False,False,False,1800000.0,True
14.06.2024,003101944598,500.0,,Актюбинский Областной Народного Банка Казахстана 961141000023,961141000023,"Референс 3157207646 Комиссия за операцию ""Выдача наличных денег"" согласно тарифам банкаКассовый документ № 1 от 14.06.24 на сумму 50 000.00 KZT. НДС не облагается.",,,2024-06-14,False,False,False,0.0,False
14.06.2024,1,50000.0,,Актюбинский ОФ 961141000023,961141000023,Референс 3157207618 ВЫДАЧА НА ОПЛАТУ ТОВАРОВ И УСЛУГ,,,2024-06-14,False,False,False,0.0,False
11.06.2024,003097423304,1600.0,,Актюбинский Областной Народного Банка Казахстана 961141000023,961141000023,"Референс 3153439867 Комиссия за операцию ""Выдача наличных денег"" согласно тарифам банкаКассовый документ № 1 от 11.06.24 на сумму 320 000.00 KZT. НДС не облагается.",,,2024-06-11,False,False,False,0.0,False
11.06.2024,1,320000.0,,Актюбинский ОФ 961141000023,961141000023,Референс 3153439821 ВЫДАЧА НА ОПЛАТУ ТОВАРОВ И УСЛУГ,,,2024-06-11,False,False,False,0.0,False
04.06.2024,003090009719,500.0,,Актюбинский Областной Народного Банка Казахстана 961141000023,961141000023,"Референс 3146756538 Комиссия за операцию ""Выдача наличных денег"" согласно тарифам банкаКассовый документ № 1 от 04.06.24 на сумму 70 000.00 KZT. НДС не облагается.",,,2024-06-04,False,False,False,0.0,False
04.06.2024,1,70000.0,,Актюбинский ОФ 961141000023,961141000023,Референс 3146756523 ВЫДАЧА НА ОПЛАТУ ТОВАРОВ И УСЛУГ 1,,,2024-06-04,False,False,False,0.0,False
31.05.2024,1686,,200000.0,ANTARIUM GROUP 970340004013,970340004013,Референс 3143226428 Прочие платежи по транспортным услугам. Оплата за услуги самосвала по сч/о №6 от 02.05.2024г. Сумма 200 000-00 тенге без НДС,,,2024-05-31,False,False,False,200000.0,True
31.05.2024,138022732,,600000.0,Государственное учреждение “Аппарат Алтыкарасуского се 921240000348,770701302393,"Референс 3143209903 СФ# 1240860/24-127 за 31.05.2024 ЗП# 7596783 Ст.- Окончательный.ESF-770701302393-20240525- 63166563 25.05.2024 Услуги по вывозу твердых бытовых отходов в населенном пункте Енбекши Алтыкарасуского сельского округа, 7596783 01.04.2024",,,2024-05-31,False,False,False,600000.0,True
31.05.2024,003085911067,1000.0,,Актюбинский Областной Народного Банка Казахстана 961141000023,121000010921,Референс 3142618781 CMSTAKE Комиссия за ведение счета KZ58601A121000010921 за 05 месяц,,,2024-05-31,False,False,False,0.0,False
23.05.2024,1872,,706250.0,ANTARIUM GROUP 970340004013,970340004013,Референс 3135994626 Платежи за услуги иного сухопутного транспорта. Оплата за услуги самосвала по сч/о №6 от 02.05.2024г. Сумма 706 250-00 тенге без НДС,,,2024-05-23,False,False,False,706250.0,True
22.05.2024,003076614158,2600.0,,Актюбинский Областной Народного Банка Казахстана 961141000023,961141000023,"Референс 3134537082 Комиссия за операцию ""Выдача наличных денег"" согласно тарифам банкаКассовый документ № 2 от 22.05.24 на сумму 520 000.00 KZT. НДС не облагается.",,,2024-05-22,False,False,False,0.0,False
22.05.2024,2,520000.0,,Актюбинский ОФ 961141000023,961141000023,Референс 3134537075 выдача на оплату товаров и услуг,,,2024-05-22,False,False,False,0.0,False
20.05.2024,137443470,,1880000.0,"Государственное учреждение ""Аппарат Журынского сельско 931240000895",931240000895,"Референс 3132563661 СФ# 1240812/24-161 за 20.05.2024 ЗП# 7622078 Ст.-Текущий.Пер-ся очистка от снега и сод.внутр и внешних авто.дорог п.Колденен Темир, Кобелей и №53 разъезд Талдысай, дог №12 от 15.04.2024г, с- ф№ESF-770701302393-20240512-35424083 от 12.05.2024г увед№7622078 от 15.04.2024г",,,2024-05-20,False,False,False,1880000.0,True
15.05.2024,003069836743,500.0,,Актюбинский Областной Народного Банка Казахстана 961141000023,961141000023,"Референс 3128207575 Комиссия за операцию ""Выдача наличных денег"" согласно тарифам банкаКассовый документ № 2 от 15.05.24 на сумму 100 000.00 KZT. НДС не облагается.",,,2024-05-15,False,False,False,0.0,False
15.05.2024,2,100000.0,,Актюбинский ОФ 961141000023,961141000023,Референс 3128207531 Выдача на оплату товаров и услуг,,,2024-05-15,False,False,False,0.0,False
30.04.2024,003056105113,1750.0,,Актюбинский Областной Народного Банка Казахстана 961141000023,961141000023,"Референс 3115459304 Комиссия за операцию ""Выдача наличных денег"" согласно тарифам банкаКассовый документ № 1 от 30.04.24 на сумму 350 000.00 KZT. НДС не облагается.",,,2024-04-30,False,False,False,0.0,False
30.04.2024,1,350000.0,,Актюбинский ОФ 961141000023,961141000023,Референс 3115459276 ВЫДАЧА НА ОПЛАТУ ТОВАРОВ И УСЛУГ,,,2024-04-30,False,False,False,0.0,False
30.04.2024,003055165474,1000.0,,Актюбинский Областной Народного Банка Казахстана 961141000023,121000010921,Референс 3114868581 CMSTAKE Комиссия за ведение счета KZ58601A121000010921 за 04 месяц,,,2024-04-30,False,False,False,0.0,False
19.04.2024,136546159,,1000000.0,"Государственное учреждение ""Аппарат Аккемирского сельс 320540000013",320540000013,Референс 3105900291 СФ# 1240787/24-175 за 19.04.2024 ЗП# 7466134 Ст.-Текущий.7466134 от 31.01.2024 Содержание авто дорог Кандыагаш -Жарык и внутри поселковых дорог с. Жарык за апрель м-ц 2024г Дог №4 от 30.01.2024г С.Ф ESF-770701302393- 20240415-55935481 от 15.04.2024,,,2024-04-19,False,False,False,1000000.0,True
12.04.2024,003039062423,1500.0,,Актюбинский Областной Народного Банка Казахстана 961141000023,961141000023,"Референс 3099838470 Комиссия за операцию ""Выдача наличных денег"" согласно тарифам банкаКассовый документ № 1 от 12.04.24 на сумму 300 000.00 KZT. НДС не облагается.",,,2024-04-12,False,False,False,0.0,False
12.04.2024,1,300000.0,,Актюбинский ОФ 961141000023,961141000023,Референс 3099838448 ВЫДАЧА НА ОПЛАТУ ТОВАРОВ И УСЛУГ,,,2024-04-12,False,False,False,0.0,False
05.04.2024,003031643236,2000.0,,Актюбинский Областной Народного Банка Казахстана 961141000023,961141000023,"Референс 3093009519 Комиссия за операцию ""Выдача наличных денег"" согласно тарифам банкаКассовый документ № 2 от 05.04.24 на сумму 400 000.00 KZT. НДС не облагается.",,,2024-04-05,False,False,False,0.0,False
05.04.2024,2,400000.0,,Актюбинский ОФ 961141000023,961141000023,Референс 3093009508 ВЫДАЧА НА ОПЛАТУ ТОВАРОВ И УСЛУГ 2,,,2024-04-05,False,False,False,0.0,False
29.03.2024,003024223230,1000.0,,Актюбинский Областной Народного Банка Казахстана 961141000023,121000010921,Референс 3086208056 CMSTAKE Комиссия за ведение счета KZ58601A121000010921 за 03 месяц,,,2024-03-29,False,False,False,0.0,False
28.03.2024,003023204416,1000.0,,Актюбинский Областной Народного Банка Казахстана 961141000023,961141000023,"Референс 3085325557 Комиссия за операцию ""Выдача наличных денег"" согласно тарифам банкаКассовый документ № 3 от 28.03.24 на сумму 200 000.00 KZT. НДС не облагается.",,,2024-03-28,False,False,False,0.0,False
28.03.2024,3,200000.0,,Актюбинский ОФ 961141000023,961141000023,Референс 3085325551 ВЫДАЧА НА ОПЛАТУ ТОВАРОВ И УСЛУГ,,,2024-03-28,False,False,False,0.0,False
27.03.2024,135849166,,2000000.0,"Государственное учреждение ""Аппарат Журынского сельско 931240000895",931240000895,"Референс 3084341315 СФ# 1240812/24-96 за 26.03.2024 ЗП# 7461863 Ст.- Текущий.Перечисляется очистка от снега и содержание внутренних и внешних автомобильных дорог поселка Журын, за март месяц 2024г,договор №1 от 30.01.2024г,с- ф№ESF-770701302393-20240326-41464023 от 26.03.2024г,увед№7461863 от 30.01.2024г",,,2024-03-27,False,False,False,2000000.0,True
27.03.2024,135875524,,35000.0,"""Отдел архитектуры , градостроительства и строительства 101240017004",101240017004,Референс 3084080288 СФ# 4660762/24-123 за 27.03.2024 ЗП# Ст.- Окончательный.Перечисляется за Услуги по техническому обслуживанию автотранспорта/специальной техники за март согл.дог 7 от 01.03.2024г. ESF-770701302393- 20240322-18023392 от 22.03.2024,,,2024-03-27,False,False,False,35000.0,True
18.03.2024,003014587225,650.0,,Актюбинский Областной Народного Банка Казахстана 961141000023,961141000023,"Референс 3077292313 Комиссия за операцию ""Выдача наличных денег"" согласно тарифам банкаКассовый документ № 1 от 18.03.24 на сумму 130 000.00 KZT. НДС не облагается.",,,2024-03-18,False,False,False,0.0,False
18.03.2024,1,130000.0,,Актюбинский ОФ 961141000023,961141000023,Референс 3077292276 ВЫДАЧА НА ОПЛАТУ ТОВАРОВ И УСЛУГ,,,2024-03-18,False,False,False,0.0,False
13.03.2024,135379397,,1000000.0,"Государственное учреждение ""Аппарат Аккемирского сельс 320540000013",320540000013,Референс 3073011867 СФ# 1240787/24-94 за 12.03.2024 ЗП# 7466134 Ст.-Текущий.7466134 от 31.01.2024 Содержание авто дорог Кандыагаш -Жарык и внутри поселковых дорог с. Жарык за февраль м-ц 2024г Дог №4 от 30.01.2024г С.Ф ESF-770701302393- 20240227-68669102 от 27.02.2024,,,2024-03-13,False,False,False,1000000.0,True
07.03.2024,135290578,,666000.0,"Государственное учреждение ""Аппарат города Кандыагаш 931240000964",931240000964,Референс 3068266277 СФ# 1240779/24-117 за 05.03.2024 ЗП# 7423019 Ст.- Окончательный.Увед.№7423019 от 19.01.2024 г Переч.за работы по техническому обслуживание светофоров в городе Кандыагаш за февраль 2024 г.согл.дог.№11 от 18.01.2024 г.и с/ф №ESF-770701302393- 20240305-73379771 от 05.03.2024 г,,,2024-03-07,False,False,False,666000.0,True
07.03.2024,003004539535,5600.0,,Актюбинский Областной Народного Банка Казахстана 961141000023,961141000023,"Референс 3067945363 Комиссия за операцию ""Выдача наличных денег"" согласно тарифам банкаКассовый документ № 2 от 07.03.24 на сумму 1 400 000.00 KZT. НДС не облагается.",,,2024-03-07,False,False,False,0.0,False
07.03.2024,2,1400000.0,,Актюбинский ОФ 961141000023,961141000023,Референс 3067945341 ВЫДАЧА НА ОПЛАТУ ТОВАРОВ И УСЛУГ,,,2024-03-07,False,False,False,0.0,False
06.03.2024,346,,1300000.0,"""А-Лидер"" 030440003618",030440003618,Референс 3066757564 согласно счета на оплату № 7 от 05.03.2024 за перевозку Без НДС Платежи за услуги иного сухопутного транспорта,,,2024-03-06,False,False,False,1300000.0,True
04.03.2024,003000452147,1250.0,,Актюбинский Областной Народного Банка Казахстана 961141000023,961141000023,"Референс 3064367853 Комиссия за операцию ""Выдача наличных денег"" согласно тарифам банкаКассовый документ № 1 от 04.03.24 на сумму 250 000.00 KZT. НДС не облагается.",,,2024-03-04,False,False,False,0.0,False
04.03.2024,1,250000.0,,Актюбинский ОФ 961141000023,961141000023,Референс 3064367848 Выдача на оплату товаров и услуг,,,2024-03-04,False,False,False,0.0,False
29.02.2024,002996855148,1000.0,,Актюбинский Областной Народного Банка Казахстана 961141000023,121000010921,Референс 3060973643 CMSTAKE Комиссия за ведение счета KZ58601A121000010921 за 02 месяц,,,2024-02-29,False,False,False,0.0,False
28.02.2024,002995661032,1500.0,,Актюбинский Областной Народного Банка Казахстана 961141000023,961141000023,"Референс 3059897291 Комиссия за операцию ""Выдача наличных денег"" согласно тарифам банкаКассовый документ № 1 от 28.02.24 на сумму 300 000.00 KZT. НДС не облагается. 3",,,2024-02-28,False,False,False,0.0,False
28.02.2024,1,300000.0,,Актюбинский ОФ 961141000023,961141000023,Референс 3059897278 Выдача на оплату товаров и услуг,,,2024-02-28,False,False,False,0.0,False
23.02.2024,134801935,,1650000.0,"Государственное учреждение ""Аппарат Журынского сельско 931240000895",931240000895,"Референс 3056025301 СФ# 1240812/24-43 за 22.02.2024 ЗП# 7461863 Ст.- Текущий.Перечисляется очистка от снега и содержание внутренних и внешних автомобильных дорог поселка Журын, за февраль месяц 2024г,договор №1 от 30.01.2024г,с-ф№ESF-770701302393- 20240222-78867433 от",,,2024-02-23,False,False,False,1650000.0,True
22.02.2024,002989967265,1000.0,,Актюбинский Областной Народного Банка Казахстана 961141000023,961141000023,"Референс 3054776111 Комиссия за операцию ""Выдача наличных денег"" согласно тарифам банкаКассовый документ № 2 от 22.02.24 на сумму 200 000.00 KZT. НДС не облагается.",,,2024-02-22,False,False,False,0.0,False
22.02.2024,2,200000.0,,Актюбинский ОФ 961141000023,961141000023,Референс 3054776106 ВЫДАЧА НА ОПЛАТУ ТОВАРОВ И УСЛУГ,,,2024-02-22,False,False,False,0.0,False
19.02.2024,002986758211,750.0,,Актюбинский Областной Народного Банка Казахстана 961141000023,961141000023,"Референс 3051936749 Комиссия за операцию ""Выдача наличных денег"" согласно тарифам банкаКассовый документ № 1 от 19.02.24 на сумму 150 000.00 KZT. НДС не облагается.",,,2024-02-19,False,False,False,0.0,False
19.02.2024,1,150000.0,,Актюбинский ОФ 961141000023,961141000023,Референс 3051936725 ВЫДАЧА НА ОПЛАТУ ТОВАРОВ И УСЛУГ,,,2024-02-19,False,False,False,0.0,False
16.02.2024,002985091992,500.0,,Актюбинский Областной Народного Банка Казахстана 961141000023,961141000023,"Референс 3050210311 Комиссия за операцию ""Выдача наличных денег"" согласно тарифам банкаКассовый документ № 1 от 16.02.24 на сумму 50 000.00 KZT. НДС не облагается.",,,2024-02-16,False,False,False,0.0,False
16.02.2024,1,50000.0,,Актюбинский ОФ 961141000023,961141000023,Референс 3050210295 ВЫДАЧА НА ОПЛАТУ ТОВАРОВ И УСЛУГ,,,2024-02-16,False,False,False,0.0,False
12.02.2024,002979559362,1750.0,,Актюбинский Областной Народного Банка Казахстана 961141000023,961141000023,"Референс 3045455052 Комиссия за операцию ""Выдача наличных денег"" согласно тарифам банкаКассовый документ № 1 от 12.02.24 на сумму 350 000.00 KZT. НДС не облагается.",,,2024-02-12,False,False,False,0.0,False
12.02.2024,1,350000.0,,Актюбинский ОФ 961141000023,961141000023,Референс 3045455041 ВЫДАЧА НА ОПЛАТУ ТОВАРОВ И УСЛУГ,,,2024-02-12,False,False,False,0.0,False
06.02.2024,002974692325,1000.0,,Актюбинский Областной Народного Банка Казахстана 961141000023,961141000023,"Референс 3040841930 Комиссия за операцию ""Выдача наличных денег"" согласно тарифам банкаКассовый документ № 2 от 06.02.24 на сумму 200 000.00 KZT. НДС не облагается.",,,2024-02-06,False,False,False,0.0,False
06.02.2024,2,200000.0,,Актюбинский ОФ 961141000023,961141000023,Референс 3040841912 Выдача на оплату товаров и услуг,,,2024-02-06,False,False,False,0.0,False
31.01.2024,002969114164,1000.0,,Актюбинский Областной Народного Банка Казахстана 961141000023,961141000023,"Референс 3035611014 Комиссия за операцию ""Выдача наличных денег"" согласно тарифам банкаКассовый документ № 1 от 31.01.24 на сумму 200 000.00 KZT. НДС не облагается.",,,2024-01-31,False,False,False,0.0,False
31.01.2024,1,200000.0,,Актюбинский ОФ 961141000023,961141000023,Референс 3035611005 ВЫДАЧА НА ОПЛАТУ ТОВАРОВ И УСЛУГ,,,2024-01-31,False,False,False,0.0,False
31.01.2024,002968218513,1000.0,,Актюбинский Областной Народного Банка Казахстана 961141000023,121000010921,Референс 3035044403 CMSTAKE Комиссия за ведение счета KZ58601A121000010921 за 01 месяц,,,2024-01-31,False,False,False,0.0,False
26.01.2024,002964334948,650.0,,Актюбинский Областной Народного Банка Казахстана 961141000023,961141000023,"Референс 3031405134 Комиссия за операцию ""Выдача наличных денег"" согласно тарифам банкаКассовый документ № 1 от 26.01.24 на сумму 130 000.00 KZT. НДС не облагается.",,,2024-01-26,False,False,False,0.0,False
26.01.2024,1,130000.0,,Актюбинский ОФ 961141000023,961141000023,Референс 3031405118 Выплата на оплату товаров и услуг,,,2024-01-26,False,False,False,0.0,False
17.01.2024,002956436507,500.0,,Актюбинский Областной Народного Банка Казахстана 961141000023,961141000023,"Референс 3024115600 Комиссия за операцию ""Выдача наличных денег"" согласно тарифам банкаКассовый документ № 1 от 17.01.24 на сумму 100 000.00 KZT. НДС не облагается.",,,2024-01-17,False,False,False,0.0,False
17.01.2024,1,100000.0,,Актюбинский ОФ 961141000023,961141000023,Референс 3024115592 Выдача на оплату товаров и услуг,,,2024-01-17,False,False,False,0.0,False
17.01.2024,2,164115.0,,Актюбинский ОФ 961141000023,961141000023,Референс 3023914209 Перечисление в бюджет нескольким бенефициарам 4,,,2024-01-17,False,False,False,0.0,False
17.01.2024,ONB8E18F9,1000.0,,"""Государственная корпорация ""Правительство для граждан"" 160440007161",160440007161,Референс 3023905777 Пеня за несвоевременное перечисление социальных отчислений Пеня за несвоевременное перечисление социальных отчислений,,,2024-01-17,False,True,True,0.0,False
17.01.2024,ONBF521DA,29400.0,,"""Государственная корпорация ""Правительство для граждан"" 160440007161",160440007161,Референс 3023903506 Взносы на обязательное социальное медицинское страхование Взносы на обязательное социальное медицинское страхование,,,2024-01-17,False,True,True,0.0,False
17.01.2024,ONB5097E8,178815.0,,Кандыагаш Мугалжарского района 931240000964,931240000964,"Референс 3023900341 июль-декабрь 2023; Индивидуальный подоходный налог с доходов, не облагаемых у источника выплаты Начисленные (исчисленные) и иные обязательства в бюджет",,,2024-01-17,False,False,False,0.0,False
17.01.2024,ONB6B092B,2200.0,,"""Государственная корпорация ""Правительство для граждан"" 160440007161",160440007161,Референс 3023898102 Пеня за несвоевременное перечисление обязательных пенсионных взносов Пеня за несвоевременное перечисление обязательных пенсионных взносов,,,2024-01-17,False,False,False,0.0,False
17.01.2024,ONB8DD794,14700.0,,"""Государственная корпорация ""Правительство для граждан"" 160440007161",160440007161,Референс 3023896901 Cоциальные отчисления Cоциальные отчисления,,,2024-01-17,False,False,False,0.0,False
17.01.2024,ONBD85DA6,42000.0,,"""Государственная корпорация ""Правительство для граждан"" 160440007161",160440007161,Референс 3023894552 Обязательные пенсионные взносы Обязательные пенсионные взносы,,,2024-01-17,False,True,True,0.0,False
11.01.2024,002951660871,950.0,,Актюбинский Областной Народного Банка Казахстана 961141000023,961141000023,"Референс 3019561269 Комиссия за операцию ""Простой перевод обычной срочности"" согласно тарифам банкаРасчетный документ № ONB2BE7DE от 11.01.24 на сумму 2 200 000.00 KZT. НДС не облагается.",,,2024-01-11,False,False,False,0.0,False
11.01.2024,ONB2BE7DE,2200000.0,,Абданбаев Ардак Адилбекович 770701302393,770701302393,"Референс 3019561229 перевод Платежи за товары, за исключением недвижимости и товаров с кодами назначения платежей 711, 712 и 713,",,,2024-01-11,False,False,False,0.0,False
29.12.2023,002941486487,1000.0,,Актюбинский Областной Народного Банка Казахстана 961141000023,121000010921,Референс 3008042944 CMSTAKE Комиссия за ведение счета KZ58601A121000010921 за 12 месяц,,,2023-12-29,False,False,False,0.0,False
27.12.2023,002939484147,950.0,,Актюбинский Областной Народного Банка Казахстана 961141000023,961141000023,"Референс 3006295330 Комиссия за операцию ""Простой перевод обычной срочности"" согласно тарифам банкаРасчетный документ № ONB4BAE76 от 27.12.23 на сумму 3 100 000.00 KZT. НДС не облагается.",,,2023-12-27,False,False,False,0.0,False
27.12.2023,ONB4BAE76,3100000.0,,Абданбаев Ардак Адилбекович 770701302393,770701302393,"Референс 3006295321 перевод Платежи за товары, за исключением недвижимости и товаров с кодами назначения платежей 711, 712 и 713,",,,2023-12-27,False,False,False,0.0,False
27.12.2023,133676472,,2147000.0,"Государственное учреждение ""Аппарат Журынского сельско 931240000895",931240000895,"Референс 3006039619 СФ# 1240812/23-447 за 27.12.2023 ЗП# 7063691 Ст.- Окончательный.П-я на оч от сн и сод. вну и вне дор п. Журын и оч от снега и сод-я внут-х и вне дор пос. Колд Темир,Коб и 53 разъ Талд за декабрь 2023, д№16 от 25.05.2023г с-ф ESF- 770701302393-20231226-50653022 от 26.12.2023г, ув7063691 от 25.05.2023",,,2023-12-27,False,False,False,2147000.0,True
27.12.2023,133691886,,44500.0,"""Отдел архитектуры , градостроительства и строительства 101240017004",101240017004,"Референс 3005967106 СФ# 4660762/23-466 за 27.12.2023 ЗП# Ст.-Окончательный.переч за Землеустроительные работы по отводу и установлению границ земельного участка по объекту ""многофункциональная спортплощадка в с.Сага Муг рай Актюб обл дог№73 от26.12.23""ESF-770701302393- 20231227-41981411 от27.12.2023 5",,,2023-12-27,False,False,False,44500.0,True
27.12.2023,133691887,,44500.0,"""Отдел архитектуры , градостроительства и строительства 101240017004",101240017004,"Референс 3005967103 СФ# 4660762/23-467 за 27.12.2023 ЗП# Ст.-Окончательный.переч за Землеустроительные работы по отводу и установлению границ земельного участка по объекту ""многофункциональная спортплощадка в с.Булакты Муг рай Актюб обл дог№72 от26.12.23ESF-770701302393- 20231227-50870222 от27.12.2023",,,2023-12-27,False,False,False,44500.0,True
22.12.2023,002934564552,500.0,,Актюбинский Областной Народного Банка Казахстана 961141000023,961141000023,"Референс 3001886649 Комиссия за операцию ""Выдача наличных денег"" согласно тарифам банкаКассовый документ № 5 от 22.12.23 на сумму 70 000.00 KZT. НДС не облагается.",,,2023-12-22,False,False,False,0.0,False
22.12.2023,5,70000.0,,Актюбинский ОФ 961141000023,961141000023,Референс 3001886622 ВЫДАЧА НА ОПЛАТУ ТОВАРОВ И УСЛУГ,,,2023-12-22,False,False,False,0.0,False
22.12.2023,133419735,,1800000.0,"Государственное учреждение ""Аппарат сельского округа и 970340001732",970340001732,"Референс 3001836704 СФ# 1240811/23-413 за 22.12.2023 ЗП# 7045775 Ст.- Окончательный.Опл.за работу по содерж.автомоб. дорог Жанатурмыс-Журын с/о им. К. Жубанова Мугалж.района за декабрь 2023г согл.договора №14 от 15.05.2023г, счета-фактуры № ESF- 770701302393-20231219-53446993 от",,,2023-12-22,False,False,False,1800000.0,True
22.12.2023,133363858,,170000.0,"Государственное учреждение ""Аппарат города Алга Алгинс 970740001757",970740001757,Референс 3001820907 СФ# 1240756/23-796 за 21.12.2023 ЗП# 7043171 Ст.- Окончательный.Счет-фактура ESF- 770701302393-20231220-38962362 от 20.12.2023г. Услуги по техническому обслуживанию светофора автомобильных дорог города Алга. Уведомление №7043171 от,,,2023-12-22,False,False,False,170000.0,True
21.12.2023,133327954,,364000.0,"Государственное учреждение ""Аппарат города Кандыагаш 931240000964",931240000964,Референс 3000612445 СФ# 1240779/23-1016 за 20.12.2023 ЗП# 6869266 Ст.- Окончательный.Увед.№6869266 от 10.02.2023 г. Переч.за работу по техническому обслуживание светофоров в городе Кандыагаш за декабрь 2023 г.согл.дог.№35 от 10.02.2023 г. и с/ф №ESF-770701302393- 20231220-58296483 от 20.12.2023 г,,,2023-12-21,False,False,False,364000.0,True
20.12.2023,2656,,1235000.0,"Товарищество с ограниченной ответственностью ""PGS 210740007283",210740007283,Референс 2999502047 Услуги самосвала по договору № PGS\Оку\КШ-Кан\2009-1 от 20.09.2023 Сумма 1 235 000-00 тенге без НДС Прочие платежи по транспортным услугам,,,2023-12-20,False,False,False,1235000.0,True
20.12.2023,002931434177,500.0,,Актюбинский Областной Народного Банка Казахстана 961141000023,961141000023,"Референс 2999319295 Комиссия за операцию ""Выдача наличных денег"" согласно тарифам банкаКассовый документ № 1 от 20.12.23 на сумму 50 000.00 KZT. НДС не облагается.",,,2023-12-20,False,False,False,0.0,False
20.12.2023,1,50000.0,,Актюбинский ОФ 961141000023,961141000023,Референс 2999319283 ВЫПЛАТА НА ОПЛАТУ ТОВАРОВ И УСЛУГ,,,2023-12-20,False,False,False,0.0,False
14.12.2023,002927403881,1000.0,,Актюбинский Областной Народного Банка Казахстана 961141000023,961141000023,"Референс 2995324792 Комиссия за операцию ""Выдача наличных денег"" согласно тарифам банкаКассовый документ № 1 от 14.12.23 на сумму 200 000.00 KZT. НДС не облагается.",,,2023-12-14,False,False,False,0.0,False
14.12.2023,1,200000.0,,Актюбинский ОФ 961141000023,961141000023,Референс 2995324777 ВЫДАЧА НА ОПЛАТУ ТОВАРОВ И УСЛУГ,,,2023-12-14,False,False,False,0.0,False
13.12.2023,132938386,,200000.0,"""Отдел архитектуры , градостроительства и строительства 101240017004",101240017004,Референс 2994056610 СФ# 4660762/23-377 за 06.12.2023 ЗП# Ст.-Окончательный.пер. за Услуги по вывозу (сбору) неопасных отходов/имущества/материалов ESF- 770701302393-20231204- 93872151от04.12.2023 дог№37 от15.08.2023г.,,,2023-12-13,False,False,False,200000.0,True
07.12.2023,002920486259,750.0,,Актюбинский Областной Народного Банка Казахстана 961141000023,961141000023,"Референс 2989043087 Комиссия за операцию ""Выдача наличных денег"" согласно тарифам банкаКассовый документ № 1 от 07.12.23 на сумму 150 000.00 KZT. НДС не облагается.",,,2023-12-07,False,False,False,0.0,False
07.12.2023,1,150000.0,,Актюбинский ОФ 961141000023,961141000023,Референс 2989043082 ВЫДАЧА НА ОПЛАТУ ТОВАРОВ И УСЛУГ,,,2023-12-07,False,False,False,0.0,False
05.12.2023,002917980129,500.0,,Актюбинский Областной Народного Банка Казахстана 961141000023,961141000023,"Референс 2986808574 Комиссия за операцию ""Выдача наличных денег"" согласно тарифам банкаКассовый документ № 2 от 05.12.23 на сумму 70 000.00 KZT. НДС не облагается. 6",,,2023-12-05,False,False,False,0.0,False
05.12.2023,2,70000.0,,Актюбинский ОФ 961141000023,961141000023,Референс 2986808555 ВЫДАЧА НА ОПЛАТУ ТОВАРОВ И УСЛУГ,,,2023-12-05,False,False,False,0.0,False
30.11.2023,002912921453,1000.0,,Актюбинский Областной Народного Банка Казахстана 961141000023,121000010921,Референс 2982223501 CMSTAKE Комиссия за ведение счета KZ58601A121000010921 за 11 месяц,,,2023-11-30,False,False,False,0.0,False
22.11.2023,002905373526,750.0,,Актюбинский Областной Народного Банка Казахстана 961141000023,961141000023,"Референс 2975370551 Комиссия за операцию ""Выдача наличных денег"" согласно тарифам банкаКассовый документ № 1 от 22.11.23 на сумму 150 000.00 KZT. НДС не облагается.",,,2023-11-22,False,False,False,0.0,False
22.11.2023,1,150000.0,,Актюбинский ОФ 961141000023,961141000023,Референс 2975370548 ВЫДАЧА НА ОПЛАТУ ТОВАРОВ И УСЛУГ,,,2023-11-22,False,False,False,0.0,False
20.11.2023,131963607,,170000.0,"Государственное учреждение ""Аппарат города Алга Алгинс 970740001757",770701302393,Референс 2973471178 СФ# 1240756/23-662 за 20.11.2023 ЗП# 7043171 Ст.-Текущий.Счет- фактура ESF-770701302393-20231118- 72237572 от 18.11.2023г. Услуги по техническому обслуживанию светофора автомобильных дорог города Алга. Уведомление №7043171 от 12.05.2023г.,,,2023-11-20,False,False,False,170000.0,True
20.11.2023,131954481,,182000.0,"Государственное учреждение ""Аппарат города Кандыагаш 931240000964",931240000964,Референс 2973342782 СФ# 1240779/23-881 за 19.11.2023 ЗП# 6869266 Ст.- Текущий.Увед.№6869266 от 10.02.2023 г. Переч.за работу по техническому обслуживание светофоров в городе Кандыагаш за октябрь 2023 г.согл.дог.№35 от 10.02.2023 г. и с/ф № ESF-770701302393- 20231116-87801703 от 16.11.2023 г,,,2023-11-20,False,False,False,182000.0,True
09.11.2023,2247,,390000.0,"Товарищество с ограниченной ответственностью ""PGS 210740007283",210740007283,"Референс 2964766435 Услуги самосвала по договору № PGS\Оөу-ст\КШ-Кан\2009-1 от 20.09.2023 г, ЭСФ №15 от 03.11.2023 Сумма 390 000-00 тенге без НДС Прочие платежи по транспортным услугам",,,2023-11-09,False,False,False,390000.0,True
08.11.2023,002892959127,950.0,,Актюбинский Областной Народного Банка Казахстана 961141000023,961141000023,"Референс 2963873831 Комиссия за операцию ""Простой перевод обычной срочности"" согласно тарифам банкаРасчетный документ № ONB4B62FD от 08.11.23 на сумму 1 180 000.00 KZT. НДС не облагается.",,,2023-11-08,False,False,False,0.0,False
08.11.2023,ONB4B62FD,1180000.0,,Абданбаев 770701302393,770701302393,"Референс 2963873813 пополнение Прочие безвозмездные переводы денег,",,,2023-11-08,False,False,False,0.0,False
07.11.2023,304,,1300000.0,"""А-Лидер"" 030440003618",030440003618,Референс 2962662584 согласно счета на оплату № 18 от 06.11.2023 за перевозку Без НДС Платежи за услуги иного сухопутного транспорта,,,2023-11-07,False,False,False,1300000.0,True
31.10.2023,131500419,,1700000.0,"Государственное учреждение ""Аппарат Журынского сельско 931240000895",931240000895,"Референс 2956933279 СФ# 1240812/23-353 за 31.10.2023 ЗП# 7063691 Ст.-Текущий.П-я на оч от сн и сод. вну и вне дор п. Журын и оч от снега и сод-я внут-х и вне дор пос. Колд Темир,Коб и 53 разъ Талд за октябрь 2023, д№16 от 25.05.2023г с-ф ESF-770701302393- 20231031-50441373 от 31.10.2023г, ув7063691 от 25.05.2023",,,2023-10-31,False,False,False,1700000.0,True
31.10.2023,002884531272,1000.0,,Актюбинский Областной Народного Банка Казахстана 961141000023,121000010921,Референс 2956316449 CMSTAKE Комиссия за ведение счета KZ58601A121000010921 за 10 месяц,,,2023-10-31,False,False,False,0.0,False
26.10.2023,002880760672,500.0,,Актюбинский Областной Народного Банка Казахстана 961141000023,961141000023,"Референс 2952807829 Комиссия за операцию ""Выдача наличных денег"" согласно тарифам банкаКассовый документ № 1 от 26.10.23 на сумму 40 000.00 KZT. НДС не облагается.",,,2023-10-26,False,False,False,0.0,False
26.10.2023,1,40000.0,,Актюбинский ОФ 961141000023,961141000023,Референс 2952807817 выдача на оплату товаров и услуг,,,2023-10-26,False,False,False,0.0,False
23.10.2023,131112194,,160000.0,"Государственное учреждение ""Аппарат города Алга Алгинс 970740001757",770701302393,Референс 2950163628 СФ# 1240756/23-604 за 23.10.2023 ЗП# 7043171 Ст.-Текущий.Счет- фактура ESF-770701302393-20231022- 34255633 от 22.10.2023г. Услуги по техническому обслуживанию светофора автомобильных дорог города Алга. Уведомление №7043171 от 12.05.2023г. 7,,,2023-10-23,False,False,False,160000.0,True
20.10.2023,131034567,,700000.0,"Государственное учреждение ""Аппарат сельского округа и 970340001732",970340001732,"Референс 2948515083 СФ# 1240811/23-308 за 19.10.2023 ЗП# 7045775 Ст.-Текущий.Опла.за работу по содерж.автомоб. дорог Жанатурмыс - Журын с/о им. К. Жубанова Мугалж.района за октябрь 2023г согл.догов.№14 от 15.05.2023г, счета-факт.№ ESF-770701302393-20231013-89372661 от 13.10.2023г. Уведомл.№7045775 от 15.05.2023 г",,,2023-10-20,False,False,False,700000.0,True
16.10.2023,130911900,,182000.0,"Государственное учреждение ""Аппарат города Кандыагаш 931240000964",931240000964,Референс 2944815536 СФ# 1240779/23-752 за 16.10.2023 ЗП# 6869266 Ст.- Текущий.Увед.№6869266 от 10.02.2023 г. Переч.за работу по техническому обслуживание светофоров в городе Кандыагаш за сентябрь 2023 г.согл.дог.№35 от 10.02.2023 г. и с/ф №ESF-770701302393- 20231013-01506652 от 13.10.2023 г.,,,2023-10-16,False,False,False,182000.0,True
04.10.2023,002861448686,800.0,,Актюбинский Областной Народного Банка Казахстана 961141000023,961141000023,"Референс 2935103675 Комиссия за операцию ""Выдача наличных денег"" согласно тарифам банкаКассовый документ № 1 от 04.10.23 на сумму 160 000.00 KZT. НДС не облагается.",,,2023-10-04,False,False,False,0.0,False
04.10.2023,1,160000.0,,Актюбинский ОФ 961141000023,961141000023,Референс 2935103668 ВЫПЛАТА ЗА ТОВАРЫ И УСЛУГИ,,,2023-10-04,False,False,False,0.0,False
29.09.2023,002857544682,500.0,,Актюбинский Областной Народного Банка Казахстана 961141000023,961141000023,"Референс 2931241902 Комиссия за операцию ""Выдача наличных денег"" согласно тарифам банкаКассовый документ № 5 от 29.09.23 на сумму 40 000.00 KZT. НДС не облагается.",,,2023-09-29,False,False,False,0.0,False
29.09.2023,5,40000.0,,Актюбинский ОФ 961141000023,961141000023,Референс 2931241895 ВЫДАЧА НА ОПЛАТУ ТОВАРОВ И УСЛУГ,,,2023-09-29,False,False,False,0.0,False
29.09.2023,130524216,,190000.0,"""Отдел архитектуры , градостроительства и строительства 101240017004",101240017004,Референс 2931165508 СФ# 4660762/23-289 за 28.09.2023 ЗП# Ст.- Окончательный.Перечисляется за изготовления стеллажей согл.дог 40 от 06.09.2023г. ESF-770701302393-20230922- 44993171 от 22.09.2023г,,,2023-09-29,False,False,False,190000.0,True
29.09.2023,002856678661,1000.0,,Актюбинский Областной Народного Банка Казахстана 961141000023,121000010921,Референс 2930690524 CMSTAKE Комиссия за ведение счета KZ58601A121000010921 за 09 месяц,,,2023-09-29,False,False,False,0.0,False
21.09.2023,002849385897,2000.0,,Актюбинский Областной Народного Банка Казахстана 961141000023,961141000023,"Референс 2924063714 Комиссия за операцию ""Выдача наличных денег"" согласно тарифам банкаКассовый документ № 1 от 21.09.23 на сумму 400 000.00 KZT. НДС не облагается.",,,2023-09-21,False,False,False,0.0,False
21.09.2023,1,400000.0,,Актюбинский ОФ 961141000023,961141000023,Референс 2924063699 ВЫДАЧА НА ОПЛАТУ ТОВАРОВ И УСЛУГ,,,2023-09-21,False,False,False,0.0,False
19.09.2023,130080673,,150000.0,"Государственное учреждение ""Аппарат города Алга Алгинс 970740001757",770701302393,Референс 2922160254 СФ# 1240756/23-541 за 19.09.2023 ЗП# 7043171 Ст.-Текущий.Счет- фактура ESF-770701302393-20230915- 44627592 от 15.09.2023г. Услуги по техническому обслуживанию светофора автомобильных дорог города Алга. Уведомление №7043171 от 12.05.2023г.,,,2023-09-19,False,False,False,150000.0,True
18.09.2023,130051398,,289000.0,"Государственное учреждение ""Аппарат города Кандыагаш 931240000964",931240000964,Референс 2920948589 СФ# 1240779/23-631 за 15.09.2023 ЗП# 6869266 Ст.- Текущий.Увед.№6869266 от 10.02.2023 г. Переч.за работу по техническому обслуживание светофоров в городе Кандыагаш за август 2023 г.согл.дог.№35 от 10.02.2023 г. и с/ф №ESF-770701302393- 20230915-62416113 от 15.09.2023 г,,,2023-09-18,False,False,False,289000.0,True
31.08.2023,002830438167,1000.0,,Актюбинский Областной Народного Банка Казахстана 961141000023,121000010921,Референс 2906730735 CMSTAKE Комиссия за ведение счета KZ58601A121000010921 за 08 месяц,,,2023-08-31,False,False,False,0.0,False
29.08.2023,002829682163,4800.0,,Актюбинский Областной Народного Банка Казахстана 961141000023,961141000023,"Референс 2905934548 Комиссия за операцию ""Выдача наличных денег"" согласно тарифам банкаКассовый документ № 1 от 29.08.23 на сумму 1 200 000.00 KZT. НДС не облагается.",,,2023-08-29,False,False,False,0.0,False
29.08.2023,1,1200000.0,,Актюбинский ОФ 961141000023,961141000023,Референс 2905934527 ВЫДАЧА НА ОПЛАТУ ТОВАРОВ И УСЛУГ 8,,,2023-08-29,False,False,False,0.0,False
11.08.2023,129113060,,203000.0,"Государственное учреждение ""Аппарат города Кандыагаш 931240000964",931240000964,Референс 2892012109 СФ# 1240779/23-525 за 10.08.2023 ЗП# 6869266 Ст.- Текущий.Увед.№6869266 от 10.02.2023 г. Переч.за работу по техническому обслуживание светофоров в городе Кандыагаш за июль 2023 г.согл.дог.№35 от 10.02.2023 г. и с/ф № ESF-770701302393- 20230808-52297461 от 08.08.2023 г,,,2023-08-11,False,False,False,203000.0,True
08.08.2023,002811123851,1500.0,,Актюбинский Областной Народного Банка Казахстана 961141000023,961141000023,"Референс 2889280734 Комиссия за операцию ""Выдача наличных денег"" согласно тарифам банкаКассовый документ № 1 от 08.08.23 на сумму 300 000.00 KZT. НДС не облагается.",,,2023-08-08,False,False,False,0.0,False
08.08.2023,1,300000.0,,Актюбинский ОФ 961141000023,961141000023,Референс 2889280713 выдача на оплату товаров и услуг,,,2023-08-08,False,False,False,0.0,False
02.08.2023,128949720,,142000.0,"Государственное учреждение ""Аппарат города Алга Алгинс 970740001757",770701302393,Референс 2884545152 СФ# 1240756/23-412 за 02.08.2023 ЗП# 7043171 Ст.-Текущий.Счет- фактура ESF-770701302393-20230721- 17407521 от 21.07.2023г. Услуги по техническому обслуживанию светофора автомобильных дорог города Алга. Уведомление №7043171 от 12.05.2023г.,,,2023-08-02,False,False,False,142000.0,True
31.07.2023,002803561892,1000.0,,Актюбинский Областной Народного Банка Казахстана 961141000023,121000010921,Референс 2882419819 CMSTAKE Комиссия за ведение счета KZ58601A121000010921 за 07 месяц,,,2023-07-31,False,False,False,0.0,False
28.07.2023,002802598833,525.0,,Актюбинский Областной Народного Банка Казахстана 961141000023,961141000023,"Референс 2881318322 Комиссия за операцию ""Выдача наличных денег"" согласно тарифам банкаКассовый документ № 1 от 28.07.23 на сумму 105 000.00 KZT. НДС не облагается.",,,2023-07-28,False,False,False,0.0,False
28.07.2023,1,105000.0,,Актюбинский ОФ 961141000023,961141000023,Референс 2881318309 ВЫДАЧА НА ОПЛАТУ ТОВАР И УСЛУГ,,,2023-07-28,False,False,False,0.0,False
26.07.2023,128706334,,2600000.0,"Государственное учреждение ""Аппарат Журынского сельско 931240000895",931240000895,"Референс 2879458165 СФ# 1240812/23-221 за 25.07.2023 ЗП# 7063691 Ст.-Текущий.П-я на оч от сн и сод. вну и вне дор п. Журын и оч от снега и сод-я внут-х и вне дор пос. Колд Темир,Коб и 53 разъ Талд за июнь2023, д№16 от 25.05.2023г с-ф ESF-770701302393- 20230626-67139801 от 26.06.2023г, ув7063691 от 25.05.2023",,,2023-07-26,False,False,False,2600000.0,True
24.07.2023,002798449967,500.0,,Актюбинский Областной Народного Банка Казахстана 961141000023,961141000023,"Референс 2877650375 Комиссия за операцию ""Выдача наличных денег"" согласно тарифам банкаКассовый документ № 1 от 24.07.23 на сумму 60 000.00 KZT. НДС не облагается.",,,2023-07-24,False,False,False,0.0,False
24.07.2023,1,60000.0,,Актюбинский ОФ 961141000023,961141000023,Референс 2877650362 выдача на оплату товаров и услуг,,,2023-07-24,False,False,False,0.0,False
24.07.2023,128618347,,158000.0,"Государственное учреждение ""Аппарат города Алга Алгинс 970740001757",770701302393,Референс 2877418649 СФ# 1240756/23-393 за 24.07.2023 ЗП# 7043171 Ст.-Текущий.Счет- фактура ESF-770701302393-20230721- 17407521 от 21.07.2023г. Услуги по техническому обслуживанию светофора автомобильных дорог города Алга. Уведомление №7043171 от 12.05.2023г.,,,2023-07-24,False,False,False,158000.0,True
24.07.2023,ONB480494,48300.0,,"РГУ""УГДпо Мугалжарскому рай ДГ 971040000994",971040000994,Референс 2877338250 январь-июнь 2023 Социальный налог Начисленные (исчисленные) и иные обязательства в бюджет,,,2023-07-24,False,True,True,0.0,False
24.07.2023,ONB650411,63000.0,,"ГУ""Аппарат Акима города 931240000964",931240000964,"Референс 2877336454 январь-июнь 2023 Индивидуальный подоходный налог с доходов, не облагаемых у источника выплаты Начисленные (исчисленные) и иные обязательства в бюджет",,,2023-07-24,False,False,False,0.0,False
24.07.2023,ONB4A3D58,600.0,,"""Государственная корпорация ""Правительство для граждан"" 160440007161",160440007161,Референс 2877333258 Пеня за несвоевременное перечисление социальных отчислений Пеня за несвоевременное перечисление социальных отчислений,,,2023-07-24,False,True,True,0.0,False
24.07.2023,ONBB86488,2000.0,,"""Государственная корпорация ""Правительство для граждан"" 160440007161",160440007161,Референс 2877332603 Пеня за несвоевременное перечисление обязательных пенсионных взносов Пеня за несвоевременное перечисление обязательных пенсионных взносов 9,,,2023-07-24,False,False,False,0.0,False
24.07.2023,ONBFD2729,29400.0,,"""Государственная корпорация ""Правительство для граждан"" 160440007161",160440007161,Референс 2877331607 Взносы на обязательное социальное медицинское страхование Взносы на обязательное социальное медицинское страхование,,,2023-07-24,False,True,True,0.0,False
24.07.2023,ONBF0C7A3,14700.0,,"""Государственная корпорация ""Правительство для граждан"" 160440007161",160440007161,Референс 2877330362 Cоциальные отчисления Cоциальные отчисления,,,2023-07-24,False,False,False,0.0,False
24.07.2023,ONB27E8A3,42000.0,,"""Государственная корпорация ""Правительство для граждан"" 160440007161",160440007161,Референс 2877328996 Обязательные пенсионные взносы Обязательные пенсионные взносы,,,2023-07-24,False,True,True,0.0,False
21.07.2023,002796513473,2150.0,,Актюбинский Областной Народного Банка Казахстана 961141000023,961141000023,"Референс 2875815172 Комиссия за операцию ""Выдача наличных денег"" согласно тарифам банкаКассовый документ № 3 от 21.07.23 на сумму 430 000.00 KZT. НДС не облагается.",,,2023-07-21,False,False,False,0.0,False
21.07.2023,3,430000.0,,Актюбинский ОФ 961141000023,961141000023,Референс 2875815142 ВЫДАЧА НА ОПЛАТУ ТОВАРОВ И УСЛУГ,,,2023-07-21,False,False,False,0.0,False
14.07.2023,002791061217,5200.0,,Актюбинский Областной Народного Банка Казахстана 961141000023,961141000023,"Референс 2870727595 Комиссия за операцию ""Выдача наличных денег"" согласно тарифам банкаКассовый документ № 1 от 14.07.23 на сумму 1 300 000.00 KZT. НДС не облагается.",,,2023-07-14,False,False,False,0.0,False
14.07.2023,1,1300000.0,,Актюбинский ОФ 961141000023,961141000023,Референс 2870727568 ВЫДАЧА НА ОПЛАТУ ОТВАРОВ И УСЛУГ,,,2023-07-14,False,False,False,0.0,False
14.07.2023,249,,1300000.0,"""А-Лидер"" 030440003618",030440003618,Референс 2870476936 согласно счета на оплату № 12 от 14.07.2023 за транспортные перевозки Без НДС Прочие платежи по транспортным услугам,,,2023-07-14,False,False,False,1300000.0,True
30.06.2023,002778577045,500.0,,Актюбинский Областной Народного Банка Казахстана 961141000023,961141000023,"Референс 2859365055 Комиссия за операцию ""Выдача наличных денег"" согласно тарифам банкаКассовый документ № 3 от 30.06.23 на сумму 100 000.00 KZT. НДС не облагается.",,,2023-06-30,False,False,False,0.0,False
30.06.2023,3,100000.0,,Актюбинский ОФ 961141000023,961141000023,Референс 2859365041 ВЫДАЧА НА ОПЛАТУ ТОВАРОВ И УСЛУГ,,,2023-06-30,False,False,False,0.0,False
30.06.2023,002778246685,1000.0,,Актюбинский Областной Народного Банка Казахстана 961141000023,121000010921,Референс 2859169349 CMSTAKE Комиссия за ведение счета KZ58601A121000010921 за 06 месяц,,,2023-06-30,False,False,False,0.0,False
23.06.2023,002772788074,500.0,,Актюбинский Областной Народного Банка Казахстана 961141000023,961141000023,"Референс 2853876476 Комиссия за операцию ""Выдача наличных денег"" согласно тарифам банкаКассовый документ № 1 от 23.06.23 на сумму 30 000.00 KZT. НДС не облагается.",,,2023-06-23,False,False,False,0.0,False
23.06.2023,1,30000.0,,Актюбинский ОФ 961141000023,961141000023,Референс 2853876452 Оплата на товаров и услуг,,,2023-06-23,False,False,False,0.0,False
21.06.2023,127717482,,1000000.0,"Государственное учреждение ""Аппарат сельского округа и 970340001732",970340001732,"Референс 2852370704 СФ# 1240811/23-164 за 20.06.2023 ЗП# 7045775 Ст.-Текущий.Опл.за раб.по содерж.автомоб. дорог Жанатурмыс- Журын с/о им. К. Жубанова Мугалж.района за июнь 2023г согл.дог.№14 от 15.05.2023г, счета-фактуры № ESF-770701302393- 20230615-71961522 от 15.06.2023г. Уведомл.№7045775 от 15.05.2023 г",,,2023-06-21,False,False,False,1000000.0,True
21.06.2023,127707926,,300000.0,"Государственное учреждение ""Аппарат города Кандыагаш 931240000964",931240000964,Референс 2852230647 СФ# 1240779/23-394 за 20.06.2023 ЗП# 6869266 Ст.- Текущий.Увед.№6869266 от 10.02.2023 г. Переч.за работу по техническому обслуживание светофоров в городе Кандыагаш за апрель 2023 г.согл.дог.№35 от 10.02.2023 г. и с/ф № ESF-770701302393- 20230615-66461623 от 15.06.2023 г,,,2023-06-21,False,False,False,300000.0,True
20.06.2023,002770214531,600.0,,Актюбинский Областной Народного Банка Казахстана 961141000023,961141000023,"Референс 2851552881 Комиссия за операцию ""Выдача наличных денег"" согласно тарифам банкаКассовый документ № 1 от 20.06.23 на сумму 120 000.00 KZT. НДС не облагается.",,,2023-06-20,False,False,False,0.0,False
20.06.2023,1,120000.0,,Актюбинский ОФ 961141000023,961141000023,Референс 2851552873 ВЫДАЧА НА ОПЛАТУ ТОВАРОВ И УСЛУГ 10,,,2023-06-20,False,False,False,0.0,False
16.06.2023,002767451393,500.0,,Актюбинский Областной Народного Банка Казахстана 961141000023,961141000023,"Референс 2848907409 Комиссия за операцию ""Снятие с текущего счета ЮЛ через АК"" согласно тарифам банка. НДС не облагается.",,,2023-06-16,False,False,False,0.0,False
16.06.2023,002767451281,100000.0,,Народный Банк Республики Казахстан 940140000385,940140000385,Референс 2848907318 Снятие с текущего счета ЮЛ/ПБОЮЛ через АК. (Снятие наличных денег с текущих или корреспондентских счетов),,,2023-06-16,False,False,False,0.0,False
12.06.2023,002763659932,5000.0,,Актюбинский Областной Народного Банка Казахстана 961141000023,961141000023,"Референс 2845416381 Комиссия за операцию ""Выдача наличных денег"" согласно тарифам банкаКассовый документ № 5 от 12.06.23 на сумму 1 250 000.00 KZT. НДС не облагается.",,,2023-06-12,False,False,False,0.0,False
12.06.2023,5,1250000.0,,Актюбинский ОФ 961141000023,961141000023,Референс 2845416374 ВЫДАЧА НА ОПЛАТУ ТОВАРОВ И УСЛУГ,,,2023-06-12,False,False,False,0.0,False
12.06.2023,248,,1300000.0,"""А-Лидер"" 030440003618",030440003618,Референс 2845091431 согласно счета на оплату № 8 от 09.06.2023 за транспортные перевозки Без НДС Прочие платежи по транспортным услугам,,,2023-06-12,False,False,False,1300000.0,True
31.05.2023,002752746073,1000.0,,Актюбинский Областной Народного Банка Казахстана 961141000023,121000010921,Референс 2835289840 CMSTAKE Комиссия за ведение счета KZ58601A121000010921 за 05 месяц,,,2023-05-31,False,False,False,0.0,False
30.05.2023,002751742683,1500.0,,Актюбинский Областной Народного Банка Казахстана 961141000023,961141000023,"Референс 2834456760 Комиссия за операцию ""Выдача наличных денег"" согласно тарифам банкаКассовый документ № 1 от 30.05.23 на сумму 300 000.00 KZT. НДС не облагается.",,,2023-05-30,False,False,False,0.0,False
30.05.2023,1,300000.0,,Актюбинский ОФ 961141000023,961141000023,Референс 2834456736 выдача на оплату товаров и услуг,,,2023-05-30,False,False,False,0.0,False
24.05.2023,ONBE32381,260000.0,,Центр электронных финансов 071140005693,071140005693,"Референс 2830291268 Внесение обеспечения заявки для участия в государственных закупках Гарантийный взнос,",,,2023-05-24,False,False,False,0.0,False
22.05.2023,002744732853,1000.0,,Актюбинский Областной Народного Банка Казахстана 961141000023,961141000023,"Референс 2827923837 Комиссия за операцию ""Выдача наличных денег"" согласно тарифам банкаКассовый документ № 3 от 22.05.23 на сумму 200 000.00 KZT. НДС не облагается.",,,2023-05-22,False,False,False,0.0,False
22.05.2023,3,200000.0,,Актюбинский ОФ 961141000023,961141000023,Референс 2827923813 ВЫДАЧА НА ОПЛАТУ ТОВАРОВ И УСЛУГ,,,2023-05-22,False,False,False,0.0,False
11.05.2023,002736915398,500.0,,Актюбинский Областной Народного Банка Казахстана 961141000023,961141000023,"Референс 2820405948 Комиссия за операцию ""Выдача наличных денег"" согласно тарифам банкаКассовый документ № 1 от 11.05.23 на сумму 50 000.00 KZT. НДС не облагается.",,,2023-05-11,False,False,False,0.0,False
11.05.2023,1,50000.0,,Актюбинский ОФ 961141000023,961141000023,Референс 2820405938 выдача на оплату товаров и услуг,,,2023-05-11,False,False,False,0.0,False
28.04.2023,002726841561,1000.0,,Актюбинский Областной Народного Банка Казахстана 961141000023,121000010921,Референс 2810894054 CMSTAKE Комиссия за ведение счета KZ58601A121000010921 за 04 месяц,,,2023-04-28,False,False,False,0.0,False
24.04.2023,125997692,,300000.0,"Государственное учреждение ""Аппарат города Кандыагаш 931240000964",931240000964,Референс 2807386222 СФ# 1240779/23-219 за 21.04.2023 ЗП# 6869266 Ст.- Текущий.Увед.№6869266 от 10.02.2023 г. Переч.за работу по техническому обслуживание светофоров в городе Кандыагаш за март 2023 г.согл.дог.№35 от 10.02.2023 г. и с/ф № ESF-770701302393- 20230418-54208323 от 18.04.2023 г,,,2023-04-24,False,False,False,300000.0,True
04.04.2023,002706493977,500.0,,Актюбинский Областной Народного Банка Казахстана 961141000023,961141000023,"Референс 2791985220 Комиссия за операцию ""Выдача наличных денег"" согласно тарифам банкаКассовый документ № 1 от 04.04.23 на сумму 100 000.00 KZT. НДС не облагается.",,,2023-04-04,False,False,False,0.0,False
04.04.2023,1,100000.0,,Актюбинский ОФ 961141000023,961141000023,Референс 2791985205 ВЫДАЧА НА ОПЛАТУ ТОВАРОВ И УСЛУГ,,,2023-04-04,False,False,False,0.0,False
31.03.2023,002703266492,500.0,,Актюбинский Областной Народного Банка Казахстана 961141000023,961141000023,"Референс 2788893088 Комиссия за операцию ""Выдача наличных денег"" согласно тарифам банкаКассовый документ № 1 от 31.03.23 на сумму 40 000.00 KZT. НДС не облагается.",,,2023-03-31,False,False,False,0.0,False
31.03.2023,1,40000.0,,Актюбинский ОФ 961141000023,961141000023,Референс 2788893081 ВЫДАЧА НА ОПЛАТУ ТОВАРОВ И УСЛУГ 11,,,2023-03-31,False,False,False,0.0,False
31.03.2023,002703024510,1000.0,,Актюбинский Областной Народного Банка Казахстана 961141000023,121000010921,Референс 2788757436 CMSTAKE Комиссия за ведение счета KZ58601A121000010921 за 03 месяц,,,2023-03-31,False,False,False,0.0,False
03.03.2023,002682316474,500.0,,Актюбинский Областной Народного Банка Казахстана 961141000023,961141000023,"Референс 2769240782 Комиссия за операцию ""Выдача наличных денег"" согласно тарифам банкаКассовый документ № 1 от 03.03.23 на сумму 100 000.00 KZT. НДС не облагается.",,,2023-03-03,False,False,False,0.0,False
03.03.2023,1,100000.0,,Актюбинский ОФ 961141000023,961141000023,Референс 2769240760 ВЫДАЧА НА ОПЛАТУ ТОВАРОВ И УСЛУГ,,,2023-03-03,False,False,False,0.0,False
28.02.2023,002678253572,1000.0,,Актюбинский Областной Народного Банка Казахстана 961141000023,121000010921,Референс 2765727907 CMSTAKE Комиссия за ведение счета KZ58601A121000010921 за 02 месяц,,,2023-02-28,False,False,False,0.0,False
22.02.2023,002673452113,500.0,,Актюбинский Областной Народного Банка Казахстана 961141000023,961141000023,"Референс 2761259334 Комиссия за операцию ""Выдача наличных денег"" согласно тарифам банкаКассовый документ № 1 от 22.02.23 на сумму 25 000.00 KZT. НДС не облагается.",,,2023-02-22,False,False,False,0.0,False
22.02.2023,1,25000.0,,Актюбинский ОФ 961141000023,961141000023,Референс 2761259331 выдача на оплату товаров и услуг,,,2023-02-22,False,False,False,0.0,False
20.02.2023,122551787,,4200.0,"Государственная корпорация ""Правительство для граждан"" 160440007161",160440007161,"Референс 2759700447 Возврат по платежному поручению №ONBE1850C от 13.01.2023 года, на сумму 25200,00, референс 0323113580607369 согласно заявки",,,2023-02-20,False,True,True,4200.0,False
20.02.2023,122551731,,4200.0,"Государственная корпорация ""Правительство для граждан"" 160440007161",160440007161,"Референс 2759700435 Возврат по платежному поручению №ONBE1850C от 13.01.2023 года, на сумму 25200,00, референс 0323113580607369 согласно заявки",,,2023-02-20,False,True,True,4200.0,False
20.02.2023,122551539,,4200.0,"Государственная корпорация ""Правительство для граждан"" 160440007161",160440007161,"Референс 2759700363 Возврат по платежному поручению №ONBE1850C от 13.01.2023 года, на сумму 25200,00, референс 0323113580607369 согласно заявки",,,2023-02-20,False,True,True,4200.0,False
20.02.2023,122551627,,4200.0,"Государственная корпорация ""Правительство для граждан"" 160440007161",160440007161,"Референс 2759699993 Возврат по платежному поручению №ONBE1850C от 13.01.2023 года, на сумму 25200,00, референс 0323113580607369 согласно заявки",,,2023-02-20,False,True,True,4200.0,False
20.02.2023,122551851,,4200.0,"Государственная корпорация ""Правительство для граждан"" 160440007161",160440007161,"Референс 2759697492 Возврат по платежному поручению №ONBE1850C от 13.01.2023 года, на сумму 25200,00, референс 0323113580607369 согласно заявки",,,2023-02-20,False,True,True,4200.0,False
20.02.2023,122551365,,4200.0,"Государственная корпорация ""Правительство для граждан"" 160440007161",160440007161,"Референс 2759697476 Возврат по платежному поручению №ONBE1850C от 13.01.2023 года, на сумму 25200,00, референс 0323113580607369 согласно заявки",,,2023-02-20,False,True,True,4200.0,False
09.02.2023,ONB5YM7EI,200000.0,,"""Центр электронных финансов 071140005693",071140005693,"Референс 2751955064 Внесение обеспечения заявки для участия в государственных закупках Гарантийный взнос,",,,2023-02-09,False,False,False,0.0,False
31.01.2023,002655236023,1000.0,,Актюбинский Областной Народного Банка Казахстана 961141000023,121000010921,Референс 2744308685 CMSTAKE Комиссия за ведение счета KZ58601A121000010921 за 01 месяц,,,2023-01-31,False,False,False,0.0,False
13.01.2023,ONBE1850C,25200.0,,"""Государственная корпорация ""Правительство для граждан"" 160440007161",160440007161,Референс 2732337971 Взносы на обязательное социальное медицинское страхование Взносы на обязательное социальное медицинское страхование,,,2023-01-13,False,True,True,0.0,False
13.01.2023,ONBFDD9B4,1000.0,,"""Государственная корпорация ""Правительство для граждан"" 160440007161",160440007161,Референс 2732334665 Пеня за несвоевременное перечисление взносов на обязательное социальное медицинское страхование Пеня за несвоевременное перечисление взносов на обязательное социальное медицинское страхование 12,,,2023-01-13,False,True,True,0.0,False
13.01.2023,ONB4A8AEC,1000.0,,"""Государственная корпорация ""Правительство для граждан"" 160440007161",160440007161,Референс 2732333392 Пеня за несвоевременное перечисление взносов на обязательное социальное медицинское страхование Пеня за несвоевременное перечисление взносов на обязательное социальное медицинское страхование,,,2023-01-13,False,True,True,0.0,False
13.01.2023,ONBCF6C42,600.0,,"""Государственная корпорация ""Правительство для граждан"" 160440007161",160440007161,Референс 2732331996 Пеня за несвоевременное перечисление социальных отчислений Пеня за несвоевременное перечисление социальных отчислений,,,2023-01-13,False,True,True,0.0,False
13.01.2023,ONB532ED0,1000.0,,"""Государственная корпорация ""Правительство для граждан"" 160440007161",160440007161,Референс 2732331221 Пеня за несвоевременное перечисление обязательных пенсионных взносов Пеня за несвоевременное перечисление обязательных пенсионных взносов,,,2023-01-13,False,False,False,0.0,False
13.01.2023,ONB7ED4AD,25200.0,,"""Государственная корпорация ""Правительство для граждан"" 160440007161",160440007161,Референс 2732330652 Пеня за несвоевременное перечисление отчислений на обязательное социальное медицинское страхование Пеня за несвоевременное перечисление отчислений на обязательное социальное медицинское страхование,,,2023-01-13,False,True,True,0.0,False
13.01.2023,ONB0A17CC,12600.0,,"""Государственная корпорация ""Правительство для граждан"" 160440007161",160440007161,Референс 2732329245 Cоциальные отчисления Cоциальные отчисления,,,2023-01-13,False,False,False,0.0,False
13.01.2023,ONBE8E28D,36000.0,,"""Государственная корпорация ""Правительство для граждан"" 160440007161",160440007161,Референс 2732296317 Обязательные пенсионные взносы Обязательные пенсионные взносы,,,2023-01-13,False,True,True,0.0,False
30.12.2022,002633614680,1000.0,,Актюбинский Областной Народного Банка Казахстана 961141000023,121000010921,Референс 2722347974 CMSTAKE Комиссия за ведение счета KZ58601A121000010921 за 12 месяц,,,2022-12-30,False,False,False,0.0,False
26.12.2022,123041501,,1312394.0,"""Тупкараганский районный отдел жилищно- коммунального хозя 050140004321",050140004321,"Референс 2718526349 СФ# 4582756/22-539 за 23.12.2022 ЗП# 6409662 Ст.- Окончательный.Содержание светофоров по району, уведомление №6409662 от 29.03.2022г, Акт выполненных работ № 220009/00/4 от 23.12.2022г",,,2022-12-26,False,False,False,1312394.0,True
21.12.2022,002625523458,2500.0,,Актюбинский Областной Народного Банка Казахстана 961141000023,961141000023,"Референс 2715047206 Комиссия за операцию ""Выдача наличных денег"" согласно тарифам банкаКассовый документ № 1 от 21.12.22 на сумму 500 000.00 KZT. НДС не облагается.",,,2022-12-21,False,False,False,0.0,False
21.12.2022,1,500000.0,,Актюбинский ОФ 961141000023,961141000023,Референс 2715047186 ВЫДАЧА НА ОПЛАТУ ТОВАРОВ И УСЛУГ,,,2022-12-21,False,False,False,0.0,False
13.12.2022,002618924112,83.0,,Актюбинский Областной Народного Банка Казахстана 961141000023,121000010921,Референс 2708960922 Оплата К2 CMSTAKE Комиссия за ведение счета KZ58601A121000010921 за 10 месяц,,,2022-12-13,False,False,False,0.0,False
13.12.2022,122435527,,1312394.0,"""Тупкараганский районный отдел жилищно- коммунального хозя 050140004321",050140004321,"Референс 2708955773 СФ# 4582756/22-479 за 12.12.2022 ЗП# 6409662 Ст.- Текущий.Содержание светофоров по району, уведомление №6409662 от 29.03.2022г, Акт выполненных работ № 220009/00/3 от 12.10.2022г",,,2022-12-13,False,False,False,1312394.0,True
31.10.2022,002581226162,917.0,,Актюбинский Областной Народного Банка Казахстана 961141000023,121000010921,Референс 2674945596 CMSTAKE Комиссия за ведение счета KZ58601A121000010921 за 10 месяц,,,2022-10-31,False,False,False,0.0,False
17.10.2022,002570887235,1085.0,,Актюбинский Областной Народного Банка Казахстана 961141000023,961141000023,"Референс 2665412756 Комиссия за операцию ""Выдача наличных денег"" согласно тарифам банкаКассовый документ № 1 от 17.10.22 на сумму 217 000.00 KZT. НДС не облагается.",,,2022-10-17,False,False,False,0.0,False
17.10.2022,1,217000.0,,Актюбинский ОФ 961141000023,961141000023,Референс 2665412750 ВЫДАЧА НА ОПЛАТУ ТОВАРОВ И УСЛУГ 13,,,2022-10-17,False,False,False,0.0,False
06.10.2022,002562672118,2000.0,,Актюбинский Областной Народного Банка Казахстана 961141000023,961141000023,"Референс 2657695120 Комиссия за операцию ""Выдача наличных денег"" согласно тарифам банкаКассовый документ № 1 от 06.10.22 на сумму 400 000.00 KZT. НДС не облагается.",,,2022-10-06,False,False,False,0.0,False
06.10.2022,1,400000.0,,Актюбинский ОФ 961141000023,961141000023,Референс 2657695114 ВЫДАЧА НА ОПЛАТУ ТОВАРОВ И УСЛУГ,,,2022-10-06,False,False,False,0.0,False
30.09.2022,002557237398,1000.0,,Актюбинский Областной Народного Банка Казахстана 961141000023,121000010921,Референс 2652947037 CMSTAKE Комиссия за ведение счета KZ58601A121000010921 за 09 месяц,,,2022-09-30,False,False,False,0.0,False
26.09.2022,002552916586,4040.0,,Актюбинский Областной Народного Банка Казахстана 961141000023,961141000023,"Референс 2649333182 Комиссия за операцию ""Выдача наличных денег"" согласно тарифам банкаКассовый документ № 1 от 26.09.22 на сумму 1 010 000.00 KZT. НДС не облагается.",,,2022-09-26,False,False,False,0.0,False
26.09.2022,1,1010000.0,,Актюбинский ОФ 961141000023,961141000023,Референс 2649333171 ВЫДАЧА НА ОПЛАТУ ТОВАРОВ И УСЛУГ,,,2022-09-26,False,False,False,0.0,False
20.09.2022,119336727,,1085000.0,Государственное учреждение “Аппарат Алтыкарасуского се 921240000348,921240000348,"Референс 2645387640 СФ# 1240860/22-245 за 20.09.2022 ЗП# 6600774 Ст.- Окончательный.перечисл. по сч.факт.ESF- 770701302393-20220908-33595303 от 08.09.2022 Услуги по вывозу твердых бытовых отходов в с.Алтыкарасу, Енбекши Алтыкарасуского сельского округа Темирского района, 6600774 26.08.2022",,,2022-09-20,False,False,False,1085000.0,True
07.09.2022,002538377341,500.0,,Актюбинский Областной Народного Банка Казахстана 961141000023,961141000023,"Референс 2635891672 Комиссия за операцию ""Выдача наличных денег"" согласно тарифам банкаКассовый документ № 1 от 07.09.22 на сумму 75 000.00 KZT. НДС не облагается.",,,2022-09-07,False,False,False,0.0,False
07.09.2022,1,75000.0,,Актюбинский ОФ 961141000023,961141000023,Референс 2635891668 ВЫДАЧА НА ОПЛАТУ ТОВАРОВ И УСЛУГ,,,2022-09-07,False,False,False,0.0,False
02.09.2022,002535379699,1100.0,,Актюбинский Областной Народного Банка Казахстана 961141000023,961141000023,"Референс 2632921929 Комиссия за операцию ""Выдача наличных денег"" согласно тарифам банкаКассовый документ № 3 от 02.09.22 на сумму 220 000.00 KZT. НДС не облагается.",,,2022-09-02,False,False,False,0.0,False
02.09.2022,3,220000.0,,Актюбинский ОФ 961141000023,961141000023,Референс 2632921915 ВЫДАЧА НА ОПЛАТУ ТОВАРОВ И УСЛУГ,,,2022-09-02,False,False,False,0.0,False
31.08.2022,002532315077,1000.0,,Актюбинский Областной Народного Банка Казахстана 961141000023,121000010921,Референс 2630343181 CMSTAKE Комиссия за ведение счета KZ58601A121000010921 за 08 месяц,,,2022-08-31,False,False,False,0.0,False
23.08.2022,002526395297,14400.0,,Актюбинский Областной Народного Банка Казахстана 961141000023,961141000023,"Референс 2624900452 Комиссия за операцию ""Выдача наличных денег"" согласно тарифам банкаКассовый документ № 1 от 23.08.22 на сумму 3 600 000.00 KZT. НДС не облагается.",,,2022-08-23,False,False,False,0.0,False
23.08.2022,1,3600000.0,,Актюбинский ОФ 961141000023,961141000023,Референс 2624900436 ВЫДАЧА НА ОПЛАТУ ТОВАРОВ И УСЛУГ,,,2022-08-23,False,False,False,0.0,False
22.08.2022,1,,3600000.0,"Товарищество с ограниченной ответственностью ""А- 030440003618",030440003618,Референс 2624379401 согласно счета на оплату № 5 от 19.08.2022 за транспортные услуги по РК,,,2022-08-22,False,False,False,3600000.0,True
19.08.2022,002524559209,500.0,,Актюбинский Областной Народного Банка Казахстана 961141000023,961141000023,"Референс 2622893146 Комиссия за операцию ""Выдача наличных денег"" согласно тарифам банкаКассовый документ № 1 от 19.08.22 на сумму 20 000.00 KZT. НДС не облагается.",,,2022-08-19,False,False,False,0.0,False
19.08.2022,1,20000.0,,Актюбинский ОФ 961141000023,961141000023,Референс 2622893142 ВЫДАЧА НА ОПЛАТУ ТОВАРОВ И УСЛУГ,,,2022-08-19,False,False,False,0.0,False
08.08.2022,002515168164,550.0,,Актюбинский Областной Народного Банка Казахстана 961141000023,961141000023,"Референс 2614216728 Комиссия за операцию ""Выдача наличных денег"" согласно тарифам банкаКассовый документ № 1 от 08.08.22 на сумму 110 000.00 KZT. НДС не облагается.",,,2022-08-08,False,False,False,0.0,False
08.08.2022,1,110000.0,,Актюбинский ОФ 961141000023,961141000023,Референс 2614216714 ВЫДАЧА НА ОПЛАТУ ТОВАРОВ И УСЛУГ,,,2022-08-08,False,False,False,0.0,False
29.07.2022,002507562646,1000.0,,Актюбинский Областной Народного Банка Казахстана 961141000023,121000010921,Референс 2605989022 CMSTAKE Комиссия за ведение счета KZ58601A121000010921 за 07 месяц 14,,,2022-07-29,False,False,False,0.0,False
26.07.2022,5,1200.0,,"""Государственная корпорация ""Правительство для граждан"" 160440007161",160440007161,Референс 2603174566 январь-июнь 2022 Пеня за несвоевременное перечисление взносов на обязательное социальное медицинское страхование,,,2022-07-26,False,True,True,0.0,False
26.07.2022,002504840081,300.0,,Актюбинский Областной Народного Банка Казахстана 961141000023,961141000023,"Референс 2603174591 Комиссия за операцию ""Взносы на обязательное социальное медицинское страхование"" согласно тарифам банкаРасчетный документ № 5 от 26.07.22 на сумму 1 200.00 KZT. НДС не облагается.",,,2022-07-26,False,True,True,0.0,False
26.07.2022,002504839922,300.0,,Актюбинский Областной Народного Банка Казахстана 961141000023,961141000023,"Референс 2603174482 Комиссия за операцию ""Пенсионный/социальный платеж"" согласно тарифам банкаРасчетный документ № 4 от 26.07.22 на сумму 1 800.00 KZT. НДС не облагается.",,,2022-07-26,False,True,True,0.0,False
26.07.2022,6,600.0,,"""Государственная корпорация ""Правительство для граждан"" 160440007161",160440007161,Референс 2603174471 январь-июнь 2022 Пеня за несвоевременное перечисление социальных отчислений,,,2022-07-26,False,True,True,0.0,False
26.07.2022,002504839924,300.0,,Актюбинский Областной Народного Банка Казахстана 961141000023,961141000023,"Референс 2603174483 Комиссия за операцию ""Простой перевод - перечисление социальных отчислений"" согласно тарифам банкаРасчетный документ № 6 от 26.07.22 на сумму 600.00 KZT. НДС не облагается.",,,2022-07-26,False,True,True,0.0,False
26.07.2022,4,1800.0,,"""Государственная корпорация ""Правительство для граждан"" 160440007161",160440007161,Референс 2603174470 январь-июнь 2022 Пеня за несвоевременное перечисление обязательных пенсионных взносов,,,2022-07-26,False,False,False,0.0,False
26.07.2022,002504828443,300.0,,Актюбинский Областной Народного Банка Казахстана 961141000023,961141000023,"Референс 2603165220 Комиссия за операцию ""Взносы на обязательное социальное медицинское страхование"" согласно тарифам банкаРасчетный документ № 3 от 26.07.22 на сумму 25 200.00 KZT. НДС не облагается.",,,2022-07-26,False,True,True,0.0,False
26.07.2022,3,25200.0,,"""Государственная корпорация ""Правительство для граждан"" 160440007161",160440007161,Референс 2603165192 январь-июнь 2022 Взносы на обязательное социальное медицинское страхование,,,2022-07-26,False,True,True,0.0,False
26.07.2022,2,12600.0,,"""Государственная корпорация ""Правительство для граждан"" 160440007161",160440007161,Референс 2603165048 январь-июнь 2022 Cоциальные отчисления,,,2022-07-26,False,False,False,0.0,False
26.07.2022,002504828260,300.0,,Актюбинский Областной Народного Банка Казахстана 961141000023,961141000023,"Референс 2603165073 Комиссия за операцию ""Простой перевод - перечисление социальных отчислений"" согласно тарифам банкаРасчетный документ № 2 от 26.07.22 на сумму 12 600.00 KZT. НДС не облагается.",,,2022-07-26,False,True,True,0.0,False
26.07.2022,002504827947,300.0,,Актюбинский Областной Народного Банка Казахстана 961141000023,961141000023,"Референс 2603164857 Комиссия за операцию ""Пенсионный/социальный платеж"" согласно тарифам банкаРасчетный документ № 1 от 26.07.22 на сумму 36 000.00 KZT. НДС не облагается.",,,2022-07-26,False,True,True,0.0,False
26.07.2022,1,36000.0,,"""Государственная корпорация ""Правительство для граждан"" 160440007161",160440007161,Референс 2603164832 январь-июнь 2022 Обязательные пенсионные взносы,,,2022-07-26,False,True,True,0.0,False
30.06.2022,002485191229,1000.0,,Актюбинский Областной Народного Банка Казахстана 961141000023,121000010921,Референс 2584701355 CMSTAKE Комиссия за ведение счета KZ58601A121000010921 за 06 месяц,,,2022-06-30,False,False,False,0.0,False
16.06.2022,002474650263,1500.0,,Актюбинский Областной Народного Банка Казахстана 961141000023,961141000023,"Референс 2574969412 Комиссия за операцию ""Выдача наличных денег"" согласно тарифам банкаКассовый документ № 2 от 16.06.22 на сумму 300 000.00 KZT. НДС не облагается.",,,2022-06-16,False,False,False,0.0,False
16.06.2022,2,300000.0,,Актюбинский ОФ 961141000023,961141000023,Референс 2574969401 ВЫДАЧА НА ОПЛАТУ ТОВАРОВ И УСЛУГ 15,,,2022-06-16,False,False,False,0.0,False
13.06.2022,116129161,,1200012.0,"""Тупкараганский районный отдел жилищно- коммунального хозя 050140004321",050140004321,"Референс 2572689259 СФ# 4582756/22-181 за 13.06.2022 ЗП# 6409662 Ст.- Текущий.Содержание светофоров по району, уведомление №6409662 от 29.03.2022г,Акт выполненных работ №1 за май месяц 2022г.",,,2022-06-13,False,False,False,1200012.0,True
06.06.2022,002466209983,2000.0,,Актюбинский Областной Народного Банка Казахстана 961141000023,961141000023,"Референс 2567248328 Комиссия за операцию ""Выдача наличных денег"" согласно тарифам банкаКассовый документ № 1 от 06.06.22 на сумму 400 000.00 KZT. НДС не облагается.",,,2022-06-06,False,False,False,0.0,False
06.06.2022,1,400000.0,,Актюбинский ОФ 961141000023,961141000023,Референс 2567248318 ВЫДАЧА НА ОПЛАТУ ТОВАРОВ И УСЛУГ,,,2022-06-06,False,False,False,0.0,False
