﻿Дата,Номер документа,Дебет,Кредит,Контрагент (имя),Контрагент ИИН/БИН,Детали платежа,КНП,ip_knp_norm,ip_op_date,ip_is_non_business_by_knp,ip_is_non_business_by_keywords,ip_is_non_business,ip_credit_amount,ip_is_business_income
29.01.2024,ONBA55782,8000.0,,"""Народный Банк Казахстана"" 940140000385",940140000385,Референс 3033370218 Onlinebank Пополнение эквайрингового контракта Поездки RRN=OB24T0BOXTH7,,,2024-01-29,False,False,False,0.0,False
29.01.2024,ONB5920E9,,8000.0,УРАЗБАЕВА А.К.COM 641011400676,641011400676,"Референс 3033366277 Onlinebank, Переводы клиентом денег с одного своего текущего счета, открытого в банке, на другой свой текущий счет, открытый в данном банке",,,2024-01-29,False,False,False,8000.0,True
29.01.2024,ONB4B16E9,5000.0,,УРАЗБАЕВА А.К.COM 641011400676,641011400676,"Референс 3033358760 Onlinebank Переводы клиентом денег с одного своего текущего счета, открытого в банке, ф-ле банка-нерез-та РК на другой свой текущий счет, открытый в данном банке, в ф-ле данного банка-нерез-та РК RRN=24129D733956",,,2024-01-29,False,False,False,0.0,False
29.01.2024,AW1727934346,,5000.0,Народный Банк Казахстана 940140000385,940140000385,Референс 3033356333 Взнос наличных денег на счёт ЮЛ/ИП через Терминал 25080002; 641011400676 ПОПОЛНЕНИЕ,,,2024-01-29,False,True,True,5000.0,False
