﻿Дата,Номер документа,Дебет,Кредит,Контрагент (имя),Контрагент ИИН/БИН,Детали платежа,КНП
27.05.2024,003081063843,226792.2,,Областной филиал «Жетісу» Народного Банка Казахстана 961041000353,311000676011,"Референс 3138481331 Погашение со счета KZ30601A311000676011 вид начисления - Основной долг в сумме 226792.2 по договору D775290827.827621, по клиенту ИНДИВИДУАЛЬНЫЙ ПРЕДПРИНИМАТЕЛЬ ИП Джаксыбаев",
27.05.2024,003081063262,215800.07,,Областной филиал «Жетісу» Народного Банка Казахстана 961041000353,311000676011,"Референс 3138480578 Погашение со счета KZ30601A311000676011 вид начисления - Основной долг в сумме 215800.07 по договору D2033703880.287224, по клиенту ИНДИВИДУАЛЬНЫЙ ПРЕДПРИНИМАТЕЛЬ ИП Джаксыбаев",
27.05.2024,003081055991,620574.03,,Областной филиал «Жетісу» Народного Банка Казахстана 961041000353,311000676011,"Референс 3138472940 Погашение со счета KZ30601A311000676011 вид начисления - Проценты по кредиту в сумме 620574.03 по договору D2033703880.287224, по клиенту ИНДИВИДУАЛЬНЫЙ ПРЕДПРИНИМАТЕЛЬ ИП Джаксыбаев",
27.05.2024,003081048986,9049.84,,Областной филиал «Жетісу» Народного Банка Казахстана 961041000353,311000676011,"Референс 3138465740 Погашение со счета KZ30601A311000676011 вид начисления - Проценты по кредиту в сумме 9049.84 по договору D775290827.827621, по клиенту ИНДИВИДУАЛЬНЫЙ ПРЕДПРИНИМАТЕЛЬ ИП Джаксыбаев",
14.05.2024,ONB44AD8D,,60000.0,Джаксыбаев 870517301217,870517301217,"Референс 3126771877 Перевод между своими счетами Переводы клиентом денег с одного своего текущего счета, открытого в банке, ф- ле банка-нерез-та РК на другой свой текущий счет, открытый в данном банке, в ф-ле данного банка-нерез-та РК",
14.05.2024,ONB43A798,,1000000.0,Джаксыбаев 870517301217,870517301217,"Референс 3126752893 Перевод между своими счетами Переводы клиентом денег с одного своего текущего счета, открытого в банке, ф- ле банка-нерез-та РК на другой свой текущий счет, открытый в данном банке, в ф-ле данного банка-нерез-та РК",
25.04.2024,003050730392,249136.1,,Областной филиал «Жетісу» Народного Банка Казахстана 961041000353,311000676011,"Референс 3110700601 Погашение со счета KZ30601A311000676011 вид начисления - Основной долг в сумме 249136.1 по договору D2033703880.287224, по клиенту ИНДИВИДУАЛЬНЫЙ ПРЕДПРИНИМАТЕЛЬ ИП Джаксыбаев",
25.04.2024,003050729865,224654.52,,Областной филиал «Жетісу» Народного Банка Казахстана 961041000353,311000676011,"Референс 3110699853 Погашение со счета KZ30601A311000676011 вид начисления - Основной долг в сумме 224654.52 по договору D775290827.827621, по клиенту ИНДИВИДУАЛЬНЫЙ ПРЕДПРИНИМАТЕЛЬ ИП Джаксыбаев 1",
25.04.2024,003050728684,587238.0,,Областной филиал «Жетісу» Народного Банка Казахстана 961041000353,311000676011,"Референс 3110698110 Погашение со счета KZ30601A311000676011 вид начисления - Проценты по кредиту в сумме 587238 по договору D2033703880.287224, по клиенту ИНДИВИДУАЛЬНЫЙ ПРЕДПРИНИМАТЕЛЬ ИП Джаксыбаев",
25.04.2024,003050726910,9607.49,,Областной филиал «Жетісу» Народного Банка Казахстана 961041000353,311000676011,"Референс 3110695973 Погашение со счета KZ30601A311000676011 вид начисления - Проценты по кредиту в сумме 9607.49 по договору D775290827.827621, по клиенту ИНДИВИДУАЛЬНЫЙ ПРЕДПРИНИМАТЕЛЬ ИП Джаксыбаев",
15.04.2024,ONBAB245E,,1080000.0,Джаксыбаев 870517301217,870517301217,"Референс 3102035390 Перевод между своими счетами Переводы клиентом денег с одного своего текущего счета, открытого в банке, ф- ле банка-нерез-та РК на другой свой текущий счет, открытый в данном банке, в ф-ле данного банка-нерез-та РК",
26.03.2024,003019792748,263146.25,,Областной филиал «Жетісу» Народного Банка Казахстана 961041000353,311000676011,"Референс 3082431802 Погашение со счета KZ30601A311000676011 вид начисления - Основной долг в сумме 263146.25 по договору D2033703880.287224, по клиенту ИНДИВИДУАЛЬНЫЙ ПРЕДПРИНИМАТЕЛЬ ИП Джаксыбаев",
26.03.2024,003019792163,221773.18,,Областной филиал «Жетісу» Народного Банка Казахстана 961041000353,311000676011,"Референс 3082431216 Погашение со счета KZ30601A311000676011 вид начисления - Основной долг в сумме 221773.18 по договору D775290827.827621, по клиенту ИНДИВИДУАЛЬНЫЙ ПРЕДПРИНИМАТЕЛЬ ИП Джаксыбаев",
26.03.2024,003019775811,10359.14,,Областной филиал «Жетісу» Народного Банка Казахстана 961041000353,311000676011,"Референс 3082414943 Погашение со счета KZ30601A311000676011 вид начисления - Проценты по кредиту в сумме 10359.14 по договору D775290827.827621, по клиенту ИНДИВИДУАЛЬНЫЙ ПРЕДПРИНИМАТЕЛЬ ИП Джаксыбаев",
26.03.2024,003019773307,573227.85,,Областной филиал «Жетісу» Народного Банка Казахстана 961041000353,311000676011,"Референс 3082411466 Погашение со счета KZ30601A311000676011 вид начисления - Проценты по кредиту в сумме 573227.85 по договору D2033703880.287224, по клиенту ИНДИВИДУАЛЬНЫЙ ПРЕДПРИНИМАТЕЛЬ ИП Джаксыбаев",
24.03.2024,ONBEF2740,,1063000.0,Джаксыбаев 870517301217,870517301217,"Референс 3081451378 Перевод между своими счетами Переводы клиентом денег с одного своего текущего счета, открытого в банке, ф- ле банка-нерез-та РК на другой свой текущий счет, открытый в данном банке, в ф-ле данного банка-нерез-та РК",
26.02.2024,002992914722,214780.7,,Областной филиал «Жетісу» Народного Банка Казахстана 961041000353,311000676011,"Референс 3057538545 Погашение со счета KZ30601A311000676011 вид начисления - Основной долг в сумме 214780.7 по договору D775290827.827621, по клиенту ИНДИВИДУАЛЬНЫЙ ПРЕДПРИНИМАТЕЛЬ ИП Джаксыбаев",
26.02.2024,002992913746,218670.44,,Областной филиал «Жетісу» Народного Банка Казахстана 961041000353,311000676011,"Референс 3057537316 Погашение со счета KZ30601A311000676011 вид начисления - Основной долг в сумме 218670.44 по договору D2033703880.287224, по клиенту ИНДИВИДУАЛЬНЫЙ ПРЕДПРИНИМАТЕЛЬ ИП Джаксыбаев",
26.02.2024,002992905609,12183.27,,Областной филиал «Жетісу» Народного Банка Казахстана 961041000353,311000676011,"Референс 3057527321 Погашение со счета KZ30601A311000676011 вид начисления - Проценты по кредиту в сумме 12183.27 по договору D775290827.827621, по клиенту ИНДИВИДУАЛЬНЫЙ ПРЕДПРИНИМАТЕЛЬ ИП Джаксыбаев",
26.02.2024,002992904050,617703.66,,Областной филиал «Жетісу» Народного Банка Казахстана 961041000353 Г.Д. 870517301217,311000676011,"Референс 3057525348 Погашение со счета KZ30601A311000676011 вид начисления - Проценты по кредиту в сумме 617703.66 по договору D2033703880.287224, по клиенту ИНДИВИДУАЛЬНЫЙ ПРЕДПРИНИМАТЕЛЬ ИП Джаксыбаев 2 Референс 3056315179 PHONE_NUMBER 7012105073 Платеж за товар RRN=24223D126326",
23.02.2024,ONBC5101D,135000.0,,ДЖАКСЫБАЕВ М.Г.COM 870517301217 Г.Д. 870517301217,870517301217,"Референс 3056215860 Onlinebank Переводы клиентом денег с одного своего текущего счета, открытого в банке, ф-ле банка-нерез-та РК на другой свой текущий счет, открытый в данном банке, в ф-ле данного банка-нерез-та РК RRN=24223D123877 Референс 3054857771 PHONE_NUMBER 7012105073 Платеж за товар RRN=24222D102475",
22.02.2024,ONBB3377D,,18000000677000.0,Джаксыбаев 870517301217 Г.Д. 870517301217,870517301217,"Референс 3054848462 Перевод между своими счетами Переводы клиентом денег с одного своего текущего счета, открытого в банке, ф- ле банка-нерез-та РК на другой свой текущий счет, открытый в данном банке, в ф-ле данного банка-нерез-та РК Референс 3054847560 PHONE_NUMBER 7012105073 Платеж за товар RRN=24222D102300",
01.02.2024,002970262899,,364121850000.0,Акционерное общество развития предпринимательства 970840000277 Г.Д. 870517301217,970840000277,"Референс 3036630738 СФ# F000001/24-2115 за 31.01.2024 ЗП# Ст.-Окончательный.Перевод субсидии юр и физ лицам, согласно подтверждения №1044-24 и согл. распоряжения № 1044-Р-ДС от 31.01.2024 Референс 3036147546 PHONE_NUMBER 7012105073 Платеж за товар RRN=24201D775743",
25.01.2024,002963086917,36412.18,,Областной филиал «Жетісу» Народного Банка Казахстана 961041000353,311000676011,"Референс 3030321858 Погашение со счета KZ30601A311000676011 вид начисления - Проценты по кредиту в сумме 36412.18 по договору D775290827.827621, по клиенту ИНДИВИДУАЛЬНЫЙ ПРЕДПРИНИМАТЕЛЬ ИП Джаксыбаев",
25.01.2024,002963083740,212219.69,,Областной филиал «Жетісу» Народного Банка Казахстана 961041000353,311000676011,"Референс 3030318423 Погашение со счета KZ30601A311000676011 вид начисления - Основной долг в сумме 212219.69 по договору D775290827.827621, по клиенту ИНДИВИДУАЛЬНЫЙ ПРЕДПРИНИМАТЕЛЬ ИП Джаксыбаев",
25.01.2024,002963082001,233488.79,,Областной филиал «Жетісу» Народного Банка Казахстана 961041000353,311000676011,"Референс 3030316059 Погашение со счета KZ30601A311000676011 вид начисления - Основной долг в сумме 233488.79 по договору D2033703880.287224, по клиенту ИНДИВИДУАЛЬНЫЙ ПРЕДПРИНИМАТЕЛЬ ИП Джаксыбаев",
25.01.2024,002963077964,12851.36,,Областной филиал «Жетісу» Народного Банка Казахстана 961041000353,311000676011,"Референс 3030310512 Погашение со счета KZ30601A311000676011 вид начисления - Проценты по кредиту в сумме 12851.36 по договору D775290827.827621, по клиенту ИНДИВИДУАЛЬНЫЙ ПРЕДПРИНИМАТЕЛЬ ИП Джаксыбаев",
25.01.2024,002963075594,602885.31,,Областной филиал «Жетісу» Народного Банка Казахстана 961041000353 Г.Д. 870517301217,311000676011,"Референс 3030307126 Погашение со счета KZ30601A311000676011 вид начисления - Проценты по кредиту в сумме 602885.31 по договору D2033703880.287224, по клиенту ИНДИВИДУАЛЬНЫЙ ПРЕДПРИНИМАТЕЛЬ ИП Джаксыбаев Референс 3029811963 PHONE_NUMBER 7012105073 Платеж за товар RRN=24124D671678",
21.01.2024,ONB6FA831,,6610000030000.0,Джаксыбаев 870517301217 Г.Д. 870517301217,870517301217,"Референс 3026825083 Перевод между своими счетами Переводы клиентом денег с одного своего текущего счета, открытого в банке, ф- ле банка-нерез-та РК на другой свой текущий счет, открытый в данном банке, в ф-ле данного банка-нерез-та РК 3 Референс 3024267061 PHONE_NUMBER 7012105073 Платеж за товар RRN=24117D577164",
25.12.2023,002935831289,70758.77,,Областной филиал «Жетісу» Народного Банка Казахстана 961041000353,311000676011,"Референс 3003302710 Погашение со счета KZ30601A311000676011 вид начисления - Основной долг в сумме 70758.77 по договору D2033703880.287224, по клиенту ИНДИВИДУАЛЬНЫЙ ПРЕДПРИНИМАТЕЛЬ ИП Джаксыбаев",
25.12.2023,002935830848,211716.56,,Областной филиал «Жетісу» Народного Банка Казахстана 961041000353,311000676011,"Референс 3003302124 Погашение со счета KZ30601A311000676011 вид начисления - Основной долг в сумме 211716.56 по договору D775290827.827621, по клиенту ИНДИВИДУАЛЬНЫЙ ПРЕДПРИНИМАТЕЛЬ ИП Джаксыбаев",
25.12.2023,002935821024,12982.6,,Областной филиал «Жетісу» Народного Банка Казахстана 961041000353,311000676011,"Референс 3003290112 Погашение со счета KZ30601A311000676011 вид начисления - Проценты по кредиту в сумме 12982.6 по договору D775290827.827621, по клиенту ИНДИВИДУАЛЬНЫЙ ПРЕДПРИНИМАТЕЛЬ ИП Джаксыбаев",
25.12.2023,002935819060,765615.33,,Областной филиал «Жетісу» Народного Банка Казахстана 961041000353,311000676011,"Референс 3003287623 Погашение со счета KZ30601A311000676011 вид начисления - Проценты по кредиту в сумме 765615.33 по договору D2033703880.287224, по клиенту ИНДИВИДУАЛЬНЫЙ ПРЕДПРИНИМАТЕЛЬ ИП Джаксыбаев",
22.12.2023,ONBF924B0,,1054000.0,Джаксыбаев 870517301217,870517301217,"Референс 3001995414 Перевод между своими счетами Переводы клиентом денег с одного своего текущего счета, открытого в банке, на другой свой текущий счет, открытый в данном банке",
27.11.2023,002909402684,202376.23,,Областной филиал «Жетісу» Народного Банка Казахстана 961041000353,311000676011,"Референс 2979088132 Погашение со счета KZ30601A311000676011 вид начисления - Основной долг в сумме 202376.23 по договору D775290827.827621, по клиенту ИНДИВИДУАЛЬНЫЙ ПРЕДПРИНИМАТЕЛЬ ИП Джаксыбаев",
27.11.2023,002909386837,15419.22,,Областной филиал «Жетісу» Народного Банка Казахстана 961041000353,311000676011,"Референс 2979070135 Погашение со счета KZ30601A311000676011 вид начисления - Проценты по кредиту в сумме 15419.22 по договору D775290827.827621, по клиенту ИНДИВИДУАЛЬНЫЙ ПРЕДПРИНИМАТЕЛЬ ИП Джаксыбаев",
23.11.2023,ONB8653DF,2000000.0,,Сергей Васильевич 780520301680 Г.Д. 870517301217,780520301680,"Референс 2976625266 Пакупка машины Платежи за товары, за исключением недвижимости и товаров с кодами назначения платежей 711, 712 и 713, Референс 2975844330 PHONE_NUMBER 7012105073 Платеж за товар RRN=23B22D768711",
22.11.2023,ONB797A29,,105000.0,Джаксыбаев 870517301217,870517301217,"Референс 2975409839 Перевод между своими счетами Переводы клиентом денег с одного своего текущего счета, открытого в банке, на другой свой текущий счет, открытый в данном банке",
19.11.2023,ONB185115,13000000.0,,КОНСТАНТИН Б. 701206300267,701206300267,Референс 2972851333 PHONE_NUMBER 7059002130 Прочие безвозмездные переводы денег RRN=23B19D721166,
17.11.2023,002902077077,1000.0,,Областной филиал «Жетісу» Народного Банка Казахстана 961041000353,961041000353,"Референс 2972124511 Комиссия за операцию ""Простой перевод обычной срочности"" согласно тарифам банкаРасчетный документ № ONB502832 от 17.11.23 на сумму 13 900 000.00 KZT. НДС не облагается.",
17.11.2023,ONB502832,13900000.0,,Кулиева Тамела Фармановна 690528402606,690528402606,"Референс 2972124472 за машину Платежи за товары, за исключением недвижимости и товаров с кодами назначения платежей 711, 712 и 713, 4",
17.11.2023,002901956093,621230.0,,"Акционерное общество ""Дочерняя компания Народного Банка Казахстана по страхованию жизни ""Халык-Life"" 051140004354",870517301217,"Референс 2972039319 Перевод страховой премии по кредиту D2033703880.287224 от 17.11.23, Клиент ИНДИВИДУАЛЬНЫЙ ПРЕДПРИНИМАТЕЛЬ ИП Джаксыбаев ИИН 870517301217, референс:DS2033703880.287224.",
17.11.2023,002901956055,,27631230.0,Областной филиал «Жетісу» Народного Банка Казахстана 961041000353,961041000353,Референс 2972039310 Предоставление займа по договору № D2033703880.287224 от 17.11.2023 в сумме 27631230 KZT. Заемщик: ИНДИВИДУАЛЬНЫЙ ПРЕДПРИНИМАТЕЛЬ ИП Джаксыбаев.,
26.10.2023,002880258994,198445.91,,Областной филиал «Жетісу» Народного Банка Казахстана 961041000353,311000676011,"Референс 2952427180 Погашение со счета KZ30601A311000676011 вид начисления - Основной долг в сумме 198445.91 по договору D775290827.827621, по клиенту ИНДИВИДУАЛЬНЫЙ ПРЕДПРИНИМАТЕЛЬ ИП Джаксыбаев",
26.10.2023,002880252753,16444.52,,Областной филиал «Жетісу» Народного Банка Казахстана 961041000353,311000676011,"Референс 2952419906 Погашение со счета KZ30601A311000676011 вид начисления - Проценты по кредиту в сумме 16444.52 по договору D775290827.827621, по клиенту ИНДИВИДУАЛЬНЫЙ ПРЕДПРИНИМАТЕЛЬ ИП Джаксыбаев",
24.10.2023,ONBC2ED64,,1600000050000.0,Джаксыбаев 870517301217 Г.Д. 870517301217,870517301217,"Референс 2950991806 Перевод между своими счетами Переводы клиентом денег с одного своего текущего счета, открытого в банке, на другой свой текущий счет, открытый в данном банке Референс 2950989321 PHONE_NUMBER 7012105073 Платеж за товар RRN=23A24D358019",
24.10.2023,ONB65F3CA,1000.0,,Джаксыбаев 870517301217 Г.Д. 870517301217,870517301217,"Референс 2950857095 Перевод между своими счетами Переводы клиентом денег с одного своего текущего счета, открытого в банке, на другой свой текущий счет, открытый в данном банке Референс 2950854870 PHONE_NUMBER 7012105073 Платеж за товар RRN=23A24D355491",
25.09.2023,002852887644,,400000211000.0,Областной филиал «Жетісу» Народного Банка Казахстана 961041000353 Г.Д. 870517301217 Г.Д. 870517301217,311000676011,"Референс 2927234555 Погашение со счета KZ30601A311000676011 вид начисления - Основной долг в сумме 162070.4 по договору D775290827.827621, по клиенту ИНДИВИДУАЛЬНЫЙ ПРЕДПРИНИМАТЕЛЬ ИП Джаксыбаев Референс 2927201391 PHONE_NUMBER 7012105073 Платеж за товар RRN=23925D965412 Референс 2927194784 PHONE_NUMBER 7012105073 Платеж за товар RRN=23925D965327",
25.09.2023,002851985600,34638.71,,Областной филиал «Жетісу» Народного Банка Казахстана 961041000353,311000676011,"Референс 2926568260 Погашение со счета KZ30601A311000676011 вид начисления - Основной долг в сумме 34638.71 по договору D775290827.827621, по клиенту ИНДИВИДУАЛЬНЫЙ ПРЕДПРИНИМАТЕЛЬ ИП Джаксыбаев",
25.09.2023,002851974787,16897.59,,Областной филиал «Жетісу» Народного Банка Казахстана 961041000353,311000676011,"Референс 2926555871 Погашение со счета KZ30601A311000676011 вид начисления - Проценты по кредиту в сумме 16897.59 по договору D775290827.827621, по клиенту ИНДИВИДУАЛЬНЫЙ ПРЕДПРИНИМАТЕЛЬ ИП Джаксыбаев",
25.08.2023,002826111443,193009.75,,Областной филиал «Жетісу» Народного Банка Казахстана 961041000353,311000676011,"Референс 2902761659 Погашение со счета KZ30601A311000676011 вид начисления - Основной долг в сумме 193009.75 по договору D775290827.827621, по клиенту ИНДИВИДУАЛЬНЫЙ ПРЕДПРИНИМАТЕЛЬ ИП Джаксыбаев 5",
25.08.2023,002826110707,,210000.0,Областной филиал «Жетісу» Народного Банка Казахстана 961041000353 Г.Д. 870517301217,311000676011,"Референс 2902760559 Погашение со счета KZ30601A311000676011 вид начисления - Проценты по кредиту в сумме 17862.65 по договору D775290827.827621, по клиенту ИНДИВИДУАЛЬНЫЙ ПРЕДПРИНИМАТЕЛЬ ИП Джаксыбаев Референс 2901407751 PHONE_NUMBER 7012105073 Платеж за товар RRN=23823D56113",
