﻿Дата,Номер документа,Дебет,Кредит,Контрагент (имя),Контрагент ИИН/БИН,Детали платежа,КНП,ip_knp_norm,ip_op_date,ip_is_non_business_by_knp,ip_is_non_business_by_keywords,ip_is_non_business,ip_credit_amount,ip_is_business_income
03.09.2025,ONBXZL3Z2,5000.0,,ҚОЖАНҰР Ә.COM 920118402462,920118402462,"Референс 3613495697 Onlinebank Переводы клиентом денег с одного своего текущего счета, открытого в банке, ф-ле банка-нерез-та РК на другой свой текущий счет, открытый в данном банке, в ф-ле данного банка-нерез-та РК RRN=25903D827595 Внешний референс: 0225903846696729",,,2025-09-03,False,False,False,0.0,False
02.09.2025,003687632170,8550.0,,Алматинский городской Народного Банка Казахстана 960941000145,960941000145,"Референс 3611827943 Комиссия за операцию ""Снятие с текущего счета ЮЛ через АК"" согласно тарифам банка. НДС не облагается. Внешний референс: 0225902846223108",,,2025-09-02,False,False,False,0.0,False
02.09.2025,003687632152,1900000.0,,Народный Банк Республики Казахстан 940140000385,940140000385,Референс 3611827920 Снятие с текущего счета ЮЛ/ПБОЮЛ через АК. (Снятие наличных денег с текущих или корреспондентских счетов) Внешний референс: SB25902983775024,,,2025-09-02,False,False,False,0.0,False
02.09.2025,003687628980,13500.0,,Алматинский городской Народного Банка Казахстана 960941000145,960941000145,"Референс 3611824984 Комиссия за операцию ""Снятие с текущего счета ЮЛ через АК"" согласно тарифам банка. НДС не облагается. Внешний референс: 0225902846222406",,,2025-09-02,False,False,False,0.0,False
02.09.2025,003687628743,3000000.0,,Народный Банк Республики Казахстан 940140000385,940140000385,Референс 3611824854 Снятие с текущего счета ЮЛ/ПБОЮЛ через АК. (Снятие наличных денег с текущих или корреспондентских счетов) Внешний референс: SB25902983774940,,,2025-09-02,False,False,False,0.0,False
02.09.2025,003687597193,13500.0,,Алматинский городской Народного Банка Казахстана 960941000145,960941000145,"Референс 3611813453 Комиссия за операцию ""Снятие с текущего счета ЮЛ через АК"" согласно тарифам банка. НДС не облагается. Внешний референс: 0225902846216523",,,2025-09-02,False,False,False,0.0,False
02.09.2025,003687597160,3000000.0,,Народный Банк Республики Казахстан 940140000385,940140000385,Референс 3611813440 Снятие с текущего счета ЮЛ/ПБОЮЛ через АК. (Снятие наличных денег с текущих или корреспондентских счетов) Внешний референс: SB25902983774215,,,2025-09-02,False,False,False,0.0,False
02.09.2025,003687593401,13500.0,,Алматинский городской Народного Банка Казахстана 960941000145,960941000145,"Референс 3611811308 Комиссия за операцию ""Снятие с текущего счета ЮЛ через АК"" согласно тарифам банка. НДС не облагается. Внешний референс: 0225902846215290",,,2025-09-02,False,False,False,0.0,False
02.09.2025,003687593223,3000000.0,,Народный Банк Республики Казахстан 940140000385,940140000385,Референс 3611811175 Снятие с текущего счета ЮЛ/ПБОЮЛ через АК. (Снятие наличных денег с текущих или корреспондентских счетов) Внешний референс: SB25902983774019 1,,,2025-09-02,False,False,False,0.0,False
02.09.2025,003687590866,13500.0,,Алматинский городской Народного Банка Казахстана 960941000145,960941000145,"Референс 3611809629 Комиссия за операцию ""Снятие с текущего счета ЮЛ через АК"" согласно тарифам банка. НДС не облагается. Внешний референс: 0225902846214576",,,2025-09-02,False,False,False,0.0,False
02.09.2025,003687590842,3000000.0,,Народный Банк Республики Казахстан 940140000385,940140000385,Референс 3611809574 Снятие с текущего счета ЮЛ/ПБОЮЛ через АК. (Снятие наличных денег с текущих или корреспондентских счетов) Внешний референс: SB25902983773916,,,2025-09-02,False,False,False,0.0,False
02.09.2025,003687586525,13500.0,,Алматинский городской Народного Банка Казахстана 960941000145,960941000145,"Референс 3611807645 Комиссия за операцию ""Снятие с текущего счета ЮЛ через АК"" согласно тарифам банка. НДС не облагается. Внешний референс: 0225902846213846",,,2025-09-02,False,False,False,0.0,False
02.09.2025,003687586378,3000000.0,,Народный Банк Республики Казахстан 940140000385,940140000385,Референс 3611807559 Снятие с текущего счета ЮЛ/ПБОЮЛ через АК. (Снятие наличных денег с текущих или корреспондентских счетов) Внешний референс: SB25902983773818,,,2025-09-02,False,False,False,0.0,False
02.09.2025,003687572972,13500.0,,Алматинский городской Народного Банка Казахстана 960941000145,960941000145,"Референс 3611798955 Комиссия за операцию ""Снятие с текущего счета ЮЛ через АК"" согласно тарифам банка. НДС не облагается. Внешний референс: 0225902846211369",,,2025-09-02,False,False,False,0.0,False
02.09.2025,003687572709,3000000.0,,Народный Банк Республики Казахстан 940140000385,940140000385,Референс 3611798800 Снятие с текущего счета ЮЛ/ПБОЮЛ через АК. (Снятие наличных денег с текущих или корреспондентских счетов) Внешний референс: SB25902983773540,,,2025-09-02,False,False,False,0.0,False
02.09.2025,003686696977,1000.0,,Алматинский городской Народного Банка Казахстана 960941000145,960941000145,"Референс 3611258062 Комиссия за операцию ""Простой перевод обычной срочности"" согласно тарифам банкаРасчетный документ № ONBYN0NJ9 от 02.09.25 на сумму 1 462 000.00 KZT. НДС не облагается. Внешний референс: 0225902846008175",,,2025-09-02,False,False,False,0.0,False
02.09.2025,ONBYN0NJ9,1462000.0,,ӘНУАРХАН НҰРБЕРГЕН 900508302254,900508302254,"Референс 3611257977 Қайтарым Прочие безвозмездные переводы денег, Внешний референс: 0225902846008122",,,2025-09-02,False,True,True,0.0,False
31.08.2025,ONB4BNA6E,,1462000.0,ҚОЖАНҰР Ә.COM 920118402462,920118402462,"Референс 3610242732 Onlinebank Переводы клиентом денег с одного своего текущего счета, открытого в банке, ф-ле банка-нерез-та РК на другой свой текущий счет, открытый в данном банке, в ф-ле данного банка-нерез-та РК RRN=25831D744728 Внешний референс: 25831D744728",,,2025-08-31,False,False,False,1462000.0,True
29.08.2025,ONBGE8UED,1462000.0,,ҚОЖАНҰР Ә.COM 920118402462,920118402462,"Референс 3608968156 Onlinebank Переводы клиентом денег с одного своего текущего счета, открытого в банке, ф-ле банка-нерез-та РК на другой свой текущий счет, открытый в данном банке, в ф-ле данного банка-нерез-та РК RRN=25829D699981 Внешний референс: 0225829845506685",,,2025-08-29,False,False,False,0.0,False
29.08.2025,003683655885,1500.0,,Алматинский городской Народного Банка Казахстана 960941000145,861016723691,Референс 3608654374 CMSTAKE Комиссия за ведение счета KZ15601A861016723691 за 08 месяц Внешний референс: 0225829845343934,,,2025-08-29,False,False,False,0.0,False
28.08.2025,ONBZI18QI,4240000.0,,ҚОЖАНҰР ӘЛИНҰР 920118402462,920118402462,"Референс 3607825335 Қайтарым Прочие безвозмездные переводы денег, Внешний референс: 0225828845002451",,,2025-08-28,False,True,True,0.0,False
28.08.2025,ONBREZ77X,10000000.0,,ӘНУАРХАН НҰРБЕРГЕН 900508302254,900508302254,"Референс 3607769854 Қайтарым Прочие безвозмездные переводы денег, Внешний референс: 0225828844982401",,,2025-08-28,False,True,True,0.0,False
28.08.2025,3748,,35703954.0,ТОО Кит. Комп. по и разв. Синьсин в 151241001558,151241001558,Референс 3607701200 Оплатат счёта №31 от 20.08.2025г.за ремонт оборудования.Сумма 35 703 954-00 тенге без НДС Внешний референс: IB20250828568656,,,2025-08-28,False,False,False,35703954.0,True
20.08.2025,ONBNT5XJY,975000.0,,ӘНУАРХАН НҰРБЕРГЕН 900508302254,900508302254,"Референс 3598228287 Қайтарым Прочие безвозмездные переводы денег, Внешний референс: 0225820841945632 2",,,2025-08-20,False,True,True,0.0,False
20.08.2025,220,,974814.0,Ningxia Communications 240341002823,240341002823,"Референс 3598070736 Оплата согласно счета на оплату №30 от 18.08.2025г. за аренду автомобиля Платежи за профессиональные, научные и технические услуги, Внешний референс: 5325820841865809",,,2025-08-20,False,False,False,974814.0,True
18.08.2025,ONB5ATXVX,753000.0,,ӘНУАРХАН НҰРБЕРГЕН 900508302254,900508302254,"Референс 3596283636 Қайтарым Прочие безвозмездные переводы денег, Внешний референс: 0225818841343680",,,2025-08-18,False,True,True,0.0,False
18.08.2025,ONB65DKLD,,748000.0,ҚОЖАНҰР Ә.COM 920118402462,920118402462,"Референс 3596281490 Onlinebank Переводы клиентом денег с одного своего текущего счета, открытого в банке, ф-ле банка-нерез-та РК на другой свой текущий счет, открытый в данном банке, в ф-ле данного банка-нерез-та РК RRN=25818D383277 Внешний референс: 25818D383277",,,2025-08-18,False,False,False,748000.0,True
18.08.2025,003663077493,1000.0,,Алматинский городской Народного Банка Казахстана 960941000145,960941000145,"Референс 3595137988 Комиссия за операцию ""Простой перевод обычной срочности"" согласно тарифам банкаРасчетный документ № ONBP78BR1 от 18.08.25 на сумму 3 900 000.00 KZT. НДС не облагается. Внешний референс: 0225818840954228",,,2025-08-18,False,False,False,0.0,False
18.08.2025,ONBP78BR1,3900000.0,,АЗИЯТХАН ӘНУАРХАН 620220399084,620220399084,"Референс 3595137893 Қайтарым Прочие безвозмездные переводы денег, Внешний референс: 0225818840954183",,,2025-08-18,False,True,True,0.0,False
17.08.2025,ONBRNQ41R,606000.0,,ӘНУАРХАН НҰРБЕРГЕН 900508302254,900508302254,"Референс 3594828829 Қайтарым Прочие безвозмездные переводы денег, Внешний референс: 0225817840890651",,,2025-08-17,False,True,True,0.0,False
17.08.2025,ONBBFXQPJ,150000.0,,ҚОЖАНҰР Ә.COM 920118402462,920118402462,"Референс 3594826411 Onlinebank Переводы клиентом денег с одного своего текущего счета, открытого в банке, ф-ле банка-нерез-та РК на другой свой текущий счет, открытый в данном банке, в ф-ле данного банка-нерез-та РК RRN=25817D343989 Внешний референс: 0225817840890157",,,2025-08-17,False,False,False,0.0,False
16.08.2025,ONB09EC71,600000.0,,ӘНУАРХАН НҰРБЕРГЕН 900508302254,900508302254,"Референс 3594394592 Қайтарым Прочие безвозмездные переводы денег, Внешний референс: 0225816840841897",,,2025-08-16,False,True,True,0.0,False
14.08.2025,ONBQXA32I,3800000.0,,ҚОЖАНҰР ӘЛИНҰР 920118402462,920118402462,"Референс 3592364957 Қайтарым Прочие безвозмездные переводы денег, Внешний референс: 0225814840189816",,,2025-08-14,False,True,True,0.0,False
14.08.2025,003659479139,13500.0,,Алматинский городской Народного Банка Казахстана 960941000145,960941000145,"Референс 3592355569 Комиссия за операцию ""Снятие с текущего счета ЮЛ через АК"" согласно тарифам банка. НДС не облагается. Внешний референс: 0225814840184407",,,2025-08-14,False,False,False,0.0,False
14.08.2025,003659479040,3000000.0,,Народный Банк Республики Казахстан 940140000385,940140000385,Референс 3592355535 Снятие с текущего счета ЮЛ/ПБОЮЛ через АК. (Снятие наличных денег с текущих или корреспондентских счетов) Внешний референс: SB25814978951951,,,2025-08-14,False,False,False,0.0,False
14.08.2025,ONB6JF86J,4000000.0,,ӘНУАРХАН НҰРБЕРГЕН 900508302254,900508302254,"Референс 3592306446 Қайтару Прочие безвозмездные переводы денег, Внешний референс: 0225814840163316",,,2025-08-14,False,True,True,0.0,False
14.08.2025,ONB6SG2AB,1200000.0,,ҚОЖАНҰР Ә.COM 920118402462,920118402462,"Референс 3591988360 Onlinebank Переводы клиентом денег с одного своего текущего счета, открытого в банке, ф-ле банка-нерез-та РК на другой свой текущий счет, открытый в данном банке, в ф-ле данного банка-нерез-та РК RRN=25814D266118 Внешний референс: 0225814840054044",,,2025-08-14,False,False,False,0.0,False
14.08.2025,213,,17275995.0,Ningxia Communications 240341002823,240341002823,"Референс 3591978872 Оплата согласно счета на оплату №29 от 11.08.2025г. за ремонт авто Платежи за профессиональные, научные и технические услуги, Внешний референс: 5325814840050916",,,2025-08-14,False,False,False,17275995.0,True
08.08.2025,ONBNWB0O1,7000.0,,ӘНУАРХАН НҰРБЕРГЕН 900508302254,900508302254,"Референс 3585545166 Аударым Зачисление банком, филиалом банка-нерезидента Республики Казахстан на банковский счет клиента безналичных денег в оплату за наличную валюту, Внешний референс: 0225808838290026 3",,,2025-08-08,False,False,False,0.0,False
07.08.2025,003647455095,2800.0,,Алматинский городской Народного Банка Казахстана 960941000145,960941000145,"Референс 3584095908 Комиссия за операцию ""Снятие с текущего счета ЮЛ через АК"" согласно тарифам банка. НДС не облагается. Внешний референс: 0225807837844327",,,2025-08-07,False,False,False,0.0,False
07.08.2025,003647455062,560000.0,,Народный Банк Республики Казахстан 940140000385,940140000385,Референс 3584095881 Снятие с текущего счета ЮЛ/ПБОЮЛ через АК. (Снятие наличных денег с текущих или корреспондентских счетов) Внешний референс: 100310143370,,,2025-08-07,False,False,False,0.0,False
07.08.2025,ONBHAP4XF,,566000.0,ҚОЖАНҰР Ә.COM 920118402462,920118402462,"Референс 3584086283 Onlinebank Переводы клиентом денег с одного своего текущего счета, открытого в банке, ф-ле банка-нерез-та РК на другой свой текущий счет, открытый в данном банке, в ф-ле данного банка-нерез-та РК RRN=25807D68006 Внешний референс: 25807D68006",,,2025-08-07,False,False,False,566000.0,True
07.08.2025,003647392939,830000.0,,Народный Банк Республики Казахстан 940140000385,940140000385,Референс 3584063471 Снятие с текущего счета ЮЛ/ПБОЮЛ через АК. (Снятие наличных денег с текущих или корреспондентских счетов) Внешний референс: 100310137714,,,2025-08-07,False,False,False,0.0,False
07.08.2025,003647392958,4150.0,,Алматинский городской Народного Банка Казахстана 960941000145,960941000145,"Референс 3584063484 Комиссия за операцию ""Снятие с текущего счета ЮЛ через АК"" согласно тарифам банка. НДС не облагается. Внешний референс: 0225807837831738",,,2025-08-07,False,False,False,0.0,False
07.08.2025,205,,834229.0,Ningxia Communications 240341002823,240341002823,"Референс 3583820613 Оплата согласно счета на оплату 28 от 05.08.2025г. за аренду автомобиля Платежи за профессиональные, научные и технические услуги, Внешний референс: 5325807837723438",,,2025-08-07,False,False,False,834229.0,True
05.08.2025,003642923181,5040.0,,Алматинский городской Народного Банка Казахстана 960941000145,960941000145,"Референс 3581150902 Комиссия за операцию ""Снятие с текущего счета ЮЛ через АК"" согласно тарифам банка. НДС не облагается. Внешний референс: 0225805836924603",,,2025-08-05,False,False,False,0.0,False
05.08.2025,003642923151,1120000.0,,Народный Банк Республики Казахстан 940140000385,940140000385,Референс 3581150894 Снятие с текущего счета ЮЛ/ПБОЮЛ через АК. (Снятие наличных денег с текущих или корреспондентских счетов) Внешний референс: 100309676901,,,2025-08-05,False,False,False,0.0,False
05.08.2025,003642912256,13500.0,,Алматинский городской Народного Банка Казахстана 960941000145,960941000145,"Референс 3581143799 Комиссия за операцию ""Снятие с текущего счета ЮЛ через АК"" согласно тарифам банка. НДС не облагается. Внешний референс: 0225805836922905",,,2025-08-05,False,False,False,0.0,False
05.08.2025,003642912074,3000000.0,,Народный Банк Республики Казахстан 940140000385,940140000385,Референс 3581143675 Снятие с текущего счета ЮЛ/ПБОЮЛ через АК. (Снятие наличных денег с текущих или корреспондентских счетов) Внешний референс: 100309666244,,,2025-08-05,False,False,False,0.0,False
05.08.2025,003642902217,13500.0,,Алматинский городской Народного Банка Казахстана 960941000145,960941000145,"Референс 3581139379 Комиссия за операцию ""Снятие с текущего счета ЮЛ через АК"" согласно тарифам банка. НДС не облагается. Внешний референс: 0225805836921342",,,2025-08-05,False,False,False,0.0,False
05.08.2025,003642902195,3000000.0,,Народный Банк Республики Казахстан 940140000385,940140000385,Референс 3581139368 Снятие с текущего счета ЮЛ/ПБОЮЛ через АК. (Снятие наличных денег с текущих или корреспондентских счетов) Внешний референс: 100309663198,,,2025-08-05,False,False,False,0.0,False
05.08.2025,003642899327,13500.0,,Алматинский городской Народного Банка Казахстана 960941000145,960941000145,"Референс 3581137822 Комиссия за операцию ""Снятие с текущего счета ЮЛ через АК"" согласно тарифам банка. НДС не облагается. Внешний референс: 0225805836920566",,,2025-08-05,False,False,False,0.0,False
05.08.2025,003642899224,3000000.0,,Народный Банк Республики Казахстан 940140000385,940140000385,Референс 3581137738 Снятие с текущего счета ЮЛ/ПБОЮЛ через АК. (Снятие наличных денег с текущих или корреспондентских счетов) Внешний референс: 100309661475 4,,,2025-08-05,False,False,False,0.0,False
05.08.2025,003642896094,13500.0,,Алматинский городской Народного Банка Казахстана 960941000145,960941000145,"Референс 3581136084 Комиссия за операцию ""Снятие с текущего счета ЮЛ через АК"" согласно тарифам банка. НДС не облагается. Внешний референс: 0225805836919639",,,2025-08-05,False,False,False,0.0,False
05.08.2025,003642896072,3000000.0,,Народный Банк Республики Казахстан 940140000385,940140000385,Референс 3581136076 Снятие с текущего счета ЮЛ/ПБОЮЛ через АК. (Снятие наличных денег с текущих или корреспондентских счетов) Внешний референс: 100309659821,,,2025-08-05,False,False,False,0.0,False
05.08.2025,ONB122H9N,5000000.0,,ҚОЖАНҰР Ә.COM 920118402462,920118402462,"Референс 3580938394 Onlinebank Переводы клиентом денег с одного своего текущего счета, открытого в банке, ф-ле банка-нерез-та РК на другой свой текущий счет, открытый в данном банке, в ф-ле данного банка-нерез-та РК RRN=25805D993808 Внешний референс: 0225805836836091",,,2025-08-05,False,False,False,0.0,False
04.08.2025,200,,18183264.0,Ningxia Communications 240341002823,240341002823,"Референс 3580343212 Оплата согласно счета на оплату №27 от 04.08.2025г. за ремонт авто Платежи за профессиональные, научные и технические услуги, Внешний референс: 5325804836711603",,,2025-08-04,False,False,False,18183264.0,True
01.08.2025,003637847275,532.25,,Алматинский городской Народного Банка Казахстана 960941000145,861016723691,Референс 3577203961 Оплата К2 CMSTAKE Комиссия за ведение счета KZ15601A861016723691 за 07 месяц Внешний референс: 0225801835932993,,,2025-08-01,False,False,False,0.0,False
01.08.2025,ONBCL96X6,2420000.0,,ҚОЖАНҰР Ә.COM 920118402462,920118402462,"Референс 3577189064 Onlinebank Переводы клиентом денег с одного своего текущего счета, открытого в банке, ф-ле банка-нерез-та РК на другой свой текущий счет, открытый в данном банке, в ф-ле данного банка-нерез-та РК RRN=25801D896722 Внешний референс: 0225801835923370",,,2025-08-01,False,False,False,0.0,False
01.08.2025,196,,2420660.0,Ningxia Communications 240341002823,240341002823,"Референс 3577115707 Оплата согласно счета на оплату № 26 от 29.07. 2025 г. за аренду автомобиля Платежи за профессиональные, научные и технические услуги, Внешний референс: 5325801835882614",,,2025-08-01,False,False,False,2420660.0,True
31.07.2025,003635759759,967.75,,Алматинский городской Народного Банка Казахстана 960941000145,861016723691,Референс 3575749448 CMSTAKE Комиссия за ведение счета KZ15601A861016723691 за 07 месяц Внешний референс: 0225731835408589,,,2025-07-31,False,False,False,0.0,False
24.07.2025,ONB2ATMM4,449000.0,,ҚОЖАНҰР Ә.COM 920118402462,920118402462,"Референс 3568662574 Onlinebank Переводы клиентом денег с одного своего текущего счета, открытого в банке, ф-ле банка-нерез-та РК на другой свой текущий счет, открытый в данном банке, в ф-ле данного банка-нерез-та РК RRN=25724D681025 Внешний референс: 0225724833196580",,,2025-07-24,False,False,False,0.0,False
24.07.2025,192,,447475.0,Ningxia Communications 240341002823,240341002823,"Референс 3568658984 Оплата согласно счета на оплату № 25 от 21.07. 2025 г. за аренду автомобиля Платежи за профессиональные, научные и технические услуги, Внешний референс: 5325724833194840",,,2025-07-24,False,False,False,447475.0,True
09.07.2025,ONB1M7NJ8,2570000.0,,ҚОЖАНҰР Ә.COM 920118402462,920118402462,"Референс 3551420124 Onlinebank Переводы клиентом денег с одного своего текущего счета, открытого в банке, ф-ле банка-нерез-та РК на другой свой текущий счет, открытый в данном банке, в ф-ле данного банка-нерез-та РК RRN=25709D261426 Внешний референс: 0225709827996159",,,2025-07-09,False,False,False,0.0,False
09.07.2025,179,,529860.0,Ningxia Communications 240341002823,240341002823,"Референс 3551388416 Оплата согласно счета на оплату №22 от 07.07.2025г. за аренду автомобиля Платежи за профессиональные, научные и технические услуги, Внешний референс: 5325709827983682",,,2025-07-09,False,False,False,529860.0,True
09.07.2025,178,,2041688.0,Ningxia Communications 240341002823,240341002823,"Референс 3551387816 Оплата согласно счета на оплату №24 от 08.07.2025г. за аренду автомобиля Платежи за профессиональные, научные и технические услуги, Внешний референс: 5325709827983528 5",,,2025-07-09,False,False,False,2041688.0,True
08.07.2025,ONBC9LURC,682000.0,,ҚОЖАНҰР Ә.COM 920118402462,920118402462,"Референс 3549873380 Onlinebank Переводы клиентом денег с одного своего текущего счета, открытого в банке, ф-ле банка-нерез-та РК на другой свой текущий счет, открытый в данном банке, в ф-ле данного банка-нерез-та РК RRN=25708D229471 Внешний референс: 0225708827557644",,,2025-07-08,False,False,False,0.0,False
08.07.2025,174,,682000.0,Ningxia Communications 240341002823,240341002823,"Референс 3549796038 Оплата согласно счета на оплату № 23 от 07.07. 2025 г. за аренду автомобиля Платежи за профессиональные, научные и технические услуги, Внешний референс: 5325708827523217",,,2025-07-08,False,False,False,682000.0,True
03.07.2025,ONBQJ123L,3356000.0,,ҚОЖАНҰР Ә.COM 920118402462,920118402462,"Референс 3545562401 Onlinebank Переводы клиентом денег с одного своего текущего счета, открытого в банке, ф-ле банка-нерез-та РК на другой свой текущий счет, открытый в данном банке, в ф-ле данного банка-нерез-та РК RRN=25703D118096 Внешний референс: 0225703826474243",,,2025-07-03,False,False,False,0.0,False
03.07.2025,003592452880,1355.25,,Алматинский городской Народного Банка Казахстана 960941000145,861016723691,Референс 3545351589 Оплата К2 CMSTAKE Комиссия за ведение счета KZ15601A861016723691 за 06 месяц Внешний референс: 0225703826396645,,,2025-07-03,False,False,False,0.0,False
03.07.2025,169,,3358300.0,Ningxia Communications 240341002823,240341002823,"Референс 3545349613 Оплата согласно счета на оплату № 20 от 03.07. 2025 г. за аренду автомобиля Платежи за профессиональные, научные и технические услуги, Внешний референс: 5325703826395651",,,2025-07-03,False,False,False,3358300.0,True
30.06.2025,003585504161,144.75,,Алматинский городской Народного Банка Казахстана 960941000145,861016723691,Референс 3540292985 CMSTAKE Комиссия за ведение счета KZ15601A861016723691 за 06 месяц Внешний референс: 0225630824875466,,,2025-06-30,False,False,False,0.0,False
23.06.2025,ONBYD2MA1,1540000.0,,ҚОЖАНҰР Ә.COM 920118402462,920118402462,"Референс 3532076960 Onlinebank Переводы клиентом денег с одного своего текущего счета, открытого в банке, ф-ле банка-нерез-та РК на другой свой текущий счет, открытый в данном банке, в ф-ле данного банка-нерез-та РК RRN=25623D824472 Внешний референс: 0225623822246750",,,2025-06-23,False,False,False,0.0,False
23.06.2025,147,,1540000.0,Ningxia Communications 240341002823,240341002823,"Референс 3532022777 Оплата согласно счета на оплату № 20 от 22.06. 2025 г. за аренду автомобиля Платежи за профессиональные, научные и технические услуги, Внешний референс: 5325623822215565",,,2025-06-23,False,False,False,1540000.0,True
16.06.2025,ONB2B3E2F,727000.0,,ҚОЖАНҰР Ә.COM 920118402462,920118402462,"Референс 3524919713 Onlinebank Переводы клиентом денег с одного своего текущего счета, открытого в банке, ф-ле банка-нерез-та РК на другой свой текущий счет, открытый в данном банке, в ф-ле данного банка-нерез-та РК RRN=25616D652081 Внешний референс: 0225616820088744",,,2025-06-16,False,False,False,0.0,False
16.06.2025,138,,726788.0,Ningxia Communications 240341002823,240341002823,"Референс 3524823556 Оплата согласно счета на оплату № 19 от 14.06. 2025 г. за аренду автомобиля Платежи за профессиональные, научные и технические услуги, Внешний референс: 5325616820030178",,,2025-06-16,False,False,False,726788.0,True
31.05.2025,003540223495,528.25,,Алматинский городской Народного Банка Казахстана 960941000145,861016723691,Референс 3508065789 Оплата К2 CMSTAKE Комиссия за ведение счета KZ15601A861016723691 за 05 месяц Внешний референс: 0225531815454497,,,2025-05-31,False,False,False,0.0,False
30.05.2025,ONBT0ZBY6,696000.0,,ҚОЖАНҰР Ә.COM 920118402462,920118402462,"Референс 3507381217 Onlinebank Переводы клиентом денег с одного своего текущего счета, открытого в банке, ф-ле банка-нерез-та РК на другой свой текущий счет, открытый в данном банке, в ф-ле данного банка-нерез-та РК RRN=25530D230836 Внешний референс: 0225530815276441",,,2025-05-30,False,False,False,0.0,False
30.05.2025,122,,696885.0,Ningxia Communications 240341002823,240341002823,"Референс 3507311744 Оплата согласно счета на оплату №18 от 26.05.2025г. за аренду автомобиля Платежи за профессиональные, научные и технические услуги, Внешний референс: 5325530815249903 6",,,2025-05-30,False,False,False,696885.0,True
30.05.2025,003538672821,971.75,,Алматинский городской Народного Банка Казахстана 960941000145,861016723691,Референс 3507079843 CMSTAKE Комиссия за ведение счета KZ15601A861016723691 за 05 месяц Внешний референс: 0225530815127045,,,2025-05-30,False,False,False,0.0,False
22.05.2025,ONB21FC54,88000.0,,ҚОЖАНҰР Ә.COM 920118402462,920118402462,"Референс 3496189703 Onlinebank Переводы клиентом денег с одного своего текущего счета, открытого в банке, ф-ле банка-нерез-та РК на другой свой текущий счет, открытый в данном банке, в ф-ле данного банка-нерез-та РК RRN=25522D14254 Внешний референс: 0225522811923012",,,2025-05-22,False,False,False,0.0,False
21.05.2025,ONBN1H8LJ,1000000.0,,ҚОЖАНҰР Ә.COM 920118402462,920118402462,"Референс 3496020336 Onlinebank Переводы клиентом денег с одного своего текущего счета, открытого в банке, ф-ле банка-нерез-та РК на другой свой текущий счет, открытый в данном банке, в ф-ле данного банка-нерез-та РК RRN=25521D12625 Внешний референс: 0225521811871397",,,2025-05-21,False,False,False,0.0,False
21.05.2025,112,,1084972.0,Ningxia Communications 240341002823,240341002823,"Референс 3495996815 Оплата согласно счета на оплату №17 от 15.05.2025г. за аренду автомобиля Платежи за профессиональные, научные и технические услуги, Внешний референс: 5325521811866957",,,2025-05-21,False,False,False,1084972.0,True
30.04.2025,003492147902,1500.0,,Алматинский городской Народного Банка Казахстана 960941000145,861016723691,Референс 3473348525 CMSTAKE Комиссия за ведение счета KZ15601A861016723691 за 04 месяц Внешний референс: 0225430805262287,,,2025-04-30,False,False,False,0.0,False
12.04.2025,ONBDXN4PM,540000.0,,ҚОЖАНҰР Ә.COM 920118402462,920118402462,"Референс 3455253880 Onlinebank Переводы клиентом денег с одного своего текущего счета, открытого в банке, ф-ле банка-нерез-та РК на другой свой текущий счет, открытый в данном банке, в ф-ле данного банка-нерез-та РК RRN=25412D68535 Внешний референс: 0225412799695382",,,2025-04-12,False,False,False,0.0,False
11.04.2025,ONBOUC1WT,500000.0,,ҚОЖАНҰР Ә.COM 920118402462,920118402462,"Референс 3454852781 Onlinebank Переводы клиентом денег с одного своего текущего счета, открытого в банке, ф-ле банка-нерез-та РК на другой свой текущий счет, открытый в данном банке, в ф-ле данного банка-нерез-та РК RRN=25411D59704 Внешний референс: 0225411799637965",,,2025-04-11,False,False,False,0.0,False
11.04.2025,003464659193,1300.0,,Алматинский городской Народного Банка Казахстана 960941000145,861016723691,Референс 3454582288 Оплата К2 CMSTAKE Комиссия за ведение счета KZ15601A861016723691 за 03 месяц Внешний референс: 0225411799538686,,,2025-04-11,False,False,False,0.0,False
11.04.2025,003464658941,200.0,,Алматинский городской Народного Банка Казахстана 960941000145,861016723691,Референс 3454582125 Оплата К2 CMSTAKE Комиссия за ведение счета KZ15601A861016723691 за 03 месяц Внешний референс: 0225411799538636,,,2025-04-11,False,False,False,0.0,False
11.04.2025,003464658760,560.25,,Алматинский городской Народного Банка Казахстана 960941000145,861016723691,Референс 3454581980 Оплата К2 CMSTAKE Комиссия за ведение счета KZ15601A861016723691 за 01 месяц Внешний референс: 0225411799538622,,,2025-04-11,False,False,False,0.0,False
11.04.2025,53,,269500.0,Ningxia Communications 240341002823,240341002823,"Референс 3454577336 Оплата за аренду автомобиля, согласно счета на оплату №17 от 09.04.2025г. Платежи за профессиональные, научные и технические услуги, Внешний референс: 5325411799537722",,,2025-04-11,False,False,False,269500.0,True
11.04.2025,54,,777860.0,Ningxia Communications 240341002823,240341002823,"Референс 3454576385 Оплата за аренду автомобиля, согласно счета на оплату №16 от 08.04.2025г. Платежи за профессиональные, научные и технические услуги, Внешний референс: 5325411799537556",,,2025-04-11,False,False,False,777860.0,True
23.03.2025,ONBZ0MDA5,,200.0,ҚОЖАНҰР Ә.COM 920118402462,920118402462,"Референс 3434467335 Onlinebank, Переводы клиентом денег с одного своего текущего счета, открытого в банке, на другой свой текущий счет, открытый в данном банке Внешний референс: 5082E1938558",,,2025-03-23,False,False,False,200.0,True
31.01.2025,003358724280,939.75,,Алматинский городской Народного Банка Казахстана 960941000145,861016723691,Референс 3382121266 CMSTAKE Комиссия за ведение счета KZ15601A861016723691 за 01 месяц Внешний референс: 0225131778431967 7,,,2025-01-31,False,False,False,0.0,False
16.01.2025,ONBAD4E8C,32000.0,,ҚОЖАНҰР Ә.COM 920118402462,920118402462,"Референс 3367762442 Onlinebank Переводы клиентом денег с одного своего текущего счета, открытого в банке, ф-ле банка-нерез-та РК на другой свой текущий счет, открытый в данном банке, в ф-ле данного банка-нерез-та РК RRN=25116D183595 Внешний референс: 0225116773988071",,,2025-01-16,False,False,False,0.0,False
16.01.2025,ONB995965,328000.0,,ҚОЖАНҰР Ә.COM 920118402462,920118402462,"Референс 3367760921 Onlinebank Переводы клиентом денег с одного своего текущего счета, открытого в банке, ф-ле банка-нерез-та РК на другой свой текущий счет, открытый в данном банке, в ф-ле данного банка-нерез-та РК RRN=25116D183474 Внешний референс: 0225116773987784",,,2025-01-16,False,False,False,0.0,False
16.01.2025,ONB654ECF,328000.0,,ҚОЖАНҰР Ә.COM 920118402462,920118402462,"Референс 3367511672 Onlinebank Переводы клиентом денег с одного своего текущего счета, открытого в банке, ф-ле банка-нерез-та РК на другой свой текущий счет, открытый в данном банке, в ф-ле данного банка-нерез-та РК RRN=25116D181553 Внешний референс: 0225116773949226",,,2025-01-16,False,False,False,0.0,False
15.01.2025,3,,685960.0,Ningxia Communications 240341002823,240341002823,"Референс 3367184140 Оплата за аренду авто, согласно счета на оплату №14 от 01.12.24г. Платежи за профессиональные, научные и технические услуги, Внешний референс: 5325115773845935",,,2025-01-15,False,False,False,685960.0,True
15.01.2025,ONB13D759,336000.0,,"""Синопек Оверсис Ойл Газ Лимитед"" 050241026014",050241026014,"Референс 3367006007 оплата за аренду квартиры №26 за ноябрь согласно договор аренда помишеия №AD-RENT-2024-14. Платежи по лизингу (текущая аренда), Внешний референс: 0225115773785047",,,2025-01-15,False,False,False,0.0,False
15.01.2025,ONBC73C8C,336000.0,,"""Синопек Оверсис Ойл Газ Лимитед"" 050241026014",050241026014,"Референс 3366990691 оплата за аренду квартиры №26 за октябрь согласно договор аренда помишеия №AD-RENT-2024-14. Платежи по лизингу (текущая аренда), Внешний референс: 0225115773779262",,,2025-01-15,False,False,False,0.0,False
15.01.2025,AW1881389152,,540000.0,Народный Банк Казахстана 940140000385,940140000385,Референс 3366967439 Пополнение с терминала 13070014 ПОПОЛНЕНЕ Внешний референс: AW1881389152,,,2025-01-15,False,True,True,540000.0,False
