﻿Дата,Номер документа,Дебет,Кредит,Контрагент (имя),Контрагент ИИН/БИН,Детали платежа,КНП
25.07.2024,108,,500000.0,ИСМАГУЛОВА 760228450218,760228450218,"Референс 3196150444 За профессиональные, научные и технические услуги.",
19.07.2024,20,,5500.0,КОНКАСОВА А.А. 861129402194,861129402194,"Референс 3190650717 За профессиональные, научные и технические услуги.",
19.07.2024,19,,1793000.0,КОНКАСОВА А.А. 861129402194,861129402194,"Референс 3190647552 За профессиональные, научные и технические услуги.",
17.07.2024,35,5950.0,,"""Государственная корпорация ""Правительство для",,"Референс 3188730106 Взносы на обязательное социальное медицинское страхование в НАО ""Государственная корпорация ""Правительство",
17.07.2024,34,2975.0,,"""Государственная корпорация",,"Референс 3188729975 Социальные отчисления в НАО ""Государственная корпорация",
17.07.2024,36,1275.0,,"""Государственная",,Референс 3188729978 обязательные,
17.07.2024,33,8500.0,,"""Государственная",,Референс 3188729976 10% обязательные,
16.07.2024,19,,831200.0,"""AYLIN COLLECTION"" 800113400018",800113400018,"Референс 3187479070 За профессиональные, научные и технические услуги. С НДС 89 057,14 ?.",
15.07.2024,1,,1424600.0,САДИБЕКОВА 910628401722,910628401722,"Референс 3186601304 За профессиональные, научные и технические услуги. Оплата аренды за август 2024 . ИП Садибекова. С НДС 152 635,71 ?.",
15.07.2024,18,,470000.0,"""AYLIN COLLECTION"" 800113400018",800113400018,"Референс 3186004700 За профессиональные, научные и технические услуги. С НДС 50 357,14 ?.",
11.07.2024,003130877846,8999.0,,Алматинский городской Народного Банка Казахстана 960941000145,960941000145,"Референс 3183088945 Комиссия за операцию ""Абонентская плата"" согласно тарифам банка. НДС не облагается.",
11.07.2024,9C248101778,,270000.0,Тюлебаева Фарида Ерлановна 910502401003,910502401003,Референс 3182474975 СУБП: Homebank. Прочие безвозмездные переводы денег. Референс: 9C248101778,
05.07.2024,10,,2000000.0,Народный Банк Республики Казахстан 940140000385,940140000385,Референс 3177777907 Сбой АК в РКО 134009 от 03.07.2024. - заявка от 05.07.2024 - CDSP000000331640,
05.07.2024,010,,6000.0,Алматинский городской Народного Банка Казахстана 960941000145,960941000145,"Референс 3177728675 Сбой АК в РКО 134009 от 05.07.2024 - Комиссия за операцию ""Снятие с текущего счета ЮЛ через АК"" согласно тарифам банка. НДС не облагается.",
05.07.2024,003123969490,208876.92,,Алматинский городской Народного Банка Казахстана 960941000145,861014899001,"Референс 3177062364 Погашение со счета KZ54601A861014899001 вид начисления - Основной долг в сумме 208876.92 по договору D270036501.210686, по клиенту Индивидуальный Предприниматель A&A",
05.07.2024,003123955802,60876.48,,Алматинский городской Народного Банка Казахстана 960941000145,861014899001,"Референс 3177045335 Погашение со счета KZ54601A861014899001 вид начисления - Проценты по кредиту в сумме 60876.48 по договору D270036501.210686, по клиенту Индивидуальный Предприниматель A&A",
03.07.2024,003121116841,2664.0,,Алматинский городской Народного Банка Казахстана 960941000145,960941000145,"Референс 3174650794 Комиссия за операцию ""Снятие с текущего счета ЮЛ через АК"" согласно тарифам банка. НДС не облагается.",
03.07.2024,003121116790,888000.0,,Народный Банк Республики Казахстан 940140000385,940140000385,Референс 3174650746 Снятие с текущего счета ЮЛ/ПБОЮЛ через АК. (Снятие наличных денег с текущих или корреспондентских счетов),
03.07.2024,003121112920,9000.0,,Алматинский городской Народного Банка Казахстана 960941000145,960941000145,"Референс 3174648167 Комиссия за операцию ""Снятие с текущего счета ЮЛ через АК"" согласно тарифам банка. НДС не облагается.",
03.07.2024,003121112844,3000000.0,,Народный Банк Республики Казахстан 940140000385,940140000385,Референс 3174648100 Снятие с текущего счета ЮЛ/ПБОЮЛ через АК. (Снятие наличных денег с текущих или корреспондентских счетов),
01.07.2024,30,30000.0,,ТЮЛЕБАЕВА ФАРИДА ЕРЛАНОВНА (A&A) 910502401003,910502401003,"Референс 3172770871 Заработная плата за июнь 2024г Перечисление юридическим лицом в банк, филиал банка-нерезидента Республики Казахстан заработной платы, оплаты трудового отпуска для последующего зачисления на банковские счета работников данного юридического лица",
25.06.2024,69,,100000.0,ИСМАГУЛОВА 760228450218,760228450218,"Референс 3166722449 За профессиональные, научные и технические услуги.",
20.06.2024,003107048326,1287593.65,,Алматинский городской Народного Банка Казахстана 960941000145,861014899001,"Референс 3161965744 Погашение со счета KZ54601A861014899001 вид начисления - Основной долг в сумме 1287593.65 по договору D270036501.210686, по клиенту Индивидуальный Предприниматель A&A",
20.06.2024,003107048321,56406.35,,Алматинский городской Народного Банка Казахстана 960941000145,861014899001,"Референс 3161965740 Погашение со счета KZ54601A861014899001 вид начисления - Проценты по кредиту в сумме 56406.35 по договору D270036501.210686, по клиенту Индивидуальный Предприниматель A&A",
18.06.2024,28,5950.0,,"""Государственная корпорация ""Правительство для",,"Референс 3160327366 Взносы на обязательное социальное медицинское страхование в НАО ""Государственная корпорация ""Правительство",
18.06.2024,26,8500.0,,"""Государственная",,Референс 3160327325 10% обязательные,
18.06.2024,27,2975.0,,"""Государственная корпорация",,"Референс 3160327210 Социальные отчисления в НАО ""Государственная корпорация",
18.06.2024,29,1275.0,,"""Государственная",,Референс 3160327209 обязательные,
18.06.2024,68,,250000.0,ИСМАГУЛОВА 760228450218,760228450218,"Референс 3160150485 За профессиональные, научные и технические услуги.",
18.06.2024,17,,1793000.0,КОНКАСОВА А.А. 861129402194,861129402194,"Референс 3160114508 За профессиональные, научные и технические услуги.",
17.06.2024,15,,1301200.0,"""AYLIN COLLECTION"" 800113400018",800113400018,"Референс 3158982329 За профессиональные, научные и технические услуги.",
17.06.2024,67,,167000.0,ИСМАГУЛОВА 760228450218,760228450218,"Референс 3158980619 За профессиональные, научные и технические услуги.",
15.06.2024,ONBGMVVNX,,1567060.0,Садибекова 910628401722,910628401722,"Референс 3157696946 Оплата аренды за Июль 2024 ИП Садибекова (в том числе НДС = 167899.28) Платежи за профессиональные, научные и технические услуги,",
11.06.2024,003098043732,8999.0,,Алматинский городской Народного Банка Казахстана 960941000145,960941000145,"Референс 3153876181 Комиссия за операцию ""Абонентская плата"" согласно тарифам банка. НДС не облагается.",
11.06.2024,26,150000.0,,ТЮЛЕБАЕВА ФАРИДА ЕРЛАНОВНА 910502401003,910502401003,"Референс 3153361905 Заработная плата за май 2024г Перечисление юридическим лицом в банк, филиал банка-нерезидента Республики Казахстан заработной платы, оплаты трудового отпуска для последующего зачисления на банковские счета работников данного юридического лица",
10.06.2024,25,5850000.0,,"""ELEMENT47"" 221140043480",221140043480,"Референс 3152332729 Платежи за автомобиль MITSUBISHI OUTLANDER 2.4 СЕРЫЙ № 334AXF02 VIN JMYXTCW5W8Z700957.Согласно счета № KZ00000774 от 10/06/2024. покупатель Курмантаев Бекен Шинанович. ИИН 500511300161 Платежи за товары, за исключением недвижимости и товаров с",
09.06.2024,003095330140,174000.0,,"Акционерное общество ""Дочерняя компания Народного Банка Казахстана по страхованию жизни ""Халык-Life"" 051140004354",910502401003,"Референс 3151546491 Перевод страховой премии по кредиту D270036501.210686 от 09.06.24, Клиент Индивидуальный Предприниматель A&A ИИН 910502401003, референс:DS270036501.210686.",
09.06.2024,003095330138,,6174000.0,Алматинский городской Народного Банка Казахстана 960941000145,960941000145,Референс 3151546488 Предоставление займа по договору № D270036501.210686 от 09.06.2024 в сумме 6174000 KZT. Заемщик: Индивидуальный Предприниматель A&A.,
03.06.2024,24,30000.0,,ТЮЛЕБАЕВА ФАРИДА ЕРЛАНОВНА (A&A) 910502401003,910502401003,"Референс 3145484706 Заработная плата за май 2024г Перечисление юридическим лицом в банк, филиал банка-нерезидента Республики Казахстан заработной платы, оплаты трудового отпуска для последующего зачисления на банковские счета работников данного юридического лица",
28.05.2024,66,,5000.0,ИСМАГУЛОВА 760228450218,760228450218,"Референс 3140105206 За профессиональные, научные и технические услуги.",
20.05.2024,63,,100000.0,ИСМАГУЛОВА 760228450218,760228450218,"Референс 3132538588 За профессиональные, научные и технические услуги.",
20.05.2024,64,,160000.0,ИСМАГУЛОВА 760228450218,760228450218,"Референс 3132533453 За профессиональные, научные и технические услуги.",
20.05.2024,003073761520,9000.0,,Алматинский городской Народного Банка Казахстана 960941000145,960941000145,"Референс 3132170019 Комиссия за операцию ""Снятие с текущего счета ЮЛ через АК"" согласно тарифам банка. НДС не облагается.",
20.05.2024,003073761445,3000000.0,,Народный Банк Республики Казахстан 940140000385,940140000385,Референс 3132169971 Снятие с текущего счета ЮЛ/ПБОЮЛ через АК. (Снятие наличных денег с текущих или корреспондентских счетов),
20.05.2024,003073758528,2000000.0,,Народный Банк Республики Казахстан 940140000385,940140000385,Референс 3132168481 Снятие с текущего счета ЮЛ/ПБОЮЛ через АК. (Снятие наличных денег с текущих или корреспондентских счетов),
20.05.2024,003073758535,6000.0,,Алматинский городской Народного Банка Казахстана 960941000145,960941000145,"Референс 3132168487 Комиссия за операцию ""Снятие с текущего счета ЮЛ через АК"" согласно тарифам банка. НДС не облагается.",
17.05.2024,22,5950.0,,"""Государственная корпорация ""Правительство для",,"Референс 3130817582 Взносы на обязательное социальное медицинское страхование в НАО ""Государственная корпорация ""Правительство",
17.05.2024,23,1275.0,,"""Государственная",,Референс 3130817579 обязательные,
17.05.2024,20,8500.0,,"""Государственная",,Референс 3130817507 10% обязательные,
17.05.2024,21,2975.0,,"""Государственная корпорация",,"Референс 3130817499 Социальные отчисления в НАО ""Государственная корпорация",
16.05.2024,62,,120000.0,ИСМАГУЛОВА 760228450218,760228450218,"Референс 3129323575 За профессиональные, научные и технические услуги.",
16.05.2024,ONBY87K3W,,1567060.0,Садибекова 910628401722,910628401722,"Референс 3128977174 Оплата аренды за Июнь 2024 ИП Садибекова (в том числе НДС = 167899.28) Платежи за профессиональные, научные и технические услуги,",
15.05.2024,12,,1301200.0,"""AYLIN COLLECTION"" 800113400018",800113400018,"Референс 3128420836 За профессиональные, научные и технические услуги.",
15.05.2024,15,,1798300.0,КОНКАСОВА А.А. 861129402194,861129402194,"Референс 3128198153 За профессиональные, научные и технические услуги.",
15.05.2024,61,,350000.0,ИСМАГУЛОВА 760228450218,760228450218,"Референс 3128196745 За профессиональные, научные и технические услуги.",
12.05.2024,003066080563,8999.0,,Алматинский городской Народного Банка Казахстана 960941000145,960941000145,"Референс 3125013416 Комиссия за операцию ""Абонентская плата"" согласно тарифам банка. НДС не облагается.",
04.05.2024,18,30000.0,,Тюлебаева Фарида Ерлановна 910502401003,910502401003,"Референс 3119395599 Заработная плата за апрель 2024г Перечисление юридическим лицом в банк, филиал банка-нерезидента Республики Казахстан заработной платы, оплаты трудового отпуска для последующего зачисления на банковские счета работников данного юридического лица",
30.04.2024,59,,35000.0,ИСМАГУЛОВА 760228450218,760228450218,"Референс 3115122247 За профессиональные, научные и технические услуги.",
17.04.2024,51,,50000.0,ИСМАГУЛОВА 760228450218,760228450218,"Референс 3103908810 За профессиональные, научные и технические услуги.",
17.04.2024,003043006459,9000.0,,Алматинский городской Народного Банка Казахстана 960941000145,960941000145,"Референс 3103637056 Комиссия за операцию ""Снятие с текущего счета ЮЛ через АК"" согласно тарифам банка. НДС не облагается.",
17.04.2024,003043006440,3000000.0,,Народный Банк Республики Казахстан 940140000385,940140000385,Референс 3103637042 Снятие с текущего счета ЮЛ/ПБОЮЛ через АК. (Снятие наличных денег с текущих или корреспондентских счетов),
17.04.2024,003042999576,6000.0,,Алматинский городской Народного Банка Казахстана 960941000145,960941000145,"Референс 3103632587 Комиссия за операцию ""Снятие с текущего счета ЮЛ через АК"" согласно тарифам банка. НДС не облагается.",
17.04.2024,003042999486,2000000.0,,Народный Банк Республики Казахстан 940140000385,940140000385,Референс 3103632530 Снятие с текущего счета ЮЛ/ПБОЮЛ через АК. (Снятие наличных денег с текущих или корреспондентских счетов),
15.04.2024,13,,1800000.0,КОНКАСОВА А.А. 861129402194,861129402194,"Референс 3101892861 За профессиональные, научные и технические услуги.",
15.04.2024,9,,1301200.0,"""AYLIN COLLECTION"" 800113400018",800113400018,"Референс 3101855773 За профессиональные, научные и технические услуги.",
15.04.2024,50,,650000.0,ИСМАГУЛОВА 760228450218,760228450218,"Референс 3101814911 За профессиональные, научные и технические услуги.",
15.04.2024,16,5950.0,,"""Государственная корпорация ""Правительство для",,"Референс 3101646830 Взносы на обязательное социальное медицинское страхование в НАО ""Государственная корпорация ""Правительство",
15.04.2024,14,8500.0,,"""Государственная",,Референс 3101646802 10% обязательные,
15.04.2024,17,1275.0,,"""Государственная",,Референс 3101646619 10% обязательные,
15.04.2024,15,2975.0,,"""Государственная корпорация",,"Референс 3101646521 Социальные отчисления в НАО ""Государственная корпорация",
15.04.2024,ONBH09UC4,,1567060.0,Садибекова 910628401722,910628401722,"Референс 3101629943 Оплата аренды за Май 2024 ИП Садибекова (в том числе НДС = 167899.28) Платежи за профессиональные, научные и технические услуги,",
12.04.2024,003039246017,8999.0,,Алматинский городской Народного Банка Казахстана 960941000145,960941000145,"Референс 3099970566 Комиссия за операцию ""Абонентская плата"" согласно тарифам банка. НДС не облагается.",
02.04.2024,12,30000.0,,Тюлебаева Фарида Ерлановна 910502401003,910502401003,"Референс 3089532620 Заработная плата за март 2024г Перечисление юридическим лицом в банк, филиал банка-нерезидента Республики Казахстан заработной платы, оплаты трудового отпуска для последующего зачисления на банковские счета работников данного юридического лица",
20.03.2024,003016752266,9000.0,,Алматинский городской Народного Банка Казахстана 960941000145,960941000145,"Референс 3079223378 Комиссия за операцию ""Снятие с текущего счета ЮЛ через АК"" согласно тарифам банка. НДС не облагается.",
20.03.2024,003016752244,3000000.0,,Народный Банк Республики Казахстан 940140000385,940140000385,Референс 3079223363 Снятие с текущего счета ЮЛ/ПБОЮЛ через АК. (Снятие наличных денег с текущих или корреспондентских счетов),
20.03.2024,003016749070,9000.0,,Алматинский городской Народного Банка Казахстана 960941000145,960941000145,"Референс 3079221178 Комиссия за операцию ""Снятие с текущего счета ЮЛ через АК"" согласно тарифам банка. НДС не облагается.",
20.03.2024,003016749049,3000000.0,,Народный Банк Республики Казахстан 940140000385,940140000385,Референс 3079221156 Снятие с текущего счета ЮЛ/ПБОЮЛ через АК. (Снятие наличных денег с текущих или корреспондентских счетов),
18.03.2024,9,,1800000.0,КОНКАСОВА А.А. 861129402194,861129402194,"Референс 3077134726 За профессиональные, научные и технические услуги.",
15.03.2024,ONBJC5IVR,,1567060.0,Садибекова 910628401722,910628401722,"Референс 3075352712 Оплата аренды за Апрель 2024 ИП Садибекова (в том числе НДС = 167899.28) Платежи за профессиональные, научные и технические услуги,",
15.03.2024,7,,1301200.0,"""AYLIN COLLECTION"" 800113400018",800113400018,"Референс 3075182440 За профессиональные, научные и технические услуги.",
14.03.2024,32,,350000.0,ИСМАГУЛОВА 760228450218,760228450218,"Референс 3073983210 За профессиональные, научные и технические услуги.",
13.03.2024,003010102427,8999.0,,Алматинский городской Народного Банка Казахстана 960941000145,960941000145,"Референс 3073092340 Комиссия за операцию ""Абонентская плата"" согласно тарифам банка. НДС не облагается.",
11.03.2024,11,56847.0,,"""УГД по Ауэзовскому ДГД по городу КГД МФ РК"" 910740000113",910740000113,Референс 3070364706 Индивидуальный подоходный налог за 2023г Сумма 56 847-00 тенге в т.ч. НДС(без НДС) 0-00 тенге Начисленные (исчисленные) и иные обязательства в бюджет,
11.03.2024,31,,385000.0,ИСМАГУЛОВА 760228450218,760228450218,"Референс 3070264969 За профессиональные, научные и технические услуги.",
22.02.2024,002989637839,6000.0,,Алматинский городской Народного Банка Казахстана 960941000145,960941000145,"Референс 3054555179 Комиссия за операцию ""Снятие с текущего счета ЮЛ через АК"" согласно тарифам банка. НДС не облагается.",
22.02.2024,002989637778,2000000.0,,Народный Банк Республики Казахстан 940140000385,940140000385,Референс 3054555144 Снятие с текущего счета ЮЛ/ПБОЮЛ через АК. (Снятие наличных денег с текущих или корреспондентских счетов),
22.02.2024,002989616160,9000.0,,Алматинский городской Народного Банка Казахстана 960941000145,960941000145,"Референс 3054538537 Комиссия за операцию ""Снятие с текущего счета ЮЛ через АК"" согласно тарифам банка. НДС не облагается.",
22.02.2024,002989616143,3000000.0,,Народный Банк Республики Казахстан 940140000385,940140000385,Референс 3054538529 Снятие с текущего счета ЮЛ/ПБОЮЛ через АК. (Снятие наличных денег с текущих или корреспондентских счетов),
15.02.2024,4,,1145065.0,"""AYLIN COLLECTION"" 800113400018",800113400018,"Референс 3049169690 За профессиональные, научные и технические услуги.",
15.02.2024,7,,1800000.0,КОНКАСОВА А.А. 861129402194,861129402194,"Референс 3049033988 За профессиональные, научные и технические услуги.",
14.02.2024,19,,335000.0,ИСМАГУЛОВА 760228450218,760228450218,"Референс 3047998463 За профессиональные, научные и технические услуги.",
14.02.2024,18,,400000.0,ИСМАГУЛОВА 760228450218,760228450218,"Референс 3047661622 За профессиональные, научные и технические услуги.",
13.02.2024,ONBMJIZR5,,1567060.0,Садибекова 910628401722,910628401722,"Референс 3047174747 Оплата аренды за Март 2024 ИП Садибекова (в том числе НДС = 167899.28) Платежи за профессиональные, научные и технические услуги,",
12.02.2024,002980188924,8999.0,,Алматинский городской Народного Банка Казахстана 960941000145,960941000145,"Референс 3045943587 Комиссия за операцию ""Абонентская плата"" согласно тарифам банка. НДС не облагается.",
19.01.2024,9,4450.0,,"""УГД по Ауэзовскому ДГД по городу КГД МФ РК"" 910740000113",910740000113,Референс 3025842078 Социальный налог за декабрь 2023г Сумма 4 450-00 тенге в т.ч. НДС(без НДС) 0-00 тенге Начисленные (исчисленные) и иные обязательства в бюджет,
19.01.2024,8,4900.0,,"""Государственная корпорация ""Правительство для",,"Референс 3025841242 Взносы на обязательное социальное медицинское страхование в НАО ""Государственная корпорация ""Правительство",
19.01.2024,7,2450.0,,"""Государственная корпорация",,"Референс 3025841233 Социальные отчисления в НАО ""Государственная корпорация",
19.01.2024,6,7000.0,,"""Государственная",,Референс 3025840628 10% обязательные,
13.01.2024,002953210012,8999.0,,Алматинский городской Народного Банка Казахстана 960941000145,960941000145,"Референс 3021036247 Оплата К2 Комиссия за операцию ""Абонентская плата"" согласно тарифам банка. НДС не облагается.",
11.01.2024,5,115000.0,,"Индивидуальный предприниматель ""Тазалык"" 900508402062",900508402062,"Референс 3019219262 Ремонтные работы согл сч№118 от 29.12.2023г Сумма 115 000-00 тенге в т.ч. НДС(без НДС) 0-00 тенге Платежи за строительные услуги,",
08.01.2024,2,570000.0,,"Индивидуальный предприниматель ""Тазалык"" 900508402062",900508402062,"Референс 3016074025 Монтаж фито баннеров согл сч№112 от 29.12.2023г Сумма 570 000-00 тенге в т.ч. НДС(без НДС) 0-00 тенге Платежи за профессиональные, научные и технические услуги,",
08.01.2024,3,84750.0,,"Индивидуальный предприниматель ""Тазалык"" 900508402062",900508402062,"Референс 3016074037 Монтаж фито баннеров согл сч№111 от 29.12.2023г Сумма 84 750-00 тенге в т.ч. НДС(без НДС) 0-00 тенге Платежи за профессиональные, научные и технические услуги,",
08.01.2024,4,33750.0,,"Индивидуальный предприниматель ""Тазалык"" 900508402062",900508402062,"Референс 3016074036 Монтаж фито баннеров согл сч№113 от 29.12.2023г Сумма 33 750-00 тенге в т.ч. НДС(без НДС) 0-00 тенге Платежи за профессиональные, научные и технические услуги,",
05.01.2024,1,30000.0,,Тюлебаева Фарида Ерлановна 910502401003,910502401003,"Референс 3014274898 Заработная плата за декабрь 2023г Перечисление юридическим лицом в банк заработной платы, оплаты трудового отпуска для последующего зачисления на банковские счета работников данного юридического лица",
25.12.2023,61,284025.0,,"Индивидуальный предприниматель ""Тазалык"" 900508402062",900508402062,"Референс 3003798397 Монтаж фито баннеров согл сч№106 от 20.12.2023г Сумма 284 025-00 тенге в т.ч. НДС(без НДС) 0-00 тенге Платежи за профессиональные, научные и технические услуги,",
25.12.2023,63,102750.0,,"Индивидуальный предприниматель ""Тазалык"" 900508402062",900508402062,"Референс 3003798203 Монтаж фито баннеров согл сч№107 от 20.12.2023г Сумма 102 750-00 тенге в т.ч. НДС(без НДС) 0-00 тенге Платежи за профессиональные, научные и технические услуги,",
25.12.2023,62,303750.0,,"Индивидуальный предприниматель ""Тазалык"" 900508402062",900508402062,"Референс 3003797040 Монтаж фито баннеров согл сч№108 от 20.12.2023г Сумма 303 750-00 тенге в т.ч. НДС(без НДС) 0-00 тенге Платежи за профессиональные, научные и технические услуги,",
21.12.2023,57,7000.0,,"""Государственная",,Референс 3000651224 10% обязательные,
21.12.2023,59,4450.0,,"""УГД по Ауэзовскому ДГД по городу КГД МФ РК"" 910740000113",910740000113,Референс 3000651238 Социальный налог за ноябрь 2023г Сумма 4 450-00 тенге в т.ч. НДС(без НДС) 0-00 тенге Начисленные (исчисленные) и иные обязательства в бюджет,
21.12.2023,60,4900.0,,"""Государственная корпорация ""Правительство для",,"Референс 3000651031 Взносы на обязательное социальное медицинское страхование в НАО ""Государственная корпорация ""Правительство",
21.12.2023,58,2450.0,,"""Государственная корпорация",,"Референс 3000650894 Социальные отчисления в НАО ""Государственная корпорация",
15.12.2023,56,4162534.85,,"Индивидуальный предприниматель ""Стандарт А+"" 830518302749",830518302749,"Референс 2996175332 Ремонтные работы ул.Кабдолова 1, согл сч№46 от 29.11.2023 Сумма 4 162 534-85 тенге в т.ч. НДС(без НДС) 0-00 тенге Платежи за строительные",
15.12.2023,18,,4500000.0,Дана 730916402292,730916402292,"Референс 2995920544 Оплата за прочих услуг согл сч№97 от 15.12.2023 Сумма 4 500 000-00 тенге в т.ч. НДС(12%) 482 142-86 тенге Платежи за профессиональные, научные и технические услуги,",
14.12.2023,002927114342,8999.0,,Алматинский городской Народного Банка Казахстана 960941000145,960941000145,"Референс 2995120289 Оплата К2 Комиссия за операцию ""Абонентская плата"" согласно тарифам банка. НДС не облагается.",
14.12.2023,69,,1935000.0,"""ASV"" МАХАМЕТОВ АХМЕТОВИЧ 830121300080",830121300080,Референс 2995110935 За аренду/лизинг. за январь месяц.,
07.12.2023,55,30000.0,,Тюлебаева Фарида Ерлановна 910502401003,910502401003,"Референс 2988888227 Заработная плата за ноябрь 2023г Перечисление юридическим лицом в банк заработной платы, оплаты трудового отпуска для последующего зачисления на банковские счета работников данного юридического лица",
04.12.2023,93,,25000.0,ART SERVICE 890506401336,890506401336,Референс 2985717728 За аренду/лизинг. Оплата за аренду тележек за ноябрь месяц 2023.,
04.12.2023,54,209250.0,,"Индивидуальный предприниматель ""Тазалык"" 900508402062",900508402062,"Референс 2985334591 Работы, услуги по заявкам согл сч№99 от 30.11.2023г Сумма 209 250-00 тенге в т.ч. НДС(без НДС) 0-00 тенге Платежи за профессиональные, научные и технические услуги,",
04.12.2023,53,980250.0,,"Индивидуальный предприниматель ""Тазалык"" 900508402062",900508402062,"Референс 2985334216 Работы, услуги по заявкам согл сч№102 от 30.11.2023г Сумма 980 250-00 тенге в т.ч. НДС(без НДС) 0-00 тенге Платежи за профессиональные, научные и технические услуги,",
04.12.2023,52,50250.0,,"Индивидуальный предприниматель ""Тазалык"" 900508402062",900508402062,"Референс 2985265757 Работы, услуги по заявкам согл сч№101 от 30.11.2023г Сумма 50 250-00 тенге в т.ч. НДС(без НДС) 0-00 тенге Платежи за профессиональные, научные и технические услуги,",
04.12.2023,51,3280000.0,,"Индивидуальный предприниматель ""ART 890506401336",890506401336,"Референс 2985265725 Услуги по уборке помещений за ноябрь 2023г, согл сч№11 от 23.11.2023 Сумма 3 280 000-00 тенге в т.ч. НДС(без НДС) 0-00 тенге Платежи за профессиональные, научные и технические услуги,",
27.11.2023,50,91875.0,,"Индивидуальный предприниматель ""Тазалык"" 900508402062",900508402062,"Референс 2979209230 Работы, услуги по заявкам согл сч№97 от 23.11.2023г Сумма 91 875-00 тенге в т.ч. НДС(без НДС) 0-00 тенге Платежи за профессиональные, научные и технические услуги,",
21.11.2023,002904283670,4500.0,,Алматинский городской Народного Банка Казахстана 960941000145,960941000145,"Референс 2974416329 Комиссия за операцию ""Снятие с текущего счета ЮЛ через АК"" согласно тарифам банка. НДС не облагается.",
21.11.2023,002904283627,1500000.0,,Народный Банк Республики Казахстан 940140000385,940140000385,Референс 2974416295 Снятие с текущего счета ЮЛ/ПБОЮЛ через АК. (Снятие наличных денег с текущих или корреспондентских счетов),
20.11.2023,46,2450.0,,"""Государственная корпорация",,"Референс 2973713016 Социальные отчисления в НАО ""Государственная корпорация",
20.11.2023,45,7000.0,,"""Государственная",,Референс 2973712778 10% обязательные,
20.11.2023,48,4450.0,,"""УГД по Ауэзовскому ДГД по городу КГД МФ РК"" 910740000113",910740000113,Референс 2973712833 Социальный налог за октябрь 2023г Сумма 4 450-00 тенге в т.ч. НДС(без НДС) 0-00 тенге Начисленные (исчисленные) и иные обязательства в бюджет,
20.11.2023,47,4900.0,,"""Государственная корпорация ""Правительство для",,"Референс 2973712180 Взносы на обязательное социальное медицинское страхование в НАО ""Государственная корпорация ""Правительство",
20.11.2023,90,,44800.0,GG 610602300278,610602300278,Референс 2973221131 малгараеваш ш.с Лизинг (текущая аренда).,
17.11.2023,89,,80000.0,GG 610602300278,610602300278,Референс 2971605213 малгараеваш ш.с Лизинг (текущая аренда).,
17.11.2023,71,,370000.0,МАЛГАРАЕВА ШАРБАНУ САЛИМОВНА 580312402286,580312402286,Референс 2971591558 За аренду/лизинг. Малагараева Шарбану аренда.,
14.11.2023,70,,1600000.0,МАЛГАРАЕВА ШАРБАНУ САЛИМОВНА 580312402286,580312402286,Референс 2969058017 За аренду/лизинг. Малагараева Шарбану аренда.,
14.11.2023,88,,1390000.0,GG 610602300278,610602300278,Референс 2968945895 малгараеваш ш.с Лизинг (текущая аренда).,
13.11.2023,65,,1935000.0,"""ASV"" МАХАМЕТОВ АХМЕТОВИЧ 830121300080",830121300080,Референс 2968085580 За аренду/лизинг. по договору #05-23-У-ТФЕ-ИП за декабрь месяц.,
10.11.2023,002895597342,8999.0,,Алматинский городской Народного Банка Казахстана 960941000145,960941000145,"Референс 2966197402 Комиссия за операцию ""Абонентская плата"" согласно тарифам банка. НДС не облагается.",
08.11.2023,44,30000.0,,Тюлебаева Фарида Ерлановна 910502401003,910502401003,"Референс 2963718308 Заработная плата за октябрь 2023г Перечисление юридическим лицом в банк заработной платы, оплаты трудового отпуска для последующего зачисления на банковские счета работников данного юридического лица",
03.11.2023,82,,25000.0,ART SERVICE 890506401336,890506401336,Референс 2959469159 За аренду/лизинг. Оплата за аренду тележек за октябрь месяц 2023.,
02.11.2023,43,3280000.0,,"Индивидуальный предприниматель ""ART 890506401336",890506401336,"Референс 2958553676 Услуги по уборке помещений за октябрь 2023г, согл сч№10 от 26.10.2023 Сумма 3 280 000-00 тенге в т.ч. НДС(без НДС) 0-00 тенге Платежи за профессиональные, научные и технические услуги,",
24.10.2023,002878579661,9000.0,,Алматинский городской Народного Банка Казахстана 960941000145,960941000145,"Референс 2950956964 Комиссия за операцию ""Снятие с текущего счета ЮЛ через АК"" согласно тарифам банка. НДС не облагается.",
24.10.2023,002878579507,3000000.0,,Народный Банк Республики Казахстан 940140000385,940140000385,Референс 2950956883 Снятие с текущего счета ЮЛ/ПБОЮЛ через АК. (Снятие наличных денег с текущих или корреспондентских счетов),
24.10.2023,002878577798,6000.0,,Алматинский городской Народного Банка Казахстана 960941000145,960941000145,"Референс 2950955960 Комиссия за операцию ""Снятие с текущего счета ЮЛ через АК"" согласно тарифам банка. НДС не облагается.",
24.10.2023,002878577786,2000000.0,,Народный Банк Республики Казахстан 940140000385,940140000385,Референс 2950955957 Снятие с текущего счета ЮЛ/ПБОЮЛ через АК. (Снятие наличных денег с текущих или корреспондентских счетов),
18.10.2023,41,4450.0,,"""УГД по Ауэзовскому ДГД по городу КГД МФ РК"" 910740000113",910740000113,Референс 2946758075 Социальный налог за сентябрь 2023г Сумма 4 450-00 тенге в т.ч. НДС(без НДС) 0-00 тенге Начисленные (исчисленные) и иные обязательства в бюджет,
18.10.2023,40,4900.0,,"""Государственная корпорация ""Правительство для",,"Референс 2946757342 Взносы на обязательное социальное медицинское страхование в НАО ""Государственная корпорация ""Правительство",
18.10.2023,39,2450.0,,"""Государственная корпорация",,"Референс 2946757165 Социальные отчисления в НАО ""Государственная корпорация",
18.10.2023,38,7000.0,,"""Государственная",,Референс 2946757162 10% обязательные,
16.10.2023,60,,1935000.0,"""ASV"" МАХАМЕТОВ АХМЕТОВИЧ 830121300080",830121300080,Референс 2944873928 За аренду/лизинг. по договору #05-23-У-ТФЕ-ИП за ноябрь месяц.,
16.10.2023,63,,3484800.0,МАЛГАРАЕВА ШАРБАНУ САЛИМОВНА 580312402286,580312402286,Референс 2944869062 За аренду/лизинг. Малагараева Шарбану аренда.,
16.10.2023,37,590100.0,,"Индивидуальный предприниматель ""Энгель"" 870819300528",870819300528,"Референс 2944681634 Монтаж пожарно- охранной сигнализации, согл сч№45 от 10.10.2023г Сумма 590 100-00 тенге в т.ч. НДС(без НДС) 0-00 тенге Платежи за профессиональные, научные и технические услуги,",
11.10.2023,002868291691,8999.0,,Алматинский городской Народного Банка Казахстана 960941000145,960941000145,"Референс 2941343366 Комиссия за операцию ""Абонентская плата"" согласно тарифам банка. НДС не облагается.",
09.10.2023,36,30000.0,,Тюлебаева Фарида Ерлановна 910502401003,910502401003,"Референс 2938981735 Заработная плата за сентябрь 2023г Перечисление юридическим лицом в банк заработной платы, оплаты трудового отпуска для последующего зачисления на банковские счета работников данного юридического лица",
28.09.2023,79,,25000.0,ART SERVICE 890506401336,890506401336,Референс 2930135998 За аренду/лизинг. Оплата за аренду тележек за сентябрь месяца 2023.,
28.09.2023,35,3280000.0,,"Индивидуальный предприниматель ""ART 890506401336",890506401336,"Референс 2929737021 Услуги по уборке помещений за сентябрь 2023г, согл сч№9 от 25.09.2023 Сумма 3 280 000-00 тенге в т.ч. НДС(без НДС) 0-00 тенге Платежи за профессиональные, научные и технические услуги,",
26.09.2023,76,,2100000.0,Жунусова А.Х. 490815402846,490815402846,"Референс 2927857377 Возврат денежных средств Сумма 2 100 000-00 тенге в т.ч. НДС(без налога) 0-00 тенге Возврат средств за непредоставленные услуги,",
14.09.2023,67,,1935000.0,ТАЖМАГАМБЕТОВА 830901401233,830901401233,Референс 2918806838 За аренду/лизинг. Аренда за октябрь 2023 за ИП ASV Махаметов Сабир Ахметович.,
14.09.2023,34,4450.0,,"""УГД по Ауэзовскому ДГД по городу КГД МФ РК"" 910740000113",910740000113,Референс 2918657181 Социальный налог за август 2023г Сумма 4 450-00 тенге в т.ч. НДС(без НДС) 0-00 тенге Начисленные (исчисленные) и иные обязательства в бюджет,
14.09.2023,33,4900.0,,"""Государственная корпорация ""Правительство для",,"Референс 2918657019 Взносы на обязательное социальное медицинское страхование в НАО ""Государственная корпорация ""Правительство",
14.09.2023,32,2450.0,,"""Государственная корпорация",,"Референс 2918656742 Социальные отчисления в НАО ""Государственная корпорация",
14.09.2023,31,7000.0,,"""Государственная",,Референс 2918656412 10% обязательные,
14.09.2023,75,,3484800.0,GG 610602300278,610602300278,Референс 2918518061 малгараеваш ш.с Лизинг (текущая аренда).,
11.09.2023,002840766124,8999.0,,Алматинский городской Народного Банка Казахстана 960941000145,960941000145,"Референс 2916078031 Комиссия за операцию ""Абонентская плата"" согласно тарифам банка. НДС не облагается.",
06.09.2023,31,30000.0,,Тюлебаева Фарида Ерлановна 910502401003,910502401003,"Референс 2912066471 Заработная плата за август 2023г Перечисление юридическим лицом в банк заработной платы, оплаты трудового отпуска для последующего зачисления на банковские счета работников данного юридического лица",
31.08.2023,ONB14A3CD,2220367.29,,"Индивидуальный предприниматель ""Стандарт А"" 860724402999",860724402999,"Референс 2906619968 Ремонтные работы ул.Кабдолова 1/4, согл сч№47 от 25.08.2023 Сумма 2 220 367-29 тенге в т.ч. НДС(без НДС) 0-00 тенге Платежи за строительные услуги,",
29.08.2023,65,,25000.0,ART SERVICE 890506401336,890506401336,Референс 2905928544 За аренду/лизинг. Оплата за аренду тележек за август месяца 2023.,
28.08.2023,28,3280000.0,,"Индивидуальный предприниматель ""ART 890506401336",890506401336,"Референс 2904527883 Услуги по уборке помещений за август 2023г, согл сч№8 от 23.08.2023 Сумма 3 280 000-00 тенге в т.ч. НДС(без НДС) 0-00 тенге Платежи за профессиональные, научные и технические услуги,",
21.08.2023,27,4450.0,,"""УГД по Ауэзовскому ДГД по городу КГД МФ РК"" 910740000113",910740000113,Референс 2899306541 Социальный налог за июль 2023г Сумма 4 450-00 тенге в т.ч. НДС(без НДС) 0-00 тенге Начисленные (исчисленные) и иные обязательства в бюджет,
21.08.2023,24,7000.0,,"""Государственная",,Референс 2899305783 10% обязательные,
21.08.2023,26,4900.0,,"""Государственная корпорация ""Правительство для",,"Референс 2899304694 Взносы на обязательное социальное медицинское страхование в НАО ""Государственная корпорация ""Правительство",
21.08.2023,25,2450.0,,"""Государственная корпорация",,"Референс 2899304327 Социальные отчисления в НАО ""Государственная корпорация",
17.08.2023,67,,2000000.0,GG 610602300278,610602300278,Референс 2896817322 малгараеваш ш.с Лизинг (текущая аренда).,
17.08.2023,50,,1484800.0,МАЛГАРАЕВА ШАРБАНУ САЛИМОВНА 580312402286,580312402286,Референс 2896783468 За аренду/лизинг. Малгараева Шарбану.,
14.08.2023,56,,1935000.0,ТАЖМАГАМБЕТОВА 830901401233,830901401233,Референс 2894073700 За аренду/лизинг. Аренда за сентябрь 2023.,
12.08.2023,002815396404,8999.0,,Алматинский городской Народного Банка Казахстана 960941000145,960941000145,"Референс 2893011446 Комиссия за операцию ""Абонентская плата"" согласно тарифам банка. НДС не облагается.",
09.08.2023,22,81672.0,,"""УГД по Ауэзовскому ДГД по городу КГД МФ РК"" 910740000113",910740000113,Референс 2890569402 Индивидуальный подоходный налог за 1 полугодие 2023г Сумма 81 672-00 тенге в т.ч. НДС(без НДС) 0- 00 тенге Начисленные (исчисленные) и иные обязательства в бюджет,
09.08.2023,23,79222.0,,"""УГД по Ауэзовскому ДГД по городу КГД МФ РК"" 910740000113",910740000113,Референс 2890569117 Социальный налог за 1 полугодие 2023 Сумма 79 222-00 тенге в т.ч. НДС(без НДС) 0-00 тенге Начисленные (исчисленные) и иные обязательства в бюджет,
07.08.2023,ONB05E9A3,30000.0,,Тюлебаева Фарида Ерлановна 910502401003,910502401003,"Референс 2888191508 Заработная плата за июль 2023г Перечисление юридическим лицом в банк заработной платы, оплаты трудового отпуска для последующего зачисления на банковские счета работников данного юридического лица",
03.08.2023,53,,75000.0,ART SERVICE 890506401336,890506401336,"Референс 2885914537 За аренду/лизинг. Оплата за аренду тележек за май,июнь,июль месяца 2023.",
03.08.2023,20,3280000.0,,"Индивидуальный предприниматель ""ART 890506401336",890506401336,"Референс 2885416998 Услуги по уборке помещений за июль 2023г, согл сч№7 от 28.07.2023 Сумма 3 280 000-00 тенге в т.ч. НДС(без НДС) 0-00 тенге Платежи за профессиональные, научные и технические услуги,",
02.08.2023,142,,3000000.0,700201300435,700201300435,Референс 2884535236 Возврат за непредоставленные услуги согл ата сверки б\н от 03.07.2023 Сумма 3 000 000-00 тенге без НДС Возврат средств за непредоставленные услуги,
31.07.2023,19,3000000.0,,"Индивидуальный предприниматель ""RT"" 700201300435",700201300435,"Референс 2882709136 Оказание прочих услуг, согл сч№75 от 30.06.2023 Платежи за профессиональные, научные и технические услуги,",
25.07.2023,59,,3484800.0,GG 610602300278,610602300278,Референс 2878623670 малгараеваш ш.с Лизинг (текущая аренда).,
20.07.2023,18,1917889.84,,"Товарищество с ограниченной ответственостью ""Зодчий Optimum"" 230440027161",230440027161,"Референс 2874794911 Ремонтные работы, согл сч№36 от 01.07.2023 Сумма 1 917 889-84 тенге в т.ч. НДС(без НДС) 0-00 тенге Платежи за профессиональные, научные и технические услуги,",
17.07.2023,54,,1935000.0,ТАЖМАГАМБЕТОВА 830901401233,830901401233,Референс 2872237897 За аренду/лизинг. Аренда за июль 2023.,
13.07.2023,002789985379,8999.0,,Алматинский городской АО «Народный Казахстана» 960941000145,960941000145,"Референс 2869787935 Комиссия за операцию ""Абонентская плата"" согласно тарифам банка. НДС не облагается.",
10.07.2023,17,4450.0,,"""УГД по Ауэзовскому ДГД по городу КГД МФ РК"" 910740000113",910740000113,Референс 2866839966 Социальный налог за июнь 2023г Сумма 4 450-00 тенге в т.ч. НДС(без НДС) 0-00 тенге Начисленные (исчисленные) и иные обязательства в бюджет,
10.07.2023,15,2450.0,,"""Государственная корпорация",,"Референс 2866838322 Социальные отчисления в НАО ""Государственная корпорация",
10.07.2023,14,7000.0,,"""Государственная",,Референс 2866837705 10% обязательные,
10.07.2023,16,4900.0,,"""Государственная корпорация ""Правительство для",,"Референс 2866837015 Взносы на обязательное социальное медицинское страхование в НАО ""Государственная корпорация ""Правительство",
10.07.2023,13,30000.0,,Тюлебаева Фарида Ерлановна 910502401003,910502401003,"Референс 2866224569 Заработная плата за июнь 2023г Перечисление юридическим лицом в банк заработной платы, оплаты трудового отпуска для последующего зачисления на банковские счета работников данного юридического лица",
04.07.2023,11,3280000.0,,"Индивидуальный предприниматель ""ART 890506401336",890506401336,"Референс 2862488753 Услуги по уборке помещений за июнь 2023г, согл сч№6 от 27.06.2023 Сумма 3 280 000-00 тенге в т.ч. НДС(без НДС) 0-00 тенге Платежи за профессиональные, научные и технические услуги,",
04.07.2023,12,4000000.0,,"Товарищество с ограниченной ответственостью ""Зодчий Optimum"" 230440027161",230440027161,"Референс 2862488249 Ремонтные работы, согл сч№36 от 01.07.2023 Сумма 4 000 000-00 тенге в т.ч. НДС(без НДС) 0-00 тенге Платежи за профессиональные, научные и технические услуги,",
03.07.2023,131,,7000000.0,700201300435,700201300435,Референс 2861422028 Возврат за непредоставленные услуги согл ата сверки б\н от 03.07.2023 Сумма 7 000 000-00 тенге без НДС Возврат средств за непредоставленные услуги,
30.06.2023,10,7000000.0,,"Индивидуальный предприниматель ""RT"" 700201300435",700201300435,"Референс 2859381087 Оказание прочих услуг, согл сч№75 от 30.06.2023 Платежи за профессиональные, научные и технические услуги,",
29.06.2023,9,346800.0,,"Индивидуальный предприниматель ""Энгель"" 870819300528",870819300528,"Референс 2858179938 Монтаж пожарно- охранной сигнализации, согл сч№22 от 26.06.2023г Сумма 346 800-00 тенге в т.ч. НДС(без НДС) 0-00 тенге Платежи за профессиональные, научные и технические услуги,",
26.06.2023,50,,3484800.0,GG 610602300278,610602300278,Референс 2855417801 малгараеваш ш.с Лизинг (текущая аренда).,
14.06.2023,48,,1935000.0,ТАЖМАГАМБЕТОВА 830901401233,830901401233,Референс 2847126975 За аренду/лизинг. Аренда за июнь 2023.,
13.06.2023,002764540255,8999.0,,г.Алматы 960941000145,960941000145,"Референс 2846234542 Комиссия за операцию ""Абонентская плата"" согласно тарифам банка. НДС не облагается.",
12.06.2023,6,7000.0,,"""Государственная",,Референс 2845388202 10% обязательные,
12.06.2023,7,2450.0,,"""Государственная корпорация",,"Референс 2845388097 Социальные отчисления в НАО ""Государственная корпорация",
12.06.2023,8,4900.0,,"""Государственная корпорация ""Правительство для",,"Референс 2845388006 Взносы на обязательное социальное медицинское страхование в НАО ""Государственная корпорация ""Правительство",
12.06.2023,5,2100000.0,,"Индивидуальный предприниматель ""Жунусова А.Х."" 490815402846",490815402846,"Референс 2844960743 Оплата прочих услуг, согл сч№25 от 12.06.2023 Сумма 2 100 000-00 тенге в т.ч. НДС(без НДС) 0-00 тенге Платежи за профессиональные, научные и технические услуги,",
07.06.2023,4,30000.0,,Тюлебаева Фарида Ерлановна 910502401003,910502401003,"Референс 2841458481 Заработная плата за май 2023г Перечисление юридическим лицом в банк заработной платы, оплаты трудового отпуска для последующего зачисления на банковские счета работников данного юридического лица",
05.06.2023,3,3280000.0,,"Индивидуальный предприниматель ""A&A"" 890506401336",890506401336,"Референс 2839073536 Услуги по уборке помещений за май 2023г, согл сч№5 от 29.05.2023 Сумма 3 280 000-00 тенге в т.ч. НДС(без НДС) 0-00 тенге Платежи за профессиональные, научные и технические услуги,",
01.06.2023,96,,7000000.0,700201300435,700201300435,Референс 2836585006 Возврат за непредоставленные услуги согл ата сверки б\н от 01.06.2023 Сумма 7 000 000-00 тенге без НДС Возврат средств за непредоставленные услуги,
31.05.2023,2,7000000.0,,"Индивидуальный предприниматель ""RT"" 700201300435",700201300435,"Референс 2835550569 Оказание прочих услуг, согл сч№69 от 31.05.2023 Платежи за профессиональные, научные и технические услуги,",
25.05.2023,1,1158000.0,,"Индивидуальный предприниматель ""Энгель"" 870819300528",870819300528,"Референс 2831368203 Монтаж пожарно- охранной сигнализации, согл сч№17 от 22.05.2023г Сумма 1 158 000-00 тенге в т.ч. НДС(без НДС) 0-00 тенге Платежи за профессиональные, научные и технические услуги,",
24.05.2023,33,,884800.0,МАЛГАРАЕВА ШАРБАНУ САЛИМОВНА 580312402286,580312402286,Референс 2830211090 За аренду/лизинг. Малгараева Шарбану.,
24.05.2023,46,,2600000.0,GG 610602300278,610602300278,Референс 2829823808 малгараеваш ш.с Лизинг (текущая аренда).,
15.05.2023,39,,1935000.0,ТАЖМАГАМБЕТОВА 830901401233,830901401233,Референс 2822918326 За аренду/лизинг. Аренда за июнь 2023.,
14.05.2023,002738571240,8999.0,,г.Алматы 960941000145,960941000145,"Референс 2822120063 Комиссия за операцию ""Абонентская плата"" согласно тарифам банка. НДС не облагается.",
25.04.2023,38,,134800.0,GG 610602300278,610602300278,Референс 2808015176 малгараеваш ш.с Лизинг (текущая аренда).,
24.04.2023,19,,550000.0,МАЛГАРАЕВА ШАРБАНУ САЛИМОВНА 580312402286,580312402286,Референс 2807402257 За аренду/лизинг. Малгараева Ш.С.,
24.04.2023,002722386689,8999.0,,г.Алматы 960941000145,960941000145,"Референс 2806948796 Оплата К2 Комиссия за операцию ""Абонентская плата"" согласно тарифам банка. НДС не облагается.",
24.04.2023,37,,2800000.0,GG 610602300278,610602300278,Референс 2806944368 малгараеваш ш.с Лизинг (текущая аренда).,
