﻿Дата,Номер документа,Дебет,Кредит,Контрагент (имя),Контрагент ИИН/БИН,Детали платежа,КНП
25.09.2023,130264577,,550000.0,"""Спортивный клуб людей с ограниченными физическими в 140940028317",870201403023,Референс 2927028472 СФ# 2850277/23-196 за 22.09.2023 ЗП# 7186735 Ст.- Окончательный.ESF-870201403023-20230831- 97537791 31.08.2023 приобретение основных средств ( тренажер силовой S-MAKER XB 1056) 7186735 31.08.2023,
12.09.2023,ONBA48D81,1098800.0,,ТАУБАЕВА А.Ж.COM 870201403023,870201403023,"Референс 2917105553 Onlinebank Переводы клиентом денег с одного своего текущего счета, открытого в банке, на другой свой текущий счет, открытый в данном банке RRN=23912D860585",
12.09.2023,517,,1098899.0,"""ГОРОДСКОЙ СПОРТИВНЫЙ КЛУБ БАЛХАШ"" 160240029968",160240029968,"Референс 2917051651 Платежи за товары, за исключением недвижимости и товаров с код ами назначения платежа 711,712 и 713 - Товары согласно договору №154 от 14.08.2023г, счет-фактура ESF-870201403023- 20230814-96020483 от 14 .08.2023г .",
30.08.2023,ONBECD9E3,4721000.0,,ТАУБАЕВА А.Ж.COM 870201403023,870201403023,"Референс 2906269879 Onlinebank Переводы клиентом денег с одного своего текущего счета, открытого в банке, на другой свой текущий счет, открытый в данном банке RRN=23830D511945",
29.08.2023,ONBD71DCE,1000000.0,,ТАУБАЕВА А.Ж.COM 870201403023,870201403023,"Референс 2905814891 Onlinebank Переводы клиентом денег с одного своего текущего счета, открытого в банке, на другой свой текущий счет, открытый в данном банке RRN=23829D451155",
29.08.2023,ONB4CF4F3,400000.0,,ТАУБАЕВА А.Ж.COM 870201403023,870201403023,"Референс 2905389006 Onlinebank Переводы клиентом денег с одного своего текущего счета, открытого в банке, на другой свой текущий счет, открытый в данном банке RRN=23829D419362",
29.08.2023,ONBE41675,600000.0,,ТАУБАЕВА А.Ж.COM 870201403023,870201403023,"Референс 2905380220 Onlinebank Переводы клиентом денег с одного своего текущего счета, открытого в банке, на другой свой текущий счет, открытый в данном банке RRN=23829D418744",
29.08.2023,ONB20D3CA,549000.0,,ТАУБАЕВА А.Ж.COM 870201403023,870201403023,"Референс 2905159642 Onlinebank Переводы клиентом денег с одного своего текущего счета, открытого в банке, на другой свой текущий счет, открытый в данном банке RRN=23829D414663",
28.08.2023,129566692,,549000.0,Служба пожаротушения и аварийно-спасательных Департ 080940017279,870201403023,"Референс 2904807637 СФ# 2020179/23-2246 за 25.08.2023 ЗП# 7084175 Ст.- Окончательный.ESF-870201403023-20230825- 99430362 25.08.2023 Приобретение спортивных товаров, 7084175 08.06.2023",
27.08.2023,ONBCBF0F6,179000.0,,ТАУБАЕВА А.Ж.COM 870201403023,870201403023,"Референс 2904072345 Onlinebank Переводы клиентом денег с одного своего текущего счета, открытого в банке, на другой свой текущий счет, открытый в данном банке RRN=23827D323829",
27.08.2023,ONB23973A,100000.0,,ТАУБАЕВА А.Ж.COM 870201403023,870201403023,"Референс 2904046546 Onlinebank Переводы клиентом денег с одного своего текущего счета, открытого в банке, на другой свой текущий счет, открытый в данном банке RRN=23827D315319",
27.08.2023,002827525510,203000.0,,"Акционерное общество ""Дочерняя компания Народного Банка Казахстана по страхованию жизни ""Халык-Life"" 051140004354",870201403023,"Референс 2904046185 Перевод страховой премии по кредиту D211969241.721808 от 27.08.23, Клиент ИНДИВИДУАЛЬНЫЙ ПРЕДПРИНИМАТЕЛЬ IZGI ZHOL ИИН 870201403023, референс:DS211969241.721808.",
27.08.2023,002827525505,,7203000.0,Атырауский Областной Народного Банка Казахстана 970541000638,970541000638,Референс 2904046180 Предоставление займа по договору № D211969241.721808 от 27.08.2023 в сумме 7203000 KZT. Заемщик: ИНДИВИДУАЛЬНЫЙ ПРЕДПРИНИМАТЕЛЬ IZGI ZHOL.,
22.08.2023,ONBE38FFC,680000.0,,ТАУБАЕВА А.Ж.COM 870201403023,870201403023,"Референс 2900281423 Onlinebank Переводы клиентом денег с одного своего текущего счета, открытого в банке, на другой свой текущий счет, открытый в данном банке RRN=23822D954779",
22.08.2023,129367998,,680000.0,"Коммунальное государственное учреждение ""Спортивный Нар 120340002188",120340002188,"Референс 2900250412 СФ# 8202507/23-463 за 22.08.2023 ЗП# 7150384 Ст.- Окончательный.Машиналар,жабдықтар,өндірі стік және шаруашылық мүкаммал құралдар тренажер для армрестлинга железный человек сатып алу үшін 21.08.2023ж ESF- 870201403023-20230821-91354562 шот фактураға сәйкес аударылым Хабарлама №7150384 31.07.2023ж",
10.08.2023,ONBC5E441,400000.0,,Центр электронных финансов 071140005693,071140005693,"Референс 2891075249 Оплата за услугу поиспользованию веб- портала государственных закупок Платежи за профессиональные, научные и технические услуги,",
10.08.2023,ONB5550B7,,400000.0,ТАУБАЕВА А.Ж.COM 870201403023,870201403023,"Референс 2891027838 Onlinebank, Переводы клиентом денег с одного своего текущего счета, открытого в банке, на другой свой текущий счет, открытый в данном банке",
08.08.2023,ONB7E7796,60400.0,,ТАУБАЕВА А.Ж.COM 870201403023,870201403023,"Референс 2889179004 Onlinebank Переводы клиентом денег с одного своего текущего счета, открытого в банке, на другой свой текущий счет, открытый в данном банке RRN=23808D951682",
07.08.2023,333,,60400.0,Ясли-сад Оркен 990440006057,990440006057,"Референс 2888532054 Перечисляется за жироуловитель согласно счет № 24 от 31.07.2023 Платежи за товары, за исключением недвижимости и товаров с кодами назначения платежей 711, 712 и 713,",
26.07.2023,ONBCCDED6,242000.0,,ТАУБАЕВА А.Ж.COM 870201403023,870201403023,"Референс 2879237859 Onlinebank Переводы клиентом денег с одного своего текущего счета, открытого в банке, на другой свой текущий счет, открытый в данном банке RRN=23726D102074",
26.07.2023,128704345,,242000.0,"""Центр оказания специальных социальных №1 ""Управл 940740000486",940740000486,"Референс 2879215334 СФ# 2561265/23-545 за 25.07.2023 ЗП# 7133413 Ст.- Окончательный.7133413 18.07.2023 Приобретение канализационный товары Жироуловитель, согласно счет факт №ESF- 870201403023-20230720-34509403 от",
20.07.2023,ONB5840DC,100000.0,,ТАУБАЕВА А.Ж.COM 870201403023,870201403023,"Референс 2874793219 Onlinebank Переводы клиентом денег с одного своего текущего счета, открытого в банке, на другой свой текущий счет, открытый в данном банке RRN=23720D765601",
20.07.2023,477,,100000.0,Баянул ауылының ба 110340007199,110340007199,"Референс 2874786224 За насосы согл счет фактуре №20 от 29.06.2023г Платежи за товары, за исключением недвижимости и товаров с кодами назначения платежей 711, 712 и 713,",
19.07.2023,ONB08B467,142500.0,,ТАУБАЕВА А.Ж.COM 870201403023,870201403023,"Референс 2873988026 Onlinebank Переводы клиентом денег с одного своего текущего счета, открытого в банке, на другой свой текущий счет, открытый в данном банке RRN=23719D714678",
18.07.2023,128449293,,142500.0,"""Департамент полиции Северо-Казахстанской Министе 910140000121",910140000121,Референс 2873004015 СФ# 2523251/23-2348 за 17.07.2023 ЗП# 7103744 Ст.- Окончательный.7103744 22.06.2023 Приобретение кронштейнов ESF- 870201403023-20230712-19127553 от,
03.07.2023,ONBACB93E,1222000.0,,ТАУБАЕВА А.Ж.COM 870201403023,870201403023,"Референс 2861500265 Onlinebank Переводы клиентом денег с одного своего текущего счета, открытого в банке, на другой свой текущий счет, открытый в данном банке RRN=23703D706694",
03.07.2023,564,,1222000.0,Телеканал Жетысу 990440002609,990440002609,"Референс 2861470601 Кондиционеры (сплит- система), согласно ЭСФ №19 от 19.06.2023г. Платежи за товары, за исключением недвижимости и товаров с кодами назначения платежей 711, 712 и 713,",
