﻿Дата,Номер документа,Дебет,Кредит,Контрагент (имя),Контрагент ИИН/БИН,Детали платежа,КНП,ip_knp_norm,ip_op_date,ip_is_non_business_by_knp,ip_is_non_business_by_keywords,ip_is_non_business,ip_credit_amount,ip_is_business_income
18.06.2024,ONB5197B2,100200.0,,КУРМАНАЛИЕВ О.Б.COM 860630300945,860630300945,"Референс 3160068495 Onlinebank Переводы клиентом денег с одного своего текущего счета, открытого в банке, ф-ле банка-нерез-та РК на другой свой текущий счет, открытый в данном банке, в ф-ле данного банка-нерез-та РК RRN=24618D6345",,,2024-06-18,False,False,False,0.0,False
17.06.2024,ONB654DD7,20200.0,,КУРМАНАЛИЕВ О.Б.COM 860630300945,860630300945,"Референс 3159274278 Onlinebank Переводы клиентом денег с одного своего текущего счета, открытого в банке, ф-ле банка-нерез-та РК на другой свой текущий счет, открытый в данном банке, в ф-ле данного банка-нерез-та РК RRN=24617D994398",,,2024-06-17,False,False,False,0.0,False
17.06.2024,ONBEE8E0F,20200.0,,КУРМАНАЛИЕВ О.Б.COM 860630300945,860630300945,"Референс 3158656122 Onlinebank Переводы клиентом денег с одного своего текущего счета, открытого в банке, ф-ле банка-нерез-та РК на другой свой текущий счет, открытый в данном банке, в ф-ле данного банка-нерез-та РК RRN=24617D981570",,,2024-06-17,False,False,False,0.0,False
16.06.2024,ONB3781AB,20200.0,,КУРМАНАЛИЕВ О.Б.COM 860630300945,860630300945,"Референс 3158208889 Onlinebank Переводы клиентом денег с одного своего текущего счета, открытого в банке, ф-ле банка-нерез-та РК на другой свой текущий счет, открытый в данном банке, в ф-ле данного банка-нерез-та РК RRN=24616D974787",,,2024-06-16,False,False,False,0.0,False
16.06.2024,ONB62F5CB,29200.0,,КУРМАНАЛИЕВ О.Б.COM 860630300945,860630300945,"Референс 3158181275 Onlinebank Переводы клиентом денег с одного своего текущего счета, открытого в банке, ф-ле банка-нерез-та РК на другой свой текущий счет, открытый в данном банке, в ф-ле данного банка-нерез-та РК RRN=24616D973922",,,2024-06-16,False,False,False,0.0,False
14.06.2024,ONB622E3C,132000.0,,ДЕМЕНТЬЕВА АЛЁНА ГЕННАДЬЕВНА 760901403650,760901403650,"Референс 3156641998 Возврат средств за непредоставленные услуги по матированию стекл Возврат средств за непредоставленные услуги,",,,2024-06-14,False,True,True,0.0,False
13.06.2024,ONB63581E,100200.0,,КУРМАНАЛИЕВ О.Б.COM 860630300945,860630300945,"Референс 3155593353 Onlinebank Переводы клиентом денег с одного своего текущего счета, открытого в банке, ф-ле банка-нерез-та РК на другой свой текущий счет, открытый в данном банке, в ф-ле данного банка-нерез-та РК RRN=24613D917391",,,2024-06-13,False,False,False,0.0,False
11.06.2024,ONB9521BD,88200.0,,КУРМАНАЛИЕВ О.Б.COM 860630300945,860630300945,"Референс 3153933924 Onlinebank Переводы клиентом денег с одного своего текущего счета, открытого в банке, ф-ле банка-нерез-та РК на другой свой текущий счет, открытый в данном банке, в ф-ле данного банка-нерез-та РК RRN=24611D887213 1",,,2024-06-11,False,False,False,0.0,False
10.06.2024,ONB704CD9,10000.0,,КУРМАНАЛИЕВ О.Б.COM 860630300945,860630300945,"Референс 3152949959 Onlinebank Переводы клиентом денег с одного своего текущего счета, открытого в банке, ф-ле банка-нерез-та РК на другой свой текущий счет, открытый в данном банке, в ф-ле данного банка-нерез-та РК RRN=24610D871186",,,2024-06-10,False,False,False,0.0,False
08.06.2024,ONBA784FB,82000.0,,КУРМАНАЛИЕВ О.Б.COM 860630300945,860630300945,"Референс 3151164438 Onlinebank Переводы клиентом денег с одного своего текущего счета, открытого в банке, ф-ле банка-нерез-та РК на другой свой текущий счет, открытый в данном банке, в ф-ле данного банка-нерез-та РК RRN=24608D833859",,,2024-06-08,False,False,False,0.0,False
07.06.2024,ONB016657,20000.0,,КУРМАНАЛИЕВ О.Б.COM 860630300945,860630300945,"Референс 3150411932 Onlinebank Переводы клиентом денег с одного своего текущего счета, открытого в банке, ф-ле банка-нерез-та РК на другой свой текущий счет, открытый в данном банке, в ф-ле данного банка-нерез-та РК RRN=24607D819249",,,2024-06-07,False,False,False,0.0,False
07.06.2024,ONB9B9A0C,18000.0,,КУРМАНАЛИЕВ О.Б.COM 860630300945,860630300945,"Референс 3150163388 Onlinebank Переводы клиентом денег с одного своего текущего счета, открытого в банке, ф-ле банка-нерез-та РК на другой свой текущий счет, открытый в данном банке, в ф-ле данного банка-нерез-та РК RRN=24607D814994",,,2024-06-07,False,False,False,0.0,False
06.06.2024,ONB319075,22000.0,,КУРМАНАЛИЕВ О.Б.COM 860630300945,860630300945,"Референс 3149559736 Onlinebank Переводы клиентом денег с одного своего текущего счета, открытого в банке, ф-ле банка-нерез-та РК на другой свой текущий счет, открытый в данном банке, в ф-ле данного банка-нерез-та РК RRN=24606D806517",,,2024-06-06,False,False,False,0.0,False
06.06.2024,9,,132000.0,Дементьева Алёна Геннадьевна 760901403650,760901403650,Референс 3149004501 ОПЛАТА ЗА УСЛУГИ МАТИРОВАНИЕ СЧЕТ НА ОПЛАТУ №6 ОТ 15\05\2024 ОТ ДО АО БАНК ВТБ,,,2024-06-06,False,False,False,132000.0,True
06.06.2024,ONB3D6F1D,10000.0,,КУРМАНАЛИЕВ О.Б.COM 860630300945,860630300945,"Референс 3148932271 Onlinebank Переводы клиентом денег с одного своего текущего счета, открытого в банке, ф-ле банка-нерез-та РК на другой свой текущий счет, открытый в данном банке, в ф-ле данного банка-нерез-та РК RRN=24606D794376",,,2024-06-06,False,False,False,0.0,False
05.06.2024,ONB221283,10000.0,,КУРМАНАЛИЕВ О.Б.COM 860630300945,860630300945,"Референс 3148373217 Onlinebank Переводы клиентом денег с одного своего текущего счета, открытого в банке, ф-ле банка-нерез-та РК на другой свой текущий счет, открытый в данном банке, в ф-ле данного банка-нерез-та РК RRN=24605D786406",,,2024-06-05,False,False,False,0.0,False
05.06.2024,ONB74E366,16400.0,,КУРМАНАЛИЕВ О.Б.COM 860630300945,860630300945,"Референс 3148215271 Onlinebank Переводы клиентом денег с одного своего текущего счета, открытого в банке, ф-ле банка-нерез-та РК на другой свой текущий счет, открытый в данном банке, в ф-ле данного банка-нерез-та РК RRN=24605D782544",,,2024-06-05,False,False,False,0.0,False
04.06.2024,ONB868513,120200.0,,КУРМАНАЛИЕВ О.Б.COM 860630300945,860630300945,"Референс 3146523780 Onlinebank Переводы клиентом денег с одного своего текущего счета, открытого в банке, ф-ле банка-нерез-та РК на другой свой текущий счет, открытый в данном банке, в ф-ле данного банка-нерез-та РК RRN=24604D754232",,,2024-06-04,False,False,False,0.0,False
31.05.2024,003086196004,1500.0,,Алматинский городской Народного Банка Казахстана 960941000145,861004465871,Референс 3142781492 CMSTAKE Комиссия за ведение счета KZ65601A861004465871 за 05 месяц,,,2024-05-31,False,False,False,0.0,False
27.05.2024,ONB0427A1,32800.0,,КУРМАНАЛИЕВ О.Б.COM 860630300945,860630300945,"Референс 3138576037 Onlinebank Переводы клиентом денег с одного своего текущего счета, открытого в банке, ф-ле банка-нерез-та РК на другой свой текущий счет, открытый в данном банке, в ф-ле данного банка-нерез-та РК RRN=24527D619045",,,2024-05-27,False,False,False,0.0,False
25.05.2024,ONB1E0532,100200.0,,КУРМАНАЛИЕВ О.Б.COM 860630300945,860630300945,"Референс 3137671651 Onlinebank Переводы клиентом денег с одного своего текущего счета, открытого в банке, ф-ле банка-нерез-та РК на другой свой текущий счет, открытый в данном банке, в ф-ле данного банка-нерез-та РК RRN=24525D601026 2",,,2024-05-25,False,False,False,0.0,False
24.05.2024,ONB8D89D2,100000.0,,КУРМАНАЛИЕВ О.Б.COM 860630300945,860630300945,"Референс 3136726397 Onlinebank Переводы клиентом денег с одного своего текущего счета, открытого в банке, ф-ле банка-нерез-та РК на другой свой текущий счет, открытый в данном банке, в ф-ле данного банка-нерез-та РК RRN=24524D578545",,,2024-05-24,False,False,False,0.0,False
23.05.2024,ONB55C77E,101000.0,,КУРМАНАЛИЕВ О.Б.COM 860630300945,860630300945,"Референс 3135719649 Onlinebank Переводы клиентом денег с одного своего текущего счета, открытого в банке, ф-ле банка-нерез-та РК на другой свой текущий счет, открытый в данном банке, в ф-ле данного банка-нерез-та РК RRN=24523D560585",,,2024-05-23,False,False,False,0.0,False
21.05.2024,ONBDCBC4B,107200.0,,КУРМАНАЛИЕВ О.Б.COM 860630300945,860630300945,"Референс 3133888731 Onlinebank Переводы клиентом денег с одного своего текущего счета, открытого в банке, ф-ле банка-нерез-та РК на другой свой текущий счет, открытый в данном банке, в ф-ле данного банка-нерез-та РК RRN=24521D528107",,,2024-05-21,False,False,False,0.0,False
20.05.2024,003074573367,300.0,,Алматинский городской Народного Банка Казахстана 960941000145,960941000145,"Референс 3132756224 За операцию. Информационные справки, предоставляемые по запросу клиента (за каждый экземпляр) в системе ONLINEBANK с учетом НДС Комиссия за справки.",,,2024-05-20,False,False,False,0.0,False
15.05.2024,ONB8F2883,500000.0,,КУРМАНАЛИЕВ О.Б.COM 860630300945,860630300945,"Референс 3128475688 Onlinebank Переводы клиентом денег с одного своего текущего счета, открытого в банке, ф-ле банка-нерез-та РК на другой свой текущий счет, открытый в данном банке, в ф-ле данного банка-нерез-та РК RRN=24515D445378",,,2024-05-15,False,False,False,0.0,False
14.05.2024,ONBB8EDB3,500200.0,,КУРМАНАЛИЕВ О.Б.COM 860630300945,860630300945,"Референс 3127198089 Onlinebank Переводы клиентом денег с одного своего текущего счета, открытого в банке, ф-ле банка-нерез-та РК на другой свой текущий счет, открытый в данном банке, в ф-ле данного банка-нерез-та РК RRN=24514D419694",,,2024-05-14,False,False,False,0.0,False
13.05.2024,ONBC53821,700200.0,,КУРМАНАЛИЕВ О.Б.COM 860630300945,860630300945,"Референс 3126266679 Onlinebank Переводы клиентом денег с одного своего текущего счета, открытого в банке, ф-ле банка-нерез-та РК на другой свой текущий счет, открытый в данном банке, в ф-ле данного банка-нерез-та РК RRN=24513D404053",,,2024-05-13,False,False,False,0.0,False
13.05.2024,40,,3210000.0,"""АБДУЛЛАЕВА Ж.Ж"" 810108400726",810108400726,"Референс 3126024012 Без НДС Платежи за профессиональные, научные и технические услуги",,,2024-05-13,False,False,False,3210000.0,True
10.05.2024,ONB1B4A8B,100000.0,,КУРМАНАЛИЕВ О.Б.COM 860630300945,860630300945,"Референс 3123653668 Onlinebank Переводы клиентом денег с одного своего текущего счета, открытого в банке, ф-ле банка-нерез-та РК на другой свой текущий счет, открытый в данном банке, в ф-ле данного банка-нерез-та РК RRN=24510D350189",,,2024-05-10,False,False,False,0.0,False
10.05.2024,ONBDB1785,400000.0,,КУРМАНАЛИЕВ О.Б.COM 860630300945,860630300945,"Референс 3123533340 Onlinebank Переводы клиентом денег с одного своего текущего счета, открытого в банке, ф-ле банка-нерез-та РК на другой свой текущий счет, открытый в данном банке, в ф-ле данного банка-нерез-та РК RRN=24510D347918",,,2024-05-10,False,False,False,0.0,False
09.05.2024,ONBA308D1,100200.0,,КУРМАНАЛИЕВ О.Б.COM 860630300945,860630300945,"Референс 3122760886 Onlinebank Переводы клиентом денег с одного своего текущего счета, открытого в банке, ф-ле банка-нерез-та РК на другой свой текущий счет, открытый в данном банке, в ф-ле данного банка-нерез-та РК RRN=24509D336364",,,2024-05-09,False,False,False,0.0,False
07.05.2024,ONB57B7B6,120400.0,,КУРМАНАЛИЕВ О.Б.COM 860630300945,860630300945,"Референс 3122059839 Onlinebank Переводы клиентом денег с одного своего текущего счета, открытого в банке, ф-ле банка-нерез-та РК на другой свой текущий счет, открытый в данном банке, в ф-ле данного банка-нерез-та РК RRN=24507D316490 3",,,2024-05-07,False,False,False,0.0,False
07.05.2024,ONB4C3C22,100200.0,,КУРМАНАЛИЕВ О.Б.COM 860630300945,860630300945,"Референс 3121846756 Onlinebank Переводы клиентом денег с одного своего текущего счета, открытого в банке, ф-ле банка-нерез-та РК на другой свой текущий счет, открытый в данном банке, в ф-ле данного банка-нерез-та РК RRN=24507D306943",,,2024-05-07,False,False,False,0.0,False
04.05.2024,ONBBAC0D8,85000.0,,КУРМАНАЛИЕВ О.Б.COM 860630300945,860630300945,"Референс 3118768891 Onlinebank Переводы клиентом денег с одного своего текущего счета, открытого в банке, ф-ле банка-нерез-та РК на другой свой текущий счет, открытый в данном банке, в ф-ле данного банка-нерез-та РК RRN=24504D252291",,,2024-05-04,False,False,False,0.0,False
04.05.2024,ONB859BE3,85000.0,,КУРМАНАЛИЕВ О.Б.COM 860630300945,860630300945,"Референс 3118768205 Onlinebank Переводы клиентом денег с одного своего текущего счета, открытого в банке, ф-ле банка-нерез-та РК на другой свой текущий счет, открытый в данном банке, в ф-ле данного банка-нерез-та РК RRN=24504D252250",,,2024-05-04,False,False,False,0.0,False
04.05.2024,ONBEE7BFD,100200.0,,КУРМАНАЛИЕВ О.Б.COM 860630300945,860630300945,"Референс 3118766010 Onlinebank Переводы клиентом денег с одного своего текущего счета, открытого в банке, ф-ле банка-нерез-та РК на другой свой текущий счет, открытый в данном банке, в ф-ле данного банка-нерез-та РК RRN=24504D252128",,,2024-05-04,False,False,False,0.0,False
04.05.2024,ONB4AC3E4,85000.0,,КУРМАНАЛИЕВ О.Б.COM 860630300945,860630300945,"Референс 3118762853 Onlinebank Переводы клиентом денег с одного своего текущего счета, открытого в банке, ф-ле банка-нерез-та РК на другой свой текущий счет, открытый в данном банке, в ф-ле данного банка-нерез-та РК RRN=24504D252028",,,2024-05-04,False,False,False,0.0,False
04.05.2024,ONBCEC6A6,85000.0,,КУРМАНАЛИЕВ О.Б.COM 860630300945,860630300945,"Референс 3118762064 Onlinebank Переводы клиентом денег с одного своего текущего счета, открытого в банке, ф-ле банка-нерез-та РК на другой свой текущий счет, открытый в данном банке, в ф-ле данного банка-нерез-та РК RRN=24504D251947",,,2024-05-04,False,False,False,0.0,False
04.05.2024,ONB02EE8B,139000.0,,КУРМАНАЛИЕВ О.Б.COM 860630300945,860630300945,"Референс 3118762075 Onlinebank Переводы клиентом денег с одного своего текущего счета, открытого в банке, ф-ле банка-нерез-та РК на другой свой текущий счет, открытый в данном банке, в ф-ле данного банка-нерез-та РК RRN=24504D251937",,,2024-05-04,False,False,False,0.0,False
03.05.2024,ONBCE258F,85100.0,,КУРМАНАЛИЕВ О.Б.COM 860630300945,860630300945,"Референс 3118184747 Onlinebank Переводы клиентом денег с одного своего текущего счета, открытого в банке, ф-ле банка-нерез-та РК на другой свой текущий счет, открытый в данном банке, в ф-ле данного банка-нерез-та РК RRN=24503D241286",,,2024-05-03,False,False,False,0.0,False
02.05.2024,ONB5029AF,15200.0,,КУРМАНАЛИЕВ О.Б.COM 860630300945,860630300945,"Референс 3117435254 Onlinebank Переводы клиентом денег с одного своего текущего счета, открытого в банке, ф-ле банка-нерез-та РК на другой свой текущий счет, открытый в данном банке, в ф-ле данного банка-нерез-та РК RRN=24502D230685",,,2024-05-02,False,False,False,0.0,False
02.05.2024,ONB2CAA26,48200.0,,КУРМАНАЛИЕВ О.Б.COM 860630300945,860630300945,"Референс 3116435985 Onlinebank Переводы клиентом денег с одного своего текущего счета, открытого в банке, ф-ле банка-нерез-та РК на другой свой текущий счет, открытый в данном банке, в ф-ле данного банка-нерез-та РК RRN=24502D214416",,,2024-05-02,False,False,False,0.0,False
30.04.2024,003055489978,1500.0,,Алматинский городской Народного Банка Казахстана 960941000145,861004465871,Референс 3115055272 CMSTAKE Комиссия за ведение счета KZ65601A861004465871 за 04 месяц,,,2024-04-30,False,False,False,0.0,False
29.04.2024,ONB1A11AF,500200.0,,КУРМАНАЛИЕВ О.Б.COM 860630300945,860630300945,"Референс 3113512742 Onlinebank Переводы клиентом денег с одного своего текущего счета, открытого в банке, ф-ле банка-нерез-та РК на другой свой текущий счет, открытый в данном банке, в ф-ле данного банка-нерез-та РК RRN=24429D161238 4",,,2024-04-29,False,False,False,0.0,False
28.04.2024,ONBA92904,50200.0,,КУРМАНАЛИЕВ О.Б.COM 860630300945,860630300945,"Референс 3113065247 Onlinebank Переводы клиентом денег с одного своего текущего счета, открытого в банке, ф-ле банка-нерез-та РК на другой свой текущий счет, открытый в данном банке, в ф-ле данного банка-нерез-та РК RRN=24428D152777",,,2024-04-28,False,False,False,0.0,False
26.04.2024,ONB62509E,39200.0,,КУРМАНАЛИЕВ О.Б.COM 860630300945,860630300945,"Референс 3111889159 Onlinebank Переводы клиентом денег с одного своего текущего счета, открытого в банке, ф-ле банка-нерез-та РК на другой свой текущий счет, открытый в данном банке, в ф-ле данного банка-нерез-та РК RRN=24426D124077",,,2024-04-26,False,False,False,0.0,False
25.04.2024,ONB785A53,60200.0,,КУРМАНАЛИЕВ О.Б.COM 860630300945,860630300945,"Референс 3110683211 Onlinebank Переводы клиентом денег с одного своего текущего счета, открытого в банке, ф-ле банка-нерез-та РК на другой свой текущий счет, открытый в данном банке, в ф-ле данного банка-нерез-та РК RRN=24425D102845",,,2024-04-25,False,False,False,0.0,False
23.04.2024,ONB285AAE,100200.0,,КУРМАНАЛИЕВ О.Б.COM 860630300945,860630300945,"Референс 3108691761 Onlinebank Переводы клиентом денег с одного своего текущего счета, открытого в банке, ф-ле банка-нерез-та РК на другой свой текущий счет, открытый в данном банке, в ф-ле данного банка-нерез-та РК RRN=24423D69554",,,2024-04-23,False,False,False,0.0,False
22.04.2024,ONB57CC44,250000.0,,КУРМАНАЛИЕВ О.Б.COM 860630300945,860630300945,"Референс 3107624542 Onlinebank Переводы клиентом денег с одного своего текущего счета, открытого в банке, ф-ле банка-нерез-та РК на другой свой текущий счет, открытый в данном банке, в ф-ле данного банка-нерез-та РК RRN=24422D52472",,,2024-04-22,False,False,False,0.0,False
20.04.2024,ONBA1638D,50200.0,,КУРМАНАЛИЕВ О.Б.COM 860630300945,860630300945,"Референс 3106417722 Onlinebank Переводы клиентом денег с одного своего текущего счета, открытого в банке, ф-ле банка-нерез-та РК на другой свой текущий счет, открытый в данном банке, в ф-ле данного банка-нерез-та РК RRN=24420D26765",,,2024-04-20,False,False,False,0.0,False
19.04.2024,ONBB49E76,100200.0,,КУРМАНАЛИЕВ О.Б.COM 860630300945,860630300945,"Референс 3105615109 Onlinebank Переводы клиентом денег с одного своего текущего счета, открытого в банке, ф-ле банка-нерез-та РК на другой свой текущий счет, открытый в данном банке, в ф-ле данного банка-нерез-та РК RRN=24419D9832",,,2024-04-19,False,False,False,0.0,False
17.04.2024,ONB7C5B88,100200.0,,КУРМАНАЛИЕВ О.Б.COM 860630300945,860630300945,"Референс 3103865243 Onlinebank Переводы клиентом денег с одного своего текущего счета, открытого в банке, ф-ле банка-нерез-та РК на другой свой текущий счет, открытый в данном банке, в ф-ле данного банка-нерез-та РК RRN=24417D978917",,,2024-04-17,False,False,False,0.0,False
16.04.2024,ONBA2A1FF,59200.0,,КУРМАНАЛИЕВ О.Б.COM 860630300945,860630300945,"Референс 3103107030 Onlinebank Переводы клиентом денег с одного своего текущего счета, открытого в банке, ф-ле банка-нерез-та РК на другой свой текущий счет, открытый в данном банке, в ф-ле данного банка-нерез-та РК RRN=24416D965444",,,2024-04-16,False,False,False,0.0,False
15.04.2024,ONB43FA8A,140200.0,,КУРМАНАЛИЕВ О.Б.COM 860630300945,860630300945,"Референс 3102077331 Onlinebank Переводы клиентом денег с одного своего текущего счета, открытого в банке, ф-ле банка-нерез-та РК на другой свой текущий счет, открытый в данном банке, в ф-ле данного банка-нерез-та РК RRN=24415D948101",,,2024-04-15,False,False,False,0.0,False
15.04.2024,ONB551469,50000.0,,КУРМАНАЛИЕВ О.Б.COM 860630300945,860630300945,"Референс 3101804946 Onlinebank Переводы клиентом денег с одного своего текущего счета, открытого в банке, ф-ле банка-нерез-та РК на другой свой текущий счет, открытый в данном банке, в ф-ле данного банка-нерез-та РК RRN=24415D943334",,,2024-04-15,False,False,False,0.0,False
15.04.2024,ONB566377,50000.0,,КУРМАНАЛИЕВ О.Б.COM 860630300945,860630300945,"Референс 3101262019 Onlinebank Переводы клиентом денег с одного своего текущего счета, открытого в банке, ф-ле банка-нерез-та РК на другой свой текущий счет, открытый в данном банке, в ф-ле данного банка-нерез-та РК RRN=24415D933061 5",,,2024-04-15,False,False,False,0.0,False
11.04.2024,ONB3B8558,100000.0,,КУРМАНАЛИЕВ О.Б.COM 860630300945,860630300945,"Референс 3098728550 Onlinebank Переводы клиентом денег с одного своего текущего счета, открытого в банке, ф-ле банка-нерез-та РК на другой свой текущий счет, открытый в данном банке, в ф-ле данного банка-нерез-та РК RRN=24411D881491",,,2024-04-11,False,False,False,0.0,False
11.04.2024,ONB8F97B6,100000.0,,КУРМАНАЛИЕВ О.Б.COM 860630300945,860630300945,"Референс 3098597741 Onlinebank Переводы клиентом денег с одного своего текущего счета, открытого в банке, ф-ле банка-нерез-та РК на другой свой текущий счет, открытый в данном банке, в ф-ле данного банка-нерез-та РК RRN=24411D878761",,,2024-04-11,False,False,False,0.0,False
11.04.2024,ONBFCE08B,79000.0,,КУРМАНАЛИЕВ О.Б.COM 860630300945,860630300945,"Референс 3098461259 Onlinebank Переводы клиентом денег с одного своего текущего счета, открытого в банке, ф-ле банка-нерез-та РК на другой свой текущий счет, открытый в данном банке, в ф-ле данного банка-нерез-та РК RRN=24411D875888",,,2024-04-11,False,False,False,0.0,False
09.04.2024,ONBCE09A4,36000.0,,КУРМАНАЛИЕВ О.Б.COM 860630300945,860630300945,"Референс 3096352077 Onlinebank Переводы клиентом денег с одного своего текущего счета, открытого в банке, ф-ле банка-нерез-та РК на другой свой текущий счет, открытый в данном банке, в ф-ле данного банка-нерез-та РК RRN=24409D841663",,,2024-04-09,False,False,False,0.0,False
09.04.2024,ONB7241C0,105000.0,,КУРМАНАЛИЕВ О.Б.COM 860630300945,860630300945,"Референс 3096259223 Onlinebank Переводы клиентом денег с одного своего текущего счета, открытого в банке, ф-ле банка-нерез-та РК на другой свой текущий счет, открытый в данном банке, в ф-ле данного банка-нерез-та РК RRN=24409D839929",,,2024-04-09,False,False,False,0.0,False
06.04.2024,ONBC4BD7E,30000.0,,КУРМАНАЛИЕВ О.Б.COM 860630300945,860630300945,"Референс 3094026616 Onlinebank Переводы клиентом денег с одного своего текущего счета, открытого в банке, ф-ле банка-нерез-та РК на другой свой текущий счет, открытый в данном банке, в ф-ле данного банка-нерез-та РК RRN=24406D803630",,,2024-04-06,False,False,False,0.0,False
04.04.2024,ONB09DB5B,50000.0,,КУРМАНАЛИЕВ О.Б.COM 860630300945,860630300945,"Референс 3092050287 Onlinebank Переводы клиентом денег с одного своего текущего счета, открытого в банке, ф-ле банка-нерез-та РК на другой свой текущий счет, открытый в данном банке, в ф-ле данного банка-нерез-та РК RRN=24404D766791",,,2024-04-04,False,False,False,0.0,False
03.04.2024,ONB27E8B9,400000.0,,КУРМАНАЛИЕВ О.Б.COM 860630300945,860630300945,"Референс 3090507687 Onlinebank Переводы клиентом денег с одного своего текущего счета, открытого в банке, ф-ле банка-нерез-та РК на другой свой текущий счет, открытый в данном банке, в ф-ле данного банка-нерез-та РК RRN=24403D740003",,,2024-04-03,False,False,False,0.0,False
01.04.2024,ONBECE6FF,100000.0,,КУРМАНАЛИЕВ О.Б.COM 860630300945,860630300945,"Референс 3088301052 Onlinebank Переводы клиентом денег с одного своего текущего счета, открытого в банке, ф-ле банка-нерез-та РК на другой свой текущий счет, открытый в данном банке, в ф-ле данного банка-нерез-та РК RRN=24401D705382",,,2024-04-01,False,False,False,0.0,False
01.04.2024,ONB1103A8,100000.0,,КУРМАНАЛИЕВ О.Б.COM 860630300945,860630300945,"Референс 3088075429 Onlinebank Переводы клиентом денег с одного своего текущего счета, открытого в банке, ф-ле банка-нерез-та РК на другой свой текущий счет, открытый в данном банке, в ф-ле данного банка-нерез-та РК RRN=24401D701919",,,2024-04-01,False,False,False,0.0,False
31.03.2024,ONBE1ABF5,44800.0,,КУРМАНАЛИЕВ О.Б.COM 860630300945,860630300945,"Референс 3087707971 Onlinebank Переводы клиентом денег с одного своего текущего счета, открытого в банке, ф-ле банка-нерез-та РК на другой свой текущий счет, открытый в данном банке, в ф-ле данного банка-нерез-та РК RRN=24331D697922",,,2024-03-31,False,False,False,0.0,False
30.03.2024,ONB6D8777,15200.0,,КУРМАНАЛИЕВ О.Б.COM 860630300945,860630300945,"Референс 3087446301 Onlinebank Переводы клиентом денег с одного своего текущего счета, открытого в банке, ф-ле банка-нерез-та РК на другой свой текущий счет, открытый в данном банке, в ф-ле данного банка-нерез-та РК RRN=24330D689173 6",,,2024-03-30,False,False,False,0.0,False
30.03.2024,ONB566E13,4800.0,,КУРМАНАЛИЕВ О.Б.COM 860630300945,860630300945,"Референс 3087370387 Onlinebank Переводы клиентом денег с одного своего текущего счета, открытого в банке, ф-ле банка-нерез-та РК на другой свой текущий счет, открытый в данном банке, в ф-ле данного банка-нерез-та РК RRN=24330D687188",,,2024-03-30,False,False,False,0.0,False
30.03.2024,ONB1B7AAE,5000.0,,КУРМАНАЛИЕВ О.Б.COM 860630300945,860630300945,"Референс 3087326127 Onlinebank Переводы клиентом денег с одного своего текущего счета, открытого в банке, ф-ле банка-нерез-та РК на другой свой текущий счет, открытый в данном банке, в ф-ле данного банка-нерез-та РК RRN=24330D684784",,,2024-03-30,False,False,False,0.0,False
30.03.2024,ONB9C5FDF,108300.0,,КУРМАНАЛИЕВ О.Б.COM 860630300945,860630300945,"Референс 3087273720 Onlinebank Переводы клиентом денег с одного своего текущего счета, открытого в банке, ф-ле банка-нерез-та РК на другой свой текущий счет, открытый в данном банке, в ф-ле данного банка-нерез-та РК RRN=24330D681790",,,2024-03-30,False,False,False,0.0,False
29.03.2024,003024520209,1500.0,,Алматинский городской Народного Банка Казахстана 960941000145,861004465871,Референс 3086383547 CMSTAKE Комиссия за ведение счета KZ65601A861004465871 за 03 месяц,,,2024-03-29,False,False,False,0.0,False
29.03.2024,ONB9ACE94,10200.0,,КУРМАНАЛИЕВ О.Б.COM 860630300945,860630300945,"Референс 3086381199 Onlinebank Переводы клиентом денег с одного своего текущего счета, открытого в банке, ф-ле банка-нерез-та РК на другой свой текущий счет, открытый в данном банке, в ф-ле данного банка-нерез-та РК RRN=24329D664192",,,2024-03-29,False,False,False,0.0,False
27.03.2024,ONBC41662,20200.0,,КУРМАНАЛИЕВ О.Б.COM 860630300945,860630300945,"Референс 3084196200 Onlinebank Переводы клиентом денег с одного своего текущего счета, открытого в банке, ф-ле банка-нерез-та РК на другой свой текущий счет, открытый в данном банке, в ф-ле данного банка-нерез-та РК RRN=24327D629850",,,2024-03-27,False,False,False,0.0,False
26.03.2024,ONBD50AE1,140200.0,,КУРМАНАЛИЕВ О.Б.COM 860630300945,860630300945,"Референс 3083418763 Onlinebank Переводы клиентом денег с одного своего текущего счета, открытого в банке, ф-ле банка-нерез-та РК на другой свой текущий счет, открытый в данном банке, в ф-ле данного банка-нерез-та РК RRN=24326D618855",,,2024-03-26,False,False,False,0.0,False
26.03.2024,ONB169697,50200.0,,КУРМАНАЛИЕВ О.Б.COM 860630300945,860630300945,"Референс 3083025284 Onlinebank Переводы клиентом денег с одного своего текущего счета, открытого в банке, ф-ле банка-нерез-та РК на другой свой текущий счет, открытый в данном банке, в ф-ле данного банка-нерез-та РК RRN=24326D612478",,,2024-03-26,False,False,False,0.0,False
26.03.2024,ONBC587CE,25200.0,,КУРМАНАЛИЕВ О.Б.COM 860630300945,860630300945,"Референс 3082594893 Onlinebank Переводы клиентом денег с одного своего текущего счета, открытого в банке, ф-ле банка-нерез-та РК на другой свой текущий счет, открытый в данном банке, в ф-ле данного банка-нерез-та РК RRN=24326D606386",,,2024-03-26,False,False,False,0.0,False
25.03.2024,ONB4923C6,24400.0,,КУРМАНАЛИЕВ О.Б.COM 860630300945,860630300945,"Референс 3081904887 Onlinebank Переводы клиентом денег с одного своего текущего счета, открытого в банке, ф-ле банка-нерез-та РК на другой свой текущий счет, открытый в данном банке, в ф-ле данного банка-нерез-та РК RRN=24325D599613",,,2024-03-25,False,False,False,0.0,False
25.03.2024,ONB2B75CE,50200.0,,КУРМАНАЛИЕВ О.Б.COM 860630300945,860630300945,"Референс 3081775336 Onlinebank Переводы клиентом денег с одного своего текущего счета, открытого в банке, ф-ле банка-нерез-та РК на другой свой текущий счет, открытый в данном банке, в ф-ле данного банка-нерез-та РК RRN=24325D593255",,,2024-03-25,False,False,False,0.0,False
24.03.2024,ONB472FDF,57200.0,,КУРМАНАЛИЕВ О.Б.COM 860630300945,860630300945,"Референс 3081480520 Onlinebank Переводы клиентом денег с одного своего текущего счета, открытого в банке, ф-ле банка-нерез-та РК на другой свой текущий счет, открытый в данном банке, в ф-ле данного банка-нерез-та РК RRN=24324D585669 7",,,2024-03-24,False,False,False,0.0,False
22.03.2024,ONBB12ABA,13200.0,,КУРМАНАЛИЕВ О.Б.COM 860630300945,860630300945,"Референс 3080865139 Onlinebank Переводы клиентом денег с одного своего текущего счета, открытого в банке, ф-ле банка-нерез-та РК на другой свой текущий счет, открытый в данном банке, в ф-ле данного банка-нерез-та РК RRN=24322D569817",,,2024-03-22,False,False,False,0.0,False
22.03.2024,ONB792039,49200.0,,КУРМАНАЛИЕВ О.Б.COM 860630300945,860630300945,"Референс 3080729501 Onlinebank Переводы клиентом денег с одного своего текущего счета, открытого в банке, ф-ле банка-нерез-та РК на другой свой текущий счет, открытый в данном банке, в ф-ле данного банка-нерез-та РК RRN=24322D562427",,,2024-03-22,False,False,False,0.0,False
21.03.2024,ONB6EB65C,80200.0,,КУРМАНАЛИЕВ О.Б.COM 860630300945,860630300945,"Референс 3080423777 Onlinebank Переводы клиентом денег с одного своего текущего счета, открытого в банке, ф-ле банка-нерез-та РК на другой свой текущий счет, открытый в данном банке, в ф-ле данного банка-нерез-та РК RRN=24321D554805",,,2024-03-21,False,False,False,0.0,False
20.03.2024,ONB24B721,54600.0,,КУРМАНАЛИЕВ О.Б.COM 860630300945,860630300945,"Референс 3079515625 Onlinebank Переводы клиентом денег с одного своего текущего счета, открытого в банке, ф-ле банка-нерез-та РК на другой свой текущий счет, открытый в данном банке, в ф-ле данного банка-нерез-та РК RRN=24320D536068",,,2024-03-20,False,False,False,0.0,False
20.03.2024,ONB302F18,15200.0,,КУРМАНАЛИЕВ О.Б.COM 860630300945,860630300945,"Референс 3079025339 Onlinebank Переводы клиентом денег с одного своего текущего счета, открытого в банке, ф-ле банка-нерез-та РК на другой свой текущий счет, открытый в данном банке, в ф-ле данного банка-нерез-та РК RRN=24320D527718",,,2024-03-20,False,False,False,0.0,False
19.03.2024,ONB3BB45B,30200.0,,КУРМАНАЛИЕВ О.Б.COM 860630300945,860630300945,"Референс 3078045075 Onlinebank Переводы клиентом денег с одного своего текущего счета, открытого в банке, ф-ле банка-нерез-та РК на другой свой текущий счет, открытый в данном банке, в ф-ле данного банка-нерез-та РК RRN=24319D512937",,,2024-03-19,False,False,False,0.0,False
16.03.2024,ONB7EEE9A,100379.0,,КУРМАНАЛИЕВ О.Б.COM 860630300945,860630300945,"Референс 3075920414 Onlinebank Переводы клиентом денег с одного своего текущего счета, открытого в банке, ф-ле банка-нерез-та РК на другой свой текущий счет, открытый в данном банке, в ф-ле данного банка-нерез-та РК RRN=24316D478220",,,2024-03-16,False,False,False,0.0,False
16.03.2024,ONB4BF6F6,50000.0,,КУРМАНАЛИЕВ О.Б.COM 860630300945,860630300945,"Референс 3075800239 Onlinebank Переводы клиентом денег с одного своего текущего счета, открытого в банке, ф-ле банка-нерез-та РК на другой свой текущий счет, открытый в данном банке, в ф-ле данного банка-нерез-та РК RRN=24316D472611",,,2024-03-16,False,False,False,0.0,False
15.03.2024,ONBD50F84,50000.0,,КУРМАНАЛИЕВ О.Б.COM 860630300945,860630300945,"Референс 3075009995 Onlinebank Переводы клиентом денег с одного своего текущего счета, открытого в банке, ф-ле банка-нерез-та РК на другой свой текущий счет, открытый в данном банке, в ф-ле данного банка-нерез-та РК RRN=24315D456036",,,2024-03-15,False,False,False,0.0,False
14.03.2024,ONB810133,100000.0,,КУРМАНАЛИЕВ О.Б.COM 860630300945,860630300945,"Референс 3073699304 Onlinebank Переводы клиентом денег с одного своего текущего счета, открытого в банке, ф-ле банка-нерез-та РК на другой свой текущий счет, открытый в данном банке, в ф-ле данного банка-нерез-та РК RRN=24314D434177",,,2024-03-14,False,False,False,0.0,False
13.03.2024,ONBC04B47,49800.0,,КУРМАНАЛИЕВ О.Б.COM 860630300945,860630300945,"Референс 3072951079 Onlinebank Переводы клиентом денег с одного своего текущего счета, открытого в банке, ф-ле банка-нерез-та РК на другой свой текущий счет, открытый в данном банке, в ф-ле данного банка-нерез-та РК RRN=24313D422674",,,2024-03-13,False,False,False,0.0,False
13.03.2024,ONB7DC4A9,50000.0,,КУРМАНАЛИЕВ О.Б.COM 860630300945,860630300945,"Референс 3072766785 Onlinebank Переводы клиентом денег с одного своего текущего счета, открытого в банке, ф-ле банка-нерез-та РК на другой свой текущий счет, открытый в данном банке, в ф-ле данного банка-нерез-та РК RRN=24313D419173 8",,,2024-03-13,False,False,False,0.0,False
12.03.2024,ONB659CED,35000.0,,КУРМАНАЛИЕВ О.Б.COM 860630300945,860630300945,"Референс 3072131107 Onlinebank Переводы клиентом денег с одного своего текущего счета, открытого в банке, ф-ле банка-нерез-та РК на другой свой текущий счет, открытый в данном банке, в ф-ле данного банка-нерез-та РК RRN=24312D409291",,,2024-03-12,False,False,False,0.0,False
12.03.2024,ONBE22C01,157200.0,,КУРМАНАЛИЕВ О.Б.COM 860630300945,860630300945,"Референс 3071690220 Onlinebank Переводы клиентом денег с одного своего текущего счета, открытого в банке, ф-ле банка-нерез-та РК на другой свой текущий счет, открытый в данном банке, в ф-ле данного банка-нерез-та РК RRN=24312D401371",,,2024-03-12,False,False,False,0.0,False
12.03.2024,ONBCF51C6,20000.0,,КУРМАНАЛИЕВ О.Б.COM 860630300945,860630300945,"Референс 3071514910 Onlinebank Переводы клиентом денег с одного своего текущего счета, открытого в банке, ф-ле банка-нерез-та РК на другой свой текущий счет, открытый в данном банке, в ф-ле данного банка-нерез-та РК RRN=24312D398138",,,2024-03-12,False,False,False,0.0,False
11.03.2024,ONB3AD627,5900.0,,КУРМАНАЛИЕВ О.Б.COM 860630300945,860630300945,"Референс 3070584016 Onlinebank Переводы клиентом денег с одного своего текущего счета, открытого в банке, ф-ле банка-нерез-та РК на другой свой текущий счет, открытый в данном банке, в ф-ле данного банка-нерез-та РК RRN=24311D385321",,,2024-03-11,False,False,False,0.0,False
11.03.2024,ONB6AD6FC,7000.0,,КУРМАНАЛИЕВ О.Б.COM 860630300945,860630300945,"Референс 3070561356 Onlinebank Переводы клиентом денег с одного своего текущего счета, открытого в банке, ф-ле банка-нерез-та РК на другой свой текущий счет, открытый в данном банке, в ф-ле данного банка-нерез-та РК RRN=24311D384777",,,2024-03-11,False,False,False,0.0,False
11.03.2024,ONBCA976D,375000.0,,КУРМАНАЛИЕВ О.Б.COM 860630300945,860630300945,"Референс 3070543569 Onlinebank Переводы клиентом денег с одного своего текущего счета, открытого в банке, ф-ле банка-нерез-та РК на другой свой текущий счет, открытый в данном банке, в ф-ле данного банка-нерез-та РК RRN=24311D384424",,,2024-03-11,False,False,False,0.0,False
11.03.2024,ONB5DFEF3,36000.0,,КУРМАНАЛИЕВ О.Б.COM 860630300945,860630300945,"Референс 3070167801 Onlinebank Переводы клиентом денег с одного своего текущего счета, открытого в банке, ф-ле банка-нерез-та РК на другой свой текущий счет, открытый в данном банке, в ф-ле данного банка-нерез-та РК RRN=24311D379304",,,2024-03-11,False,False,False,0.0,False
09.03.2024,ONBD7A5DE,13500.0,,КУРМАНАЛИЕВ О.Б.COM 860630300945,860630300945,"Референс 3069363366 Onlinebank Переводы клиентом денег с одного своего текущего счета, открытого в банке, ф-ле банка-нерез-та РК на другой свой текущий счет, открытый в данном банке, в ф-ле данного банка-нерез-та РК RRN=24309D362266",,,2024-03-09,False,False,False,0.0,False
09.03.2024,ONB101B70,30500.0,,КУРМАНАЛИЕВ О.Б.COM 860630300945,860630300945,"Референс 3069360106 Onlinebank Переводы клиентом денег с одного своего текущего счета, открытого в банке, ф-ле банка-нерез-та РК на другой свой текущий счет, открытый в данном банке, в ф-ле данного банка-нерез-та РК RRN=24309D362156",,,2024-03-09,False,False,False,0.0,False
07.03.2024,ONB8FA525,29000.0,,КУРМАНАЛИЕВ О.Б.COM 860630300945,860630300945,"Референс 3068131563 Onlinebank Переводы клиентом денег с одного своего текущего счета, открытого в банке, ф-ле банка-нерез-та РК на другой свой текущий счет, открытый в данном банке, в ф-ле данного банка-нерез-та РК RRN=24307D332658",,,2024-03-07,False,False,False,0.0,False
07.03.2024,ONB653F85,139000.0,,КУРМАНАЛИЕВ О.Б.COM 860630300945,860630300945,"Референс 3068113465 Onlinebank Переводы клиентом денег с одного своего текущего счета, открытого в банке, ф-ле банка-нерез-та РК на другой свой текущий счет, открытый в данном банке, в ф-ле данного банка-нерез-та РК RRN=24307D332255",,,2024-03-07,False,False,False,0.0,False
06.03.2024,ONBB387F0,35000.0,,КУРМАНАЛИЕВ О.Б.COM 860630300945,860630300945,"Референс 3066877261 Onlinebank Переводы клиентом денег с одного своего текущего счета, открытого в банке, ф-ле банка-нерез-та РК на другой свой текущий счет, открытый в данном банке, в ф-ле данного банка-нерез-та РК RRN=24306D312379 9",,,2024-03-06,False,False,False,0.0,False
05.03.2024,ONB4399C0,26000.0,,КУРМАНАЛИЕВ О.Б.COM 860630300945,860630300945,"Референс 3065953614 Onlinebank Переводы клиентом денег с одного своего текущего счета, открытого в банке, ф-ле банка-нерез-та РК на другой свой текущий счет, открытый в данном банке, в ф-ле данного банка-нерез-та РК RRN=24305D297283",,,2024-03-05,False,False,False,0.0,False
05.03.2024,ONB5CFE96,37000.0,,КУРМАНАЛИЕВ О.Б.COM 860630300945,860630300945,"Референс 3065562762 Onlinebank Переводы клиентом денег с одного своего текущего счета, открытого в банке, ф-ле банка-нерез-та РК на другой свой текущий счет, открытый в данном банке, в ф-ле данного банка-нерез-та РК RRN=24305D290439",,,2024-03-05,False,False,False,0.0,False
03.03.2024,ONB66DA95,20000.0,,КУРМАНАЛИЕВ О.Б.COM 860630300945,860630300945,"Референс 3063568837 Onlinebank Переводы клиентом денег с одного своего текущего счета, открытого в банке, ф-ле банка-нерез-та РК на другой свой текущий счет, открытый в данном банке, в ф-ле данного банка-нерез-та РК RRN=24303D259937",,,2024-03-03,False,False,False,0.0,False
01.03.2024,ONB2E5177,10000.0,,КУРМАНАЛИЕВ О.Б.COM 860630300945,860630300945,"Референс 3062764060 Onlinebank Переводы клиентом денег с одного своего текущего счета, открытого в банке, ф-ле банка-нерез-та РК на другой свой текущий счет, открытый в данном банке, в ф-ле данного банка-нерез-та РК RRN=24301D241433",,,2024-03-01,False,False,False,0.0,False
01.03.2024,ONB1929CB,24000.0,,КУРМАНАЛИЕВ О.Б.COM 860630300945,860630300945,"Референс 3062353886 Onlinebank Переводы клиентом денег с одного своего текущего счета, открытого в банке, ф-ле банка-нерез-та РК на другой свой текущий счет, открытый в данном банке, в ф-ле данного банка-нерез-та РК RRN=24301D231521",,,2024-03-01,False,False,False,0.0,False
01.03.2024,ONBFC3332,10000.0,,КУРМАНАЛИЕВ О.Б.COM 860630300945,860630300945,"Референс 3062124330 Onlinebank Переводы клиентом денег с одного своего текущего счета, открытого в банке, ф-ле банка-нерез-та РК на другой свой текущий счет, открытый в данном банке, в ф-ле данного банка-нерез-та РК RRN=24301D226542",,,2024-03-01,False,False,False,0.0,False
29.02.2024,002997150231,1500.0,,Алматинский городской Народного Банка Казахстана 960941000145,861004465871,Референс 3061148205 CMSTAKE Комиссия за ведение счета KZ65601A861004465871 за 02 месяц,,,2024-02-29,False,False,False,0.0,False
28.02.2024,ONBBDD870,777600.0,,КУРМАНАЛИЕВ О.Б.COM 860630300945,860630300945,"Референс 3060433063 Onlinebank Переводы клиентом денег с одного своего текущего счета, открытого в банке, ф-ле банка-нерез-та РК на другой свой текущий счет, открытый в данном банке, в ф-ле данного банка-нерез-та РК RRN=24228D204290",,,2024-02-28,False,False,False,0.0,False
28.02.2024,ONBAC17F1,500000.0,,КУРМАНАЛИЕВ О.Б.COM 860630300945,860630300945,"Референс 3059898827 Onlinebank Переводы клиентом денег с одного своего текущего счета, открытого в банке, ф-ле банка-нерез-та РК на другой свой текущий счет, открытый в данном банке, в ф-ле данного банка-нерез-та РК RRN=24228D192684",,,2024-02-28,False,False,False,0.0,False
27.02.2024,ONB6C40F1,900500.0,,КУРМАНАЛИЕВ О.Б.COM 860630300945,860630300945,"Референс 3059119531 Onlinebank Переводы клиентом денег с одного своего текущего счета, открытого в банке, ф-ле банка-нерез-та РК на другой свой текущий счет, открытый в данном банке, в ф-ле данного банка-нерез-та РК RRN=24227D179565",,,2024-02-27,False,False,False,0.0,False
27.02.2024,ONB7EE65E,70200.0,,КУРМАНАЛИЕВ О.Б.COM 860630300945,860630300945,"Референс 3058764611 Onlinebank Переводы клиентом денег с одного своего текущего счета, открытого в банке, ф-ле банка-нерез-та РК на другой свой текущий счет, открытый в данном банке, в ф-ле данного банка-нерез-та РК RRN=24227D172348",,,2024-02-27,False,False,False,0.0,False
27.02.2024,ONB815390,30000.0,,КУРМАНАЛИЕВ О.Б.COM 860630300945,860630300945,"Референс 3058426500 Onlinebank Переводы клиентом денег с одного своего текущего счета, открытого в банке, ф-ле банка-нерез-та РК на другой свой текущий счет, открытый в данном банке, в ф-ле данного банка-нерез-та РК RRN=24227D169122 10",,,2024-02-27,False,False,False,0.0,False
22.02.2024,ONB1CA263,40000.0,,КУРМАНАЛИЕВ О.Б.COM 860630300945,860630300945,"Референс 3054609803 Onlinebank Переводы клиентом денег с одного своего текущего счета, открытого в банке, ф-ле банка-нерез-та РК на другой свой текущий счет, открытый в данном банке, в ф-ле данного банка-нерез-та РК RRN=24222D97651",,,2024-02-22,False,False,False,0.0,False
20.02.2024,26,,7490000.0,"""АБДУЛЛАЕВА Ж.Ж"" 810108400726",810108400726,"Референс 3052873865 Без НДС Платежи за профессиональные, научные и технические услуги",,,2024-02-20,False,False,False,7490000.0,True
12.02.2024,ONB8FF06D,60000.0,,КУРМАНАЛИЕВ О.Б.COM 860630300945,860630300945,"Референс 3045438827 Onlinebank Переводы клиентом денег с одного своего текущего счета, открытого в банке, ф-ле банка-нерез-та РК на другой свой текущий счет, открытый в данном банке, в ф-ле данного банка-нерез-та РК RRN=24212D938986",,,2024-02-12,False,False,False,0.0,False
08.02.2024,ONBC4B262,10500.0,,КУРМАНАЛИЕВ О.Б.COM 860630300945,860630300945,"Референс 3043058297 Onlinebank Переводы клиентом денег с одного своего текущего счета, открытого в банке, ф-ле банка-нерез-та РК на другой свой текущий счет, открытый в данном банке, в ф-ле данного банка-нерез-та РК RRN=24208D894234",,,2024-02-08,False,False,False,0.0,False
04.02.2024,ONB82FDCB,30000.0,,КУРМАНАЛИЕВ О.Б.COM 860630300945,860630300945,"Референс 3038477052 Onlinebank Переводы клиентом денег с одного своего текущего счета, открытого в банке, ф-ле банка-нерез-та РК на другой свой текущий счет, открытый в данном банке, в ф-ле данного банка-нерез-та РК RRN=24204D818501",,,2024-02-04,False,False,False,0.0,False
04.02.2024,ONBA56945,20000.0,,КУРМАНАЛИЕВ О.Б.COM 860630300945,860630300945,"Референс 3038475979 Onlinebank Переводы клиентом денег с одного своего текущего счета, открытого в банке, ф-ле банка-нерез-та РК на другой свой текущий счет, открытый в данном банке, в ф-ле данного банка-нерез-та РК RRN=24204D818350",,,2024-02-04,False,False,False,0.0,False
04.02.2024,ONBFF256C,20000.0,,КУРМАНАЛИЕВ О.Б.COM 860630300945,860630300945,"Референс 3038472093 Onlinebank Переводы клиентом денег с одного своего текущего счета, открытого в банке, ф-ле банка-нерез-та РК на другой свой текущий счет, открытый в данном банке, в ф-ле данного банка-нерез-та РК RRN=24204D818174",,,2024-02-04,False,False,False,0.0,False
03.02.2024,ONBE6BE8A,18000.0,,КУРМАНАЛИЕВ О.Б.COM 860630300945,860630300945,"Референс 3038314856 Onlinebank Переводы клиентом денег с одного своего текущего счета, открытого в банке, ф-ле банка-нерез-та РК на другой свой текущий счет, открытый в данном банке, в ф-ле данного банка-нерез-та РК RRN=24203D816701",,,2024-02-03,False,False,False,0.0,False
31.01.2024,002968496768,1500.0,,Алматинский городской Народного Банка Казахстана 960941000145,861004465871,Референс 3035206400 CMSTAKE Комиссия за ведение счета KZ65601A861004465871 за 01 месяц,,,2024-01-31,False,False,False,0.0,False
28.01.2024,ONB89BC1B,30700.0,,КУРМАНАЛИЕВ О.Б.COM 860630300945,860630300945,"Референс 3032632643 Onlinebank Переводы клиентом денег с одного своего текущего счета, открытого в банке, ф-ле банка-нерез-та РК на другой свой текущий счет, открытый в данном банке, в ф-ле данного банка-нерез-та РК RRN=24128D723445",,,2024-01-28,False,False,False,0.0,False
28.01.2024,ONBA0E57D,25000.0,,КУРМАНАЛИЕВ О.Б.COM 860630300945,860630300945,"Референс 3032607409 Onlinebank Переводы клиентом денег с одного своего текущего счета, открытого в банке, ф-ле банка-нерез-та РК на другой свой текущий счет, открытый в данном банке, в ф-ле данного банка-нерез-та РК RRN=24128D722483",,,2024-01-28,False,False,False,0.0,False
26.01.2024,ONB0F46D8,15000.0,,КУРМАНАЛИЕВ О.Б.COM 860630300945,860630300945,"Референс 3031466402 Onlinebank Переводы клиентом денег с одного своего текущего счета, открытого в банке, ф-ле банка-нерез-та РК на другой свой текущий счет, открытый в данном банке, в ф-ле данного банка-нерез-та РК RRN=24126D695943",,,2024-01-26,False,False,False,0.0,False
20.01.2024,ONBB1938B,30000.0,,ТАТЬЯНА П. 811101401283,811101401283,Референс 3026386221 PHONE_NUMBER 7772494287 Прочие безвозмездные переводы денег RRN=24120D614069 11,,,2024-01-20,False,False,False,0.0,False
17.01.2024,ONBCBB296,100000.0,,КУРМАНАЛИЕВ О.Б.COM 860630300945,860630300945,"Референс 3024294120 Onlinebank Переводы клиентом денег с одного своего текущего счета, открытого в банке, ф-ле банка-нерез-та Республики Казахстан, на другой свой текущий счет, открытый в данном банке, в ф- ле данного банка-нерез-та Республики Казахстан RRN=24117D578651",,,2024-01-17,False,False,False,0.0,False
14.01.2024,ONBADB8F3,100000.0,,КУРМАНАЛИЕВ О.Б.COM 860630300945,860630300945,"Референс 3021399495 Onlinebank Переводы клиентом денег с одного своего текущего счета, открытого в банке, на другой свой текущий счет, открытый в данном банке RRN=24114D529119",,,2024-01-14,False,False,False,0.0,False
11.01.2024,ONBA89C81,50000.0,,КУРМАНАЛИЕВ О.Б.COM 860630300945,860630300945,"Референс 3019178201 Onlinebank Переводы клиентом денег с одного своего текущего счета, открытого в банке, на другой свой текущий счет, открытый в данном банке RRN=24111D485808",,,2024-01-11,False,False,False,0.0,False
08.01.2024,ONB2BAE5F,250000.0,,КУРМАНАЛИЕВ О.Б.COM 860630300945,860630300945,"Референс 3016167528 Onlinebank Переводы клиентом денег с одного своего текущего счета, открытого в банке, на другой свой текущий счет, открытый в данном банке RRN=24108D440917",,,2024-01-08,False,False,False,0.0,False
06.01.2024,ONBB0543D,499800.0,,КУРМАНАЛИЕВ О.Б.COM 860630300945,860630300945,"Референс 3015169245 Onlinebank Переводы клиентом денег с одного своего текущего счета, открытого в банке, на другой свой текущий счет, открытый в данном банке RRN=24106D423641",,,2024-01-06,False,False,False,0.0,False
04.01.2024,ONB390C52,200000.0,,КУРМАНАЛИЕВ О.Б.COM 860630300945,860630300945,"Референс 3013425336 Onlinebank Переводы клиентом денег с одного своего текущего счета, открытого в банке, на другой свой текущий счет, открытый в данном банке RRN=24104D394075",,,2024-01-04,False,False,False,0.0,False
03.01.2024,ONBAF43EC,48000.0,,КУРМАНАЛИЕВ О.Б.COM 860630300945,860630300945,"Референс 3012902207 Onlinebank Переводы клиентом денег с одного своего текущего счета, открытого в банке, на другой свой текущий счет, открытый в данном банке RRN=24103D388018",,,2024-01-03,False,False,False,0.0,False
31.12.2023,ONBDF4046,400000.0,,КУРМАНАЛИЕВ О.Б.COM 860630300945,860630300945,"Референс 3009576454 Onlinebank Переводы клиентом денег с одного своего текущего счета, открытого в банке, на другой свой текущий счет, открытый в данном банке RRN=23C31D368849",,,2023-12-31,False,False,False,0.0,False
29.12.2023,002941822588,1500.0,,Алматинский городской Народного Банка Казахстана 960941000145,861004465871,Референс 3008232745 CMSTAKE Комиссия за ведение счета KZ65601A861004465871 за 12 месяц,,,2023-12-29,False,False,False,0.0,False
29.12.2023,ONBD9E83A,100000.0,,КУРМАНАЛИЕВ О.Б.COM 860630300945,860630300945,"Референс 3007858048 Onlinebank Переводы клиентом денег с одного своего текущего счета, открытого в банке, на другой свой текущий счет, открытый в данном банке RRN=23C29D326047",,,2023-12-29,False,False,False,0.0,False
27.12.2023,ONB9EFB46,26000.0,,КУРМАНАЛИЕВ О.Б.COM 860630300945,860630300945,"Референс 3005721038 Onlinebank Переводы клиентом денег с одного своего текущего счета, открытого в банке, на другой свой текущий счет, открытый в данном банке RRN=23C27D286338",,,2023-12-27,False,False,False,0.0,False
27.12.2023,ONB23F8AF,500000.0,,КУРМАНАЛИЕВ О.Б.COM 860630300945,860630300945,"Референс 3005412137 Onlinebank Переводы клиентом денег с одного своего текущего счета, открытого в банке, на другой свой текущий счет, открытый в данном банке RRN=23C27D281969",,,2023-12-27,False,False,False,0.0,False
26.12.2023,ONBEB297C,1000000.0,,КУРМАНАЛИЕВ О.Б.COM 860630300945,860630300945,"Референс 3004683419 Onlinebank Переводы клиентом денег с одного своего текущего счета, открытого в банке, на другой свой текущий счет, открытый в данном банке RRN=23C26D267430",,,2023-12-26,False,False,False,0.0,False
25.12.2023,ONB6CE88D,710000.0,,КУРМАНАЛИЕВ О.Б.COM 860630300945,860630300945,"Референс 3004088005 Onlinebank Переводы клиентом денег с одного своего текущего счета, открытого в банке, на другой свой текущий счет, открытый в данном банке RRN=23C25D258929 12",,,2023-12-25,False,False,False,0.0,False
25.12.2023,4218,,5484300.0,World Trade Center 070940021196,070940021196,"Референс 3004041423 Изготовление панелей и мебели доплата по счету 11 от 21.12.2023 г.Сумма 5 484 300-00 тенге без НДС Платежи за профессиональные, научные и технические услуги",,,2023-12-25,False,False,False,5484300.0,True
19.12.2023,ONBAE365A,9000.0,,КУРМАНАЛИЕВ О.Б.COM 860630300945,860630300945,"Референс 2998004066 Onlinebank Переводы клиентом денег с одного своего текущего счета, открытого в банке, на другой свой текущий счет, открытый в данном банке RRN=23C19D149301",,,2023-12-19,False,False,False,0.0,False
09.12.2023,ONBDEDFC3,124000.0,,КУРМАНАЛИЕВ О.Б.COM 860630300945,860630300945,"Референс 2990720843 Onlinebank Переводы клиентом денег с одного своего текущего счета, открытого в банке, на другой свой текущий счет, открытый в данном банке RRN=23C09D12842",,,2023-12-09,False,False,False,0.0,False
07.12.2023,210,,133000.0,"""ТЕННИСНАЯ АКАДЕМИЯ ""МАКСАТ"""" 220340029876",220340029876,"Референс 2989102715 За профессиональные, научные и технические услуги.",,,2023-12-07,False,False,False,133000.0,True
30.11.2023,002913221396,1500.0,,Алматинский городской Народного Банка Казахстана 960941000145,861004465871,Референс 2982398233 CMSTAKE Комиссия за ведение счета KZ65601A861004465871 за 11 месяц,,,2023-11-30,False,False,False,0.0,False
29.11.2023,ONBF397B5,297000.0,,КУРМАНАЛИЕВ О.Б.COM 860630300945,860630300945,"Референс 2980929024 Onlinebank Переводы клиентом денег с одного своего текущего счета, открытого в банке, на другой свой текущий счет, открытый в данном банке RRN=23B29D854115",,,2023-11-29,False,False,False,0.0,False
24.11.2023,ONBA11024,200000.0,,КУРМАНАЛИЕВ О.Б.COM 860630300945,860630300945,"Референс 2977048955 Onlinebank Переводы клиентом денег с одного своего текущего счета, открытого в банке, на другой свой текущий счет, открытый в данном банке RRN=23B24D786603",,,2023-11-24,False,False,False,0.0,False
23.11.2023,ONB2D0901,400000.0,,КУРМАНАЛИЕВ О.Б.COM 860630300945,860630300945,"Референс 2976370827 Onlinebank Переводы клиентом денег с одного своего текущего счета, открытого в банке, на другой свой текущий счет, открытый в данном банке RRN=23B23D775439",,,2023-11-23,False,False,False,0.0,False
23.11.2023,ONB969BD0,376000.0,,КУРМАНАЛИЕВ О.Б.COM 860630300945,860630300945,"Референс 2976172792 Onlinebank Переводы клиентом денег с одного своего текущего счета, открытого в банке, на другой свой текущий счет, открытый в данном банке RRN=23B23D771653",,,2023-11-23,False,False,False,0.0,False
22.11.2023,ONB632261,825000.0,,Индивидуальный предприниматель BALYM 881014300962,881014300962,"Референс 2975708798 Без договора Покраска МДФ глянец Платежи за профессиональные, научные и технические услуги,",,,2023-11-22,False,False,False,0.0,False
20.11.2023,ONBCB7EB4,500000.0,,КУРМАНАЛИЕВ О.Б.COM 860630300945,860630300945,"Референс 2973932294 Onlinebank Переводы клиентом денег с одного своего текущего счета, открытого в банке, на другой свой текущий счет, открытый в данном банке RRN=23B20D738215",,,2023-11-20,False,False,False,0.0,False
20.11.2023,ONB72DAE6,100000.0,,КУРМАНАЛИЕВ О.Б.COM 860630300945,860630300945,"Референс 2973688865 Onlinebank Переводы клиентом денег с одного своего текущего счета, открытого в банке, на другой свой текущий счет, открытый в данном банке RRN=23B20D732874",,,2023-11-20,False,False,False,0.0,False
20.11.2023,ONBD5AA88,100000.0,,КУРМАНАЛИЕВ О.Б.COM 860630300945,860630300945,"Референс 2973224897 Onlinebank Переводы клиентом денег с одного своего текущего счета, открытого в банке, на другой свой текущий счет, открытый в данном банке RRN=23B20D725717",,,2023-11-20,False,False,False,0.0,False
17.11.2023,ONB2063A0,84000.0,,КУРМАНАЛИЕВ О.Б.COM 860630300945,860630300945,"Референс 2972184173 Onlinebank Переводы клиентом денег с одного своего текущего счета, открытого в банке, на другой свой текущий счет, открытый в данном банке RRN=23B17D705789",,,2023-11-17,False,False,False,0.0,False
16.11.2023,ONB658C7E,50000.0,,КУРМАНАЛИЕВ О.Б.COM 860630300945,860630300945,"Референс 2970826521 Onlinebank Переводы клиентом денег с одного своего текущего счета, открытого в банке, на другой свой текущий счет, открытый в данном банке RRN=23B16D679520 13",,,2023-11-16,False,False,False,0.0,False
15.11.2023,ONBC07A9F,65000.0,,КУРМАНАЛИЕВ О.Б.COM 860630300945,860630300945,"Референс 2970297700 Onlinebank Переводы клиентом денег с одного своего текущего счета, открытого в банке, на другой свой текущий счет, открытый в данном банке RRN=23B15D672323",,,2023-11-15,False,False,False,0.0,False
15.11.2023,ONB7E6D5F,110000.0,,КУРМАНАЛИЕВ О.Б.COM 860630300945,860630300945,"Референс 2969706441 Onlinebank Переводы клиентом денег с одного своего текущего счета, открытого в банке, на другой свой текущий счет, открытый в данном банке RRN=23B15D660799",,,2023-11-15,False,False,False,0.0,False
13.11.2023,ONB64BBC4,47000.0,,КУРМАНАЛИЕВ О.Б.COM 860630300945,860630300945,"Референс 2968322111 Onlinebank Переводы клиентом денег с одного своего текущего счета, открытого в банке, на другой свой текущий счет, открытый в данном банке RRN=23B13D641865",,,2023-11-13,False,False,False,0.0,False
13.11.2023,ONB4DC6B1,200000.0,,КУРМАНАЛИЕВ О.Б.COM 860630300945,860630300945,"Референс 2967793519 Onlinebank Переводы клиентом денег с одного своего текущего счета, открытого в банке, на другой свой текущий счет, открытый в данном банке RRN=23B13D631639",,,2023-11-13,False,False,False,0.0,False
10.11.2023,1381,,75000.0,"""Береке Строй 031140008016",031140008016,"Референс 2966331423 за матирование перегородок, сог-но счета № 9 от 09.11.2023 Сумма 75 000-00 тенге без НДС Платежи за профессиональные, научные и технические услуги",,,2023-11-10,False,False,False,75000.0,True
10.11.2023,ONB4710CA,100000.0,,КУРМАНАЛИЕВ О.Б.COM 860630300945,860630300945,"Референс 2965663120 Onlinebank Переводы клиентом денег с одного своего текущего счета, открытого в банке, на другой свой текущий счет, открытый в данном банке RRN=23B10D592843",,,2023-11-10,False,False,False,0.0,False
09.11.2023,ONB8EDD77,100000.0,,КУРМАНАЛИЕВ О.Б.COM 860630300945,860630300945,"Референс 2964884815 Onlinebank Переводы клиентом денег с одного своего текущего счета, открытого в банке, на другой свой текущий счет, открытый в данном банке RRN=23B09D581972",,,2023-11-09,False,False,False,0.0,False
09.11.2023,ONB63FCCE,100000.0,,КУРМАНАЛИЕВ О.Б.COM 860630300945,860630300945,"Референс 2964511825 Onlinebank Переводы клиентом денег с одного своего текущего счета, открытого в банке, на другой свой текущий счет, открытый в данном банке RRN=23B09D575443",,,2023-11-09,False,False,False,0.0,False
08.11.2023,169,,480000.0,"""ТЕННИСНАЯ АКАДЕМИЯ ""МАКСАТ"""" 220340029876",220340029876,"Референс 2964025403 За профессиональные, научные и технические услуги. Оплата за изготовление ресепшна, на основании счета на оплату №8 от 08.11.2023г.",,,2023-11-08,False,False,False,480000.0,True
08.11.2023,ONBA21CF5,100000.0,,КУРМАНАЛИЕВ О.Б.COM 860630300945,860630300945,"Референс 2963598386 Onlinebank Переводы клиентом денег с одного своего текущего счета, открытого в банке, на другой свой текущий счет, открытый в данном банке RRN=23B08D560464",,,2023-11-08,False,False,False,0.0,False
08.11.2023,ONBB80455,280000.0,,КУРМАНАЛИЕВ О.Б.COM 860630300945,860630300945,"Референс 2963480947 Onlinebank Переводы клиентом денег с одного своего текущего счета, открытого в банке, на другой свой текущий счет, открытый в данном банке RRN=23B08D558828",,,2023-11-08,False,False,False,0.0,False
07.11.2023,2,,48000.0,Дементьева Алёна Геннадьевна 760901403650,760901403650,Референс 2962853759 ОПЛАТА ЗА УСЛУГИ СЧЕТ НА ОПЛАТУ №7 ОТ 03\11\2023 ДО АО БАНК ВТБ КАЗАХСТАН,,,2023-11-07,False,False,False,48000.0,True
31.10.2023,002884858431,1500.0,,Алматинский городской Народного Банка Казахстана 960941000145,861004465871,Референс 2956507302 CMSTAKE Комиссия за ведение счета KZ65601A861004465871 за 10 месяц,,,2023-10-31,False,False,False,0.0,False
20.10.2023,140,,1030000.0,"""ТЕННИСНАЯ АКАДЕМИЯ ""МАКСАТ"""" 220340029876",220340029876,"Референс 2948499490 За профессиональные, научные и технические услуги.",,,2023-10-20,False,False,False,1030000.0,True
19.10.2023,ONB98D2F8,1925000.0,,Индивидуальный предприниматель BALYM 881014300962,881014300962,"Референс 2947322568 Без договора Покраска МДФ глянец Платежи за профессиональные, научные и технические услуги,",,,2023-10-19,False,False,False,0.0,False
19.10.2023,ONBE3AAF0,470000.0,,КУРМАНАЛИЕВ О.Б.COM 860630300945,860630300945,"Референс 2947238173 Onlinebank Переводы клиентом денег с одного своего текущего счета, открытого в банке, на другой свой текущий счет, открытый в данном банке RRN=23A19D292245 14",,,2023-10-19,False,False,False,0.0,False
18.10.2023,ONBBA0FC2,1500000.0,,КУРМАНАЛИЕВ О.Б.COM 860630300945,860630300945,"Референс 2946486161 Onlinebank Переводы клиентом денег с одного своего текущего счета, открытого в банке, на другой свой текущий счет, открытый в данном банке RRN=23A18D279194",,,2023-10-18,False,False,False,0.0,False
16.10.2023,ONBF8EF4C,400000.0,,КУРМАНАЛИЕВ О.Б.COM 860630300945,860630300945,"Референс 2944797587 Onlinebank Переводы клиентом денег с одного своего текущего счета, открытого в банке, на другой свой текущий счет, открытый в данном банке RRN=23A16D251631",,,2023-10-16,False,False,False,0.0,False
14.10.2023,ONB8744B7,100000.0,,КУРМАНАЛИЕВ О.Б.COM 860630300945,860630300945,"Референс 2943682894 Onlinebank Переводы клиентом денег с одного своего текущего счета, открытого в банке, на другой свой текущий счет, открытый в данном банке RRN=23A14D231109",,,2023-10-14,False,False,False,0.0,False
12.10.2023,ONBCE921A,1100000.0,,КУРМАНАЛИЕВ О.Б.COM 860630300945,860630300945,"Референс 2942441487 Onlinebank Переводы клиентом денег с одного своего текущего счета, открытого в банке, на другой свой текущий счет, открытый в данном банке RRN=23A12D209597",,,2023-10-12,False,False,False,0.0,False
11.10.2023,ONBCD655A,1000000.0,,КУРМАНАЛИЕВ О.Б.COM 860630300945,860630300945,"Референс 2941234861 Onlinebank Переводы клиентом денег с одного своего текущего счета, открытого в банке, на другой свой текущий счет, открытый в данном банке RRN=23A11D188884",,,2023-10-11,False,False,False,0.0,False
10.10.2023,ONB8C330A,1100000.0,,КУРМАНАЛИЕВ О.Б.COM 860630300945,860630300945,"Референс 2940499216 Onlinebank Переводы клиентом денег с одного своего текущего счета, открытого в банке, на другой свой текущий счет, открытый в данном банке RRN=23A10D178634",,,2023-10-10,False,False,False,0.0,False
07.10.2023,ONB812CD5,1200000.0,,КУРМАНАЛИЕВ О.Б.COM 860630300945,860630300945,"Референс 2937747565 Onlinebank Переводы клиентом денег с одного своего текущего счета, открытого в банке, на другой свой текущий счет, открытый в данном банке RRN=23A07D133398",,,2023-10-07,False,False,False,0.0,False
06.10.2023,ONB7B70D7,800000.0,,КУРМАНАЛИЕВ О.Б.COM 860630300945,860630300945,"Референс 2937050875 Onlinebank Переводы клиентом денег с одного своего текущего счета, открытого в банке, на другой свой текущий счет, открытый в данном банке RRN=23A06D121305",,,2023-10-06,False,False,False,0.0,False
06.10.2023,ONB4CE44D,360000.0,,КУРМАНАЛИЕВ О.Б.COM 860630300945,860630300945,"Референс 2936951434 Onlinebank Переводы клиентом денег с одного своего текущего счета, открытого в банке, на другой свой текущий счет, открытый в данном банке RRN=23A06D119563",,,2023-10-06,False,False,False,0.0,False
06.10.2023,ONBD37171,41000.0,,КУРМАНАЛИЕВ О.Б.COM 860630300945,860630300945,"Референс 2936801864 Onlinebank Переводы клиентом денег с одного своего текущего счета, открытого в банке, на другой свой текущий счет, открытый в данном банке RRN=23A06D116882",,,2023-10-06,False,False,False,0.0,False
05.10.2023,ONB4E37EC,400000.0,,КУРМАНАЛИЕВ О.Б.COM 860630300945,860630300945,"Референс 2935967479 Onlinebank Переводы клиентом денег с одного своего текущего счета, открытого в банке, на другой свой текущий счет, открытый в данном банке RRN=23A05D105243",,,2023-10-05,False,False,False,0.0,False
04.10.2023,3399,,12800000.0,World Trade Center 070940021196,070940021196,"Референс 2935197013 Предоплата 70% за изготовление панелей и мебели по счету 5 от 04.10.2023 г.Сумма 12 800 000-00 тенге в т.ч. НДС(12%) 1 371 428-57 тенге Платежи за профессиональные, научные и технические услуги",,,2023-10-04,False,False,False,12800000.0,True
29.09.2023,002856993246,1500.0,,Алматинский городской Народного Банка Казахстана 960941000145,861004465871,Референс 2930871987 CMSTAKE Комиссия за ведение счета KZ65601A861004465871 за 09 месяц,,,2023-09-29,False,False,False,0.0,False
31.08.2023,002830773164,1500.0,,Алматинский городской Народного Банка Казахстана 960941000145,861004465871,Референс 2906931354 CMSTAKE Комиссия за ведение счета KZ65601A861004465871 за 08 месяц 15,,,2023-08-31,False,False,False,0.0,False
31.07.2023,002803844596,1500.0,,Алматинский городской Народного Банка Казахстана 960941000145,861004465871,Референс 2882577004 CMSTAKE Комиссия за ведение счета KZ65601A861004465871 за 07 месяц,,,2023-07-31,False,False,False,0.0,False
20.07.2023,ONB41CE4E,58000.0,,КУРМАНАЛИЕВ О.Б.COM 860630300945,860630300945,"Референс 2875008655 Onlinebank Переводы клиентом денег с одного своего текущего счета, открытого в банке, на другой свой текущий счет, открытый в данном банке RRN=23720D780875",,,2023-07-20,False,False,False,0.0,False
20.07.2023,4058,,58000.0,Moydom.kz 210640020594,210640020594,"Референс 2874994632 Оплата по счету №4 от 20.07.2023 г. (в том числе НДС = 6214.29) Платежи за товары, за исключением недвижимости и товаров с кодами назначения платежей 711, 712 и 713,",,,2023-07-20,False,False,False,58000.0,True
30.06.2023,002778560969,1500.0,,Алматинский городской АО «Народный Казахстана» 960941000145,861004465871,Референс 2859355510 CMSTAKE Комиссия за ведение счета KZ65601A861004465871 за 06 месяц,,,2023-06-30,False,False,False,0.0,False
25.06.2023,ONB149B95,1500.0,,КУРМАНАЛИЕВ О.Б.COM 860630300945,860630300945,"Референс 2855075067 Onlinebank Переводы клиентом денег с одного своего текущего счета, открытого в банке, на другой свой текущий счет, открытый в данном банке RRN=23625D310938",,,2023-06-25,False,False,False,0.0,False
