﻿Дата,Номер документа,Дебет,Кредит,Контрагент (имя),Контрагент ИИН/БИН,Детали платежа,КНП
31.05.2024,003085554795,,9000000.0,Индивидуальный Предприниматель Амирханова Махаббат Сануаровна 670706401516,670706401516,Референс 3142369551 Полная выплата вклада по депозитному договору № S/005334602/24 от 04.05.2024 в сумме 9000000(KZT) Вкладчик:Индивидуальный Предприниматель Амирханова Махаббат Сануаровна.,
31.05.2024,003085498590,,89437.5,Алматинский городской Народного Банка Казахстана 960941000145,960941000145,Референс 3142272941 Выплата вознаграждения по депозитному договору № S/005334602/24 от 04.05.2024 Вкладчик:Индивидуальный Предприниматель Амирханова Махаббат Сануаровна.,
27.05.2024,ЗК-В28814,,2660880.0,МФО Робокэш.кз 200940013491,200940013491,"Референс 3138696092 Доработки ПО в январь,февраль,апрель 2024 г. ЭСФ №5от 15.03.24,№3 от 01.04.24,№6 от 14.05.24. Платежи за профессиональные, научные и технические услуги,",
15.05.2024,003069941730,12555.0,,Алматинский городской Народного Банка Казахстана 960941000145,960941000145,"Референс 3128277677 Комиссия за операцию ""Абонентская плата"" согласно тарифам банка. НДС не облагается.",
04.05.2024,003060417476,9000000.0,,Индивидуальный Предприниматель Амирханова Махаббат Сануаровна 670706401516,670706401516,Референс 3119507171 Прием вклада по депозитному договору № S/005334602/24 от 04.05.2024 в сумме 9000000(KZT) Вкладчик:Индивидуальный Предприниматель Амирханова Махаббат Сануаровна.,
04.05.2024,146,33333.0,,по Алатаускому 091240012910,091240012910,Референс 3119486663 Индивидуальный подоходный налог за Январь-Март 2024 Начисленные (исчисленные) и иные обязательства в бюджет,
04.05.2024,145,15000.0,,"Индивидуальный предприниматель ""CONCENT"" 821118401347",821118401347,"Референс 3119486632 Оплата по договору 3/22 от 13 Сентября 2022г за бухгалтерское сопровождение за Апрель 2024 Платежи за профессиональные, научные и технические услуги,",
04.05.2024,140,100000.0,,"""ForteBank"" 770226050194",770226050194,"Референс 3119486588 Выплата заработной платы за Апрель 2024г. Перечисление юридическим лицом в банк, филиал банка- нерезидента Республики Казахстан заработной платы, оплаты трудового отпуска для последующего зачисления на банковские счета работников данного юридического лица",
04.05.2024,139,120000.0,,"""KASPI BANK"" 670706401516",670706401516,"Референс 3119486549 Выплата заработной платы за Апрель 2024г. Перечисление юридическим лицом в банк, филиал банка- нерезидента Республики Казахстан заработной платы, оплаты трудового отпуска для последующего зачисления на банковские счета работников данного юридического лица 1",
04.05.2024,143,1852.0,,"""Государственная корпорация ""Правительство для граждан"" 160440007161",160440007161,"Референс 3119485932 1,5% обязательные пенсионные взносы работодателя запериод март 2024 г. cогласно прилагаемого списка. Обязательные пенсионные взносы работодателя",
04.05.2024,142,22346.0,,"""Государственная",,Референс 3119485736 10% обязательные,
04.05.2024,144,7039.0,,"""Государственная корпорация",,"Референс 3119485721 Социальные отчисления в НАО ""Государственная корпорация",
04.05.2024,141,5950.0,,"""Государственная корпорация",,"Референс 3119485514 Взносы ОСМС в НАО ""Государственная корпорация ""Правительство",
26.04.2024,003051836238,,8500000.0,Индивидуальный Предприниматель Амирханова Махаббат Сануаровна 670706401516,670706401516,Референс 3111635527 Полная выплата вклада по депозитному договору № S/005073205/24 от 29.03.2024 в сумме 8500000(KZT) Вкладчик:Индивидуальный Предприниматель Амирханова Махаббат Сануаровна.,
26.04.2024,003051819129,,87597.22,Алматинский городской Народного Банка Казахстана 960941000145,960941000145,Референс 3111558128 Выплата вознаграждения по депозитному договору № S/005073205/24 от 29.03.2024 Вкладчик:Индивидуальный Предприниматель Амирханова Махаббат Сануаровна.,
15.04.2024,ЗК-В19746,,976720.0,МФО Робокэш.кз 200940013491,200940013491,"Референс 3101743545 Доработки ПО в март 2024 г. Счета на оплату №4 от 11.04.2024 Платежи за профессиональные, научные и технические услуги,",
03.04.2024,ONBD5BA6F,100000.0,,"""ForteBank"" 770226050194",770226050194,"Референс 3090881827 Выплата заработной платы за Март 2024г. Перечисление юридическим лицом в банк, филиал банка- нерезидента Республики Казахстан заработной платы, оплаты трудового отпуска для последующего зачисления на банковские счета работников данного юридического лица",
03.04.2024,ONBE33C8B,120000.0,,"""KASPI BANK"" 670706401516",670706401516,"Референс 3090879581 Выплата заработной платы за Март 2024г. Перечисление юридическим лицом в банк, филиал банка- нерезидента Республики Казахстан заработной платы, оплаты трудового отпуска для последующего зачисления на банковские счета работников данного юридического лица",
29.03.2024,003025363426,8500000.0,,Индивидуальный Предприниматель Амирханова Махаббат Сануаровна 670706401516,670706401516,Референс 3086946676 Прием вклада по депозитному договору № S/005073205/24 от 29.03.2024 в сумме 8500000(KZT) Вкладчик:Индивидуальный Предприниматель Амирханова Махаббат Сануаровна.,
29.03.2024,136,7039.0,,"""Государственная корпорация",,"Референс 3086830649 Социальные отчисления в НАО ""Государственная корпорация",
29.03.2024,137,1852.0,,"""Государственная корпорация ""Правительство для граждан"" 160440007161",160440007161,"Референс 3086830543 1,5% обязательные пенсионные взносы работодателя запериод Февраль 2024 г. cогласно прилагаемого списка. Обязательные пенсионные взносы работодателя",
29.03.2024,139,5950.0,,"""Государственная корпорация",,"Референс 3086830379 Взносы ОСМС в НАО ""Государственная корпорация ""Правительство",
29.03.2024,138,22346.0,,"""Государственная",,Референс 3086830096 10% обязательные,
29.03.2024,ONBFC8BC0,15000.0,,"Индивидуальный предприниматель ""CONCENT"" 821118401347",821118401347,"Референс 3086813028 Оплата по договору 3/22 от 13 Сентября 2022г за бухгалтерское сопровождение за Март 2024 Платежи за профессиональные, научные и технические услуги,",
15.03.2024,003011680056,,8000000.0,Индивидуальный Предприниматель Амирханова Махаббат Сануаровна 670706401516,670706401516,Референс 3074562395 Полная выплата вклада по депозитному договору № S/004786421/24 от 15.02.2024 в сумме 8000000(KZT) Вкладчик:Индивидуальный Предприниматель Амирханова Махаббат Сануаровна.,
15.03.2024,003011651627,,88611.11,Алматинский городской Народного Банка Казахстана 960941000145,960941000145,Референс 3074480849 Выплата вознаграждения по депозитному договору № S/004786421/24 от 15.02.2024 Вкладчик:Индивидуальный Предприниматель Амирханова Махаббат Сануаровна.,
07.03.2024,ONBEB3250,100000.0,,"""ForteBank"" 770226050194",770226050194,"Референс 3068017311 Выплата заработной платы за Февраль 2023г. Перечисление юридическим лицом в банк, филиал банка- нерезидента Республики Казахстан заработной платы, оплаты трудового отпуска для последующего зачисления на банковские счета работников данного юридического лица",
07.03.2024,ONB5E2BB5,120000.0,,"""KASPI BANK"" 670706401516",670706401516,"Референс 3068014043 Выплата заработной платы за Февраль 2024г. Перечисление юридическим лицом в банк, филиал банка- нерезидента Республики Казахстан заработной платы, оплаты трудового отпуска для последующего зачисления на банковские счета работников данного юридического лица",
07.03.2024,ONBA12FE6,200000.0,,АМИРХАНОВА М.С.COM 670706401516,670706401516,"Референс 3068010051 Onlinebank Переводы клиентом денег с одного своего текущего счета, открытого в банке, ф-ле банка-нерез-та РК на другой свой текущий счет, открытый в данном банке, в ф-ле данного банка-нерез-та РК RRN=24307D330207",
27.02.2024,ONB321CAF,200000.0,,АМИРХАНОВА М.С.COM 670706401516,670706401516,"Референс 3058953888 Onlinebank Переводы клиентом денег с одного своего текущего счета, открытого в банке, ф-ле банка-нерез-та РК на другой свой текущий счет, открытый в данном банке, в ф-ле данного банка-нерез-та РК RRN=24227D176246",
27.02.2024,ONBDF2B6A,100.0,,Алматинский городской Народного Банка Казахстана 960941000145,960941000145,Референс 3058952140 Перечисление в бюджет нескольким бенефициарам,
15.02.2024,002983977153,12555.0,,Алматинский городской Народного Банка Казахстана 960941000145,960941000145,"Референс 3049231274 Комиссия за операцию ""Абонентская плата"" согласно тарифам банка. НДС не облагается.",
15.02.2024,002983305142,8000000.0,,Индивидуальный Предприниматель Амирханова Махаббат Сануаровна 670706401516,670706401516,Референс 3048770031 Прием вклада по депозитному договору № S/004786421/24 от 15.02.2024 в сумме 8000000(KZT) Вкладчик:Индивидуальный Предприниматель Амирханова Махаббат Сануаровна.,
15.02.2024,131,30000.0,,CONCENT 821118401347,821118401347,"Референс 3048760657 Оплата по договору 3/22 от 13 Сентября 2022г за бухгалтерское сопровождение за Январь-Февраль 2024 Платежи за профессиональные, научные и технические услуги,",
15.02.2024,125,21312.0,,Алматинский городской Народного Банка Казахстана 960941000145,960941000145,Референс 3048760256 Перечисление в бюджет нескольким бенефициарам,
15.02.2024,126,142318.0,,Алматинский городской Народного Банка Казахстана 960941000145,960941000145,Референс 3048760253 Перечисление в бюджет нескольким бенефициарам 3,
15.02.2024,130,95184.0,,Алматинский городской Народного Банка Казахстана 960941000145,960941000145,Референс 3048760213 Перечисление в бюджет нескольким бенефициарам,
15.02.2024,128,22346.0,,"""Государственная",,Референс 3048760104 10% обязательные,
15.02.2024,124,7039.0,,"""Государственная корпорация",,"Референс 3048760050 Социальные отчисления в НАО ""Государственная корпорация",
15.02.2024,127,5950.0,,"""Государственная корпорация",,"Референс 3048759695 Взносы ОСМС в НАО ""Государственная корпорация ""Правительство",
15.02.2024,129,1852.0,,"""Государственная корпорация ""Правительство для граждан"" 160440007161",160440007161,"Референс 3048759694 1,5% обязательные пенсионные взносы работодателя запериод январь 2024 г. cогласно прилагаемого списка. Обязательные пенсионные взносы работодателя",
07.02.2024,121,120000.0,,Амирханова Махаббат Сануаровна@ 670706401516,670706401516,"Референс 3041488521 Выплата заработной платы за Январь 2024г. Перечисление юридическим лицом в банк, филиал банка- нерезидента Республики Казахстан заработной платы, оплаты трудового отпуска для последующего зачисления на банковские счета работников данного юридического лица",
07.02.2024,123,100000.0,,Краснобаев Александр Викторович 770226050194,770226050194,"Референс 3041488193 Выплата заработной платы за Январь 2023г. Перечисление юридическим лицом в банк, филиал банка- нерезидента Республики Казахстан заработной платы, оплаты трудового отпуска для последующего зачисления на банковские счета работников данного юридического лица",
31.01.2024,ЗК-Б12380,,2131600.0,МФО Робокэш.кз 200940013491,200940013491,"Референс 3035271609 мониторинг и обновление актуальных релизов, доработки ПО ноябрь, декабрь 2023 счет на оплату №2 от 25.01.2024 Платежи за профессиональные, научные и технические услуги,",
24.01.2024,120,300000.0,,"""Народный Банк Казахстана"" 940140000385",940140000385,"Референс 3029524873 Для зачисления на счета доверенных лиц организации согласно предоставленному списку. Поездки,",
28.12.2023,121,300000.0,,"""Народный Банк Казахстана"" 940140000385",940140000385,"Референс 3007251866 Для зачисления на счета доверенных лиц организации согласно предоставленному списку. Поездки,",
28.12.2023,122,120000.0,,Амирханова Махаббат Сануаровна@ 670706401516,670706401516,"Референс 3007251787 Выплата заработной платы за Декабрь 2023г. Перечисление юридическим лицом в банк заработной платы, оплаты трудового отпуска для последующего зачисления на банковские счета работников данного юридического лица",
28.12.2023,118,7039.0,,"""Государственная корпорация",,"Референс 3007250784 Социальные отчисления в НАО ""Государственная корпорация",
28.12.2023,119,11111.0,,по Алатаускому 091240012910,091240012910,Референс 3007250520 Индивидуальный подоходный налог за Ноябрь 2023 Начисленные (исчисленные) и иные обязательства в бюджет,
28.12.2023,120,100000.0,,Краснобаев Александр Викторович 770226050194,770226050194,"Референс 3007250459 Выплата заработной платы за Декабрь 2023г. Перечисление юридическим лицом в банк заработной платы, оплаты трудового отпуска для последующего зачисления на банковские счета работников данного юридического лица 4",
28.12.2023,117,22346.0,,"""Государственная",,Референс 3007250272 10% обязательные,
28.12.2023,116,4900.0,,"""Государственная корпорация",,"Референс 3007249433 Взносы ОСМС в НАО ""Государственная корпорация ""Правительство",
08.12.2023,114,120000.0,,Амирханова Махаббат Сануаровна@ 670706401516,670706401516,"Референс 2989888572 Выплата заработной платы за Ноябрь 2023г. Перечисление юридическим лицом в банк заработной платы, оплаты трудового отпуска для последующего зачисления на банковские счета работников данного юридического лица",
08.12.2023,115,100000.0,,Краснобаев Александр Викторович 770226050194,770226050194,"Референс 2989881571 Выплата заработной платы за Ноябрь 2023г. Перечисление юридическим лицом в банк заработной платы, оплаты трудового отпуска для последующего зачисления на банковские счета работников данного юридического лица",
29.11.2023,113,60000.0,,CONCENT 821118401347,821118401347,"Референс 2981433441 Оплата по договору 3/22 от 13 Сентября 2022г за бухгалтерское сопровождение за Сентябрь-Декабрь 2023 Платежи за профессиональные, научные и технические услуги,",
29.11.2023,112,11111.0,,по Алатаускому 091240012910,091240012910,Референс 2981431891 Индивидуальный подоходный налог за Октябрь 2023 Начисленные (исчисленные) и иные обязательства в бюджет,
29.11.2023,110,22346.0,,"""Государственная",,Референс 2981431421 10% обязательные,
29.11.2023,111,7039.0,,"""Государственная корпорация",,"Референс 2981430971 Социальные отчисления в НАО ""Государственная корпорация",
29.11.2023,109,4900.0,,"""Государственная корпорация",,"Референс 2981430690 Взносы ОСМС в НАО ""Государственная корпорация ""Правительство",
29.11.2023,ЗК-Г74499,,1828320.0,МФО Робокэш.кз 200940013491,200940013491,"Референс 2981425218 мониторинг и обновление актуальных релизов, доработки ПО сентябрь, октябрь 2023 ЭСФ №11, №10 от 21.11.2023 Платежи за профессиональные, научные и технические услуги,",
17.11.2023,002901915536,12555.0,,Алматинский городской Народного Банка Казахстана 960941000145,960941000145,"Референс 2972012366 Комиссия за операцию ""Абонентская плата"" согласно тарифам банка. НДС не облагается.",
03.11.2023,106,120000.0,,Амирханова Махаббат Сануаровна@ 670706401516,670706401516,"Референс 2959820246 Выплата заработной платы за Октябрь 2023г. Перечисление юридическим лицом в банк заработной платы, оплаты трудового отпуска для последующего зачисления на банковские счета работников данного юридического лица",
03.11.2023,107,100000.0,,Краснобаев Александр Викторович 770226050194,770226050194,"Референс 2959820010 Выплата заработной платы за Октябрь 2023г. Перечисление юридическим лицом в банк заработной платы, оплаты трудового отпуска для последующего зачисления на банковские счета работников данного юридического лица",
03.11.2023,108,300000.0,,"""Народный Банк Казахстана"" 940140000385",940140000385,"Референс 2959819806 Для зачисления на счета доверенных лиц организации согласно предоставленному списку. Поездки, 5",
05.10.2023,105,7039.0,,"""Государственная корпорация",,"Референс 2936148741 Социальные отчисления в НАО ""Государственная корпорация",
05.10.2023,101,100000.0,,Краснобаев Александр Викторович 770226050194,770226050194,"Референс 2936148508 Выплата заработной платы за Сентябрь 2023г. Перечисление юридическим лицом в банк заработной платы, оплаты трудового отпуска для последующего зачисления на банковские счета работников данного юридического лица",
05.10.2023,102,11111.0,,по Алатаускому 091240012910,091240012910,Референс 2936148413 Индивидуальный подоходный налог за Сентябрь 2023 Начисленные (исчисленные) и иные обязательства в бюджет,
05.10.2023,103,4900.0,,"""Государственная корпорация",,"Референс 2936147853 Взносы ОСМС в НАО ""Государственная корпорация ""Правительство",
05.10.2023,100,120000.0,,Амирханова Махаббат Сануаровна@ 670706401516,670706401516,"Референс 2936147669 Выплата заработной платы за Сентябрь 2023г. Перечисление юридическим лицом в банк заработной платы, оплаты трудового отпуска для последующего зачисления на банковские счета работников данного юридического лица",
05.10.2023,104,22346.0,,"""Государственная",,Референс 2936147449 10% обязательные,
28.09.2023,ЗК-Г44080,,1930320.0,МФО Робокэш.кз 200940013491,200940013491,"Референс 2930026943 мониторинг и обновление актуальных релизов июль, август 2023, доработки ПО июль, август 2023 ЭАВР №8, №9 от 21.09.2023 Платежи за профессиональные, научные и технические услуги,",
20.09.2023,99,370000.0,,"""Народный Банк Казахстана"" 940140000385",940140000385,"Референс 2923326954 Для зачисления на счета доверенных лиц организации согласно предоставленному списку. Поездки,",
06.09.2023,93,120000.0,,Амирханова Махаббат Сануаровна@ 670706401516,670706401516,"Референс 2912168843 Выплата заработной платы за Август 2023г. Перечисление юридическим лицом в банк заработной платы, оплаты трудового отпуска для последующего зачисления на банковские счета работников данного юридического лица",
06.09.2023,98,12021.0,,по Алатаускому 091240012910,091240012910,Референс 2912168284 Индивидуальный подоходный налог за Август 2023 Начисленные (исчисленные) и иные обязательства в бюджет,
06.09.2023,96,22346.0,,"""Государственная",,Референс 2912168063 10% обязательные,
06.09.2023,97,7039.0,,"""Государственная корпорация",,"Референс 2912167858 Социальные отчисления в НАО ""Государственная корпорация",
06.09.2023,94,100000.0,,Краснобаев Александр Викторович 770226050194,770226050194,"Референс 2912167399 Выплата заработной платы за Август 2023г. Перечисление юридическим лицом в банк заработной платы, оплаты трудового отпуска для последующего зачисления на банковские счета работников данного юридического лица",
06.09.2023,95,4900.0,,"""Государственная корпорация",,"Референс 2912166911 Взносы ОСМС в НАО ""Государственная корпорация ""Правительство",
22.08.2023,92,51779.0,,Алматинский городской Народного Банка Казахстана 960941000145,960941000145,Референс 2900091395 Перечисление в бюджет нескольким бенефициарам,
22.08.2023,91,184.0,,"""Государственная корпорация",,Референс 2900088239 Пеня за несвоевременное перечисление обязательных,
19.08.2023,002821065168,,1388800.0,Алматинский городской Народного Банка Казахстана 960941000145 МФО Робокэш.кз 200940013491,960941000145,"Референс 2898198739 Комиссия за операцию ""Абонентская плата"" согласно тарифам банка. НДС не облагается. Референс 2897312864 мониторинг и обновление актуальных релизов июнь 2023, доработки ПО июнь 2023 ЭСФ №7 от 02.08.2023 Платежи за профессиональные, научные и технические услуги,",
10.08.2023,90,300000.0,,"""Народный Банк Казахстана"" 940140000385",940140000385,"Референс 2891250185 Для зачисления на счета доверенных лиц организации согласно предоставленному списку. Поездки,",
03.08.2023,89,300000.0,,"""Народный Банк Казахстана"" 940140000385",940140000385,"Референс 2885804576 Для зачисления на счета доверенных лиц организации согласно предоставленному списку. Поездки,",
03.08.2023,83,120000.0,,Амирханова Махаббат Сануаровна@ 670706401516,670706401516,"Референс 2885791014 Выплата заработной платы за Июль 2023г. Перечисление юридическим лицом в банк заработной платы, оплаты трудового отпуска для последующего зачисления на банковские счета работников данного юридического лица",
03.08.2023,82,100000.0,,Краснобаев Александр Викторович 770226050194,770226050194,"Референс 2885790941 Выплата заработной платы за Июль 2023г. Перечисление юридическим лицом в банк заработной платы, оплаты трудового отпуска для последующего зачисления на банковские счета работников данного юридического лица",
03.08.2023,88,12021.0,,по Алатаускому 091240012910,091240012910,Референс 2885790875 Индивидуальный подоходный налог за Июнь 2023 Начисленные (исчисленные) и иные обязательства в бюджет,
03.08.2023,86,11939.0,,"""Государственная корпорация",,"Референс 2885790707 Социальные отчисления в НАО ""Государственная корпорация",
03.08.2023,87,6966.0,,"""Государственная корпорация",,"Референс 2885789905 Взносы ОСМС в НАО ""Государственная корпорация ""Правительство",
03.08.2023,84,15000.0,,CONCENT 821118401347,821118401347,"Референс 2885789922 Оплата по договору 3/22 от 13 Сентября 2022г за бухгалтерское сопровождение за Август 2023, счет №28 от 03.08.2023 Платежи за профессиональные, научные и технические услуги,",
03.08.2023,85,3100.0,,"""Государственная корпорация",,"Референс 2885789906 Отчисления ОСМС в НАО ""Государственная корпорация",
03.08.2023,86,32680.0,,"""Государственная",,Референс 2885789679 10% обязательные,
18.07.2023,81,45012.0,,Микаилова Ева Магомедовна 991126050505,991126050505,"Референс 2873199690 Расчет при увольнении, Июль 2023г. Перечисление юридическим лицом в банк заработной платы, оплаты трудового отпуска для последующего зачисления на банковские счета работников данного юридического лица",
18.07.2023,80,45012.0,,Амерханов Шамиль Салаудыевич 950813050361,950813050361,"Референс 2873199141 Расчет при увольнении, Июль 2023г Перечисление юридическим лицом в банк заработной платы, оплаты трудового отпуска для последующего зачисления на банковские счета работников данного юридического лица",
13.07.2023,ЗК-Г07681,,2353279.0,МФО Робокэш.кз 200940013491,200940013491,"Референс 2869666241 мониторинг и обновление актуальных релизов апрель, май 2023, доработки ПО апрель, май 2023 ЭАВР №4 от 30.04.2023, ЭАВР №5 от 31.05.2023 Платежи за профессиональные, научные и технические услуги,",
05.07.2023,78,15000.0,,CONCENT 821118401347,821118401347,"Референс 2863951484 Оплата по договору 3/22 от 13 Сентября 2022г за бухгалтерское сопровождение за Июль 2023, счет №26 от 05.07.2023 Платежи за профессиональные, научные и технические услуги,",
05.07.2023,79,12329.0,,по Алатаускому 091240012910,091240012910,Референс 2863932678 Индивидуальный подоходный налог за Июнь 2023 Начисленные (исчисленные) и иные обязательства в бюджет,
05.07.2023,74,7668.0,,"""Государственная корпорация",,"Референс 2863932299 Взносы ОСМС в НАО ""Государственная корпорация ""Правительство",
05.07.2023,77,12289.0,,"""Государственная корпорация",,"Референс 2863932166 Социальные отчисления в НАО ""Государственная корпорация",
05.07.2023,75,36182.0,,"""Государственная",,Референс 2863932025 10% обязательные,
05.07.2023,76,4150.0,,"""Государственная корпорация",,"Референс 2863930826 Отчисления ОСМС в НАО ""Государственная корпорация",
04.07.2023,72,60270.0,,Микаилова Ева Магомедовна 991126050505,991126050505,"Референс 2862674569 Выплата заработной платы за Июнь 2023г. Перечисление юридическим лицом в банк заработной платы, оплаты трудового отпуска для последующего зачисления на банковские счета работников данного юридического лица",
04.07.2023,70,120000.0,,Амирханова Махаббат Сануаровна@ 670706401516,670706401516,"Референс 2862674493 Выплата заработной платы за Июнь 2023г. Перечисление юридическим лицом в банк заработной платы, оплаты трудового отпуска для последующего зачисления на банковские счета работников данного юридического лица",
04.07.2023,73,153689.0,,Амерханов Шамиль Салаудыевич 950813050361,950813050361,"Референс 2862674419 Выплата заработной платы за Апрель-Июнь 2023г Перечисление юридическим лицом в банк заработной платы, оплаты трудового отпуска для последующего зачисления на банковские счета работников данного юридического лица",
04.07.2023,71,100000.0,,Краснобаев Александр Викторович 770226050194,770226050194,"Референс 2862674088 Выплата заработной платы за Июнь 2023г. Перечисление юридическим лицом в банк заработной платы, оплаты трудового отпуска для последующего зачисления на банковские счета работников данного юридического лица 8",
23.06.2023,Z69,,93419.0,Народный Банк Республики Казахстан 950813050361,950813050361,"Референс 2854285437 Возврат, неверный формат - реф.: 0223623617204256,23.06.2023, Выплатазаработной платы за Апрель-Май 2023г Перечисление юридическим лицом вбанк заработной платы, оплаты трудового отпуска для последующего зачисления на банковские счета работников данного юридического лица",
23.06.2023,22,93419.0,,Микаилова Ева Магомедовна 991126050505,991126050505,"Референс 2854252984 Выплата заработной платы за Апрель-Май 2023г. Перечисление юридическим лицом в банк заработной платы, оплаты трудового отпуска для последующего зачисления на банковские счета работников данного юридического лица",
23.06.2023,69,93419.0,,Амерханов Шамиль Салаудыевич 950813050361,950813050361,"Референс 2854252842 Выплата заработной платы за Апрель-Май 2023г Перечисление юридическим лицом в банк заработной платы, оплаты трудового отпуска для последующего зачисления на банковские счета работников данного юридического лица",
23.06.2023,68,200000.0,,"""Народный Банк Казахстана"" 940140000385",940140000385,"Референс 2854252062 Для зачисления на счета доверенных лиц организации согласно предоставленному списку. Поездки,",
06.06.2023,58,100000.0,,Краснобаев Александр Викторович 770226050194,770226050194,"Референс 2840431650 Выплата заработной платы за Май 2023г. Перечисление юридическим лицом в банк заработной платы, оплаты трудового отпуска для последующего зачисления на банковские счета работников данного юридического лица",
06.06.2023,60,7668.0,,"""Государственная корпорация",,"Референс 2840431465 Взносы ОСМС в НАО ""Государственная корпорация ""Правительство",
06.06.2023,62,12289.0,,"""Государственная корпорация",,"Референс 2840431466 Социальные отчисления в НАО ""Государственная корпорация",
06.06.2023,64,36182.0,,"""Государственная",,Референс 2840431256 10% обязательные,
06.06.2023,66,12329.0,,по Алатаускому 091240012910,091240012910,Референс 2840431168 Индивидуальный подоходный налог за Май 2023 Начисленные (исчисленные) и иные обязательства в бюджет,
06.06.2023,63,36182.0,,"""Государственная",,Референс 2840430710 10% обязательные,
06.06.2023,59,15000.0,,CONCENT 821118401347,821118401347,"Референс 2840430728 Оплата по договору 3/22 от 13 Сентября 2022г за бухгалтерское сопровождение за Июнь 2023, счет №22 от 06.06.2023 Платежи за профессиональные, научные и технические услуги,",
06.06.2023,57,120000.0,,Амирханова Махаббат Сануаровна@ 670706401516,670706401516,"Референс 2840430615 Выплата заработной платы за Май 2023г. Перечисление юридическим лицом в банк заработной платы, оплаты трудового отпуска для последующего зачисления на банковские счета работников данного юридического лица",
06.06.2023,61,12289.0,,"""Государственная корпорация",,"Референс 2840430600 Социальные отчисления в НАО ""Государственная корпорация",
06.06.2023,65,4150.0,,"""Государственная корпорация",,"Референс 2840430145 Отчисления ОСМС в НАО ""Государственная корпорация",
