﻿Дата,Номер документа,Дебет,Кредит,Контрагент (имя),Контрагент ИИН/БИН,Детали платежа,КНП
31.05.2024,102,7671.54,,"""Aura Kazakhstan"" Казахстан) 011040000945",011040000945,"Референс 3143186716 возврат средств за непредоставленный товар Возврат средств за непредоставленные товары,",
16.02.2024,97,7480.0,,Алматинский городской Народного Банка Казахстана 960941000145,960941000145,Референс 3050205300 Перечисление в бюджет нескольким бенефициарам,
16.02.2024,98,1700.0,,"""Государственная корпорация",,"Референс 3050205257 Взносы ОСМС в НАО ""Государственная корпорация ""Правительство",
16.02.2024,96,8500.0,,"""Государственная",,Референс 3050205225 10% обязательные,
30.01.2024,94,7040.0,,Алматинский городской Народного Банка Казахстана 960941000145,960941000145,Референс 3034135046 Перечисление в бюджет нескольким бенефициарам,
30.01.2024,92,4900.0,,"""Государственная корпорация",,"Референс 3034133860 Взносы ОСМС в НАО ""Государственная корпорация ""Правительство",
30.01.2024,90,15000.0,,"""Государственная",,Референс 3034133881 Обязательные,
30.01.2024,93,8000.0,,"""Государственная",,Референс 3034133864 10% обязательные,
30.01.2024,95,1600.0,,"""Государственная корпорация",,"Референс 3034133882 Взносы ОСМС в НАО ""Государственная корпорация ""Правительство",
30.01.2024,91,4725.0,,"""Государственная корпорация",,"Референс 3034133879 Социальные отчисления в НАО ""Государственная корпорация",
25.12.2023,86,4900.0,,"""Государственная корпорация",,"Референс 3003744913 Взносы ОСМС в НАО ""Государственная корпорация ""Правительство",
25.12.2023,84,15000.0,,"""Государственная",,Референс 3003745244 Обязательные,
25.12.2023,88,7040.0,,Алматинский городской Народного Банка Казахстана 960941000145,960941000145,Референс 3003750125 Перечисление в бюджет нескольким бенефициарам,
25.12.2023,89,1600.0,,"""Государственная корпорация",,"Референс 3003748849 Взносы ОСМС в НАО ""Государственная корпорация ""Правительство",
25.12.2023,87,8000.0,,"""Государственная",,Референс 3003747829 10% обязательные,
25.12.2023,85,4725.0,,"""Государственная корпорация",,"Референс 3003743656 Социальные отчисления в НАО ""Государственная корпорация",
20.12.2023,82,660.0,,"Республиканское государственное учреждение ""Управление государственных доходов городу Талдыкорган Департамента государственных доходов области Жетісу Комитета государcтвенных Министерства финансов Республики Казахстан"" 090440000545",870511401786,Референс 2999726443 Гос.пошлина ИИН 870511401786 Нурбаева Манар Начисленные (исчисленные) и иные обязательства в бюджет,
20.12.2023,83,2488.0,,"Республиканское государственное учреждение ""Управление государственных доходов городу Талдыкорган Департамента государственных доходов области Жетісу Комитета государcтвенных Министерства финансов Республики Казахстан"" 090440000545",830125400415,Референс 2999726439 Гос.пошлина ИИН 830125400415 Серикбаева Д. Начисленные (исчисленные) и иные обязательства в бюджет,
20.12.2023,81,2656.0,,"Республиканское государственное учреждение ""Управление государственных доходов городу Талдыкорган Департамента государственных доходов области Жетісу Комитета государcтвенных Министерства финансов Республики Казахстан"" 090440000545",670101311627,Референс 2999725945 Гос.пошлина ИИН 670101311627 Kенебаева Ж.С. Начисленные (исчисленные) и иные обязательства в бюджет 2,
20.12.2023,78,490.0,,"Республиканское государственное учреждение ""Управление государственных доходов городу Талдыкорган Департамента государственных доходов области Жетісу Комитета государcтвенных Министерства финансов Республики Казахстан"" 090440000545",941009401933,Референс 2999718217 Гос.пошлина ИИН 941009401933 Жексенова Б.Б Начисленные (исчисленные) и иные обязательства в бюджет,
20.12.2023,79,3685.0,,"Республиканское государственное учреждение ""Управление государственных доходов городу Талдыкорган Департамента государственных доходов области Жетісу Комитета государcтвенных Министерства финансов Республики Казахстан"" 090440000545",780625403703,Референс 2999717556 Гос.пошлина ИИН 780625403703 Жұмаділ С Начисленные (исчисленные) и иные обязательства в бюджет,
20.12.2023,80,2635.0,,"Республиканское государственное учреждение ""Управление государственных доходов городу Талдыкорган Департамента государственных доходов области Жетісу Комитета государcтвенных Министерства финансов Республики Казахстан"" 090440000545",650318400595,Референс 2999716682 Гос.пошлина ИИН 650318400595 Кажибаева Асия Начисленные (исчисленные) и иные обязательства в бюджет,
20.12.2023,76,357.0,,"Республиканское государственное учреждение ""Управление государственных доходов городу Талдыкорган Департамента государственных доходов области Жетісу Комитета государcтвенных Министерства финансов Республики Казахстан"" 090440000545",750315403326,Референс 2999699831 Гос.пошлина ИИН 750315403326 Бабақұмар Ж. Начисленные (исчисленные) и иные обязательства в бюджет,
20.12.2023,75,2530.0,,"Республиканское государственное учреждение ""Управление государственных доходов городу Талдыкорган Департамента государственных доходов области Жетісу Комитета государcтвенных Министерства финансов Республики Казахстан"" 090440000545",610101413768,Референс 2999699465 Гос.пошлина ИИН 610101413768 Аккалакова Г.Ж. Начисленные (исчисленные) и иные обязательства в бюджет,
20.12.2023,77,1177.0,,"Республиканское государственное учреждение ""Управление государственных доходов городу Талдыкорган Департамента государственных доходов области Жетісу Комитета государcтвенных Министерства финансов Республики Казахстан"" 090440000545",751123402931,Референс 2999699455 Гос.пошлина ИИН 751123402931 Баянбаева А Начисленные (исчисленные) и иные обязательства в бюджет 3,
15.12.2023,75,301188.0,,Алматинский городской Народного Банка Казахстана 960941000145,960941000145,Референс 2996341675 Перечисление в бюджет нескольким бенефициарам,
15.12.2023,76,3000.0,,Алматинский городской Народного Банка Казахстана 960941000145,960941000145,Референс 2996340956 Перечисление в бюджет нескольким бенефициарам,
15.12.2023,889,,350000.0,Aura Kazakhstan Аура Казахстан 011040000945,011040000945,"Референс 2996283255 Возврат средств за непредставленные товары Возврат средств за непредоставленные товары,",
07.12.2023,73,2077.0,,"Республиканское государственное учреждение ""Управление государственных доходов городу Талдыкорган Департамента государственных доходов области Жетісу Комитета государcтвенных Министерства финансов Республики Казахстан"" 090440000545",820507302727,Референс 2989127883 Гос.пошлина Мудат Асет ИИН 820507302727 Начисленные (исчисленные) и иные обязательства в бюджет,
07.12.2023,74,1870.0,,"Республиканское государственное учреждение ""Управление государственных доходов городу Талдыкорган Департамента государственных доходов области Жетісу Комитета государcтвенных Министерства финансов Республики Казахстан"" 090440000545",740613302191,Референс 2989127198 Гос.пошлина Култаев Арда Тургалиевич ИИН 740613302191 Начисленные (исчисленные) и иные обязательства в бюджет,
06.12.2023,72,70000.0,,"Компания по страхованию жизни ""Freedom Finance Life"" 140940003807",140940003807,"Референс 2987948043 страховая премия №7780086733 от 23.11.23г по счёту № 19620 от 23.11.23г. Прочие страховые премии,",
24.11.2023,70,7040.0,,Алматинский городской Народного Банка Казахстана 960941000145,960941000145,Референс 2977679841 Перечисление в бюджет нескольким бенефициарам,
24.11.2023,69,8000.0,,"""Государственная",,Референс 2977678925 10% обязательные,
24.11.2023,71,1600.0,,"""Государственная корпорация",,"Референс 2977677682 Взносы ОСМС в НАО ""Государственная корпорация ""Правительство",
24.11.2023,68,16961.0,,Алматинский городской Народного Банка Казахстана 960941000145,960941000145,Референс 2977659584 Перечисление в бюджет нескольким бенефициарам,
24.11.2023,67,12500.0,,"""Государственная корпорация",,"Референс 2977650378 Взносы ОСМС в НАО ""Государственная корпорация ""Правительство",
24.11.2023,64,53000.0,,"""Государственная",,Референс 2977648762 Обязательные,
24.11.2023,66,11400.0,,"""Государственная корпорация",,"Референс 2977648754 Отчисления ОСМС в НАО ""Государственная корпорация",
24.11.2023,65,16695.0,,"""Государственная корпорация",,"Референс 2977647979 Социальные отчисления в НАО ""Государственная корпорация",
26.10.2023,62,7040.0,,Алматинский городской Народного Банка Казахстана 960941000145,960941000145,Референс 2952921439 Перечисление в бюджет нескольким бенефициарам,
26.10.2023,61,8000.0,,"""Государственная",,Референс 2952919630 10% обязательные,
26.10.2023,63,1600.0,,"""Государственная корпорация",,"Референс 2952917922 Взносы ОСМС в НАО ""Государственная корпорация ""Правительство",
26.10.2023,60,16961.0,,Алматинский городской Народного Банка Казахстана 960941000145,960941000145,Референс 2952914999 Перечисление в бюджет нескольким бенефициарам,
26.10.2023,57,16695.0,,"""Государственная корпорация",,"Референс 2952913918 Социальные отчисления в НАО ""Государственная корпорация",
26.10.2023,59,12500.0,,"""Государственная корпорация",,"Референс 2952913727 Взносы ОСМС в НАО ""Государственная корпорация ""Правительство",
26.10.2023,56,53000.0,,"""Государственная",,Референс 2952913546 Обязательные,
26.10.2023,58,11400.0,,"""Государственная корпорация",,"Референс 2952913416 Отчисления ОСМС в НАО ""Государственная корпорация",
27.09.2023,54,7040.0,,Алматинский городской Народного Банка Казахстана 960941000145,960941000145,Референс 2929146678 Перечисление в бюджет нескольким бенефициарам,
27.09.2023,53,8000.0,,"""Государственная",,Референс 2929146563 10% обязательные,
27.09.2023,55,1600.0,,"""Государственная корпорация",,"Референс 2929146389 Взносы ОСМС в НАО ""Государственная корпорация ""Правительство",
25.09.2023,52,17094.0,,Алматинский городской Народного Банка Казахстана 960941000145,960941000145,Референс 2927160934 Перечисление в бюджет нескольким бенефициарам,
25.09.2023,50,19145.0,,"""Государственная корпорация",,"Референс 2927160528 Социальные отчисления в НАО ""Государственная корпорация",
25.09.2023,51,13500.0,,"""Государственная корпорация",,"Референс 2927160253 Отчисления ОСМС в НАО ""Государственная корпорация",
25.09.2023,48,60000.0,,"""Государственная",,Референс 2927159970 Обязательные,
25.09.2023,49,13900.0,,"""Государственная корпорация",,"Референс 2927159784 Взносы ОСМС в НАО ""Государственная корпорация ""Правительство",
18.09.2023,47,29000000.0,,"""Aura Kazakhstan"" Казахстан) 011040000945",011040000945,"Референс 2921127758 Оплата согл. счета №13 от 26.01.2023г. за товар Платежи за товары, за исключением недвижимости и товаров с кодами назначения платежей 711, 712 и 713,",
08.09.2023,002839291391,900.0,,Алматинский городской Народного Банка Казахстана 960941000145,960941000145,"Референс 2914515437 Комиссия за операцию ""Зачисление средств на счет клиента через АДМ № 20070001"" согласно тарифам банка. НДС не облагается.",
08.09.2023,002839291393,910.0,,Алматинский городской Народного Банка Казахстана 960941000145,960941000145,"Референс 2914515439 Комиссия за операцию ""Зачисление средств на счет клиента через АДМ № 20070001"" согласно тарифам банка. НДС не облагается.",
08.09.2023,002839291387,1980.0,,Алматинский городской Народного Банка Казахстана 960941000145,960941000145,"Референс 2914515433 Комиссия за операцию ""Зачисление средств на счет клиента через АДМ № 20070001"" согласно тарифам банка. НДС не облагается.",
08.09.2023,002839291380,2000.0,,Алматинский городской Народного Банка Казахстана 960941000145,960941000145,"Референс 2914515428 Комиссия за операцию ""Зачисление средств на счет клиента через АДМ № 20070001"" согласно тарифам банка. НДС не облагается.",
08.09.2023,002839291377,500.0,,Алматинский городской Народного Банка Казахстана 960941000145,960941000145,"Референс 2914515425 Комиссия за операцию ""Зачисление средств на счет клиента через АДМ № 20070001"" согласно тарифам банка. НДС не облагается.",
08.09.2023,002839291373,500.0,,Алматинский городской Народного Банка Казахстана 960941000145,960941000145,"Референс 2914515421 Комиссия за операцию ""Зачисление средств на счет клиента через АДМ № 20070001"" согласно тарифам банка. НДС не облагается.",
08.09.2023,002839291366,830.0,,Алматинский городской Народного Банка Казахстана 960941000145,960941000145,"Референс 2914515414 Комиссия за операцию ""Зачисление средств на счет клиента через АДМ № 20070001"" согласно тарифам банка. НДС не облагается.",
08.09.2023,002839291371,980.0,,Алматинский городской Народного Банка Казахстана 960941000145,960941000145,"Референс 2914515419 Комиссия за операцию ""Зачисление средств на счет клиента через АДМ № 20070001"" согласно тарифам банка. НДС не облагается.",
08.09.2023,002839291361,400.0,,Алматинский городской Народного Банка Казахстана 960941000145,960941000145,"Референс 2914515409 Комиссия за операцию ""Зачисление средств на счет клиента через АДМ № 20070001"" согласно тарифам банка. НДС не облагается.",
08.09.2023,002839119052,40000.0,,Алматинский городской Народного Банка Казахстана 960941000145,960941000145,"Референс 2914379635 Комиссия за операцию ""Прием наличных денег в тенге"" согласно тарифам банка. НДС не облагается. 6",
08.09.2023,10,,20000000.0,Народный Банк Республики Казахстан 940140000385,940140000385,Референс 2914365364 сбой АК в РКО 134009 от 08.09.2023г. -согл СЗ от 08.09.2023г.,
08.09.2023,AW1661839292,,400000.0,Народный Банк Казахстана 940140000385,940140000385,Референс 2914357071 Пополнение с терминала 20070001,
08.09.2023,AW1661836774,,830000.0,Народный Банк Казахстана 940140000385,940140000385,Референс 2914350950 Пополнение с терминала 20070001,
08.09.2023,AW1661835103,,980000.0,Народный Банк Казахстана 940140000385,940140000385,Референс 2914347985 Пополнение с терминала 20070001,
08.09.2023,AW1661833340,,500000.0,Народный Банк Казахстана 940140000385,940140000385,Референс 2914344763 Пополнение с терминала 20070001,
08.09.2023,AW1661831583,,500000.0,Народный Банк Казахстана 940140000385,940140000385,Референс 2914342048 Пополнение с терминала 20070001,
08.09.2023,AW1661829302,,2000000.0,Народный Банк Казахстана 940140000385,940140000385,Референс 2914340162 Пополнение с терминала 20070001,
08.09.2023,AW1661827671,,1980000.0,Народный Банк Казахстана 940140000385,940140000385,Референс 2914337997 Пополнение с терминала 20070001,
08.09.2023,AW1661825715,,900000.0,Народный Банк Казахстана 940140000385,940140000385,Референс 2914336221 Пополнение с терминала 20070001,
08.09.2023,AW1661823081,,910000.0,Народный Банк Казахстана 940140000385,940140000385,Референс 2914333143 Пополнение с терминала 20070001,
05.09.2023,44,7040.0,,Алматинский городской Народного Банка Казахстана 960941000145,960941000145,Референс 2910744876 Перечисление в бюджет нескольким бенефициарам,
05.09.2023,45,1600.0,,"""Государственная корпорация",,"Референс 2910743516 Взносы ОСМС в НАО ""Государственная корпорация ""Правительство",
05.09.2023,43,8000.0,,"""Государственная",,Референс 2910743382 10% обязательные,
22.08.2023,42,374130.0,,Алматинский городской Народного Банка Казахстана 960941000145,960941000145,Референс 2900356601 Перечисление в бюджет нескольким бенефициарам,
22.08.2023,41,17094.0,,Алматинский городской Народного Банка Казахстана 960941000145,960941000145,Референс 2900331662 Перечисление в бюджет нескольким бенефициарам,
22.08.2023,37,60000.0,,"""Государственная",,Референс 2900330507 Обязательные,
22.08.2023,39,13500.0,,"""Государственная корпорация",,"Референс 2900330510 Отчисления ОСМС в НАО ""Государственная корпорация",
22.08.2023,38,19145.0,,"""Государственная корпорация",,"Референс 2900330505 Социальные отчисления в НАО ""Государственная корпорация",
22.08.2023,40,13900.0,,"""Государственная корпорация",,"Референс 2900330384 Взносы ОСМС в НАО ""Государственная корпорация ""Правительство",
21.08.2023,002822520347,550.0,,Алматинский городской Народного Банка Казахстана 960941000145,960941000145,"Референс 2899584347 Комиссия за операцию ""Зачисление средств на счет клиента через АДМ № 27070004"" согласно тарифам банка. НДС не облагается.",
21.08.2023,AW1652847229,,550000.0,Народный Банк Казахстана 940140000385,940140000385,Референс 2899080807 Пополнение с терминала 27070004 ПОПОЛНЕНИЯ,
26.07.2023,36,3000000.0,,"""Aura Kazakhstan"" Казахстан) 011040000945",011040000945,"Референс 2879442197 Оплата согл. счета №13 от 26.01.2023г. за товар Платежи за товары, за исключением недвижимости и товаров с кодами назначения платежей 711, 712 и 713,",
26.07.2023,33,7040.0,,Алматинский городской АО «Народный Казахстана» 960941000145,960941000145,Референс 2879431146 Перечисление в бюджет нескольким бенефициарам,
26.07.2023,32,8000.0,,"""Государственная",,Референс 2879431051 10% обязательные,
26.07.2023,35,1600.0,,"""Государственная корпорация",,"Референс 2879430467 Взносы ОСМС в НАО ""Государственная корпорация ""Правительство",
25.07.2023,31,13900.0,,"""Государственная корпорация",,"Референс 2878766211 Взносы ОСМС в НАО ""Государственная корпорация ""Правительство",
25.07.2023,30,60000.0,,"""Государственная",,Референс 2878766183 10% обязательные,
25.07.2023,33,13500.0,,"""Государственная корпорация",,"Референс 2878766146 Отчисления ОСМС в НАО ""Государственная корпорация",
25.07.2023,32,19145.0,,"""Государственная корпорация",,"Референс 2878766144 Социальные отчисления в НАО ""Государственная корпорация",
25.07.2023,34,17094.0,,Алматинский городской АО «Народный Казахстана» 960941000145,960941000145,Референс 2878766129 Перечисление в бюджет нескольким бенефициарам,
21.07.2023,002796997425,3000.0,,Алматинский городской Народного Банка Казахстана 960941000145,960941000145,"Референс 2876171094 Комиссия за операцию ""Зачисление средств на счет клиента через АДМ № 27070003"" согласно тарифам банка. НДС не облагается.",
21.07.2023,AW1638166240,,3000000.0,Народный Банк Казахстана 940140000385,940140000385,Референс 2875687184 Пополнение с терминала 27070003 ПОПОЛНЕНИЯ СЧЕТА,
30.06.2023,25,20000000.0,,"""Aura Kazakhstan"" Казахстан) 011040000945",011040000945,"Референс 2859472171 Оплата согл. счета №13 от 26.01.2023г. за товар Платежи за товары, за исключением недвижимости и товаров с кодами назначения платежей 711, 712 и 713, 8",
29.06.2023,002777867280,10000.0,,Алматинский городской АО «Народный Казахстана» 960941000145,960941000145,"Референс 2858755602 Комиссия за операцию ""Зачисление средств на счет клиента через АДМ № 13070006"" согласно тарифам банка. НДС не облагается.",
29.06.2023,002777867248,2940.0,,Алматинский городской АО «Народный Казахстана» 960941000145,960941000145,"Референс 2858755570 Комиссия за операцию ""Зачисление средств на счет клиента через АДМ № 13070010"" согласно тарифам банка. НДС не облагается.",
29.06.2023,AW1627702941,,2940000.0,Народный Банк Казахстана 940140000385,940140000385,Референс 2858603642 Пополнение с терминала 13070010 ПОПОЛНЕНИЕ,
29.06.2023,002777702029,14120.0,,Алматинский городской АО «Народный Казахстана» 960941000145,960941000145,"Референс 2858577283 Комиссия за операцию ""Взнос на текущий счет ЮЛ через АК"" согласно тарифам банка. НДС не облагается.",
29.06.2023,002777701952,,7060000.0,Народный Банк Республики Казахстан 940140000385,940140000385,Референс 2858577118 Взнос на текущий счет ЮЛ/ПБОЮЛ через АК (Взнос наличных денег на текущие или корреспондентские счета),
29.06.2023,AW1627681368,,10000000.0,Народный Банк Казахстана 940140000385,940140000385,Референс 2858540378 Пополнение с терминала 13070006 ПОПОЛНЕНИЕ,
26.06.2023,30,13900.0,,"""Государственная корпорация",,"Референс 2856094667 Взносы ОСМС в НАО ""Государственная корпорация ""Правительство",
26.06.2023,29,13500.0,,"""Государственная корпорация",,"Референс 2856094665 Отчисления ОСМС в НАО ""Государственная корпорация",
26.06.2023,30,17094.0,,Алматинский городской АО «Народный Казахстана» 960941000145,960941000145,Референс 2856094663 Перечисление в бюджет нескольким бенефициарам,
26.06.2023,28,60000.0,,"""Государственная",,Референс 2856094607 10% обязательные,
26.06.2023,29,19145.0,,"""Государственная корпорация",,"Референс 2856094550 Социальные отчисления в НАО ""Государственная корпорация",
19.06.2023,28,7040.0,,Алматинский городской АО «Народный Казахстана» 960941000145,960941000145,Референс 2850643495 Перечисление в бюджет нескольким бенефициарам,
19.06.2023,28,1600.0,,"""Государственная корпорация",,"Референс 2850641677 Взносы ОСМС в НАО ""Государственная корпорация ""Правительство",
19.06.2023,25,8000.0,,"""Государственная",,Референс 2850641674 10% обязательные,
