﻿Дата,Номер документа,Дебет,Кредит,Контрагент (имя),Контрагент ИИН/БИН,Детали платежа,КНП
29.01.2024,ONBA55782,8000.0,,"""Народный Банк Казахстана"" 940140000385",940140000385,Референс 3033370218 Onlinebank Пополнение эквайрингового контракта Поездки RRN=OB24T0BOXTH7,
29.01.2024,ONB5920E9,,8000.0,УРАЗБАЕВА А.К.COM 641011400676,641011400676,"Референс 3033366277 Onlinebank, Переводы клиентом денег с одного своего текущего счета, открытого в банке, на другой свой текущий счет, открытый в данном банке",
29.01.2024,ONB4B16E9,5000.0,,УРАЗБАЕВА А.К.COM 641011400676,641011400676,"Референс 3033358760 Onlinebank Переводы клиентом денег с одного своего текущего счета, открытого в банке, ф-ле банка-нерез-та РК на другой свой текущий счет, открытый в данном банке, в ф-ле данного банка-нерез-та РК RRN=24129D733956",
29.01.2024,AW1727934346,,5000.0,Народный Банк Казахстана 940140000385,940140000385,Референс 3033356333 Взнос наличных денег на счёт ЮЛ/ИП через Терминал 25080002; 641011400676 ПОПОЛНЕНИЕ,
