﻿Дата,Номер документа,Дебет,Кредит,Контрагент (имя),Контрагент ИИН/БИН,Детали платежа,КНП
02.12.2024,003286373346,300.0,,Астанинский городской Народного Банка Казахстана 950341000052,950341000052,"Референс 3320362992 За операцию. Информационные справки, предоставляемые по запросу клиента (за каждый экземпляр) в системе ONLINEBANK с учетом НДС Комиссия за справки.",
02.12.2024,45302985,,77674.87,НАРОДНЫЙ БАНК РЕСПУБЛИКИ КАЗАХСТАН 940140000385,940140000385,Референс 3319672718 Расчеты по карточкам за 01/12/24 Без НДС согласно договора 488883/3-30/05/24,
01.12.2024,45270014,,1537.6,НАРОДНЫЙ БАНК РЕСПУБЛИКИ КАЗАХСТАН 940140000385,940140000385,Референс 3319280962 Расчеты по карточкам за 30/11/24 Без НДС согласно договора 488883/3-30/05/24,
30.11.2024,45237161,,6825.42,НАРОДНЫЙ БАНК РЕСПУБЛИКИ КАЗАХСТАН 940140000385,940140000385,Референс 3318718934 Расчеты по карточкам за 29/11/24 Без НДС согласно договора 488883/3-30/05/24,
29.11.2024,003283744128,1500.0,,Астанинский городской Народного Банка Казахстана 950341000052,871028464481,Референс 3317770460 CMSTAKE Комиссия за ведение счета KZ55601A871028464481 за 11 месяц,
29.11.2024,45173281,,744.0,НАРОДНЫЙ БАНК РЕСПУБЛИКИ КАЗАХСТАН 940140000385,940140000385,Референс 3317320247 Расчеты по карточкам за 28/11/24 Без НДС согласно договора 488883/3-30/05/24,
28.11.2024,45151586,,26920.57,НАРОДНЫЙ БАНК РЕСПУБЛИКИ КАЗАХСТАН 940140000385,940140000385,Референс 3316237070 Расчеты по карточкам за 27/11/24 Без НДС согласно договора 488883/3-30/05/24,
26.11.2024,003280246629,300.0,,Астанинский городской Народного Банка Казахстана 950341000052,950341000052,"Референс 3314798694 За операцию. Информационные справки, предоставляемые по запросу клиента (за каждый экземпляр) в системе ONLINEBANK с учетом НДС Комиссия за справки.",
26.11.2024,45056321,,4637.6,НАРОДНЫЙ БАНК РЕСПУБЛИКИ КАЗАХСТАН 940140000385,940140000385,Референс 3314070656 Расчеты по карточкам за 25/11/24 Без НДС согласно договора 488883/3-30/05/24,
25.11.2024,ONB9WR7U3,177000.0,,БЕКТУРСУНОВА АСЕМГУЛЬ САЙРАНОВНА (ИП Капучино) 780723450143,780723450143,"Референс 3312854938 Перевод между своими счетами Переводы клиентом денег с одного своего текущего счета, открытого в банке, ф- ле банка-нерез-та РК на другой свой текущий счет, открытый в данном банке, в ф-ле данного банка-нерез-та РК",
25.11.2024,45045262,,41336.28,НАРОДНЫЙ БАНК РЕСПУБЛИКИ КАЗАХСТАН 940140000385,940140000385,Референс 3312748197 Расчеты по карточкам за 24/11/24 Без НДС согласно договора 488883/3-30/05/24,
24.11.2024,44984933,,18158.56,НАРОДНЫЙ БАНК РЕСПУБЛИКИ КАЗАХСТАН 940140000385,940140000385,Референс 3312227982 Расчеты по карточкам за 23/11/24 Без НДС согласно договора 488883/3-30/05/24,
23.11.2024,44945807,,15085.62,НАРОДНЫЙ БАНК РЕСПУБЛИКИ КАЗАХСТАН 940140000385,940140000385,Референс 3311787192 Расчеты по карточкам за 22/11/24 Без НДС согласно договора 488883/3-30/05/24,
21.11.2024,44894346,,6950.07,НАРОДНЫЙ БАНК РЕСПУБЛИКИ КАЗАХСТАН 940140000385,940140000385,Референс 3309527194 Расчеты по карточкам за 20/11/24 Без НДС согласно договора 488883/3-30/05/24,
20.11.2024,44820298,,8134.4,НАРОДНЫЙ БАНК РЕСПУБЛИКИ КАЗАХСТАН 940140000385,940140000385,Референс 3308309201 Расчеты по карточкам за 19/11/24 Без НДС согласно договора 488883/3-30/05/24,
18.11.2024,44761748,,54068.29,НАРОДНЫЙ БАНК РЕСПУБЛИКИ КАЗАХСТАН 940140000385,940140000385,Референс 3305995578 Расчеты по карточкам за 17/11/24 Без НДС согласно договора 488883/3-30/05/24,
17.11.2024,44719794,,23679.04,НАРОДНЫЙ БАНК РЕСПУБЛИКИ КАЗАХСТАН 940140000385,940140000385,Референс 3305539324 Расчеты по карточкам за 16/11/24 Без НДС согласно договора 488883/3-30/05/24,
14.11.2024,44615164,,659.68,НАРОДНЫЙ БАНК РЕСПУБЛИКИ КАЗАХСТАН 940140000385,940140000385,Референс 3302921057 Расчеты по карточкам за 13/11/24 Без НДС согласно договора 488883/3-30/05/24,
13.11.2024,15,532000.0,,"""Полиграфсервис"" 990240001782",990240001782,"Референс 3302529834 Оплата согласно счета №00000001844 от 13.11.2024 года. Платежи за товары, за исключением недвижимости и товаров с кодами назначения платежей 711, 712 и 713,",
13.11.2024,ONBC2GW84,250000.0,,АСЕМГУЛЬ Б. 780723450143,780723450143,Референс 3302402510 PHONE_NUMBER 7088385470 На зп Прочие безвозмездные переводы денег RRN=24B13D810268,
13.11.2024,ONBL711YB,110000.0,,ЛЮБОВЬ Ш. 010601651398,010601651398,Референс 3302264042 PHONE_NUMBER 7054908063 День рождения Прочие безвозмездные переводы денег RRN=24B13D807517,
11.11.2024,ONBB2VTYU,73590.0,,АСЕМГУЛЬ Б. 780723450143,780723450143,Референс 3300322134 PHONE_NUMBER 7088385470 Октябрь Прочие безвозмездные переводы денег RRN=24B11D766737,
11.11.2024,ONBG02CO6,350290.0,,ЛЮБОВЬ Ш. 010601651398,010601651398,Референс 3300294151 PHONE_NUMBER 7054908063 Октябрь Прочие безвозмездные переводы денег RRN=24B11D766197,
11.11.2024,44480056,,25243.87,НАРОДНЫЙ БАНК РЕСПУБЛИКИ КАЗАХСТАН 940140000385,940140000385,Референс 3299474900 Расчеты по карточкам за 10/11/24 Без НДС согласно договора 488883/3-30/05/24,
10.11.2024,44426907,,32140.8,НАРОДНЫЙ БАНК РЕСПУБЛИКИ КАЗАХСТАН 940140000385,940140000385,Референс 3298933391 Расчеты по карточкам за 09/11/24 Без НДС согласно договора 488883/3-30/05/24,
09.11.2024,44408488,,8893.28,НАРОДНЫЙ БАНК РЕСПУБЛИКИ КАЗАХСТАН 940140000385,940140000385,Референс 3298447585 Расчеты по карточкам за 08/11/24 Без НДС согласно договора 488883/3-30/05/24,
08.11.2024,44345843,,34789.81,НАРОДНЫЙ БАНК РЕСПУБЛИКИ КАЗАХСТАН 940140000385,940140000385,Референс 3297118478 Расчеты по карточкам за 07/11/24 Без НДС согласно договора 488883/3-30/05/24,
07.11.2024,44334050,,659.68,НАРОДНЫЙ БАНК РЕСПУБЛИКИ КАЗАХСТАН 940140000385,940140000385,Референс 3295879430 Расчеты по карточкам за 06/11/24 Без НДС согласно договора 488883/3-30/05/24,
06.11.2024,44293330,,22106.72,НАРОДНЫЙ БАНК РЕСПУБЛИКИ КАЗАХСТАН 940140000385,940140000385,Референс 3294584844 Расчеты по карточкам за 05/11/24 Без НДС согласно договора 488883/3-30/05/24,
05.11.2024,44236317,,38926.85,НАРОДНЫЙ БАНК РЕСПУБЛИКИ КАЗАХСТАН 940140000385,940140000385,Референс 3293220372 Расчеты по карточкам за 04/11/24 Без НДС согласно договора 488883/3-30/05/24,
04.11.2024,44206076,,45170.72,НАРОДНЫЙ БАНК РЕСПУБЛИКИ КАЗАХСТАН 940140000385,940140000385,Референс 3291801515 Расчеты по карточкам за 03/11/24 Без НДС согласно договора 488883/3-30/05/24,
03.11.2024,44182842,,114384.96,НАРОДНЫЙ БАНК РЕСПУБЛИКИ КАЗАХСТАН 940140000385,940140000385,Референс 3291358793 Расчеты по карточкам за 02/11/24 Без НДС согласно договора 488883/3-30/05/24,
02.11.2024,44144884,,16527.73,НАРОДНЫЙ БАНК РЕСПУБЛИКИ КАЗАХСТАН 940140000385,940140000385,Референс 3290764317 Расчеты по карточкам за 01/11/24 Без НДС согласно договора 488883/3-30/05/24,
01.11.2024,44079125,,30603.2,НАРОДНЫЙ БАНК РЕСПУБЛИКИ КАЗАХСТАН 940140000385,940140000385,Референс 3289590902 Расчеты по карточкам за 31/10/24 Без НДС согласно договора 488883/3-30/05/24,
31.10.2024,003250784219,1500.0,,Астанинский городской Народного Банка Казахстана 950341000052,871028464481,Референс 3288709326 CMSTAKE Комиссия за ведение счета KZ55601A871028464481 за 10 месяц,
31.10.2024,44036585,,18659.52,НАРОДНЫЙ БАНК РЕСПУБЛИКИ КАЗАХСТАН 940140000385,940140000385,Референс 3288298129 Расчеты по карточкам за 30/10/24 Без НДС согласно договора 488883/3-30/05/24,
30.10.2024,44009550,,659.68,НАРОДНЫЙ БАНК РЕСПУБЛИКИ КАЗАХСТАН 940140000385,940140000385,Референс 3287213470 Расчеты по карточкам за 29/10/24 Без НДС согласно договора 488883/3-30/05/24,
29.10.2024,43958954,,68659.97,НАРОДНЫЙ БАНК РЕСПУБЛИКИ КАЗАХСТАН 940140000385,940140000385,Референс 3286110717 Расчеты по карточкам за 28/10/24 Без НДС согласно договора 488883/3-30/05/24,
28.10.2024,43922223,,18604.96,НАРОДНЫЙ БАНК РЕСПУБЛИКИ КАЗАХСТАН 940140000385,940140000385,Референс 3284809135 Расчеты по карточкам за 27/10/24 Без НДС согласно договора 488883/3-30/05/24,
27.10.2024,43914761,,51102.88,НАРОДНЫЙ БАНК РЕСПУБЛИКИ КАЗАХСТАН 940140000385,940140000385,Референс 3284360768 Расчеты по карточкам за 26/10/24 Без НДС согласно договора 488883/3-30/05/24,
26.10.2024,43845306,,44727.34,НАРОДНЫЙ БАНК РЕСПУБЛИКИ КАЗАХСТАН 940140000385,940140000385,Референс 3283953644 Расчеты по карточкам за 25/10/24 Без НДС согласно договора 488883/3-30/05/24,
25.10.2024,43805623,,1279.68,НАРОДНЫЙ БАНК РЕСПУБЛИКИ КАЗАХСТАН 940140000385,940140000385,Референс 3283517349 Расчеты по карточкам за 24/10/24 Без НДС согласно договора 488883/3-30/05/24,
24.10.2024,43771808,,17622.88,НАРОДНЫЙ БАНК РЕСПУБЛИКИ КАЗАХСТАН 940140000385,940140000385,Референс 3282274667 Расчеты по карточкам за 23/10/24 Без НДС согласно договора 488883/3-30/05/24,
23.10.2024,43751054,,1979.04,НАРОДНЫЙ БАНК РЕСПУБЛИКИ КАЗАХСТАН 940140000385,940140000385,Референс 3281146923 Расчеты по карточкам за 22/10/24 Без НДС согласно договора 488883/3-30/05/24,
22.10.2024,43700934,,60654.44,НАРОДНЫЙ БАНК РЕСПУБЛИКИ КАЗАХСТАН 940140000385,940140000385,Референс 3280007141 Расчеты по карточкам за 21/10/24 Без НДС согласно договора 488883/3-30/05/24,
21.10.2024,43673687,,12985.28,НАРОДНЫЙ БАНК РЕСПУБЛИКИ КАЗАХСТАН 940140000385,940140000385,Референс 3278730977 Расчеты по карточкам за 20/10/24 Без НДС согласно договора 488883/3-30/05/24,
20.10.2024,43642676,,111411.52,НАРОДНЫЙ БАНК РЕСПУБЛИКИ КАЗАХСТАН 940140000385,940140000385,Референс 3278237302 Расчеты по карточкам за 19/10/24 Без НДС согласно договора 488883/3-30/05/24,
19.10.2024,43597517,,8238.56,НАРОДНЫЙ БАНК РЕСПУБЛИКИ КАЗАХСТАН 940140000385,940140000385,Референс 3277802980 Расчеты по карточкам за 18/10/24 Без НДС согласно договора 488883/3-30/05/24,
18.10.2024,43535843,,63095.2,НАРОДНЫЙ БАНК РЕСПУБЛИКИ КАЗАХСТАН 940140000385,940140000385,Референс 3276756639 Расчеты по карточкам за 17/10/24 Без НДС согласно договора 488883/3-30/05/24,
17.10.2024,43519899,,1979.04,НАРОДНЫЙ БАНК РЕСПУБЛИКИ КАЗАХСТАН 940140000385,940140000385,Референс 3275746501 Расчеты по карточкам за 16/10/24 Без НДС согласно договора 488883/3-30/05/24,
16.10.2024,43487290,,5837.92,НАРОДНЫЙ БАНК РЕСПУБЛИКИ КАЗАХСТАН 940140000385,940140000385,Референс 3274723954 Расчеты по карточкам за 15/10/24 Без НДС согласно договора 488883/3-30/05/24,
15.10.2024,43437302,,52878.56,НАРОДНЫЙ БАНК РЕСПУБЛИКИ КАЗАХСТАН 940140000385,940140000385,Референс 3273575357 Расчеты по карточкам за 14/10/24 Без НДС согласно договора 488883/3-30/05/24,
14.10.2024,43382210,,21999.44,НАРОДНЫЙ БАНК РЕСПУБЛИКИ КАЗАХСТАН 940140000385,940140000385,Референс 3272331312 Расчеты по карточкам за 13/10/24 Без НДС согласно договора 488883/3-30/05/24,
13.10.2024,43365452,,58941.66,НАРОДНЫЙ БАНК РЕСПУБЛИКИ КАЗАХСТАН 940140000385,940140000385,Референс 3271873741 Расчеты по карточкам за 12/10/24 Без НДС согласно договора 488883/3-30/05/24,
12.10.2024,43331562,,9004.75,НАРОДНЫЙ БАНК РЕСПУБЛИКИ КАЗАХСТАН 940140000385,940140000385,Референс 3271430738 Расчеты по карточкам за 11/10/24 Без НДС согласно договора 488883/3-30/05/24,
08.10.2024,43145366,,41263.69,НАРОДНЫЙ БАНК РЕСПУБЛИКИ КАЗАХСТАН 940140000385,940140000385,Референс 3266564354 Расчеты по карточкам за 07/10/24 Без НДС согласно договора 488883/3-30/05/24,
07.10.2024,43117963,,52124.64,НАРОДНЫЙ БАНК РЕСПУБЛИКИ КАЗАХСТАН 940140000385,940140000385,Референс 3265195041 Расчеты по карточкам за 06/10/24 Без НДС согласно договора 488883/3-30/05/24,
06.10.2024,43104429,,19735.22,НАРОДНЫЙ БАНК РЕСПУБЛИКИ КАЗАХСТАН 940140000385,940140000385,Референс 3264696004 Расчеты по карточкам за 05/10/24 Без НДС согласно договора 488883/3-30/05/24,
04.10.2024,43014381,,7442.6,НАРОДНЫЙ БАНК РЕСПУБЛИКИ КАЗАХСТАН 940140000385,940140000385,Референс 3263001721 Расчеты по карточкам за 03/10/24 Без НДС согласно договора 488883/3-30/05/24,
03.10.2024,42970628,,18803.36,НАРОДНЫЙ БАНК РЕСПУБЛИКИ КАЗАХСТАН 940140000385,940140000385,Референс 3261851682 Расчеты по карточкам за 02/10/24 Без НДС согласно договора 488883/3-30/05/24,
02.10.2024,42944385,,8456.8,НАРОДНЫЙ БАНК РЕСПУБЛИКИ КАЗАХСТАН 940140000385,940140000385,Референс 3260619417 Расчеты по карточкам за 01/10/24 Без НДС согласно договора 488883/3-30/05/24,
01.10.2024,42905055,,14949.44,НАРОДНЫЙ БАНК РЕСПУБЛИКИ КАЗАХСТАН 940140000385,940140000385,Референс 3259510468 Расчеты по карточкам за 30/09/24 Без НДС согласно договора 488883/3-30/05/24,
30.09.2024,003216182766,1500.0,,Астанинский городской Народного Банка Казахстана 950341000052,871028464481,Референс 3258492060 CMSTAKE Комиссия за ведение счета KZ55601A871028464481 за 09 месяц,
30.09.2024,42842139,,49212.13,НАРОДНЫЙ БАНК РЕСПУБЛИКИ КАЗАХСТАН 940140000385,940140000385,Референс 3258049202 Расчеты по карточкам за 29/09/24 Без НДС согласно договора 488883/3-30/05/24,
29.09.2024,42812660,,34914.55,НАРОДНЫЙ БАНК РЕСПУБЛИКИ КАЗАХСТАН 940140000385,940140000385,Референс 3257491643 Расчеты по карточкам за 28/09/24 Без НДС согласно договора 488883/3-30/05/24,
28.09.2024,42773231,,7350.72,НАРОДНЫЙ БАНК РЕСПУБЛИКИ КАЗАХСТАН 940140000385,940140000385,Референс 3257046067 Расчеты по карточкам за 27/09/24 Без НДС согласно договора 488883/3-30/05/24,
27.09.2024,42733115,,31208.32,НАРОДНЫЙ БАНК РЕСПУБЛИКИ КАЗАХСТАН 940140000385,940140000385,Референс 3255994684 Расчеты по карточкам за 26/09/24 Без НДС согласно договора 488883/3-30/05/24,
26.09.2024,42717570,,28417.09,НАРОДНЫЙ БАНК РЕСПУБЛИКИ КАЗАХСТАН 940140000385,940140000385,Референс 3254914865 Расчеты по карточкам за 25/09/24 Без НДС согласно договора 488883/3-30/05/24,
24.09.2024,42622200,,10217.6,НАРОДНЫЙ БАНК РЕСПУБЛИКИ КАЗАХСТАН 940140000385,940140000385,Референс 3252533460 Расчеты по карточкам за 23/09/24 Без НДС согласно договора 488883/3-30/05/24,
23.09.2024,ONB2DRSU4,250000.0,,БЕКТУРСУНОВА АСЕМГУЛЬ САЙРАНОВНА (ИП Капучино) 780723450143,780723450143,"Референс 3251775464 Перевод между своими счетами Переводы клиентом денег с одного своего текущего счета, открытого в банке, ф- ле банка-нерез-та РК на другой свой текущий счет, открытый в данном банке, в ф-ле данного банка-нерез-та РК",
23.09.2024,42599384,,36197.34,НАРОДНЫЙ БАНК РЕСПУБЛИКИ КАЗАХСТАН 940140000385,940140000385,Референс 3251350519 Расчеты по карточкам за 22/09/24 Без НДС согласно договора 488883/3-30/05/24,
22.09.2024,42557835,,16857.53,НАРОДНЫЙ БАНК РЕСПУБЛИКИ КАЗАХСТАН 940140000385,940140000385,Референс 3250877967 Расчеты по карточкам за 21/09/24 Без НДС согласно договора 488883/3-30/05/24,
21.09.2024,42537372,,10202.72,НАРОДНЫЙ БАНК РЕСПУБЛИКИ КАЗАХСТАН 940140000385,940140000385,Референс 3250468148 Расчеты по карточкам за 20/09/24 Без НДС согласно договора 488883/3-30/05/24,
20.09.2024,42481647,,6621.72,НАРОДНЫЙ БАНК РЕСПУБЛИКИ КАЗАХСТАН 940140000385,940140000385,Референс 3249376689 Расчеты по карточкам за 19/09/24 Без НДС согласно договора 488883/3-30/05/24,
19.09.2024,42453440,,3610.88,НАРОДНЫЙ БАНК РЕСПУБЛИКИ КАЗАХСТАН 940140000385,940140000385,Референс 3248361891 Расчеты по карточкам за 18/09/24 Без НДС согласно договора 488883/3-30/05/24,
18.09.2024,42419957,,9412.7,НАРОДНЫЙ БАНК РЕСПУБЛИКИ КАЗАХСТАН 940140000385,940140000385,Референс 3247362671 Расчеты по карточкам за 17/09/24 Без НДС согласно договора 488883/3-30/05/24,
17.09.2024,42361665,,12422.57,НАРОДНЫЙ БАНК РЕСПУБЛИКИ КАЗАХСТАН 940140000385,940140000385,Референс 3246325522 Расчеты по карточкам за 16/09/24 Без НДС согласно договора 488883/3-30/05/24,
16.09.2024,42339231,,18497.05,НАРОДНЫЙ БАНК РЕСПУБЛИКИ КАЗАХСТАН 940140000385,940140000385,Референс 3245151580 Расчеты по карточкам за 15/09/24 Без НДС согласно договора 488883/3-30/05/24,
15.09.2024,42290593,,51286.4,НАРОДНЫЙ БАНК РЕСПУБЛИКИ КАЗАХСТАН 940140000385,940140000385,Референс 3244673978 Расчеты по карточкам за 14/09/24 Без НДС согласно договора 488883/3-30/05/24,
14.09.2024,42269793,,8521.9,НАРОДНЫЙ БАНК РЕСПУБЛИКИ КАЗАХСТАН 940140000385,940140000385,Референс 3244274715 Расчеты по карточкам за 13/09/24 Без НДС согласно договора 488883/3-30/05/24,
13.09.2024,42213358,,4432.72,НАРОДНЫЙ БАНК РЕСПУБЛИКИ КАЗАХСТАН 940140000385,940140000385,Референс 3243223059 Расчеты по карточкам за 12/09/24 Без НДС согласно договора 488883/3-30/05/24,
12.09.2024,42184796,,19208.47,НАРОДНЫЙ БАНК РЕСПУБЛИКИ КАЗАХСТАН 940140000385,940140000385,Референс 3242131301 Расчеты по карточкам за 11/09/24 Без НДС согласно договора 488883/3-30/05/24,
11.09.2024,42152337,,7420.16,НАРОДНЫЙ БАНК РЕСПУБЛИКИ КАЗАХСТАН 940140000385,940140000385,Референс 3241027489 Расчеты по карточкам за 10/09/24 Без НДС согласно договора 488883/3-30/05/24,
10.09.2024,42119495,,11943.68,НАРОДНЫЙ БАНК РЕСПУБЛИКИ КАЗАХСТАН 940140000385,940140000385,Референс 3239737012 Расчеты по карточкам за 09/09/24 Без НДС согласно договора 488883/3-30/05/24,
09.09.2024,42080138,,26385.54,НАРОДНЫЙ БАНК РЕСПУБЛИКИ КАЗАХСТАН 940140000385,940140000385,Референс 3238458501 Расчеты по карточкам за 08/09/24 Без НДС согласно договора 488883/3-30/05/24,
08.09.2024,42032225,,10366.4,НАРОДНЫЙ БАНК РЕСПУБЛИКИ КАЗАХСТАН 940140000385,940140000385,Референс 3237942508 Расчеты по карточкам за 07/09/24 Без НДС согласно договора 488883/3-30/05/24,
05.09.2024,ONBHPKHEE,170000.0,,БЕКТУРСУНОВА АСЕМГУЛЬ САЙРАНОВНА (ИП Капучино) 780723450143,780723450143,"Референс 3235490187 Перевод между своими счетами Переводы клиентом денег с одного своего текущего счета, открытого в банке, ф- ле банка-нерез-та РК на другой свой текущий счет, открытый в данном банке, в ф-ле данного банка-нерез-та РК",
05.09.2024,41916040,,8427.04,НАРОДНЫЙ БАНК РЕСПУБЛИКИ КАЗАХСТАН 940140000385,940140000385,Референс 3234997899 Расчеты по карточкам за 04/09/24 Без НДС согласно договора 488883/3-30/05/24,
04.09.2024,41903503,,3164.48,НАРОДНЫЙ БАНК РЕСПУБЛИКИ КАЗАХСТАН 940140000385,940140000385,Референс 3233942928 Расчеты по карточкам за 03/09/24 Без НДС согласно договора 488883/3-30/05/24,
03.09.2024,41863150,,3830.75,НАРОДНЫЙ БАНК РЕСПУБЛИКИ КАЗАХСТАН 940140000385,940140000385,Референс 3232804891 Расчеты по карточкам за 02/09/24 Без НДС согласно договора 488883/3-30/05/24,
02.09.2024,41804578,,8020.32,НАРОДНЫЙ БАНК РЕСПУБЛИКИ КАЗАХСТАН 940140000385,940140000385,Референс 3231395083 Расчеты по карточкам за 01/09/24 Без НДС согласно договора 488883/3-30/05/24,
01.09.2024,41799754,,49946.05,НАРОДНЫЙ БАНК РЕСПУБЛИКИ КАЗАХСТАН 940140000385,940140000385,Референс 3230932884 Расчеты по карточкам за 31/08/24 Без НДС согласно договора 488883/3-30/05/24,
31.08.2024,41752390,,60280.71,НАРОДНЫЙ БАНК РЕСПУБЛИКИ КАЗАХСТАН 940140000385,940140000385,Референс 3230478230 Расчеты по карточкам за 30/08/24 Без НДС согласно договора 488883/3-30/05/24,
30.08.2024,41695330,,34085.41,НАРОДНЫЙ БАНК РЕСПУБЛИКИ КАЗАХСТАН 940140000385,940140000385,Референс 3230003544 Расчеты по карточкам за 29/08/24 Без НДС согласно договора 488883/3-30/05/24,
29.08.2024,003183206493,1500.0,,Астанинский городской Народного Банка Казахстана 950341000052,871028464481,Референс 3229090018 CMSTAKE Комиссия за ведение счета KZ55601A871028464481 за 08 месяц,
28.08.2024,41621552,,4265.6,НАРОДНЫЙ БАНК РЕСПУБЛИКИ КАЗАХСТАН 940140000385,940140000385,Референс 3227584034 Расчеты по карточкам за 27/08/24 Без НДС согласно договора 488883/3-30/05/24,
26.08.2024,ONBGK9064,30000.0,,БЕКТУРСУНОВА АСЕМГУЛЬ САЙРАНОВНА (ИП Капучино) 780723450143,780723450143,"Референс 3225334094 Перевод между своими счетами Переводы клиентом денег с одного своего текущего счета, открытого в банке, ф- ле банка-нерез-та РК на другой свой текущий счет, открытый в данном банке, в ф-ле данного банка-нерез-та РК",
26.08.2024,41557282,,28391.66,НАРОДНЫЙ БАНК РЕСПУБЛИКИ КАЗАХСТАН 940140000385,940140000385,Референс 3225251699 Расчеты по карточкам за 25/08/24 Без НДС согласно договора 488883/3-30/05/24,
25.08.2024,ONBA835D2,350000.0,,БЕКТУРСУНОВА АСЕМГУЛЬ САЙРАНОВНА (ИП Капучино) 780723450143,780723450143,"Референс 3224894981 Перевод между своими счетами Переводы клиентом денег с одного своего текущего счета, открытого в банке, ф- ле банка-нерез-та РК на другой свой текущий счет, открытый в данном банке, в ф-ле данного банка-нерез-та РК",
25.08.2024,41524691,,58453.43,НАРОДНЫЙ БАНК РЕСПУБЛИКИ КАЗАХСТАН 940140000385,940140000385,Референс 3224779849 Расчеты по карточкам за 24/08/24 Без НДС согласно договора 488883/3-30/05/24,
24.08.2024,41492724,,23569.92,НАРОДНЫЙ БАНК РЕСПУБЛИКИ КАЗАХСТАН 940140000385,940140000385,Референс 3224339807 Расчеты по карточкам за 23/08/24 Без НДС согласно договора 488883/3-30/05/24,
22.08.2024,41413705,,2977.04,НАРОДНЫЙ БАНК РЕСПУБЛИКИ КАЗАХСТАН 940140000385,940140000385,Референс 3222126649 Расчеты по карточкам за 21/08/24 Без НДС согласно договора 488883/3-30/05/24,
19.08.2024,41297039,,51957.52,НАРОДНЫЙ БАНК РЕСПУБЛИКИ КАЗАХСТАН 940140000385,940140000385,Референс 3218696187 Расчеты по карточкам за 18/08/24 Без НДС согласно договора 488883/3-30/05/24,
18.08.2024,41277662,,24530.93,НАРОДНЫЙ БАНК РЕСПУБЛИКИ КАЗАХСТАН 940140000385,940140000385,Референс 3218243224 Расчеты по карточкам за 17/08/24 Без НДС согласно договора 488883/3-30/05/24,
17.08.2024,41250142,,6438.08,НАРОДНЫЙ БАНК РЕСПУБЛИКИ КАЗАХСТАН 940140000385,940140000385,Референс 3217817661 Расчеты по карточкам за 16/08/24 Без НДС согласно договора 488883/3-30/05/24,
16.08.2024,41199054,,29898.88,НАРОДНЫЙ БАНК РЕСПУБЛИКИ КАЗАХСТАН 940140000385,940140000385,Референс 3216755778 Расчеты по карточкам за 15/08/24 Без НДС согласно договора 488883/3-30/05/24,
15.08.2024,41167495,,33956.16,НАРОДНЫЙ БАНК РЕСПУБЛИКИ КАЗАХСТАН 940140000385,940140000385,Референс 3215604450 Расчеты по карточкам за 14/08/24 Без НДС согласно договора 488883/3-30/05/24,
14.08.2024,41128970,,1473.12,НАРОДНЫЙ БАНК РЕСПУБЛИКИ КАЗАХСТАН 940140000385,940140000385,Референс 3214541791 Расчеты по карточкам за 13/08/24 Без НДС согласно договора 488883/3-30/05/24,
13.08.2024,41084632,,7696.32,НАРОДНЫЙ БАНК РЕСПУБЛИКИ КАЗАХСТАН 940140000385,940140000385,Референс 3213425165 Расчеты по карточкам за 12/08/24 Без НДС согласно договора 488883/3-30/05/24,
12.08.2024,41060663,,18266.93,НАРОДНЫЙ БАНК РЕСПУБЛИКИ КАЗАХСТАН 940140000385,940140000385,Референс 3212184298 Расчеты по карточкам за 11/08/24 Без НДС согласно договора 488883/3-30/05/24,
10.08.2024,40980093,,23504.69,НАРОДНЫЙ БАНК РЕСПУБЛИКИ КАЗАХСТАН 940140000385,940140000385,Референс 3211290692 Расчеты по карточкам за 09/08/24 Без НДС согласно договора 488883/3-30/05/24,
08.08.2024,40902065,,5346.88,НАРОДНЫЙ БАНК РЕСПУБЛИКИ КАЗАХСТАН 940140000385,940140000385,Референс 3208933576 Расчеты по карточкам за 07/08/24 Без НДС согласно договора 488883/3-30/05/24,
07.08.2024,40861166,,32934.4,НАРОДНЫЙ БАНК РЕСПУБЛИКИ КАЗАХСТАН 940140000385,940140000385,Референс 3207841318 Расчеты по карточкам за 06/08/24 Без НДС согласно договора 488883/3-30/05/24,
06.08.2024,ONBIL5NRS,50000.0,,Н. 760430400458,760430400458,Референс 3207300554 PHONE_NUMBER 7017661369 Прочие безвозмездные переводы денег RRN=24806D875435,
06.08.2024,40838091,,29402.88,НАРОДНЫЙ БАНК РЕСПУБЛИКИ КАЗАХСТАН 940140000385,940140000385,Референс 3206694016 Расчеты по карточкам за 05/08/24 Без НДС согласно договора 488883/3-30/05/24,
04.08.2024,40753965,,1825.28,НАРОДНЫЙ БАНК РЕСПУБЛИКИ КАЗАХСТАН 940140000385,940140000385,Референс 3204851043 Расчеты по карточкам за 03/08/24 Без НДС согласно договора 488883/3-30/05/24,
03.08.2024,40706749,,16384.45,НАРОДНЫЙ БАНК РЕСПУБЛИКИ КАЗАХСТАН 940140000385,940140000385,Референс 3204380323 Расчеты по карточкам за 02/08/24 Без НДС согласно договора 488883/3-30/05/24,
02.08.2024,40671474,,6606.72,НАРОДНЫЙ БАНК РЕСПУБЛИКИ КАЗАХСТАН 940140000385,940140000385,Референс 3203114826 Расчеты по карточкам за 01/08/24 Без НДС согласно договора 488883/3-30/05/24,
31.07.2024,003151297766,1500.0,,Астанинский городской Народного Банка Казахстана 950341000052,871028464481,Референс 3201141134 CMSTAKE Комиссия за ведение счета KZ55601A871028464481 за 07 месяц,
31.07.2024,40619737,,13287.84,НАРОДНЫЙ БАНК РЕСПУБЛИКИ КАЗАХСТАН 940140000385,940140000385,Референс 3200769047 Расчеты по карточкам за 30/07/24 Без НДС согласно договора 488883/3-30/05/24,
30.07.2024,40589293,,1745.92,НАРОДНЫЙ БАНК РЕСПУБЛИКИ КАЗАХСТАН 940140000385,940140000385,Референс 3199729328 Расчеты по карточкам за 29/07/24 Без НДС согласно договора 488883/3-30/05/24,
28.07.2024,40516007,,12603.36,НАРОДНЫЙ БАНК РЕСПУБЛИКИ КАЗАХСТАН 940140000385,940140000385,Референс 3198192399 Расчеты по карточкам за 27/07/24 Без НДС согласно договора 488883/3-30/05/24,
27.07.2024,ONBGKXEKL,44000.0,,БЕКТУРСУНОВА АСЕМГУЛЬ САЙРАНОВНА (ИП Капучино) 780723450143,780723450143,"Референс 3197793368 Перевод между своими счетами Переводы клиентом денег с одного своего текущего счета, открытого в банке, ф- ле банка-нерез-та РК на другой свой текущий счет, открытый в данном банке, в ф-ле данного банка-нерез-та РК",
25.07.2024,40414585,,7882.4,НАРОДНЫЙ БАНК РЕСПУБЛИКИ КАЗАХСТАН 940140000385,940140000385,Референс 3195634962 Расчеты по карточкам за 24/07/24 Без НДС согласно договора 488883/3-30/05/24,
24.07.2024,ONBK7RKKI,100000.0,,БЕКТУРСУНОВА АСЕМГУЛЬ САЙРАНОВНА (ИП Капучино) 780723450143,780723450143,"Референс 3194847266 Перевод собственных средств Переводы клиентом денег со своего текущего счета в одном банке филиале банка- нерезидента Республики Казахстан на свой текущий счет в другом банке, филиале другого банка-нерезидента Республики Казахстан",
24.07.2024,ONBBK0Y5K,,38000.0,Капучино 780723450143,780723450143,"Референс 3194838827 Перевод между своими счетами Переводы клиентом денег с одного своего текущего счета, открытого в банке, ф- ле банка-нерез-та РК на другой свой текущий счет, открытый в данном банке, в ф-ле данного банка-нерез-та РК",
24.07.2024,40358503,,84079.97,НАРОДНЫЙ БАНК РЕСПУБЛИКИ КАЗАХСТАН 940140000385,940140000385,Референс 3194478370 Расчеты по карточкам за 23/07/24 Без НДС согласно договора 488883/3-30/05/24,
23.07.2024,ONBCJ9A9M,250000.0,,БЕКТУРСУНОВА АСЕМГУЛЬ САЙРАНОВНА (ИП Капучино) 780723450143,780723450143,"Референс 3193788516 Перевод между своими счетами Переводы клиентом денег с одного своего текущего счета, открытого в банке, ф- ле банка-нерез-та РК на другой свой текущий счет, открытый в данном банке, в ф-ле данного банка-нерез-та РК",
23.07.2024,40334791,,47455.44,НАРОДНЫЙ БАНК РЕСПУБЛИКИ КАЗАХСТАН 940140000385,940140000385,Референс 3193347197 Расчеты по карточкам за 22/07/24 Без НДС согласно договора 488883/3-30/05/24,
22.07.2024,40296825,,3174.05,НАРОДНЫЙ БАНК РЕСПУБЛИКИ КАЗАХСТАН 940140000385,940140000385,Референс 3192116872 Расчеты по карточкам за 21/07/24 Без НДС согласно договора 488883/3-30/05/24,
21.07.2024,40271159,,7278.95,НАРОДНЫЙ БАНК РЕСПУБЛИКИ КАЗАХСТАН 940140000385,940140000385,Референс 3191621560 Расчеты по карточкам за 20/07/24 Без НДС согласно договора 488883/3-30/05/24,
20.07.2024,40236408,,937.44,НАРОДНЫЙ БАНК РЕСПУБЛИКИ КАЗАХСТАН 940140000385,940140000385,Референс 3191146210 Расчеты по карточкам за 19/07/24 Без НДС согласно договора 488883/3-30/05/24,
19.07.2024,40204705,,5664.32,НАРОДНЫЙ БАНК РЕСПУБЛИКИ КАЗАХСТАН 940140000385,940140000385,Референс 3190104444 Расчеты по карточкам за 18/07/24 Без НДС согласно договора 488883/3-30/05/24,
18.07.2024,40164000,,5446.08,НАРОДНЫЙ БАНК РЕСПУБЛИКИ КАЗАХСТАН 940140000385,940140000385,Референс 3189088001 Расчеты по карточкам за 17/07/24 Без НДС согласно договора 488883/3-30/05/24,
17.07.2024,40138042,,35918.68,НАРОДНЫЙ БАНК РЕСПУБЛИКИ КАЗАХСТАН 940140000385,940140000385,Референс 3188066523 Расчеты по карточкам за 16/07/24 Без НДС согласно договора 488883/3-30/05/24,
16.07.2024,40094479,,30281.79,НАРОДНЫЙ БАНК РЕСПУБЛИКИ КАЗАХСТАН 940140000385,940140000385,Референс 3186965053 Расчеты по карточкам за 15/07/24 Без НДС согласно договора 488883/3-30/05/24,
15.07.2024,40047748,,19443.2,НАРОДНЫЙ БАНК РЕСПУБЛИКИ КАЗАХСТАН 940140000385,940140000385,Референс 3185689910 Расчеты по карточкам за 14/07/24 Без НДС согласно договора 488883/3-30/05/24,
13.07.2024,40000647,,10366.4,НАРОДНЫЙ БАНК РЕСПУБЛИКИ КАЗАХСТАН 940140000385,940140000385,Референс 3184737504 Расчеты по карточкам за 12/07/24 Без НДС согласно договора 488883/3-30/05/24,
12.07.2024,ONBGLMHQ8,50000.0,,БЕКТУРСУНОВА АСЕМГУЛЬ САЙРАНОВНА (ИП Капучино) 780723450143,780723450143,"Референс 3184408324 Перевод между своими счетами Переводы клиентом денег с одного своего текущего счета, открытого в банке, ф- ле банка-нерез-та РК на другой свой текущий счет, открытый в данном банке, в ф-ле данного банка-нерез-та РК",
12.07.2024,39955647,,26779.04,НАРОДНЫЙ БАНК РЕСПУБЛИКИ КАЗАХСТАН 940140000385,940140000385,Референс 3183623263 Расчеты по карточкам за 11/07/24 Без НДС согласно договора 488883/3-30/05/24,
11.07.2024,39919078,,9292.8,НАРОДНЫЙ БАНК РЕСПУБЛИКИ КАЗАХСТАН 940140000385,940140000385,Референс 3182428564 Расчеты по карточкам за 10/07/24 Без НДС согласно договора 488883/3-30/05/24,
10.07.2024,39860663,,20942.28,НАРОДНЫЙ БАНК РЕСПУБЛИКИ КАЗАХСТАН 940140000385,940140000385,Референс 3181084447 Расчеты по карточкам за 09/07/24 Без НДС согласно договора 488883/3-30/05/24,
08.07.2024,39813004,,17295.52,НАРОДНЫЙ БАНК РЕСПУБЛИКИ КАЗАХСТАН 940140000385,940140000385,Референс 3179167491 Расчеты по карточкам за 07/07/24 Без НДС согласно договора 488883/3-30/05/24,
07.07.2024,39786697,,24170.08,НАРОДНЫЙ БАНК РЕСПУБЛИКИ КАЗАХСТАН 940140000385,940140000385,Референс 3178754271 Расчеты по карточкам за 06/07/24 Без НДС согласно договора 488883/3-30/05/24,
06.07.2024,39751567,,6110.72,НАРОДНЫЙ БАНК РЕСПУБЛИКИ КАЗАХСТАН 940140000385,940140000385,Референс 3178265729 Расчеты по карточкам за 05/07/24 Без НДС согласно договора 488883/3-30/05/24,
05.07.2024,39707997,,34670.4,НАРОДНЫЙ БАНК РЕСПУБЛИКИ КАЗАХСТАН 940140000385,940140000385,Референс 3176863972 Расчеты по карточкам за 04/07/24 Без НДС согласно договора 488883/3-30/05/24,
04.07.2024,39669363,,3020.64,НАРОДНЫЙ БАНК РЕСПУБЛИКИ КАЗАХСТАН 940140000385,940140000385,Референс 3175646049 Расчеты по карточкам за 03/07/24 Без НДС согласно договора 488883/3-30/05/24,
01.07.2024,39554454,,6056.16,НАРОДНЫЙ БАНК РЕСПУБЛИКИ КАЗАХСТАН 940140000385,940140000385,Референс 3171958967 Расчеты по карточкам за 30/06/24 Без НДС согласно договора 488883/3-30/05/24,
30.06.2024,ONB1EKW64,11700.0,,БЕКТУРСУНОВА АСЕМГУЛЬ САЙРАНОВНА (ИП Капучино) 780723450143,780723450143,"Референс 3171570858 Перевод между своими счетами Переводы клиентом денег с одного своего текущего счета, открытого в банке, ф- ле банка-нерез-та РК на другой свой текущий счет, открытый в данном банке, в ф-ле данного банка-нерез-та РК",
30.06.2024,39540044,,10178.85,НАРОДНЫЙ БАНК РЕСПУБЛИКИ КАЗАХСТАН 940140000385,940140000385,Референс 3171476392 Расчеты по карточкам за 29/06/24 Без НДС согласно договора 488883/3-30/05/24,
28.06.2024,003116343046,1500.0,,Астанинский городской Народного Банка Казахстана 950341000052,871028464481,Референс 3170053074 CMSTAKE Комиссия за ведение счета KZ55601A871028464481 за 06 месяц,
27.06.2024,ONBHB3ZM6,200000.0,,В. 791019401905,791019401905,Референс 3168770071 PHONE_NUMBER 7015698003 От Алены Прочие безвозмездные переводы денег RRN=24627D169940,
27.06.2024,39429469,,18113.97,НАРОДНЫЙ БАНК РЕСПУБЛИКИ КАЗАХСТАН 940140000385,940140000385,Референс 3168369183 Расчеты по карточкам за 26/06/24 Без НДС согласно договора 488883/3-30/05/24,
26.06.2024,39391216,,23421.12,НАРОДНЫЙ БАНК РЕСПУБЛИКИ КАЗАХСТАН 940140000385,940140000385,Референс 3167333791 Расчеты по карточкам за 25/06/24 Без НДС согласно договора 488883/3-30/05/24,
25.06.2024,39361988,,41225.38,НАРОДНЫЙ БАНК РЕСПУБЛИКИ КАЗАХСТАН 940140000385,940140000385,Референс 3166107216 Расчеты по карточкам за 24/06/24 Без НДС согласно договора 488883/3-30/05/24,
24.06.2024,39329929,,80001.92,НАРОДНЫЙ БАНК РЕСПУБЛИКИ КАЗАХСТАН 940140000385,940140000385,Референс 3164867480 Расчеты по карточкам за 23/06/24 Без НДС согласно договора 488883/3-30/05/24,
23.06.2024,39282516,,25631.76,НАРОДНЫЙ БАНК РЕСПУБЛИКИ КАЗАХСТАН 940140000385,940140000385,Референс 3164370817 Расчеты по карточкам за 22/06/24 Без НДС согласно договора 488883/3-30/05/24,
22.06.2024,39266888,,10257.28,НАРОДНЫЙ БАНК РЕСПУБЛИКИ КАЗАХСТАН 940140000385,940140000385,Референс 3163931669 Расчеты по карточкам за 21/06/24 Без НДС согласно договора 488883/3-30/05/24,
21.06.2024,ONB9ZQUHI,65000.0,,БЕКТУРСУНОВА АСЕМГУЛЬ САЙРАНОВНА (ИП Капучино) 780723450143,780723450143,"Референс 3163213120 Перевод между своими счетами Переводы клиентом денег с одного своего текущего счета, открытого в банке, ф- ле банка-нерез-та РК на другой свой текущий счет, открытый в данном банке, в ф-ле данного банка-нерез-та РК",
20.06.2024,39191363,,803.52,НАРОДНЫЙ БАНК РЕСПУБЛИКИ КАЗАХСТАН 940140000385,940140000385,Референс 3161708452 Расчеты по карточкам за 19/06/24 Без НДС согласно договора 488883/3-30/05/24,
18.06.2024,39127304,,45870.08,НАРОДНЫЙ БАНК РЕСПУБЛИКИ КАЗАХСТАН 940140000385,940140000385,Референс 3159574149 Расчеты по карточкам за 17/06/24 Без НДС согласно договора 488883/3-30/05/24,
17.06.2024,39087233,,21109.76,НАРОДНЫЙ БАНК РЕСПУБЛИКИ КАЗАХСТАН 940140000385,940140000385,Референс 3158475161 Расчеты по карточкам за 16/06/24 Без НДС согласно договора 488883/3-30/05/24,
14.06.2024,ONB80E8R5,30000.0,,БЕКТУРСУНОВА АСЕМГУЛЬ САЙРАНОВНА (ИП Капучино) 780723450143,780723450143,"Референс 3156682124 Перевод между своими счетами Переводы клиентом денег с одного своего текущего счета, открытого в банке, ф- ле банка-нерез-та РК на другой свой текущий счет, открытый в данном банке, в ф-ле данного банка-нерез-та РК",
14.06.2024,38979947,,5947.04,НАРОДНЫЙ БАНК РЕСПУБЛИКИ КАЗАХСТАН 940140000385,940140000385,Референс 3156533370 Расчеты по карточкам за 13/06/24 Без НДС согласно договора 488883/3-30/05/24,
13.06.2024,38940607,,6895.35,НАРОДНЫЙ БАНК РЕСПУБЛИКИ КАЗАХСТАН 940140000385,940140000385,Референс 3155437500 Расчеты по карточкам за 12/06/24 Без НДС согласно договора 488883/3-30/05/24,
12.06.2024,38906362,,18770.67,НАРОДНЫЙ БАНК РЕСПУБЛИКИ КАЗАХСТАН 940140000385,940140000385,Референс 3154357920 Расчеты по карточкам за 11/06/24 Без НДС согласно договора 488883/3-30/05/24,
11.06.2024,ONBCI0AYS,129000.0,,БЕКТУРСУНОВА АСЕМГУЛЬ САЙРАНОВНА (ИП Капучино) 780723450143,780723450143,"Референс 3153746153 Перевод между своими счетами Переводы клиентом денег с одного своего текущего счета, открытого в банке, ф- ле банка-нерез-та РК на другой свой текущий счет, открытый в данном банке, в ф-ле данного банка-нерез-та РК",
10.06.2024,38831809,,60785.7,НАРОДНЫЙ БАНК РЕСПУБЛИКИ КАЗАХСТАН 940140000385,940140000385,Референс 3151922517 Расчеты по карточкам за 09/06/24 Без НДС согласно договора 488883/3-30/05/24,
09.06.2024,38826907,,61448.45,НАРОДНЫЙ БАНК РЕСПУБЛИКИ КАЗАХСТАН 940140000385,940140000385,Референс 3151508706 Расчеты по карточкам за 08/06/24 Без НДС согласно договора 488883/3-30/05/24,
06.06.2024,38690224,,6785.9,НАРОДНЫЙ БАНК РЕСПУБЛИКИ КАЗАХСТАН 940140000385,940140000385,Референс 3148671727 Расчеты по карточкам за 05/06/24 Без НДС согласно договора 488883/3-30/05/24,
