﻿Дата,Номер документа,Дебет,Кредит,Контрагент (имя),Контрагент ИИН/БИН,Детали платежа,КНП
10.07.2024,ONB954D4E,400000.0,,ОРЫНБАСАР Н.Е.COM 930323301098,930323301098,"Референс 3181235767 Onlinebank Переводы клиентом денег с одного своего текущего счета, открытого в банке, ф-ле банка-нерез-та РК на другой свой текущий счет, открытый в данном банке, в ф-ле данного банка-нерез-та РК RRN=24710D389612",
10.07.2024,ONBJTJZM5,,400000.0,Дара кәсіпкер КАНАТОВА И.К. 880228401303,880228401303,Референс 3181213502 Согл договору 2 от 09.07.2024 за аренду пикапа Прочие платежи по транспортным услугам,
09.07.2024,ONB165CB2,500000.0,,ОРЫНБАСАР Н.Е.COM 930323301098,930323301098,"Референс 3180207451 Onlinebank Переводы клиентом денег с одного своего текущего счета, открытого в банке, ф-ле банка-нерез-та РК на другой свой текущий счет, открытый в данном банке, в ф-ле данного банка-нерез-та РК RRN=24709D373041",
09.07.2024,911,,500000.0,А-3 Техника 171040018404,930323301098,"Референс 3180146090 ESF-930323301098- 20240510-12746632 АВР №4 от 30.04.2024 г.Аренда автотранспорта Toyota Hilux KZ 071AAQ 06. Договор № № АЗТ-08/01/2024 от 01.01.2024г Платежи по лизингу (текущая аренда),",
18.06.2024,ONB37FE84,494500.0,,НАУРЫЗБЕК О. 930323301098,930323301098,Референс 3159936971 PHONE_NUMBER 7753294589 Прочие безвозмездные переводы денег RRN=24618D3549,
18.06.2024,003104452994,1000.0,,Атырауский Областной Народного Банка Казахстана 970541000638,141001887021,Референс 3159759259 Оплата К2 CMSTAKE Комиссия за ведение счета KZ89601A141001887021 за 05 месяц,
18.06.2024,003104452852,4500.0,,Атырауский Областной Народного Банка Казахстана 970541000638,970541000638,"Референс 3159759117 Оплата К2 Комиссия за операцию ""Абонентская плата"" согласно тарифам банка. НДС не облагается.",
18.06.2024,882,,500000.0,А-3 Техника 171040018404,930323301098,"Референс 3159748342 ESF-930323301098- 20240408-65775193 АВР №4 от 31.03.2024 г.Аренда автотранспорта Toyota Hilux KZ 071AAQ 06. Договор № № АЗТ-08/01/2024 от 01.01.2024г Платежи по лизингу (текущая аренда),",
13.05.2024,ONB827EDE,500000.0,,НАУРЫЗБЕК О. 930323301098,930323301098,Референс 3125623452 PHONE_NUMBER 7753294589 Прочие безвозмездные переводы денег RRN=24513D392306,
13.05.2024,805,,500000.0,А-3 Техника 171040018404,930323301098,"Референс 3125566340 ESF-930323301098- 20240301-95036613 АВР №3 от 29.02.2024 г.Аренда автотранспорта Toyota Hilux KZ 071AAQ 06. Договор № № АЗТ-08/01/2024 от 01.01.2024г Платежи по лизингу (текущая аренда), 1",
30.04.2024,ONB3575F2,495500.0,,НАУРЫЗБЕК О. 930323301098,930323301098,Референс 3115312131 PHONE_NUMBER 7753294589 Прочие безвозмездные переводы денег RRN=24430D190298,
30.04.2024,003055846814,4500.0,,Атырауский Областной Народного Банка Казахстана 970541000638,970541000638,"Референс 3115281384 Оплата К2 Комиссия за операцию ""Абонентская плата"" согласно тарифам банка. НДС не облагается.",
30.04.2024,783,,500000.0,А-3 Техника 171040018404,930323301098,"Референс 3115278294 ESF-930323301098- 20240207-30894882 АВР №2 от 31.01.2024 г.Аренда автотранспорта Toyota Hilux KZ 071AAQ 06. Договор № № АЗТ-08/01/2024 от 01.01.2024г Платежи по лизингу (текущая аренда),",
04.03.2024,ONBF7EEEC,595890.0,,НАУРЫЗБЕК О. 930323301098,930323301098,Референс 3064712823 PHONE_NUMBER 7753294589 Прочие безвозмездные переводы денег RRN=24304D277503,
04.03.2024,003000405997,7110.0,,Атырауский Областной Народного Банка Казахстана 970541000638,970541000638,"Референс 3064335865 Комиссия за операцию ""Снятие с текущего счета ЮЛ через АК"" согласно тарифам банка. НДС не облагается.",
04.03.2024,003000405967,2370000.0,,Народный Банк Республики Казахстан 940140000385,940140000385,Референс 3064335827 Снятие с текущего счета ЮЛ/ПБОЮЛ через АК. (Снятие наличных денег с текущих или корреспондентских счетов),
04.03.2024,003000396164,9000.0,,Атырауский Областной Народного Банка Казахстана 970541000638,970541000638,"Референс 3064329075 Комиссия за операцию ""Снятие с текущего счета ЮЛ через АК"" согласно тарифам банка. НДС не облагается.",
04.03.2024,003000396041,3000000.0,,Народный Банк Республики Казахстан 940140000385,940140000385,Референс 3064328974 Снятие с текущего счета ЮЛ/ПБОЮЛ через АК. (Снятие наличных денег с текущих или корреспондентских счетов),
04.03.2024,003000379609,9000.0,,Атырауский Областной Народного Банка Казахстана 970541000638,970541000638,"Референс 3064317022 Комиссия за операцию ""Снятие с текущего счета ЮЛ через АК"" согласно тарифам банка. НДС не облагается.",
04.03.2024,003000379526,3000000.0,,Народный Банк Республики Казахстан 940140000385,940140000385,Референс 3064316980 Снятие с текущего счета ЮЛ/ПБОЮЛ через АК. (Снятие наличных денег с текущих или корреспондентских счетов),
04.03.2024,ONBA6BC75,5000000.0,,ШОЛПАН М. 970205450701,970205450701,Референс 3064150936 PHONE_NUMBER 7789349705 Прочие безвозмездные переводы денег RRN=24304D268288,
04.03.2024,003000116013,4500.0,,Атырауский Областной Народного Банка Казахстана 970541000638,970541000638,"Референс 3064109067 Оплата К2 Комиссия за операцию ""Абонентская плата"" согласно тарифам банка. НДС не облагается.",
04.03.2024,003000115814,4500.0,,Атырауский Областной Народного Банка Казахстана 970541000638,970541000638,"Референс 3064108947 Оплата К2 Комиссия за операцию ""Абонентская плата"" согласно тарифам банка. НДС не облагается.",
04.03.2024,ONBISQQQ9,,14000000.0,"""Достык НПК"" 190740018827",190740018827,"Референс 3064100437 Согласно по счету Платежи за товары, за исключением недвижимости и товаров с кодами назначения платежей 711, 712 и 713,",
