﻿Дата,Номер документа,Дебет,Кредит,Контрагент (имя),Контрагент ИИН/БИН,Детали платежа,КНП
24.06.2024,0-278661,,90000.0,"АО ""Нурбанк"" в г. 030741002795",030741002795,"Референс 3165149963 ИП ""Шелковые небеса"", оплата 24.06.2024, Услуга по перевозке АТМ по г. Атырау согл счета №79 от 11.06.2024г., без договора, без НДС, НД006713",
24.06.2024,920159500,,2.05000001e+36,Атырауский филиал 060141000138 Акционерное общество НародныйБанк Казахстана 940140000385 Акционерное общество НародныйБанк Казахстана 940140000385 Акционерное общество НародныйБанк Казахстана 940140000385 Акционерное общество НародныйБанк Казахстана 940140000385,060141000138,"Референс 3165096500 Референс 9201595004182024; Оплата за перевозку АТМ,ПТ,загрузка,выгрузка, согласно ЭСФ 85 от 18.06.2024г.по договору Д-АХД-920.1613 от 18.04.2023г.Без НДС. Референс 3163587982 д1 260124 транспортировка АТМ сф78 210824 Референс 3163587783 д1 260124 перевозка АТМ сф86 210624 Референс 3163587608 д1 260124 монт/демонт АТМ сф83 210624 Референс 3163587397 д1 260124 монт/демонт АТМ сф84 210624",
21.06.2024,ONBA95235,1000000.0,,"ЗИНУРОВ ЕРМЕК АМАНТАЕВИЧ (ИП ""Шелковые небеса"") 800914301113",800914301113,"Референс 3163037038 пополнение Переводы клиентом денег со своего текущего счета в одном банке филиале банка-нерезидента Республики Казахстан на свой текущий счет в другом банке, филиале другого банка- нерезидента Республики Казахстан",
21.06.2024,947,,952800.0,АТМА - Аэропорт и Перевозки 951240000809,951240000809,"Референс 3162996648 Текущий ремонт части крыши старого офиса, с/но дог№03 от 200624г. Платежи за строительные услуги,",
21.06.2024,003107976753,,3500000.0,"ИНДИВИДУАЛЬНЫЙ ПРЕДПРИНИМАТЕЛЬ ""Шелковые небеса"" 800914301113",800914301113,"Референс 3162648900 Полная выплата вклада по депозитному договору № S/005627292/24 от 14.06.2024 в сумме 3500000(KZT) Вкладчик:ИНДИВИДУАЛЬНЫЙ ПРЕДПРИНИМАТЕЛЬ ИП ""Шелковые небеса"".",
21.06.2024,003107938298,,8.8472278000005e+71,Атырауский Областной Народного Банка Казахстана 970541000638 Акционерное общество НародныйБанк Казахстана 940140000385 Акционерное общество НародныйБанк Казахстана 940140000385 Акционерное общество НародныйБанк Казахстана 940140000385 Акционерное общество НародныйБанк Казахстана 940140000385 Акционерное общество НародныйБанк Казахстана 940140000385 Акционерное общество НародныйБанк Казахстана 940140000385 Акционерное общество НародныйБанк Казахстана 940140000385 Акционерное общество НародныйБанк Казахстана 940140000385 Акционерное общество НародныйБанк Казахстана 940140000385,970541000638,"Референс 3162605343 Выплата вознаграждения по депозитному договору № S/005627292/24 от 14.06.2024 Вкладчик:ИНДИВИДУАЛЬНЫЙ ПРЕДПРИНИМАТЕЛЬ ИП ""Шелковые небеса"". Референс 3161233674 д1 260124 монт АТМ сф79 180624 1 Референс 3159161184 д1 260124 транспортировка АТМ сф71 130624 Референс 3159161174 д1 260124 транспортировка АТМ сф80 130624 Референс 3159161161 д1 260124 транспортировка АТМ сф73 130624 Референс 3159161131 д1 260124 транспортировка АТМ сф75 140624 Референс 3157265404 д1 260124 монт АТМ сф76 100624 Референс 3157265352 д1 260124 монт АТМ сф74 130624 Референс 3157265270 д1 260124 демонт/монт АТМ сф72 130624 Референс 3157253917 д1 260124 монтаж АТМ сф81 130624",
14.06.2024,003101077206,3500000.0,,"ИНДИВИДУАЛЬНЫЙ ПРЕДПРИНИМАТЕЛЬ ""Шелковые небеса"" 800914301113",800914301113,"Референс 3156594361 Прием вклада по депозитному договору № S/005627292/24 от 14.06.2024 в сумме 3500000(KZT) Вкладчик:ИНДИВИДУАЛЬНЫЙ ПРЕДПРИНИМАТЕЛЬ ИП ""Шелковые небеса"".",
14.06.2024,ONBF51A33,600000.0,,"ЗИНУРОВ ЕРМЕК АМАНТАЕВИЧ (ИП ""Шелковые небеса"") 800914301113",800914301113,"Референс 3156570555 пополнение Переводы клиентом денег со своего текущего счета в одном банке филиале банка-нерезидента Республики Казахстан на свой текущий счет в другом банке, филиале другого банка- нерезидента Республики Казахстан",
07.06.2024,388,,53784.0,"Товарищество с ограниченной ответственностью ""Клуб водным 120940017129",120940017129,"Референс 3150466483 Подвесной потолок согласно счет на оплату №72 от 07.06.2024г.. Платежи за профессиональные, научные и технические услуги",
31.05.2024,ONB64DEC6,1000000.0,,"ЗИНУРОВ ЕРМЕК АМАНТАЕВИЧ (ИП ""Шелковые небеса"") 800914301113",800914301113,"Референс 3143090683 пополнение Переводы клиентом денег со своего текущего счета в одном банке филиале банка-нерезидента Республики Казахстан на свой текущий счет в другом банке, филиале другого банка- нерезидента Республики Казахстан",
31.05.2024,920159500,,2994000.0,Атырауский филиал 060141000138,060141000138,"Референс 3143044109 Референс 9201595003642024; Предоплата 50 процентов за текущий ремонт в помещении ЦБО 303 г.Кульсары ул.У.Абдахманова,строение 33 после паводков согласно счет на оплату 000000000070 от 29.05.2024г.по договору Д- АХД-920.5624 от 17.05.2024г.Без НДС.",
31.05.2024,ONB9CAF2F,280000.0,,ЕРКЕБУЛАН К. 850906300755,850906300755,Референс 3142587139 PHONE_NUMBER 7015797495 Прочие безвозмездные переводы денег RRN=24531D689943,
30.05.2024,269,,280000.0,"""ПРОМСЕРВИСРЕАЛ"" 240140007465",240140007465,"Референс 3141677398 За профессиональные, научные и технические услуги. Оплата за оказание услуги по аренде легковых автомобилей (1740),согласно счета на оплату №000000000071 от 30.05.2024 г.",
29.05.2024,ONBC1F20E,,2.000000750000025e+42,"ЗИНУРОВ ЕРМЕК АМАНТАЕВИЧ (ИП ""Шелковые небеса"") 800914301113 Акционерное общество НародныйБанк Казахстана 940140000385 Акционерное общество НародныйБанк Казахстана 940140000385 Акционерное общество НародныйБанк Казахстана 940140000385 Акционерное общество НародныйБанк Казахстана 940140000385 Акционерное общество НародныйБанк Казахстана 940140000385 Акционерное общество НародныйБанк Казахстана 940140000385",800914301113,"Референс 3141042386 пополнение Переводы клиентом денег со своего текущего счета в одном банке филиале банка-нерезидента Республики Казахстан на свой текущий счет в другом банке, филиале другого банка- нерезидента Республики Казахстан 2 Референс 3139097740 д1 260124 транспортировка АТМ сф61 160524 Референс 3139058420 д1 260124 транспортиров эмбоссеры,ПТ сф69 270524 Референс 3135716412 д1 260124 демонтаж АТМ сф65 220524 Референс 3135705025 д1 260124 транспортировка АТМ сф68 220524 Референс 3135695130 д1 260124 транспортировка АТМ сф66 220524 Референс 3135695104 д1 260124 транспортировка АТМ сф67 220524",
20.05.2024,ONBBD66BF,,1.300000124800002e+20,"ЗИНУРОВ ЕРМЕК АМАНТАЕВИЧ (ИП ""Шелковые небеса"") 800914301113 Акционерное общество НародныйБанк Казахстана 940140000385 Акционерное общество НародныйБанк Казахстана 940140000385 Акционерное общество НародныйБанк Казахстана 940140000385",800914301113,"Референс 3132659344 пополнение Переводы клиентом денег со своего текущего счета в одном банке филиале банка-нерезидента Республики Казахстан на свой текущий счет в другом банке, филиале другого банка- нерезидента Республики Казахстан Референс 3132492001 д1 260124 демонтаж АТМ сф63 160524 Референс 3132453048 д1 260124 монтаж АТМ сф60 160524 Референс 3130817047 д1 260124 транспортировка АТМ сф62 160524",
16.05.2024,003070662641,6000.0,,Атырауский Областной Народного Банка Казахстана 970541000638,970541000638,"Референс 3128968489 Комиссия за операцию ""Снятие с текущего счета ЮЛ через АК"" согласно тарифам банка. НДС не облагается.",
16.05.2024,003070662532,2000000.0,,Народный Банк Республики Казахстан 940140000385,940140000385,Референс 3128968364 Снятие с текущего счета ЮЛ/ПБОЮЛ через АК. (Снятие наличных денег с текущих или корреспондентских счетов),
16.05.2024,003070657941,5400.0,,Атырауский Областной Народного Банка Казахстана 970541000638,970541000638,"Референс 3128965134 Комиссия за операцию ""Снятие с текущего счета ЮЛ через АК"" согласно тарифам банка. НДС не облагается.",
16.05.2024,003070657756,,4.680000468000041e+19,Народный Банк Республики Казахстан 940140000385 Акционерное общество НародныйБанк Казахстана 940140000385 Акционерное общество НародныйБанк Казахстана 940140000385 Акционерное общество НародныйБанк Казахстана 940140000385,940140000385,Референс 3128964989 Снятие с текущего счета ЮЛ/ПБОЮЛ через АК. (Снятие наличных денег с текущих или корреспондентских счетов) Референс 3128373197 д1 260124 монтаж АТМ сф59 060524 Референс 3128372991 д1 260124 монтаж АТМ сф56 060524 Референс 3128349833 д1 260124 транспортировка АТМ сф51 060524,
14.05.2024,239,,4000000.0,АТЫРАУ СТРОЙ СТАНДАРТ 020940003802,020940003802,Референс 3127314506 Согласно счет на оплату №00000000064 от 13.05.24г г за электромонтажных услугСумма 4 000 000-00 тенге в т.ч. НДС(Без НДС) 0-00 тенге. Платежи за строительные услуги. 3,
14.05.2024,ONBB72FA6,1000000.0,,ермек 800914301113,800914301113,"Референс 3127010911 пополнение Переводы клиентом денег со своего текущего счета в одном банке филиале банка-нерезидента Республики Казахстан на свой текущий счет в другом банке, филиале другого банка- нерезидента Республики Казахстан",
14.05.2024,920159500,,30000.0,Атырауский филиал 060141000138,060141000138,"Референс 3126802393 Референс 9201595003122024; Оплата за перевозку АТМ,согласно ЭСФ 58 от 06.05.2024г.по договору Д-АХД-920.1613 от 18.04.2023г.Без НДС.",
13.05.2024,920159500,,205000.0,Атырауский филиал 060141000138,060141000138,"Референс 3125604509 Референс 9201595003052024; Оплата за перевозку АТМ,ДГУ,ПТ,загрузка,выгрузка, согласно ЭСФ 57 от 29.04.2024г.по договору Д-АХД- 920.1613 от 18.04.2023г.Без НДС.",
13.05.2024,003066270366,100.0,,Атырауский Областной Народного Банка Казахстана 970541000638,970541000638,"Референс 3125300284 Комиссия за операцию ""Простой перевод обычной срочности"" согласно тарифам банкаРасчетный документ № ONB4600B1 от 13.05.24 на сумму 200 000.00 KZT. НДС не облагается.",
13.05.2024,ONB4600B1,200000.0,,ермек 800914301113,800914301113,"Референс 3125300200 пополнение Переводы клиентом денег со своего текущего счета в одном банке филиале банка-нерезидента Республики Казахстан на свой текущий счет в другом банке, филиале другого банка- нерезидента Республики Казахстан",
06.05.2024,003061137683,,3200000.0,"ИНДИВИДУАЛЬНЫЙ ПРЕДПРИНИМАТЕЛЬ ""Шелковые небеса"" 800914301113",800914301113,"Референс 3120250683 Полная выплата вклада по депозитному договору № S/005290407/24 от 29.04.2024 в сумме 3200000(KZT) Вкладчик:ИНДИВИДУАЛЬНЫЙ ПРЕДПРИНИМАТЕЛЬ ИП ""Шелковые небеса"".",
06.05.2024,003061087458,,8244.44,Атырауский Областной Народного Банка Казахстана 970541000638,970541000638,"Референс 3120195623 Выплата вознаграждения по депозитному договору № S/005290407/24 от 29.04.2024 Вкладчик:ИНДИВИДУАЛЬНЫЙ ПРЕДПРИНИМАТЕЛЬ ИП ""Шелковые небеса"".",
04.05.2024,003060644266,550.0,,Атырауский Областной Народного Банка Казахстана 970541000638,970541000638,"Референс 3119670451 Комиссия за операцию ""Простой перевод обычной срочности"" согласно тарифам банкаРасчетный документ № ONB851888 от 04.05.24 на сумму 380 000.00 KZT. НДС не облагается.",
04.05.2024,ONB851888,380000.0,,ермек 800914301113,800914301113,"Референс 3119670440 пополнение Переводы клиентом денег со своего текущего счета в одном банке филиале банка-нерезидента Республики Казахстан на свой текущий счет в другом банке, филиале другого банка- нерезидента Республики Казахстан",
04.05.2024,189,,3.0000000195000074e+19,"""ПРОМСЕРВИСРЕАЛ"" 240140007465 Акционерное общество НародныйБанк Казахстана 940140000385 Акционерное общество НародныйБанк Казахстана 940140000385",240140007465,"Референс 3119665854 За профессиональные, научные и технические услуги. Оплата за услугу аренды а/т (1740), согласно договору № PSR20-04/2024 от 02.04.2024. Референс 3118543802 д1 260124 монтаж АТМ сф52 300424 Референс 3118543716 д1 260124 перевозка АТМ сф55 300424",
03.05.2024,ONB3B5423,,7500000130000.0,ермек 800914301113 Акционерное общество НародныйБанк Казахстана 940140000385 Акционерное общество НародныйБанк Казахстана 940140000385,800914301113,"Референс 3118383087 пополнение Переводы клиентом денег со своего текущего счета в одном банке филиале банка-нерезидента Республики Казахстан на свой текущий счет в другом банке, филиале другого банка- нерезидента Республики Казахстан Референс 3115104027 д1 260124 дем/транспорт АТМ сф53 290424 Референс 3115070286 д1 260124 демонтаж АТМ сф50 290424 4",
29.04.2024,003053712633,3200000.0,,"ИНДИВИДУАЛЬНЫЙ ПРЕДПРИНИМАТЕЛЬ ""Шелковые небеса"" 800914301113",800914301113,"Референс 3113559942 Прием вклада по депозитному договору № S/005290407/24 от 29.04.2024 в сумме 3200000(KZT) Вкладчик:ИНДИВИДУАЛЬНЫЙ ПРЕДПРИНИМАТЕЛЬ ИП ""Шелковые небеса"".",
23.04.2024,ONBB43579,150000.0,,АЛИБЕК Е. 810701300080,810701300080,Референс 3108866159 PHONE_NUMBER 7013830381 Прочие безвозмездные переводы денег RRN=24423D73202,
22.04.2024,920159500,,130000.0,Атырауский филиал 060141000138,060141000138,"Референс 3107448545 Референс 9201595002682024; Оплата за перевозку АТМ,картомата,демонтаж межстенного АТМ согласно ЭСФ 43 от 16.04.2024г.по договору Д-АХД-920.1613 от 18.04.2023г.Без НДС.",
19.04.2024,003045885516,550.0,,Атырауский Областной Народного Банка Казахстана 970541000638,970541000638,"Референс 3106061059 Комиссия за операцию ""Простой перевод обычной срочности"" согласно тарифам банкаРасчетный документ № ONB2B2A24 от 19.04.24 на сумму 1 500 000.00 KZT. НДС не облагается.",
19.04.2024,ONB2B2A24,,4250000025000.0,ермек 800914301113 Акционерное общество НародныйБанк Казахстана 940140000385 Акционерное общество НародныйБанк Казахстана 940140000385,800914301113,"Референс 3106061034 пополнение Переводы клиентом денег со своего текущего счета в одном банке филиале банка-нерезидента Республики Казахстан на свой текущий счет в другом банке, филиале другого банка- нерезидента Республики Казахстан Референс 3105982442 д1 260124 транспортировка АТМ сф47 180424 Референс 3105942402 д1 260124 транспортировка АТМ сф46 180424",
19.04.2024,08-000297,,10000.0,ФИЛИАЛ N 8 АО ЕВРАЗИЙСКИЙ БАНК 050241002552,050241002552,"Референс 3105907638 КАР_AV005/2 ТРАНСПОРТНЫЕ УСЛУГИ (ПЕРЕВОЗКА А/Т ТОЙОТА КОРОЛЛА 773 AF 06) - ФИЛИАЛ 8 СОГЛ. СЧ № 44 ОТ 16.04.2024Г., БЕЗ НДС",
19.04.2024,08-000287,,100000.0,ФИЛИАЛ N 8 АО ЕВРАЗИЙСКИЙ БАНК 050241002552,050241002552,"Референс 3105907585 КАР_CR009/2.1 ТРАНСПОРТНЫЕ УСЛУГИ МАНИПУЛЯТОРА (ПЕРЕВОЗКА БАНК ОМАТА, С ОТД 804 - ФИЛИАЛ 8, ТРЦ INFINITY MALL) - ФИЛИАЛ 8 СОГЛ. СЧ № 42 ОТ 12.04.2024Г., БЕЗ НДС",
19.04.2024,003934,,1.6000000100600001e+21,"ФИЛИАЛ АО ""BANK В Г.АТЫРАУ 140641019114 Акционерное общество НародныйБанк Казахстана 940140000385 Акционерное общество НародныйБанк Казахстана 940140000385",140641019114,Референс 3105863771 ПЕРЕВОЗКА БАНКОМАТОВ СОГЛ СЧ 49 ОТ 16/04/24 Г БЕЗ НДС Референс 3105860718 д1 260124 монтаж/демонтаж АТМ сф45 180424 Референс 3105860710 д1 260124 демонтаж АТМ сф48 180424,
15.04.2024,920159500,,757000.0,Атырауский филиал 060141000138,060141000138,"Референс 3101934431 Референс 9201595002532024; Оплата за строительные работы,перемешение мебели в связи ЧП в г.Атырау для защиты здания банка.согласно счет на оплату 41 от 09.04.2024г.Без договора.Без НДС.",
08.04.2024,003033106765,,3000000.0,"ИНДИВИДУАЛЬНЫЙ ПРЕДПРИНИМАТЕЛЬ ""Шелковые небеса"" 800914301113",800914301113,"Референс 3094499736 Полная выплата вклада по депозитному договору № S/005079235/24 от 01.04.2024 в сумме 3000000(KZT) Вкладчик:ИНДИВИДУАЛЬНЫЙ ПРЕДПРИНИМАТЕЛЬ ИП ""Шелковые небеса"".",
08.04.2024,003033087653,,7729.17,Атырауский Областной Народного Банка Казахстана 970541000638,970541000638,"Референс 3094467394 Выплата вознаграждения по депозитному договору № S/005079235/24 от 01.04.2024 Вкладчик:ИНДИВИДУАЛЬНЫЙ ПРЕДПРИНИМАТЕЛЬ ИП ""Шелковые небеса"". 5",
01.04.2024,003026619990,3000000.0,,"ИНДИВИДУАЛЬНЫЙ ПРЕДПРИНИМАТЕЛЬ ""Шелковые небеса"" 800914301113",800914301113,"Референс 3088455909 Прием вклада по депозитному договору № S/005079235/24 от 01.04.2024 в сумме 3000000(KZT) Вкладчик:ИНДИВИДУАЛЬНЫЙ ПРЕДПРИНИМАТЕЛЬ ИП ""Шелковые небеса"".",
01.04.2024,003026004423,,3000000.0,"ИНДИВИДУАЛЬНЫЙ ПРЕДПРИНИМАТЕЛЬ ""Шелковые небеса"" 800914301113",800914301113,"Референс 3087835363 Полная выплата вклада по депозитному договору № S/004993738/24 от 15.03.2024 в сумме 3000000(KZT) Вкладчик:ИНДИВИДУАЛЬНЫЙ ПРЕДПРИНИМАТЕЛЬ ИП ""Шелковые небеса"".",
01.04.2024,003025950258,,18770.83,Атырауский Областной Народного Банка Казахстана 970541000638,970541000638,"Референс 3087759040 Выплата вознаграждения по депозитному договору № S/004993738/24 от 15.03.2024 Вкладчик:ИНДИВИДУАЛЬНЫЙ ПРЕДПРИНИМАТЕЛЬ ИП ""Шелковые небеса"".",
29.03.2024,ONB7C6D2F,,2834000080000.0,ермек 800914301113 Акционерное общество НародныйБанк Казахстана 940140000385 Акционерное общество НародныйБанк Казахстана 940140000385,800914301113,"Референс 3086650143 пополнение Переводы клиентом денег со своего текущего счета в одном банке филиале банка-нерезидента Республики Казахстан на свой текущий счет в другом банке, филиале другого банка- нерезидента Республики Казахстан Референс 3085607532 д1 260124 дем/монт АТМ, козырька АТМ сф37 190324 Референс 3085589667 д1 260124 дем/монт козырька АТМ сф35 190324",
28.03.2024,920159500,,1.4700000175000005e+27,Атырауский филиал 060141000138 Акционерное общество НародныйБанк Казахстана 940140000385 Акционерное общество НародныйБанк Казахстана 940140000385 Акционерное общество НародныйБанк Казахстана 940140000385,060141000138,"Референс 3085369800 Референс 9201595002032024; Оплата за аренду автотранс.,усл.погрузочных разгрузочных работ согласно ЭСФ 38 от 26.03.2024г по договору Д-АХД-920.2243 от 02.06.2023г.Без НДС. Референс 3084479976 д1 260124 транспортировка АТМ сф36 190324 Референс 3079444925 д1 260124 транспортировка нов АТМ сф33 150324 Референс 3079426223 д1 260124 транспортировка нов АТМ сф34 150324",
15.03.2024,003012809377,550.0,,Атырауский Областной Народного Банка Казахстана 970541000638,970541000638,"Референс 3075437538 Комиссия за операцию ""Простой перевод обычной срочности"" согласно тарифам банкаРасчетный документ № ONB23C71B от 15.03.24 на сумму 500 000.00 KZT. НДС не облагается.",
15.03.2024,ONB23C71B,500000.0,,ермек 800914301113,800914301113,"Референс 3075437527 пополнение Переводы клиентом денег со своего текущего счета в одном банке филиале банка-нерезидента Республики Казахстан на свой текущий счет в другом банке, филиале другого банка- нерезидента Республики Казахстан",
15.03.2024,003012184934,,10000000225000.0,"ИНДИВИДУАЛЬНЫЙ ПРЕДПРИНИМАТЕЛЬ ""Шелковые небеса"" 800914301113 Акционерное общество НародныйБанк Казахстана 940140000385 Акционерное общество НародныйБанк Казахстана 940140000385",800914301113,"Референс 3074994463 Прием вклада по депозитному договору № S/004993738/24 от 15.03.2024 в сумме 3000000(KZT) Вкладчик:ИНДИВИДУАЛЬНЫЙ ПРЕДПРИНИМАТЕЛЬ ИП ""Шелковые небеса"". Референс 3074009473 д1 260124 транспортировка нов АТМ сф20 010324 Референс 3073850011 д1 260124 транспортировка нов АТМ сф24 050324 6",
14.03.2024,920159500,,1.0500000250000024e+35,Атырауский филиал 060141000138 Акционерное общество НародныйБанк Казахстана 940140000385 Акционерное общество НародныйБанк Казахстана 940140000385 Акционерное общество НародныйБанк Казахстана 940140000385 Акционерное общество НародныйБанк Казахстана 940140000385,060141000138,Референс 3073843399 Референс 9201595001852024; Оплата за перевозку АТМ согласно ЭСФ 28 от 06.03.2024г.по договору Д-АХД-920.1613 от 18.04.2023г. Без НДС. Референс 3073086781 д1 260124 переустановка бу АТМ сф31 120324 Референс 3073086764 д1 260124 переустановка бу АТМ сф29 120324 Референс 3073086724 д1 260124 переустановка бу АТМ сф30 120324 Референс 3070900897 д1 260124 монтаж бу АТМ сф25 050324,
11.03.2024,003006399721,100.0,,Атырауский Областной Народного Банка Казахстана 970541000638,970541000638,"Референс 3069812629 Комиссия за операцию ""Простой перевод обычной срочности"" согласно тарифам банкаРасчетный документ № ONBF85930 от 11.03.24 на сумму 300 000.00 KZT. НДС не облагается.",
11.03.2024,ONBF85930,,3.00000001092e+50,ермек 800914301113 Акционерное общество НародныйБанк Казахстана 940140000385 Акционерное общество НародныйБанк Казахстана 940140000385 Акционерное общество НародныйБанк Казахстана 940140000385 Акционерное общество НародныйБанк Казахстана 940140000385 Акционерное общество НародныйБанк Казахстана 940140000385 Акционерное общество НародныйБанк Казахстана 940140000385 Акционерное общество НародныйБанк Казахстана 940140000385,800914301113,"Референс 3069812429 пополнение Переводы клиентом денег со своего текущего счета в одном банке филиале банка-нерезидента Республики Казахстан на свой текущий счет в другом банке, филиале другого банка- нерезидента Республики Казахстан Референс 3068523375 д1 260124 транспортировка АТМ сф23 050324 Референс 3068523026 д1 260124 монтаж АТМ сф14 270224 Референс 3068522966 д1 260124 транспортировка АТМ сф19 010324 Референс 3068522828 д1 260124 демонтаж козырька АТМ сф27 050324 Референс 3068522555 д1 260124 монтаж АТМ сф26 050324 Референс 3068522427 д1 260124 монтаж АТМ сф21 010324 акт 21 280224 Референс 3068522374 д1 260124 монтаж АТМ сф22 010324 акт 280224",
06.03.2024,920159500,,4.900000020000001e+59,Атырауский филиал 060141000138 Акционерное общество НародныйБанк Казахстана 940140000385 Акционерное общество НародныйБанк Казахстана 940140000385 Акционерное общество НародныйБанк Казахстана 940140000385 Акционерное общество НародныйБанк Казахстана 940140000385 Акционерное общество НародныйБанк Казахстана 940140000385 Акционерное общество НародныйБанк Казахстана 940140000385 Акционерное общество НародныйБанк Казахстана 940140000385,060141000138,Референс 3066904424 Референс 9201595001622024; Оплата за перевозки ОС с услугой грузчика согласно ЭСФ 05 от 15.02.2024гпо договору Д-АХД-920.2243 от 02.06.2023г.Без НДС. Референс 3066648546 д1 260124 перевозка АТМ сф15 010324 Референс 3066648458 д1 260124 перевозка новых АТМ сф12 270224 Референс 3064575357 д1 260124 перевозка АТМ сф16 010324 Референс 3064575225 д1 260124 перевозка АТМ сф10 270224 Референс 3064575094 д1 260124 д/мон АТМ сф18 010324 7 Референс 3064574964 д1 260124 демонтаж АТМ сф17 010324 Референс 3064574829 д1 260124 д/мон АТМ сф13 270224,
02.03.2024,ONB4C4077,20000.0,,ИНКАРА Д. 801015402212,801015402212,Референс 3063158519 PHONE_NUMBER 7024626262 Прочие безвозмездные переводы денег RRN=24302D250723,
29.02.2024,ONB3351E9,300000.0,,ермек 800914301113,800914301113,"Референс 3061109186 пополнение Переводы клиентом денег со своего текущего счета в одном банке филиале банка-нерезидента Республики Казахстан на свой текущий счет в другом банке, филиале другого банка- нерезидента Республики Казахстан",
26.02.2024,ONBCD614C,50000.0,,"""Центр электронных финансов"" 071140005693",071140005693,"Референс 3058326031 Оплата за услугу по использованию (доступу) веб-портала государственных закупок Платежи за профессиональные, научные и технические услуги,",
19.02.2024,ONB6A4C8C,90000.0,,АЛИБЕК Е. 810701300080,810701300080,Референс 3051991117 PHONE_NUMBER 7013830381 Прочие безвозмездные переводы денег RRN=24219D58269,
16.02.2024,ONB88A2FF,300000.0,,ермек 800914301113,800914301113,"Референс 3050076199 пополнение Переводы клиентом денег со своего текущего счета в одном банке филиале банка-нерезидента Республики Казахстан на свой текущий счет в другом банке, филиале другого банка- нерезидента Республики Казахстан",
15.02.2024,ONB074289,,1.000000040000008e+26,ермек 800914301113 Акционерное общество НародныйБанк Казахстана 940140000385 Акционерное общество НародныйБанк Казахстана 940140000385 Акционерное общество НародныйБанк Казахстана 940140000385 Акционерное общество НародныйБанк Казахстана 940140000385,800914301113,"Референс 3049254250 пополнение Переводы клиентом денег со своего текущего счета в одном банке филиале банка-нерезидента Республики Казахстан на свой текущий счет в другом банке, филиале другого банка- нерезидента Республики Казахстан Референс 3041919148 д1 260124 передислокация АТМ сф7 020224 Референс 3041909742 д1 260124 д/мон козырька АТМ сф8 020224 Референс 3041909269 д1 260124 дем/монт АТМ сф6 010224 Референс 3041908619 д1 260124 дем/монт, трансп АТМ сф9 010224",
06.02.2024,ONB8A4120,700000.0,,ермек 800914301113,800914301113,"Референс 3040745332 пополнение Переводы клиентом денег со своего текущего счета в одном банке филиале банка-нерезидента Республики Казахстан на свой текущий счет в другом банке, филиале другого банка- нерезидента Республики Казахстан",
01.02.2024,ONB070DF5,1000000.0,,ермек 800914301113,800914301113,"Референс 3036522020 пополнение Переводы клиентом денег со своего текущего счета в одном банке филиале банка-нерезидента Республики Казахстан на свой текущий счет в другом банке, филиале другого банка- нерезидента Республики Казахстан",
01.02.2024,002969783844,9000.0,,Атырауский Областной Народного Банка Казахстана 970541000638,970541000638,"Референс 3036289204 Комиссия за операцию ""Снятие с текущего счета ЮЛ через АК"" согласно тарифам банка. НДС не облагается.",
01.02.2024,002969783841,3000000.0,,Народный Банк Республики Казахстан 940140000385,940140000385,Референс 3036289203 Снятие с текущего счета ЮЛ/ПБОЮЛ через АК. (Снятие наличных денег с текущих или корреспондентских счетов) 8,
01.02.2024,ONB2FE9A2,3000000.0,,ермек 800914301113,800914301113,"Референс 3036245839 пополнение Переводы клиентом денег со своего текущего счета в одном банке филиале банка-нерезидента Республики Казахстан на свой текущий счет в другом банке, филиале другого банка- нерезидента Республики Казахстан",
01.02.2024,002969666798,6048864.53,,Атырауский Областной Народного Банка Казахстана 970541000638,970541000638,"Референс 3036208084 Погашение со счета KZ246010141000030602 вид начисления - Основной долг в сумме 6048864.53 по договору D434952558.567620, по клиенту ИНДИВИДУАЛЬНЫЙ ПРЕДПРИНИМАТЕЛЬ ИП ""Шелковые небеса""",
01.02.2024,002969666796,133636.22,,Атырауский Областной Народного Банка Казахстана 970541000638,970541000638,"Референс 3036208081 Погашение со счета KZ246010141000030602 вид начисления - Проценты по кредиту в сумме 133636.22 по договору D434952558.567620, по клиенту ИНДИВИДУАЛЬНЫЙ ПРЕДПРИНИМАТЕЛЬ ИП ""Шелковые небеса""",
31.01.2024,969123,,13671539.6,Эйр Астана 010940000162,010940000162,"Референс 3035320667 СЧ 0002 ОТ 290124 РАБОТЫ ПО РЕМОНТУ ПОМЕЩЕНИЯ В АЭРОПОРТУ Г. А ТЫРАУ Платежи за профессиональные, научные и технические услуги,",
24.01.2024,233032024,,1715178.0,"АО ""Bereke Bank"" Атырауской области 031141001202",031141001202,"Референс 3029653830 Оплата по СЧ №04 от 18.01.24,ремонтно-строительные работы 12/23,по договору №1536697 от 27.11.2023",
23.01.2024,ONB6D67B7,7000.0,,"""Центр электронных финансов"" 071140005693",071140005693,"Референс 3028914554 Оплата за услугу по использованию (доступу) веб-портала государственных закупок Платежи за профессиональные, научные и технические услуги,",
23.01.2024,ONB0A8EC6,520000.0,,ермек 800914301113,800914301113,"Референс 3028691165 пополнение Переводы клиентом денег со своего текущего счета в одном банке филиале банка-нерезидента Республики Казахстан на свой текущий счет в другом банке, филиале другого банка- нерезидента Республики Казахстан",
23.01.2024,93,,40000000120640.0,АТМА - Аэропорт и Перевозки 951240000809 Акционерное общество НародныйБанк Казахстана 940140000385,951240000809,"Референс 3028606175 Текущий ремонт части крыши старого офиса, с/но дог№01 от 110124г. Без НДС. Платежи за строительные услуги, Референс 3025818343 бд изг,устан перегородки ОРГ стекло сф3 160124",
15.01.2024,ONBD8F738,460000.0,,ермек 800914301113,800914301113,Референс 3022028228 пополнение Переводы клиентом денег со своего текущего счета в одном банке на свой текущий счет в другом банке,
15.01.2024,55,,442200.0,АТМА - Аэропорт и Перевозки 951240000809,951240000809,"Референс 3021980666 Предоплата за текущий ремонт части крыши старого офиса, с/но сч№1 от 120124г. Без НДС. Платежи за профессиональные, научные и технические услуги,",
10.01.2024,ONBCA80A5,600000.0,,ермек 800914301113,800914301113,Референс 3018524981 пополнение Переводы клиентом денег со своего текущего счета в одном банке на свой текущий счет в другом банке,
10.01.2024,102599541,,600000.0,Центр электронных финансов 071140005693,071140005693,"Референс 3018417192 Возврат обеспечения заявки поставщиком Возврат гарантийного взноса,",
09.01.2024,002949624250,100.0,,Атырауский Областной Народного Банка Казахстана 970541000638,970541000638,"Референс 3017682297 Комиссия за операцию ""Зачисление средств на счет клиента через АДМ № 14070001"" согласно тарифам банка. НДС не облагается.",
09.01.2024,002949544236,550.0,,Атырауский Областной Народного Банка Казахстана 970541000638,970541000638,"Референс 3017620496 Комиссия за операцию ""Простой перевод обычной срочности"" согласно тарифам банкаРасчетный документ № ONB9426A4 от 09.01.24 на сумму 24 000.00 KZT. НДС не облагается. 9",
09.01.2024,ONB9426A4,24000.0,,реальном инжиниринг 130440026330,130440026330,"Референс 3017620489 согласно счет на оплату мр 136493 Платежи за компьютерные услуги,",
09.01.2024,AW1718221228,,50000.0,Народный Банк Казахстана 940140000385,940140000385,Референс 3017599103 Пополнение с терминала 14070001 ПОПОЛНЕНИЕ,
09.01.2024,002949015865,7800.0,,Атырауский Областной Народного Банка Казахстана 970541000638,970541000638,"Референс 3017243315 Комиссия за операцию ""Снятие с текущего счета ЮЛ через АК"" согласно тарифам банка. НДС не облагается.",
09.01.2024,002949015851,2600000.0,,Народный Банк Республики Казахстан 940140000385,940140000385,Референс 3017243288 Снятие с текущего счета ЮЛ/ПБОЮЛ через АК. (Снятие наличных денег с текущих или корреспондентских счетов),
08.01.2024,10,,2600000.0,"ТОО ""Freedom Telecom"" в городе Атырау 200841030740",200841030740,"Референс 3016296988 За аренду АГП в г. Кульсары (28.11.2023-15.12.2023) согласно договора №2023-21 от 28.11.2023 на сумму 2 600 000,00 тенге без НДС. Платежи по лизингу (текущая аренда),",
05.01.2024,002946736091,504.0,,Атырауский Областной Народного Банка Казахстана 970541000638,970541000638,"Референс 3014848498 Комиссия за операцию ""Зачисление средств на счет клиента через АДМ № 14070001"" согласно тарифам банка. НДС не облагается.",
05.01.2024,002946736080,100.0,,Атырауский Областной Народного Банка Казахстана 970541000638,970541000638,"Референс 3014848471 Комиссия за операцию ""Зачисление средств на счет клиента через АДМ № 14070001"" согласно тарифам банка. НДС не облагается.",
05.01.2024,002946714715,356060.78,,Атырауский Областной Народного Банка Казахстана 970541000638,970541000638,"Референс 3014819823 Погашение со счета KZ246010141000030602 вид начисления - Основной долг в сумме 356060.78 по договору D434952558.567620, по клиенту ИНДИВИДУАЛЬНЫЙ ПРЕДПРИНИМАТЕЛЬ ИП ""Шелковые небеса""",
05.01.2024,002946714563,149199.89,,Атырауский Областной Народного Банка Казахстана 970541000638,970541000638,"Референс 3014819575 Погашение со счета KZ246010141000030602 вид начисления - Проценты по кредиту в сумме 149199.89 по договору D434952558.567620, по клиенту ИНДИВИДУАЛЬНЫЙ ПРЕДПРИНИМАТЕЛЬ ИП ""Шелковые небеса""",
05.01.2024,AW1716692954,,10000.0,Народный Банк Казахстана 940140000385,940140000385,Референс 3014716359 Пополнение с терминала 14070001 ПОПОЛНЕНИЕ,
05.01.2024,AW1716690390,,504000.0,Народный Банк Казахстана 940140000385,940140000385,Референс 3014712952 Пополнение с терминала 14070001 ПОПОЛНЕНИЕ,
05.01.2024,002945867868,14072.33,,Атырауский Областной Народного Банка Казахстана 970541000638,970541000638,"Референс 3014181027 Погашение со счета KZ246010141000030602 вид начисления - Проценты по кредиту в сумме 14072.33 по договору D434952558.567620, по клиенту ИНДИВИДУАЛЬНЫЙ ПРЕДПРИНИМАТЕЛЬ ИП ""Шелковые небеса""",
26.12.2023,ONB69A19A,600000.0,,ермек 800914301113 Акционерное общество НародныйБанк Казахстана 940140000385,800914301113,Референс 3004892284 пополнение Переводы клиентом денег со своего текущего счета в одном банке на свой текущий счет в другом банке Референс 3004061602 д4 100223 дем/монт козырьков АТМ сф71 191223,
22.12.2023,002934768347,9000.0,,Атырауский Областной Народного Банка Казахстана 970541000638,970541000638,"Референс 3002025262 Комиссия за операцию ""Снятие с текущего счета ЮЛ через АК"" согласно тарифам банка. НДС не облагается.",
22.12.2023,002934768249,3000000.0,,Народный Банк Республики Казахстан 940140000385,940140000385,Референс 3002025203 Снятие с текущего счета ЮЛ/ПБОЮЛ через АК. (Снятие наличных денег с текущих или корреспондентских счетов) 10,
22.12.2023,002934747993,2400.0,,Атырауский Областной Народного Банка Казахстана 970541000638,970541000638,"Референс 3002010412 Комиссия за операцию ""Снятие с текущего счета ЮЛ через АК"" согласно тарифам банка. НДС не облагается.",
22.12.2023,002934747785,,2.2000000250000015e+19,Народный Банк Республики Казахстан 940140000385 Акционерное общество НародныйБанк Казахстана 940140000385 Акционерное общество НародныйБанк Казахстана 940140000385 Акционерное общество НародныйБанк Казахстана 940140000385,940140000385,Референс 3002010316 Снятие с текущего счета ЮЛ/ПБОЮЛ через АК. (Снятие наличных денег с текущих или корреспондентских счетов) Референс 3000635872 д4 100223 передислокация АТМ сф68 191223 Референс 3000635853 д4 100223 передислокация АТМ сф69 191223 Референс 3000635808 д4 100223 перевозка АТМ сф70 191223,
19.12.2023,12963,,129000.0,Карат 930240000268,930240000268,"Референс 2998642078 За комиссионную вознаграждения. Платежи за профессиональные, научные и технические услуги,",
19.12.2023,324,,4000000.0,АТЫРАУ СТРОЙ СТАНДАРТ 020940003802,020940003802,Референс 2998357540 Согласно договор подряда №20 от 20.10.23г за электромонтажных услугСумма 4 000 000-00 тенге в т.ч. НДС(Без НДС) 0-00 тенге. Платежи за строительные услуги.,
11.12.2023,ONBC9C4D4,150000.0,,С. 841002301928,841002301928,Референс 2991869805 PHONE_NUMBER 7014287680 Прочие безвозмездные переводы денег RRN=23C11D36432,
08.12.2023,3019,,150000.0,"Некоммерческое акционерное общество ""Атырауский университет 990240001891",990240001891,Референс 2990322143 Платежи по лизинг. С/но счет фактуре №0000029 от 08.12.2023г за аренду автоматизированного гидравлического подъемника. Сумма 150 000- 00 тенге в т.ч. НДС(Без НДС) 0-00 тенге,
08.12.2023,ONBA55507,95000.0,,ермек 800914301113,800914301113,Референс 2989718128 пополнение Переводы клиентом денег со своего текущего счета в одном банке на свой текущий счет в другом банке,
05.12.2023,002917266828,352809.28,,Атырауский Областной Народного Банка Казахстана 970541000638,970541000638,"Референс 2986285057 Погашение со счета KZ246010141000030602 вид начисления - Основной долг в сумме 352809.28 по договору D434952558.567620, по клиенту ИНДИВИДУАЛЬНЫЙ ПРЕДПРИНИМАТЕЛЬ ИП ""Шелковые небеса""",
05.12.2023,002917259920,166523.72,,Атырауский Областной Народного Банка Казахстана 970541000638,970541000638,"Референс 2986275003 Погашение со счета KZ246010141000030602 вид начисления - Проценты по кредиту в сумме 166523.72 по договору D434952558.567620, по клиенту ИНДИВИДУАЛЬНЫЙ ПРЕДПРИНИМАТЕЛЬ ИП ""Шелковые небеса""",
30.11.2023,132465752,,600000.0,Республиканский методический центр фитосанитарной диагно 030340001648,030340001648,"Референс 2982647970 СФ# 2120072/23-36769 за 29.11.2023 ЗП# 7323009 Ст.- Окончательный.Приобретение автозапчастей для Атырауского областного филиала согласно счет-фактуре ESF-800914301113- 20231129-83022201 от 29.11.2023 ,уведомление 7323009 от 24.11.2023",
24.11.2023,ONB5D47FA,178000.0,,ЖАНАДИЛ М. 761030301725,761030301725,Референс 2977928330 PHONE_NUMBER 7013330133 Прочие безвозмездные переводы денег RRN=23B24D801483,
24.11.2023,806,,182500.0,НДПП Ауыл 000340016769,000340016769,"Референс 2977879050 За организацию мероприятия согласно с/о №15 от 14.11.23. Сумма 182 500-00 тенге без НДС Платежи по лизингу (текущая аренда),",
23.11.2023,ONBFAD8DB,600000.0,,ермек 800914301113,800914301113,Референс 2976589481 пополнение Переводы клиентом денег со своего текущего счета в одном банке на свой текущий счет в другом банке 11,
20.11.2023,ONB8A4693,400000.0,,ермек 800914301113,800914301113,Референс 2973638232 пополнение Переводы клиентом денег со своего текущего счета в одном банке на свой текущий счет в другом банке,
14.11.2023,920159400,,180000.0,Атырауский филиал 060141000138,060141000138,Референс 2968730776 Референс 9201594008592023; Оплата за перевозку АТМ согласно ЭСФ 63 от 02.11.2023г. от 02.11.2023г. По договору Д-АХД-920.1613 от 18.04.2023г. Без НДС.,
13.11.2023,002897342552,8550.0,,Атырауский Областной Народного Банка Казахстана 970541000638,970541000638,"Референс 2967982797 Комиссия за операцию ""Снятие с текущего счета ЮЛ через АК"" согласно тарифам банка. НДС не облагается.",
13.11.2023,002897342512,2850000.0,,Народный Банк Республики Казахстан 940140000385,940140000385,Референс 2967982774 Снятие с текущего счета ЮЛ/ПБОЮЛ через АК. (Снятие наличных денег с текущих или корреспондентских счетов),
10.11.2023,ONBA3887C,1500000.0,,ермек 800914301113,800914301113,Референс 2965852494 пополнение Переводы клиентом денег со своего текущего счета в одном банке на свой текущий счет в другом банке,
09.11.2023,203,,3000000.0,АТЫРАУ СТРОЙ СТАНДАРТ 020940003802,020940003802,Референс 2964932305 Согласно договор подряда №20 от 20.10.23г за электромонтажных услугСумма 3 000 000-00 тенге в т.ч. НДС(Без НДС) 0-00 тенге. Платежи за строительные услуги.,
09.11.2023,1708,,1000000.0,АТМА - Аэропорт и Перевозки 951240000809,951240000809,"Референс 2964652536 Текущий ремонт части крыши, с/но сф№66 от 061123г. Без НДС. Платежи за строительные услуги,",
06.11.2023,002889979555,332564.67,,Атырауский Областной Народного Банка Казахстана 970541000638,970541000638,"Референс 2961329521 Погашение со счета KZ246010141000030602 вид начисления - Основной долг в сумме 332564.67 по договору D434952558.567620, по клиенту ИНДИВИДУАЛЬНЫЙ ПРЕДПРИНИМАТЕЛЬ ИП ""Шелковые небеса""",
06.11.2023,002889970457,,127035930343066.5,Атырауский Областной Народного Банка Казахстана 970541000638 Акционерное общество НародныйБанк Казахстана 940140000385 Акционерное общество НародныйБанк Казахстана 940140000385,970541000638,"Референс 2961315683 Погашение со счета KZ246010141000030602 вид начисления - Проценты по кредиту в сумме 186768.33 по договору D434952558.567620, по клиенту ИНДИВИДУАЛЬНЫЙ ПРЕДПРИНИМАТЕЛЬ ИП ""Шелковые небеса"" Референс 2959725684 д24 050923 70%СМР п.Макат Мукашева45 сф58 131023 Референс 2958475120 д25 050923 70% работы по ММГН п.Макат сф59 131023",
01.11.2023,ONB74CA08,8000.0,,avensis транс 110840018053,110840018053,Референс 2957849644 пополнение Переводы клиентом денег со своего текущего счета в одном банке на свой текущий счет в другом банке,
01.11.2023,ONB793075,24000.0,,avensis транс 110840018053,110840018053,Референс 2957811807 пополнение Переводы клиентом денег со своего текущего счета в одном банке на свой текущий счет в другом банке,
01.11.2023,002885771117,,67000.0,"ИНДИВИДУАЛЬНЫЙ ПРЕДПРИНИМАТЕЛЬ ""Шелковые небеса"" 800914301113",800914301113,"Референс 2957198162 Полная выплата вклада по депозитному договору № S/004016227/23 от 20.10.2023 в сумме 67000(KZT) Вкладчик:ИНДИВИДУАЛЬНЫЙ ПРЕДПРИНИМАТЕЛЬ ИП ""Шелковые небеса"".",
01.11.2023,002885732257,,318.25,Атырауский Областной Народного Банка Казахстана 970541000638,970541000638,"Референс 2957133522 Выплата вознаграждения по депозитному договору № S/004016227/23 от 20.10.2023 Вкладчик:ИНДИВИДУАЛЬНЫЙ ПРЕДПРИНИМАТЕЛЬ ИП ""Шелковые небеса"". 12",
30.10.2023,ONB5368E3,900000.0,,ермек 800914301113,800914301113,Референс 2955415301 пополнение Переводы клиентом денег со своего текущего счета в одном банке на свой текущий счет в другом банке,
30.10.2023,1621,,722000.0,АТМА - Аэропорт и Перевозки 951240000809,951240000809,"Референс 2955362575 Брус, доска, шуруп, карниз профлист, проволока, конек, губка, шурупы, с/но сч№77 от 261023г. Без НДС. Платежи за товары, за исключением недвижимости и товаров с кодами назначения платежей 711, 712 и 713,",
29.10.2023,ONB937D78,1500000.0,,ермек 800914301113,800914301113,Референс 2954732588 пополнение Переводы клиентом денег со своего текущего счета в одном банке на свой текущий счет в другом банке,
29.10.2023,002882774467,,1228000.0,Атырауский Областной Народного Банка Казахстана 970541000638 Акционерное общество НародныйБанк Казахстана 940140000385,970541000638,"Референс 2954732590 Комиссия за операцию ""Простой перевод обычной срочности"" согласно тарифам банкаРасчетный документ № ONB937D78 от 30.10.23 на сумму 1 500 000.00 KZT. НДС не облагается. Референс 2953923230 д29 210923 покраска банкоматов сф61 231023",
26.10.2023,1604,,30000000215000.0,АТМА - Аэропорт и Перевозки 951240000809 Акционерное общество НародныйБанк Казахстана 940140000385,951240000809,"Референс 2952603923 Текущий ремонт части крыши старого офиса, с/но договора от 201023г. Без НДС. Платежи за строительные услуги, Референс 2951471039 д4 100223 передислокация АТМ сф60 191023",
20.10.2023,002876480785,67000.0,,"ИНДИВИДУАЛЬНЫЙ ПРЕДПРИНИМАТЕЛЬ ""Шелковые небеса"" 800914301113",800914301113,"Референс 2948792919 Прием вклада по депозитному договору № S/004016227/23 от 20.10.2023 в сумме 67000(KZT) Вкладчик:ИНДИВИДУАЛЬНЫЙ ПРЕДПРИНИМАТЕЛЬ ИП ""Шелковые небеса"".",
20.10.2023,002876292489,3000.0,,Атырауский Областной Народного Банка Казахстана 970541000638,970541000638,"Референс 2948662925 Комиссия за операцию ""Снятие с текущего счета ЮЛ через АК"" согласно тарифам банка. НДС не облагается.",
20.10.2023,002876292468,1000000.0,,Народный Банк Республики Казахстан 940140000385,940140000385,Референс 2948662878 Снятие с текущего счета ЮЛ/ПБОЮЛ через АК. (Снятие наличных денег с текущих или корреспондентских счетов),
19.10.2023,ONB2BC86E,,9.000000300000054e+25,ермек 800914301113 Акционерное общество НародныйБанк Казахстана 940140000385 Акционерное общество НародныйБанк Казахстана 940140000385 Акционерное общество НародныйБанк Казахстана 940140000385 Акционерное общество НародныйБанк Казахстана 940140000385,800914301113,Референс 2947667731 пополнение Переводы клиентом денег со своего текущего счета в одном банке на свой текущий счет в другом банке Референс 2944942793 д4 100223 передислокация АТМ сф55 111023 Референс 2944942712 д4 100223 перемещение АТМ сф54 111023 Референс 2943320573 д4 100223 монтаж АТМ сф56 111023 Референс 2943285462 д4 100223 монт/демонтаж АТМ сф57 111023,
11.10.2023,ONB08B52B,1500000.0,,ермек 800914301113,800914301113,Референс 2940913677 пополнение Переводы клиентом денег со своего текущего счета в одном банке на свой текущий счет в другом банке 13,
05.10.2023,002862006217,330172.8,,Атырауский Областной Народного Банка Казахстана 970541000638,970541000638,"Референс 2935688172 Погашение со счета KZ246010141000030602 вид начисления - Основной долг в сумме 330172.8 по договору D434952558.567620, по клиенту ИНДИВИДУАЛЬНЫЙ ПРЕДПРИНИМАТЕЛЬ ИП ""Шелковые небеса""",
05.10.2023,002861998091,,2100000299999.0,Атырауский Областной Народного Банка Казахстана 970541000638 Акционерное общество Народный сберегательный Казахстана 940140000385 Акционерное общество Народный сберегательный Казахстана 940140000385,970541000638,"Референс 2935676712 Погашение со счета KZ246010141000030602 вид начисления - Проценты по кредиту в сумме 189160.2 по договору D434952558.567620, по клиенту ИНДИВИДУАЛЬНЫЙ ПРЕДПРИНИМАТЕЛЬ ИП ""Шелковые небеса"" Референс 2934255842 д4 100223 монт/дем АТМ №14087 сф51 270923 Референс 2933174823 бд снятие ножек АТМ сф50 200923",
02.10.2023,ONB245DB4,1000000.0,,ермек 800914301113,800914301113,Референс 2933136806 пополнение Переводы клиентом денег со своего текущего счета в одном банке на свой текущий счет в другом банке,
28.09.2023,920159400,,850000025000.0,Атырауский филиал 060141000138 Акционерное общество Народный сберегательный Казахстана 940140000385,060141000138,Референс 2929733223 Референс 9201594007372023; Оплата за перевозки ОС с услугой грузчика согласно ЭСФ 52 от 27.09.2023 г. По договору Д-АХД-920.1613 от 18.04.2023г. Без НДС. Референс 2927262118 д4 100223 перевозка АТМ сф49 200923,
25.09.2023,ONBD38C23,1000000.0,,ермек 800914301113,800914301113,Референс 2926822930 пополнение Переводы клиентом денег со своего текущего счета в одном банке на свой текущий счет в другом банке,
24.09.2023,002851614126,85311.0,,Атырауский Областной Народного Банка Казахстана 970541000638,970541000638,"Референс 2926120024 Комиссия за операцию ""Абонентская плата"" согласно тарифам банка. НДС не облагается.",
20.09.2023,938976,,5859188.4,Эйр Астана 010940000162,010940000162,"Референс 2923274331 СЧ 61 ОТ 080923 ПРЕДОПЛАТА В РАЗМЕРЕ 30% (РЕМОНТ В АТЫРАУ) Платежи за профессиональные, научные и технические услуги,",
20.09.2023,891,,130000.0,ЭКО ПЛАСТ 031040005870,031040005870,"Референс 2923164697 Платежи по лизинг. Согласно счета 58 от 04..09,2023 г, За услуги Сумма 130 000-00 тенге в т.ч. НДС(12%) 13 928-57 тенге",
18.09.2023,002846093023,10000.0,,Атырауский Областной Народного Банка Казахстана 970541000638,970541000638,"Референс 2921093635 Взимание с клиента комиссии за операцию ""Выпуск БТГ/ Увеличение суммы БТГ"" по гарантии №OB- 59559967280, договор №002846088745 клиент ИП Шелковые небеса согласно тарифам банка",
15.09.2023,ONB5B56FA,750000.0,,ермек 800914301113,800914301113,Референс 2919627140 пополнение Переводы клиентом денег со своего текущего счета в одном банке на свой текущий счет в другом банке,
15.09.2023,002844600591,6090.0,,Атырауский Областной Народного Банка Казахстана 970541000638,970541000638,"Референс 2919545321 Комиссия за операцию ""Снятие с текущего счета ЮЛ через АК"" согласно тарифам банка. НДС не облагается.",
15.09.2023,002844600546,2030000.0,,Народный Банк Республики Казахстан 940140000385 Акционерное общество Народный сберегательный Казахстана 940140000385,940140000385,Референс 2919545282 Снятие с текущего счета ЮЛ/ПБОЮЛ через АК. (Снятие наличных денег с текущих или корреспондентских счетов) 14 Референс 2918897357 д25 050923 30% работы по доступности ММГН п.Макат ЦПС-13 сч59 060923,
14.09.2023,37,,203000000544439.7,Стройнадзор 150340020708 Акционерное общество Народный сберегательный Казахстана 940140000385,150340020708,"Референс 2918845261 За товар. Согласно акта сверки от 07.09.2023 г . За аренду транспорта 2022г. Сумма 2 030 000-00 тенге в т.ч. НДС(12%) 217 500-00 тенге Референс 2918758867 д24 050923 30%СМР п.Макат ул Саламт Мукашева,45 сч60 060923",
13.09.2023,920159400,,100000.0,Атырауский филиал 060141000138,060141000138,Референс 2917698417 Референс 9201594007022023; Оплата за перевозки ОС с услугой грузчика согласно ЭСФ 45 от 07.09.2023 г. По договору Д-АХД-920.2243 от 02.06.2023г. Без НДС.,
13.09.2023,ONBE55BD3,100000.0,,"""Центр электронных финансов"" 071140005693",071140005693,"Референс 2917535517 Оплата за услугу по использованию (доступу) веб-портала государственных закупок Платежи за профессиональные, научные и технические услуги,",
11.09.2023,920159400,,100000.0,Атырауский филиал 060141000138,060141000138,Референс 2915848365 Референс 9201594006872023; Оплата за перевозку и демонтаж межстенного банкомата согласно ЭСФ 46 от 07.09.2023г. По договору Д-АХД- 920.1613 от 18.04.2023г. Без НДС.,
08.09.2023,ONB5472E7,100000.0,,С. 841002301928,841002301928,Референс 2913986549 PHONE_NUMBER 7014287680 Прочие безвозмездные переводы денег RRN=23908D335335,
08.09.2023,548,,100000.0,Каспиан Девелопмент Кампани 010540000386,000000000060,"Референс 2913981619 Услуги. Согласно сч.№000000000060 от 08/09/2023 г., услуги автовышки ПМС 328, Без НДС",
08.09.2023,ONB0B806A,450000.0,,ермек 800914301113,800914301113,Референс 2913879401 пополнение Переводы клиентом денег со своего текущего счета в одном банке на свой текущий счет в другом банке,
05.09.2023,ONBE38E3D,150000.0,,С. 841002301928,841002301928,Референс 2910890972 PHONE_NUMBER 7014287680 Прочие безвозмездные переводы денег RRN=23905D980425,
05.09.2023,002834665957,334817.43,,Атырауский Областной Народного Банка Казахстана 970541000638,970541000638,"Референс 2910652153 Погашение со счета KZ246010141000030602 вид начисления - Основной долг в сумме 334817.43 по договору D434952558.567620, по клиенту ИНДИВИДУАЛЬНЫЙ ПРЕДПРИНИМАТЕЛЬ ИП ""Шелковые небеса""",
05.09.2023,002834657925,184515.57,,Атырауский Областной Народного Банка Казахстана 970541000638,970541000638,"Референс 2910642148 Погашение со счета KZ246010141000030602 вид начисления - Проценты по кредиту в сумме 184515.57 по договору D434952558.567620, по клиенту ИНДИВИДУАЛЬНЫЙ ПРЕДПРИНИМАТЕЛЬ ИП ""Шелковые небеса""",
04.09.2023,808,,500000.0,ЭКО ПЛАСТ 031040005870,031040005870,"Референс 2910151491 Платежи по лизинг. Согласно счета 58 от 04..09,2023 г, За услуги Сумма 500 000-00 тенге в т.ч. НДС(12%) 53 571-43 тенге",
04.09.2023,ONBA5A4EA,700000.0,,ермек 800914301113 Акционерное общество Народный сберегательный Казахстана 940140000385,800914301113,Референс 2910134873 пополнение Переводы клиентом денег со своего текущего счета в одном банке на свой текущий счет в другом банке Референс 2910049991 БД ремонт и установка мет двери сф42 240823,
04.09.2023,2310,,200000.0,"Некоммерческое акционерное общество ""Атырауский университет 990240001891",990240001891,Референс 2909702292 Платежи по лизинг. С/но счет фактуре №44 от 03.09.2023г за аренду автоматизированного гидравлического подъемника. Сумма 200 000- 00 тенге в т.ч. НДС(Без НДС) 0-00 тенге 15,
03.09.2023,ONB21CEA7,100000.0,,ИНКАРА Д. 801015402212 Акционерное общество Народный сберегательный Казахстана 940140000385,801015402212,Референс 2909115376 PHONE_NUMBER 7024626262 Прочие безвозмездные переводы денег RRN=23903D847395 Референс 2907135318 д4 100223 перевозка АТМ 2697 сф41 240823,
31.08.2023,ONBC00638,700000.0,,ермек 800914301113,800914301113,Референс 2907087098 пополнение Переводы клиентом денег со своего текущего счета в одном банке на свой текущий счет в другом банке,
31.08.2023,791,,7000000054000.0,ЭКО ПЛАСТ 031040005870 Акционерное общество Народный сберегательный Казахстана 940140000385,031040005870,Референс 2907063658 Платежи по лизинг. Согласно счета №000000057 от 31.08.2023 г. за аренду техники Сумма 700 000-00 тенге в т.ч. НДС(12%) 75 000-00 тенге Референс 2905846555 д4 100223 монтаж АТМ №2697 сф40 240823,
28.08.2023,ONBDE72AE,250000.0,,ермек 800914301113,800914301113,Референс 2904970440 пополнение Переводы клиентом денег со своего текущего счета в одном банке на свой текущий счет в другом банке,
27.08.2023,ONB2E6DF5,20000.0,,ЖЕТКІНШЕК Т. 810214301299,810214301299,Референс 2904095092 PHONE_NUMBER 7756029982 Прочие безвозмездные переводы денег RRN=23827D343324,
27.08.2023,ONB6D097A,70000.0,,ЗИНУРОВ Е.А.COM 800914301113,800914301113,"Референс 2904078423 Onlinebank Переводы клиентом денег с одного своего текущего счета, открытого в банке, на другой свой текущий счет, открытый в данном банке RRN=23827D326658",
25.08.2023,920159400,,5000000109000.0,Атырауский филиал 060141000138 Акционерное общество Народный сберегательный Казахстана 940140000385,060141000138,"Референс 2902843290 Референс 9201594006522023; Оплата за перевозки ОС с услугой грузчика согласно ЭСФ 36 от 22.08.2023 г. По договору Д-АХД-920.2243 от 02.06.2023г. Без НДС. Референс 2902829589 д4 100223 дем/мон АТМ, козырьков сф39 220823",
24.08.2023,759,,250000025000.0,ЭКО ПЛАСТ 031040005870 Акционерное общество Народный сберегательный Казахстана 940140000385,031040005870,Референс 2902306581 Платежи по лизинг. Согласно счета №000000042 от 20.08.2023 г. за аренду техники Сумма 25 000-00 тенге в т.ч. НДС(12%) 2 678-57 тенге Референс 2902298741 д4 100223 перевозка АТМ сф38 220823,
23.08.2023,002824660832,550.0,,Атырауский Областной Народного Банка Казахстана 970541000638,970541000638,"Референс 2901389308 Комиссия за операцию ""Простой перевод обычной срочности"" согласно тарифам банкаРасчетный документ № ONB544893 от 23.08.23 на сумму 250 000.00 KZT. НДС не облагается.",
23.08.2023,ONB544893,250000.0,,ермек 800914301113,800914301113,Референс 2901389304 пополнение Переводы клиентом денег со своего текущего счета в одном банке на свой текущий счет в другом банке,
23.08.2023,920159400,,70000.0,Атырауский филиал 060141000138,060141000138,Референс 2900854843 Референс 9201594006492023; Оплата демонтаж и перевозку банкомата согласно ЭСФ 37 от 22.08.2023г. По договору Д-АХД-920.1613 от 18.04.2023г. Без НДС.,
22.08.2023,141,,80000.0,"""Батыс Енбек Консалтинг"" 120640013929",120640013929,Референс 2900123724 Платежи по лизинг. Аренда мобильного контейнера за июль 2023г,
19.08.2023,002820930190,100.0,,Атырауский Областной Народного Банка Казахстана 970541000638,970541000638,"Референс 2898088340 Комиссия за операцию ""Простой перевод обычной срочности"" согласно тарифам банкаРасчетный документ № ONB96CEE8 от 21.08.23 на сумму 700 000.00 KZT. НДС не облагается. 16",
19.08.2023,ONB96CEE8,700000.0,,ермек 800914301113,800914301113,Референс 2898088338 пополнение Переводы клиентом денег со своего текущего счета в одном банке на свой текущий счет в другом банке,
18.08.2023,139,,600000.0,"""Батыс Енбек Консалтинг"" 120640013929",120640013929,Референс 2897800118 За товар. Приобретение мобильного контейнера счёт на оплату 0000000047 от 15.08.2023 года,
16.08.2023,ONB7C9616,,2.5000009000000117e+34,ермек 800914301113 Акционерное общество Народный сберегательный Казахстана 940140000385 Акционерное общество Народный сберегательный Казахстана 940140000385 Акционерное общество Народный сберегательный Казахстана 940140000385 Акционерное общество Народный сберегательный Казахстана 940140000385 Акционерное общество Народный сберегательный Казахстана 940140000385,800914301113,"Референс 2896071729 пополнение Переводы клиентом денег со своего текущего счета в одном банке на свой текущий счет в другом банке Референс 2896056554 д4 100223 перевозка АТМ маг Анвар сф32 150823 Референс 2895010106 бд монт/демонт перегородок Кулманова23 сф31 130823 Референс 2894218990 д4 100223 монтаж/демонтаж АТМ,козырька сф29 110823 Референс 2894114203 д4 100223 перевозка АТМ сф30 110823 Референс 2892585663 Оргстекло для ЕКЦ сч42 090823",
11.08.2023,ONB34DFDB,600000.0,,ермек 800914301113,800914301113,Референс 2892369754 пополнение Переводы клиентом денег со своего текущего счета в одном банке на свой текущий счет в другом банке,
10.08.2023,2190,,575000.0,"Некоммерческое акционерное общество ""Атырауский университет 990240001891",990240001891,Референс 2891657595 Платежи по лизинг. С/но счет фактуре №028 от 09.08.2023г за аренду автоматизированного гидравлического подъемника. Сумма 575 000- 00 тенге в т.ч. НДС(Без НДС) 0-00 тенге,
10.08.2023,ONB3AADA2,260000.0,,ермек 800914301113,800914301113,Референс 2891290817 пополнение Переводы клиентом денег со своего текущего счета в одном банке на свой текущий счет в другом банке,
10.08.2023,53,,260000.0,"""Нурас и К"" 080540005200",080540005200,Референс 2891272398 За товар. Счет на оплату 007,
09.08.2023,ONBFBEF96,60000.0,,С. 841002301928,841002301928,Референс 2890695020 PHONE_NUMBER 7014287680 Прочие безвозмездные переводы денег RRN=23809D88218,
09.08.2023,679,,60000.0,ЭКО ПЛАСТ 031040005870,031040005870,Референс 2890340956 Платежи по лизинг. Согласно счета №000000041 от 09.08.2023 г. за аренду техники Сумма 60 000-00 тенге в т.ч. НДС(12%) 6 428-57 тенге,
09.08.2023,920159400,,150000.0,Атырауский филиал 060141000138,060141000138,Референс 2890202205 Референс 9201594006162023; Оплата за перевозки ОС с услугой грузчика согласно ЭСФ 25 от 07.08.2023 г. По договору Д-АХД-920.2243 от 02.06.2023г. Без НДС.,
09.08.2023,920159400,,145000.0,Атырауский филиал 060141000138,060141000138,Референс 2890167928 Референс 9201594006142023; Оплата за демонтаж. монтаж и перевозку банкоматов согласно ЭСФ 26 от 07.08.2023г. По договору Д-АХД- 920.1613 от 18.04.2023г. Без НДС.,
07.08.2023,ONB564B52,300000.0,,ермек 800914301113,800914301113,Референс 2888567994 пополнение Переводы клиентом денег со своего текущего счета в одном банке на свой текущий счет в другом банке 17,
07.08.2023,002809711446,300292.76,,Атырауский Областной Народного Банка Казахстана 970541000638,970541000638,"Референс 2888056504 Погашение со счета KZ246010141000030602 вид начисления - Основной долг в сумме 300292.76 по договору D434952558.567620, по клиенту ИНДИВИДУАЛЬНЫЙ ПРЕДПРИНИМАТЕЛЬ ИП ""Шелковые небеса""",
07.08.2023,002809706616,219040.24,,Атырауский Областной Народного Банка Казахстана 970541000638,970541000638,"Референс 2888049918 Погашение со счета KZ246010141000030602 вид начисления - Проценты по кредиту в сумме 219040.24 по договору D434952558.567620, по клиенту ИНДИВИДУАЛЬНЫЙ ПРЕДПРИНИМАТЕЛЬ ИП ""Шелковые небеса""",
28.07.2023,920159400,,30000.0,Атырауский филиал 060141000138,060141000138,Референс 2880942852 Референс 9201594005652023; Оплата за демонтаж монтаж козырька банкомата согласно ЭСФ 21 от 20.07.2023г. По договору Д-АХД-920.1613 от 18.04.2023г. Без НДС.,
27.07.2023,920159400,,500000.0,Атырауский филиал 060141000138,060141000138,Референс 2880303214 Референс 9201594005632023; Оплата за перевозки ОС с услугой грузчика согласно ЭСФ 20 от 20.07.2023 г. По договору Д-АХД-920.2243 от 02.06.2023г. Без НДС.,
26.07.2023,ONB62DF54,200000.0,,ЗИНУРОВ Е.А.COM 800914301113 Акционерное общество Народный сберегательный Казахстана 940140000385,800914301113,"Референс 2879647292 Onlinebank Переводы клиентом денег с одного своего текущего счета, открытого в банке, на другой свой текущий счет, открытый в данном банке RRN=23726D136644 Референс 2879525723 д4 100223 монтаж/демонтаж козырька,АТМ сф24 200723",
26.07.2023,559,,672000.0,ЭКО ПЛАСТ 031040005870,031040005870,"Референс 2879368875 За товар. Согласно счета 00000036 от 20..07,2023 г, За товары Сумма 672 000-00 тенге в т.ч. НДС(12%) 72 000-00 тенге",
26.07.2023,558,,1000000040000.0,ЭКО ПЛАСТ 031040005870 Акционерное общество Народный сберегательный Казахстана 940140000385,031040005870,"Референс 2879368874 За товар. Согласно счета 00000037 от 24..07,2023 г, За товары Сумма 100 000-00 тенге в т.ч. НДС(12%) 10 714-29 тенге Референс 2878720422 д4 100223 перевозка АТМ сф23 200723",
24.07.2023,ONB8142B8,300000.0,,ермек 800914301113,800914301113,Референс 2877167832 перевод Переводы клиентом денег со своего текущего счета в одном банке на свой текущий счет в другом банке,
23.07.2023,ONB8C1FDC,4000.0,,ИНКАРА Д. 801015402212,801015402212,Референс 2876749239 PHONE_NUMBER 7024626262 Прочие безвозмездные переводы денег RRN=23723D950787,
23.07.2023,002797317205,100.0,,Атырауский Областной Народного Банка Казахстана 970541000638,970541000638,"Референс 2876683843 Комиссия за операцию ""Простой перевод обычной срочности"" согласно тарифам банкаРасчетный документ № ONBA58B1A от 24.07.23 на сумму 300 000.00 KZT. НДС не облагается.",
23.07.2023,ONBA58B1A,300000.0,,ермек 800914301113,800914301113,Референс 2876683842 перевод Переводы клиентом денег со своего текущего счета в одном банке на свой текущий счет в другом банке,
21.07.2023,ONBE30FA1,500000.0,,ермек 800914301113,800914301113,Референс 2875684166 перевод Переводы клиентом денег со своего текущего счета в одном банке на свой текущий счет в другом банке,
13.07.2023,ONB74A770,250000.0,,"""Центр электронных финансов"" 071140005693",071140005693,"Референс 2869632462 Оплата за услугу по использованию (доступу) веб-портала государственных закупок Платежи за профессиональные, научные и технические услуги, 18",
12.07.2023,23,,600000.0,"""Нурас и К"" 080540005200",080540005200,Референс 2868601543 Прочие услуги. Счет на оплату 007 от 12.07.2023,
11.07.2023,120,,80000.0,"""Батыс Енбек Консалтинг"" 120640013929",120640013929,Референс 2867866117 Услуги. Аренда контейнера,
11.07.2023,762,,400000.0,"""BARYS BUILDING"" 061040013183",061040013183,"Референс 2867512110 Без НДС услуги манипюлятора Платежи за профессиональные, научные и технические услуги",
05.07.2023,002782959579,306177.8,,Атырауский Областной Народного Банка Казахстана 970541000638,970541000638,"Референс 2863470729 Погашение со счета KZ246010141000030602 вид начисления - Основной долг в сумме 306177.8 по договору D434952558.567620, по клиенту ИНДИВИДУАЛЬНЫЙ ПРЕДПРИНИМАТЕЛЬ ИП ""Шелковые небеса""",
05.07.2023,002782954083,213155.2,,Атырауский Областной Народного Банка Казахстана 970541000638 Акционерное общество Народный сберегательный Казахстана 940140000385,970541000638,"Референс 2863463736 Погашение со счета KZ246010141000030602 вид начисления - Проценты по кредиту в сумме 213155.2 по договору D434952558.567620, по клиенту ИНДИВИДУАЛЬНЫЙ ПРЕДПРИНИМАТЕЛЬ ИП ""Шелковые небеса"" Референс 2862808444 бд перевозка АТМ №139 сч28 230623 акт29 230623",
04.07.2023,759,,600000.0,"""BARYS BUILDING"" 061040013183",061040013183,"Референс 2862526845 Без НДС Услуги манипулятора Платежи за профессиональные, научные и технические услуги",
27.06.2023,1024,,249600.0,Коммунальное государственное предприятие на праве хозяйствен 990140001382,990140001382,Референс 2856789593 Услуги. Договор №23 от 23.05.2023г Счет-фактура №18 от 06.06.2023г Акт выполненных работ №00000000026 от 06.06.2023г Изготовление и установка перегородок из ПВХ,
27.06.2023,002775484543,100.0,,Атырауский Областной Народного Банка Казахстана 970541000638,970541000638,"Референс 2856535732 Комиссия за операцию ""Простой перевод обычной срочности"" согласно тарифам банкаРасчетный документ № ONB0E2F4A от 27.06.23 на сумму 200 000.00 KZT. НДС не облагается.",
27.06.2023,ONB0E2F4A,200000.0,,ермек 800914301113,800914301113,Референс 2856535439 перевод Переводы клиентом денег со своего текущего счета в одном банке на свой текущий счет в другом банке,
