﻿Дата,Номер документа,Дебет,Кредит,Контрагент (имя),Контрагент ИИН/БИН,Детали платежа,КНП
21.06.2024,7069,,550000.0,"""JET LOGISTIC"" 071140015363",071140015363,Референс 3163419138 Оплата по АВР № 61 от 14/06/2024 г. за грузоперевозки-Павлодар,
21.06.2024,003108422879,300.0,,Костанайский Областной Народного Банка Казахстана 960941000234,960941000234,"Референс 3163106758 За операцию. Информационные справки, предоставляемые по запросу клиента (за каждый экземпляр) в системе ONLINEBANK с учетом НДС Комиссия за справки.",
21.06.2024,003108419242,300.0,,Костанайский Областной Народного Банка Казахстана 960941000234,960941000234,"Референс 3163104648 За операцию. Информационные справки, предоставляемые по запросу клиента (за каждый экземпляр) в системе ONLINEBANK с учетом НДС Комиссия за справки.",
21.06.2024,003108319715,300.0,,Костанайский Областной Народного Банка Казахстана 960941000234,960941000234,"Референс 3163036076 За операцию. Информационные справки, предоставляемые по запросу клиента (за каждый экземпляр) в системе ONLINEBANK с учетом НДС Комиссия за справки.",
20.06.2024,003107209577,,698789.0,Индивидуальный Предприниматель БАЙМЕКОВА В.В. 800725400560,100245336542,"Референс 3162073009 Зачисление проданой валюты KZT, заявка №100245336542 на сумму 698789 по курсу 5.3753. Дата валютирования 20.06.24 Продажа иностранной валюты за тенге вне биржи. Цель: безвозмездная финансовая (материальная) помощь и иные безвозмездные переводы.",
20.06.2024,003107123994,300.0,,Костанайский Областной Народного Банка Казахстана 960941000234,960941000234,"Референс 3162014612 За операцию. Информационные справки, предоставляемые по запросу клиента (за каждый экземпляр) в системе ONLINEBANK с учетом НДС Комиссия за справки.",
18.06.2024,ONBE8SWWH,7000.0,,ВИКТОРИЯ Б. 800725400560,800725400560,Референс 3160332598 PHONE_NUMBER 7087461061 Прочие безвозмездные переводы денег RRN=24618D11039,
15.06.2024,ONB9HQ2DF,20000.0,,БАЙМЕКОВА В.В.COM 800725400560,800725400560,"Референс 3157609449 Onlinebank Переводы клиентом денег с одного своего текущего счета, открытого в банке, ф-ле банка-нерез-та РК на другой свой текущий счет, открытый в данном банке, в ф-ле данного банка-нерез-та РК RRN=24615D956455",
11.06.2024,ONB82EJWO,35000.0,,ВИКТОРИЯ Б. 800725400560,800725400560,Референс 3153638832 PHONE_NUMBER 7087461061 Прочие безвозмездные переводы денег RRN=24611D881804 1,
10.06.2024,003096122215,355808.4,,Костанайский Областной Народного Банка Казахстана 960941000234,221003623761,Референс 3152323098 Onlinebank.Перевод с текущего счета KZ32601A221003623761 на предоплату по кредитному договору D1738562121.238352 ФИО заемщика: БАЙМЕКОВА Виктория Владимировна Референс: 70146378959,
03.06.2024,ONBSRWT2V,350000.0,,ВИКТОРИЯ Б. 800725400560,800725400560,Референс 3145587601 PHONE_NUMBER 7087461061 Прочие безвозмездные переводы денег RRN=24603D747211,
02.06.2024,ONB8FIUSB,40000.0,,ВИКТОРИЯ Б. 800725400560,800725400560,Референс 3144227375 PHONE_NUMBER 7087461061 Прочие безвозмездные переводы денег RRN=24602D726194,
31.05.2024,003086049792,1500.0,,Костанайский Областной Народного Банка Казахстана 960941000234,221003623761,Референс 3142696117 CMSTAKE Комиссия за ведение счета KZ32601A221003623761 за 05 месяц,
25.05.2024,ONBGQCR96,210000.0,,ВИКТОРИЯ Б. 800725400560,800725400560,Референс 3137708424 PHONE_NUMBER 7087461061 Прочие безвозмездные переводы денег RRN=24525D603185,
24.05.2024,ONBX96G1A,250000.0,,ВИКТОРИЯ Б. 800725400560,800725400560,Референс 3137205101 PHONE_NUMBER 7087461061 Прочие безвозмездные переводы денег RRN=24524D587774,
24.05.2024,ONB85E4IB,100000.0,,ВИКТОРИЯ Б. 800725400560,800725400560,Референс 3137034842 PHONE_NUMBER 7087461061 Прочие безвозмездные переводы денег RRN=24524D584163,
24.05.2024,000001980,,1460000.0,"""СТАЛЬ СЕРВИС КАЗАХСТАН"" 190740006823",190740006823,"Референс 3136723783 Оплата согласна счета №57,58 от 24.04.2024г. Сумма 1 460 000-00 тенге в т.ч. НДС(12%) 156 428-58 тенге Платежи за услуги иного сухопутного транспорта",
24.05.2024,ONBEEK93I,2000.0,,Т. 880520450755,880520450755,Референс 3136668922 PHONE_NUMBER 7753169874 Баймекова за ведущего Прочие безвозмездные переводы денег RRN=24524D577513,
21.05.2024,ONBW4EVO0,500000.0,,БАЙМЕКОВА В.В.COM 800725400560,800725400560,"Референс 3133966274 Onlinebank Переводы клиентом денег с одного своего текущего счета, открытого в банке, ф-ле банка-нерез-та РК на другой свой текущий счет, открытый в данном банке, в ф-ле данного банка-нерез-та РК RRN=24521D530338",
21.05.2024,ONB3CETID,1260000.0,,БАЙМЕКОВА В.В.COM 800725400560,800725400560,"Референс 3133960995 Onlinebank Переводы клиентом денег с одного своего текущего счета, открытого в банке, ф-ле банка-нерез-та РК на другой свой текущий счет, открытый в данном банке, в ф-ле данного банка-нерез-та РК RRN=24521D530178",
15.05.2024,ONBNQLRSY,78000.0,,А. 790818450101,790818450101,Референс 3127882416 PHONE_NUMBER 7475587693 Ерик раха 300 Прочие безвозмездные переводы денег RRN=24515D431295,
12.05.2024,ONB7JB2XX,50000.0,,БАЙМЕКОВА В.В.COM 800725400560,800725400560,"Референс 3125001565 Onlinebank Переводы клиентом денег с одного своего текущего счета, открытого в банке, ф-ле банка-нерез-та РК на другой свой текущий счет, открытый в данном банке, в ф-ле данного банка-нерез-та РК RRN=24512D381524",
12.05.2024,ONB88M78T,50000.0,,Б. 820203351217,820203351217,Референс 3125000798 PHONE_NUMBER 7475236222 Прочие безвозмездные переводы денег RRN=24512D381446,
12.05.2024,ONBOW3VPY,93000.0,,А. 820511350302,820511350302,Референс 3124997533 PHONE_NUMBER 7472326977 Ерик Прочие безвозмездные переводы денег RRN=24512D381178,
12.05.2024,ONB7JD17Q,100000.0,,ВИКТОРИЯ Б. 800725400560,800725400560,Референс 3124996846 PHONE_NUMBER 7087461061 Прочие безвозмездные переводы денег RRN=24512D381123 2,
09.05.2024,003063701377,355808.4,,Костанайский Областной Народного Банка Казахстана 960941000234,221003623761,Референс 3122746075 Onlinebank.Перевод с текущего счета KZ32601A221003623761 на предоплату по кредитному договору D1738562121.238352 ФИО заемщика: БАЙМЕКОВА Виктория Владимировна Референс: 68592378223,
09.05.2024,ONBN43JAF,350000.0,,ВИКТОРИЯ Б. 800725400560,800725400560,Референс 3122743543 PHONE_NUMBER 7087461061 Прочие безвозмездные переводы денег RRN=24509D335510,
07.05.2024,ONB12JRP3,250000.0,,БАЙМЕКОВА В.В.COM 800725400560,800725400560,"Референс 3121999294 Onlinebank Переводы клиентом денег с одного своего текущего счета, открытого в банке, ф-ле банка-нерез-та РК на другой свой текущий счет, открытый в данном банке, в ф-ле данного банка-нерез-та РК RRN=24507D313846",
02.05.2024,2691,,800000.0,ROFAS Construction 051140021790,051140021790,"Референс 3116805876 оплата по счету №55 от 29.04.2024 Платежи за услуги иного сухопутного транспорта,",
02.05.2024,2692,,800000.0,ROFAS Construction 051140021790,051140021790,"Референс 3116805871 оплата по счету №56 от 29.04.2024 Платежи за услуги иного сухопутного транспорта,",
01.05.2024,ONBGJ2TSY,28000.0,,БАЙМЕКОВА В.В.COM 800725400560,800725400560,"Референс 3116077643 Onlinebank Переводы клиентом денег с одного своего текущего счета, открытого в банке, ф-ле банка-нерез-та РК на другой свой текущий счет, открытый в данном банке, в ф-ле данного банка-нерез-та РК RRN=24501D209648",
01.05.2024,ONBMJLN2T,300000.0,,ВИКТОРИЯ Б. 800725400560,800725400560,Референс 3115891086 PHONE_NUMBER 7087461061 Прочие безвозмездные переводы денег RRN=24501D201143,
30.04.2024,003055316902,1500.0,,Костанайский Областной Народного Банка Казахстана 960941000234,221003623761,Референс 3114955169 CMSTAKE Комиссия за ведение счета KZ32601A221003623761 за 04 месяц,
29.04.2024,ONB6FA79E,170000.0,,Б. 820203351217,820203351217,Референс 3113659169 PHONE_NUMBER 7475236222 Прочие безвозмездные переводы денег RRN=24429D164157,
25.04.2024,ONB59W8KI,500000.0,,БАЙМЕКОВА В.В.COM 800725400560,800725400560,"Референс 3110999314 Onlinebank Переводы клиентом денег с одного своего текущего счета, открытого в банке, ф-ле банка-нерез-та РК на другой свой текущий счет, открытый в данном банке, в ф-ле данного банка-нерез-та РК RRN=24425D109093",
25.04.2024,ONB6TCLWN,500000.0,,ВИКТОРИЯ Б. 800725400560,800725400560,Референс 3110877353 PHONE_NUMBER 7087461061 Прочие безвозмездные переводы денег RRN=24425D106417,
25.04.2024,ONBIN2O21,162000.0,,БАЙМЕКОВА В.В.COM 800725400560,800725400560,"Референс 3110615708 Onlinebank Переводы клиентом денег с одного своего текущего счета, открытого в банке, ф-ле банка-нерез-та РК на другой свой текущий счет, открытый в данном банке, в ф-ле данного банка-нерез-та РК RRN=24425D101297",
24.04.2024,ONBTY8JC4,300000.0,,БАЙМЕКОВА В.В.COM 800725400560,800725400560,"Референс 3109960662 Onlinebank Переводы клиентом денег с одного своего текущего счета, открытого в банке, ф-ле банка-нерез-та РК на другой свой текущий счет, открытый в данном банке, в ф-ле данного банка-нерез-та РК RRN=24424D91766",
23.04.2024,ONB50RR56,190000.0,,ВИКТОРИЯ Б. 800725400560,800725400560,Референс 3109158383 PHONE_NUMBER 7087461061 Прочие безвозмездные переводы денег RRN=24423D79394,
22.04.2024,003046876839,121824.9,,Костанайский Областной Народного Банка Казахстана 960941000234,221003623761,"Референс 3107331159 Погашение со счета KZ32601A221003623761 вид начисления - Основной долг в сумме 121824.9 по договору D1738562121.238352, по клиенту Индивидуальный Предприниматель БАЙМЕКОВА В.В. 3",
22.04.2024,003046866634,233983.5,,Костанайский Областной Народного Банка Казахстана 960941000234,221003623761,"Референс 3107320541 Погашение со счета KZ32601A221003623761 вид начисления - Проценты по кредиту в сумме 233983.5 по договору D1738562121.238352, по клиенту Индивидуальный Предприниматель БАЙМЕКОВА В.В.",
20.04.2024,ONBE435AV,213000.0,,ОЛЖАС К. 810306300954,810306300954,Референс 3106552325 PHONE_NUMBER 7776948990 Зп 230000 -17000пенсионка за март итог 213000 Прочие безвозмездные переводы денег RRN=24420D33861,
18.04.2024,ONBRH3RA8,100000.0,,ВИКТОРИЯ Б. 800725400560,800725400560,Референс 3104732330 PHONE_NUMBER 7087461061 Прочие безвозмездные переводы денег RRN=24418D993911,
18.04.2024,ONB3NBC8I,230000.0,,Б. 830401351265,830401351265,Референс 3104638179 PHONE_NUMBER 7474715083 За Олжаса зп Прочие безвозмездные переводы денег RRN=24418D991976,
17.04.2024,ONBZCUWTV,100000.0,,БАЙМЕКОВА В.В.COM 800725400560,800725400560,"Референс 3103791581 Onlinebank Переводы клиентом денег с одного своего текущего счета, открытого в банке, ф-ле банка-нерез-та РК на другой свой текущий счет, открытый в данном банке, в ф-ле данного банка-нерез-та РК RRN=24417D977052",
15.04.2024,ONBRT3YBP,50000.0,,Б. 820203351217,820203351217,Референс 3101752762 PHONE_NUMBER 7475236222 Прочие безвозмездные переводы денег RRN=24415D942402,
13.04.2024,ONBQOQQ7S,300000.0,,БАЙМЕКОВА В.В.COM 800725400560,800725400560,"Референс 3100415568 Onlinebank Переводы клиентом денег с одного своего текущего счета, открытого в банке, ф-ле банка-нерез-та РК на другой свой текущий счет, открытый в данном банке, в ф-ле данного банка-нерез-та РК RRN=24413D911962",
11.04.2024,ONB6ELSA4,178000.0,,ВИКТОРИЯ Б. 800725400560,800725400560,Референс 3098774685 PHONE_NUMBER 7087461061 Прочие безвозмездные переводы денег RRN=24411D882667,
11.04.2024,ONB2KHB7O,500000.0,,ВИКТОРИЯ Б. 800725400560,800725400560,Референс 3098763024 PHONE_NUMBER 7087461061 Прочие безвозмездные переводы денег RRN=24411D882425,
10.04.2024,ONB9VZUYC,30000.0,,ВИКТОРИЯ Б. 800725400560,800725400560,Референс 3097453625 PHONE_NUMBER 7087461061 Прочие безвозмездные переводы денег RRN=24410D859217,
09.04.2024,ONB1U48H4,150000.0,,ВИКТОРИЯ Б. 800725400560,800725400560,Референс 3096102821 PHONE_NUMBER 7087461061 Прочие безвозмездные переводы денег RRN=24409D837112,
09.04.2024,ONBMKRB92,300000.0,,ВИКТОРИЯ Б. 800725400560,800725400560,Референс 3096049330 PHONE_NUMBER 7087461061 Прочие безвозмездные переводы денег RRN=24409D835612,
08.04.2024,ONB6MOCPL,700000.0,,БАЙМЕКОВА В.В.COM 800725400560,800725400560,"Референс 3095594593 Onlinebank Переводы клиентом денег с одного своего текущего счета, открытого в банке, ф-ле банка-нерез-та РК на другой свой текущий счет, открытый в данном банке, в ф-ле данного банка-нерез-та РК RRN=24408D831711",
08.04.2024,4593,,430000.0,"""GLOBAL BRIDGE (ГЛОБАЛ БРИДЖ)"" 170440022533",170440022533,Референс 3095549933 Заявка № 79355 Прочие платежи по транспортным услугам,
08.04.2024,193,,800000.0,ARMAN 910210350904,910210350904,Референс 3095301949 За услуги иного сухопутного транспорта. Счет на оплату 52 от 05 апреля 2024 года.,
08.04.2024,ONBA546T7,800000.0,,ВИКТОРИЯ Б. 800725400560,800725400560,Референс 3094722165 PHONE_NUMBER 7087461061 Прочие безвозмездные переводы денег RRN=24408D816911,
05.04.2024,ONB8XBALM,180000.0,,ОЛЖАС К. 810306300954,810306300954,Референс 3093365781 PHONE_NUMBER 7776948990 Прочие безвозмездные переводы денег RRN=24405D787688,
04.04.2024,ONBZLCO6Z,10000.0,,ВИКТОРИЯ Б. 800725400560,800725400560,Референс 3091832987 PHONE_NUMBER 7087461061 Прочие безвозмездные переводы денег RRN=24404D762622 4,
03.04.2024,ONB9I4Z3E,100000.0,,ВИКТОРИЯ Б. 800725400560,800725400560,Референс 3091191551 PHONE_NUMBER 7087461061 Прочие безвозмездные переводы денег RRN=24403D753840,
03.04.2024,ONBAU5BO7,200000.0,,ВИКТОРИЯ Б. 800725400560,800725400560,Референс 3090789345 PHONE_NUMBER 7087461061 Прочие безвозмездные переводы денег RRN=24403D745146,
01.04.2024,ONB5WM4SV,40000.0,,ВИКТОРИЯ Б. 800725400560,800725400560,Референс 3088032716 PHONE_NUMBER 7087461061 Прочие безвозмездные переводы денег RRN=24401D700987,
31.03.2024,ONBJPDCFJ,200000.0,,ВИКТОРИЯ Б. 800725400560,800725400560,Референс 3087654381 PHONE_NUMBER 7087461061 Прочие безвозмездные переводы денег RRN=24331D694788,
30.03.2024,ONBWK23OF,180000.0,,ВИКТОРИЯ Б. 800725400560,800725400560,Референс 3087310207 PHONE_NUMBER 7087461061 Прочие безвозмездные переводы денег RRN=24330D683991,
30.03.2024,ONBZHLF4N,40000.0,,ОЛЖАС К. 810306300954,810306300954,Референс 3087258831 PHONE_NUMBER 7776948990 Прочие безвозмездные переводы денег RRN=24330D680865,
29.03.2024,ONBD8QOJT,60000.0,,Б. 820203351217,820203351217,Референс 3086542597 PHONE_NUMBER 7475236222 Прочие безвозмездные переводы денег RRN=24329D667015,
29.03.2024,003024365173,1500.0,,Костанайский Областной Народного Банка Казахстана 960941000234,221003634281,Референс 3086291410 CMSTAKE Комиссия за ведение счета KZ08601A221003634281 за 03 месяц,
29.03.2024,003024365157,1500.0,,Костанайский Областной Народного Банка Казахстана 960941000234,221003623761,Референс 3086291400 CMSTAKE Комиссия за ведение счета KZ32601A221003623761 за 03 месяц,
27.03.2024,ONBC5BUC5,80000.0,,Б. 820203351217,820203351217,Референс 3084455315 PHONE_NUMBER 7475236222 Прочие безвозмездные переводы денег RRN=24327D634620,
27.03.2024,ONBSDBLJD,20000.0,,БАЙМЕКОВА В.В.COM 800725400560,800725400560,"Референс 3083866679 Onlinebank Переводы клиентом денег с одного своего текущего счета, открытого в банке, ф-ле банка-нерез-та РК на другой свой текущий счет, открытый в данном банке, в ф-ле данного банка-нерез-та РК RRN=24327D623569",
27.03.2024,ONBZ69E9H,200000.0,,БАЙМЕКОВА В.В.COM 800725400560,800725400560,"Референс 3083864149 Onlinebank Переводы клиентом денег с одного своего текущего счета, открытого в банке, ф-ле банка-нерез-та РК на другой свой текущий счет, открытый в данном банке, в ф-ле данного банка-нерез-та РК RRN=24327D623515",
26.03.2024,ONBJI3CGW,165000.0,,Б. 820203351217,820203351217,Референс 3083345680 PHONE_NUMBER 7475236222 Прочие безвозмездные переводы денег RRN=24326D617630,
26.03.2024,ONBDQCQRJ,52000.0,,Б. 820203351217,820203351217,Референс 3083123237 PHONE_NUMBER 7475236222 Прочие безвозмездные переводы денег RRN=24326D613924,
26.03.2024,ONBE01VM5,25000.0,,ВИКТОРИЯ Б. 800725400560,800725400560,Референс 3083083999 PHONE_NUMBER 7087461061 Прочие безвозмездные переводы денег RRN=24326D613364,
26.03.2024,ONBYM1LXH,65000.0,,ВИКТОРИЯ Б. 800725400560,800725400560,Референс 3082838055 PHONE_NUMBER 7087461061 Прочие безвозмездные переводы денег RRN=24326D609574,
26.03.2024,003020064330,,1536224.0,Индивидуальный Предприниматель БАЙМЕКОВА В.В. 800725400560,100234322361,"Референс 3082639574 Зачисление проданой валюты KZT, заявка №100234322361 на сумму 1536224 по курсу 4.8007. Дата валютирования 26.03.24 Продажа иностранной валюты за тенге вне биржи. Цель: безвозмездная финансовая (материальная) помощь и иные безвозмездные переводы.",
26.03.2024,ONB32L4UH,60000.0,,Б. 820203351217,820203351217,Референс 3082360788 PHONE_NUMBER 7475236222 Прочие безвозмездные переводы денег RRN=24326D603359 5,
26.03.2024,ONBQNJF54,120000.0,,БАЙМЕКОВА В.В.COM 800725400560,800725400560,"Референс 3082331922 Onlinebank Переводы клиентом денег с одного своего текущего счета, открытого в банке, ф-ле банка-нерез-та РК на другой свой текущий счет, открытый в данном банке, в ф-ле данного банка-нерез-та РК RRN=24326D602946",
25.03.2024,ONB5PPRYT,70000.0,,ВИКТОРИЯ Б. 800725400560,800725400560,Референс 3081843449 PHONE_NUMBER 7087461061 Прочие безвозмездные переводы денег RRN=24325D596464,
20.03.2024,ONBR54C6I,52000.0,,БАЙМЕКОВА В.В.COM 800725400560,800725400560,"Референс 3079662378 Onlinebank Переводы клиентом денег с одного своего текущего счета, открытого в банке, ф-ле банка-нерез-та РК на другой свой текущий счет, открытый в данном банке, в ф-ле данного банка-нерез-та РК RRN=24320D538670",
20.03.2024,855,,1113200.0,КОРКУНОВА АГНЕССА АЛЕКСАНДРОВНА 850917451270,850917451270,"Референс 3079136892 авр № 50,51 Прочие платежи по транспортным услугам",
20.03.2024,ONBD6VHHW,200000.0,,ВИКТОРИЯ Б. 800725400560,800725400560,Референс 3079018495 PHONE_NUMBER 7087461061 Прочие безвозмездные переводы денег RRN=24320D527135,
19.03.2024,003016171680,355808.4,,Костанайский Областной Народного Банка Казахстана 960941000234,221003623761,Референс 3078591407 Onlinebank.Перевод с текущего счета KZ32601A221003623761 на предоплату по кредитному договору D1738562121.238352 ФИО заемщика: БАЙМЕКОВА Виктория Владимировна Референс: 66098792941,
19.03.2024,003015336172,,1541317.4,Индивидуальный Предприниматель БАЙМЕКОВА В.В. 800725400560,100233695186,"Референс 3078023858 Зачисление проданой валюты KZT, заявка №100233695186 на сумму 1541317.4 по курсу 4.8622. Дата валютирования 19.03.24 Продажа иностранной валюты за тенге вне биржи. Цель: безвозмездная финансовая (материальная) помощь и иные безвозмездные переводы.",
19.03.2024,ONBXI4N8D,104000.0,,АЗАМАТ А. 810409350821,810409350821,Референс 3077787458 PHONE_NUMBER 7051787693 Ерик Прочие безвозмездные переводы денег RRN=24319D507379,
18.03.2024,ONB33024L,250000.0,,ВИКТОРИЯ Б. 800725400560,800725400560,Референс 3077398693 PHONE_NUMBER 7087461061 Прочие безвозмездные переводы денег RRN=24318D503596,
17.03.2024,ONBPUDM58,350000.0,,ВИКТОРИЯ Б. 800725400560,800725400560,Референс 3076271917 PHONE_NUMBER 7087461061 Прочие безвозмездные переводы денег RRN=24317D487510,
16.03.2024,ONB71W8TQ,40000.0,,ВИКТОРИЯ Б. 800725400560,800725400560,Референс 3075898836 PHONE_NUMBER 7087461061 Прочие безвозмездные переводы денег RRN=24316D476814,
16.03.2024,ONBHD5MR4,17000.0,,Б. 820203351217,820203351217,Референс 3075724600 PHONE_NUMBER 7475236222 Прочие безвозмездные переводы денег RRN=24316D468703,
16.03.2024,ONBF5JQUX,150000.0,,ВИКТОРИЯ Б. 800725400560,800725400560,Референс 3075722536 PHONE_NUMBER 7087461061 Прочие безвозмездные переводы денег RRN=24316D468364,
14.03.2024,ONBS3IFEK,2000.0,,БАЙМЕКОВА В.В.COM 800725400560,800725400560,"Референс 3074006459 Onlinebank Переводы клиентом денег с одного своего текущего счета, открытого в банке, ф-ле банка-нерез-та РК на другой свой текущий счет, открытый в данном банке, в ф-ле данного банка-нерез-та РК RRN=24314D440221",
11.03.2024,ONBBBJC2P,130000.0,,ВИКТОРИЯ Б. 800725400560,800725400560,Референс 3070791925 PHONE_NUMBER 7087461061 Прочие безвозмездные переводы денег RRN=24311D388171,
11.03.2024,ONB2GSBQK,5000.0,,Б. 820203351217,820203351217,Референс 3070562100 PHONE_NUMBER 7475236222 Прочие безвозмездные переводы денег RRN=24311D384803 6,
10.03.2024,ONBAW7FS7,110000.0,,БАЙМЕКОВА В.В.COM 800725400560,800725400560,"Референс 3069776245 Onlinebank Переводы клиентом денег с одного своего текущего счета, открытого в банке, ф-ле банка-нерез-та РК на другой свой текущий счет, открытый в данном банке, в ф-ле данного банка-нерез-та РК RRN=24310D375546",
10.03.2024,ONBAGKH3P,500000.0,,БАЙМЕКОВА В.В.COM 800725400560,800725400560,"Референс 3069764784 Onlinebank Переводы клиентом денег с одного своего текущего счета, открытого в банке, ф-ле банка-нерез-та РК на другой свой текущий счет, открытый в данном банке, в ф-ле данного банка-нерез-та РК RRN=24310D374553",
09.03.2024,ONBO63925,452000.0,,БАЙМЕКОВА В.В.COM 800725400560,800725400560,"Референс 3069416261 Onlinebank Переводы клиентом денег с одного своего текущего счета, открытого в банке, ф-ле банка-нерез-та РК на другой свой текущий счет, открытый в данном банке, в ф-ле данного банка-нерез-та РК RRN=24309D364490",
09.03.2024,ONBQPLTA6,200000.0,,ВИКТОРИЯ Б. 800725400560,800725400560,Референс 3069342496 PHONE_NUMBER 7087461061 Прочие безвозмездные переводы денег RRN=24309D361475,
07.03.2024,ONBFE3WJJ,140000.0,,ВИКТОРИЯ Б. 800725400560,800725400560,Референс 3068599925 PHONE_NUMBER 7087461061 Прочие безвозмездные переводы денег RRN=24307D342333,
07.03.2024,ONB7FUIVC,213000.0,,ОЛЖАС К. 810306300954,810306300954,Референс 3067991449 PHONE_NUMBER 7776948990 230000-17000пенсионка =213000 Прочие безвозмездные переводы денег RRN=24307D329923,
07.03.2024,003004533275,,3138417.0,Индивидуальный Предприниматель БАЙМЕКОВА В.В. 800725400560,100232366580,"Референс 3067940806 Зачисление проданой валюты KZT, заявка №100232366580 на сумму 3138417 по курсу 4.8885. Дата валютирования 07.03.24 Продажа иностранной валюты за тенге вне биржи. Цель: безвозмездная финансовая (материальная) помощь и иные безвозмездные переводы.",
06.03.2024,ONB9CC70C,110000.0,,Б. 820203351217,820203351217,Референс 3067325823 PHONE_NUMBER 7475236222 Прочие безвозмездные переводы денег RRN=24306D321274,
05.03.2024,ONB6LQ8GC,2000.0,,Б. 820203351217,820203351217,Референс 3066079626 PHONE_NUMBER 7475236222 Прочие безвозмездные переводы денег RRN=24305D300933,
05.03.2024,ONB4WU97M,150000.0,,Б. 820203351217,820203351217,Референс 3065298843 PHONE_NUMBER 7475236222 Прочие безвозмездные переводы денег RRN=24305D285688,
29.02.2024,002996995914,1500.0,,Костанайский Областной Народного Банка Казахстана 960941000234,221003623761,Референс 3061055410 CMSTAKE Комиссия за ведение счета KZ32601A221003623761 за 02 месяц,
29.02.2024,002996995921,1500.0,,Костанайский Областной Народного Банка Казахстана 960941000234,221003634281,Референс 3061055413 CMSTAKE Комиссия за ведение счета KZ08601A221003634281 за 02 месяц,
28.02.2024,ONBPE3J2B,1000000.0,,ВИКТОРИЯ Б. 800725400560,800725400560,Референс 3059887473 PHONE_NUMBER 7087461061 Прочие безвозмездные переводы денег RRN=24228D192469,
28.02.2024,ONBNXXCR5,500000.0,,БАЙМЕКОВА В.В.COM 800725400560,800725400560,"Референс 3059803029 Onlinebank Переводы клиентом денег с одного своего текущего счета, открытого в банке, ф-ле банка-нерез-та РК на другой свой текущий счет, открытый в данном банке, в ф-ле данного банка-нерез-та РК RRN=24228D190593",
27.02.2024,ONBCDD90N,50000.0,,Б. 830401351265,830401351265,Референс 3058821891 PHONE_NUMBER 7474715083 Прочие безвозмездные переводы денег RRN=24227D173678,
26.02.2024,ONBQYQDAQ,10000.0,,ОЛЖАС К. 810306300954,810306300954,Референс 3058176006 PHONE_NUMBER 7776948990 За мойку Прочие безвозмездные переводы денег RRN=24226D162283 7,
26.02.2024,002993313362,,6063380.4,Индивидуальный Предприниматель БАЙМЕКОВА В.В. 800725400560,100231018439,"Референс 3057847662 Зачисление проданой валюты KZT, заявка №100231018439 на сумму 6063380.4 по курсу 4.7894. Дата валютирования 26.02.24 Продажа иностранной валюты за тенге вне биржи. Цель: безвозмездная финансовая (материальная) помощь и иные безвозмездные переводы.",
25.02.2024,ONBNL8Z7C,140000.0,,ВИКТОРИЯ Б. 800725400560,800725400560,Референс 3057046256 PHONE_NUMBER 7087461061 Прочие безвозмездные переводы денег RRN=24225D146128,
24.02.2024,ONB80I9E7,120000.0,,ВИКТОРИЯ Б. 800725400560,800725400560,Референс 3056609355 PHONE_NUMBER 7087461061 Прочие безвозмездные переводы денег RRN=24224D131835,
23.02.2024,ONBW3PR9F,50000.0,,ВИКТОРИЯ Б. 800725400560,800725400560,Референс 3056266177 PHONE_NUMBER 7087461061 Прочие безвозмездные переводы денег RRN=24223D124802,
23.02.2024,ONB4YG0K8,78000.0,,А. 820511350302,820511350302,Референс 3055938928 PHONE_NUMBER 7472326977 Прочие безвозмездные переводы денег RRN=24223D119374,
22.02.2024,ONBT8A2EK,25000.0,,Б. 820203351217,820203351217,Референс 3054796288 PHONE_NUMBER 7475236222 Прочие безвозмездные переводы денег RRN=24222D101168,
21.02.2024,ONBS1TKHU,35000.0,,ВИКТОРИЯ Б. 800725400560,800725400560,Референс 3053431741 PHONE_NUMBER 7087461061 Прочие безвозмездные переводы денег RRN=24221D78045,
20.02.2024,ONBWNNMM2,91000.0,,А. 820511350302,820511350302,Референс 3052584680 PHONE_NUMBER 7472326977 Прочие безвозмездные переводы денег RRN=24220D65241,
19.02.2024,ONBND4ZXX,250000.0,,БАЙМЕКОВА В.В.COM 800725400560,800725400560,"Референс 3051986478 Onlinebank Переводы клиентом денег с одного своего текущего счета, открытого в банке, ф-ле банка-нерез-та РК на другой свой текущий счет, открытый в данном банке, в ф-ле данного банка-нерез-та РК RRN=24219D58011",
19.02.2024,ONBDH0RZ4,78000.0,,А. 820511350302,820511350302,Референс 3051960538 PHONE_NUMBER 7472326977 Прочие безвозмездные переводы денег RRN=24219D56862,
18.02.2024,ONBUDMST5,54600.0,,А. 820511350302,820511350302,Референс 3050959404 PHONE_NUMBER 7472326977 Прочие безвозмездные переводы денег RRN=24218D42335,
18.02.2024,ONBQZPQWI,8000.0,,ОЛЖАС К. 810306300954,810306300954,Референс 3050933658 PHONE_NUMBER 7776948990 Прочие безвозмездные переводы денег RRN=24218D40837,
17.02.2024,ONBOLQ2TO,119600.0,,А. 820511350302,820511350302,Референс 3050597849 PHONE_NUMBER 7472326977 Прочие безвозмездные переводы денег RRN=24217D30488,
16.02.2024,ONBRLTSVD,100000.0,,БАЙМЕКОВА В.В.COM 800725400560,800725400560,"Референс 3049644056 Onlinebank Переводы клиентом денег с одного своего текущего счета, открытого в банке, ф-ле банка-нерез-та РК на другой свой текущий счет, открытый в данном банке, в ф-ле данного банка-нерез-та РК RRN=24216D9318",
15.02.2024,ONBHXBP4D,15000.0,,ЖАНАТ А. 880514350381,880514350381,Референс 3048924104 PHONE_NUMBER 7784311120 Прочие безвозмездные переводы денег RRN=24215D998262,
14.02.2024,ONBQIHJKV,12000.0,,ОЛЖАС К. 810306300954,810306300954,Референс 3048165321 PHONE_NUMBER 7776948990 Прочие безвозмездные переводы денег RRN=24214D987376,
14.02.2024,ONBPY3YC1,16000.0,,АЛМАГУЛЬ Б. 760528450655,760528450655,Референс 3047798307 PHONE_NUMBER 7714301876 Прочие безвозмездные переводы денег RRN=24214D980748,
14.02.2024,ONBK2IOQF,57200.0,,А. 820511350302,820511350302,Референс 3047546151 PHONE_NUMBER 7472326977 Прочие безвозмездные переводы денег RRN=24214D975342,
13.02.2024,ONBTRVP2S,7500.0,,СВЕТЛАНА О. 820111499015,820111499015,Референс 3046836083 PHONE_NUMBER 7056255933 За бумагу Прочие безвозмездные переводы денег RRN=24213D963765 8,
13.02.2024,ONB0OCJ37,88400.0,,А. 820511350302,820511350302,Референс 3046669529 PHONE_NUMBER 7472326977 Прочие безвозмездные переводы денег RRN=24213D960008,
12.02.2024,ONBJ5HOU8,35000.0,,КАЙРАТ Т. 660307300500,660307300500,Референс 3045329280 PHONE_NUMBER 7711903506 Прочие безвозмездные переводы денег RRN=24212D937059,
11.02.2024,ONBZIPWJ2,52000.0,,А. 790818450101,790818450101,Референс 3044923060 PHONE_NUMBER 7475587693 Прочие безвозмездные переводы денег RRN=24211D930352,
10.02.2024,ONBQBND08,400000.0,,ВИКТОРИЯ Б. 800725400560,800725400560,Референс 3044686998 PHONE_NUMBER 7087461061 Прочие безвозмездные переводы денег RRN=24210D925646,
09.02.2024,ONBUZD3RK,1000000.0,,Б. 820203351217,820203351217,Референс 3043634884 PHONE_NUMBER 7475236222 Прочие безвозмездные переводы денег RRN=24209D901547,
09.02.2024,002977560373,355808.4,,Костанайский Областной Народного Банка Казахстана 960941000234,221003623761,Референс 3043482417 Onlinebank.Перевод с текущего счета KZ32601A221003623761 на предоплату по кредитному договору D1738562121.238352 ФИО заемщика: БАЙМЕКОВА Виктория Владимировна Референс: 64555789255,
08.02.2024,ONBB71G9N,230000.0,,ОЛЖАС К. 810306300954,810306300954,Референс 3042417934 PHONE_NUMBER 7776948990 Зарплата Прочие безвозмездные переводы денег RRN=24208D881650,
07.02.2024,ONBYRK9HB,200000.0,,ВИКТОРИЯ Б. 800725400560,800725400560,Референс 3041301953 PHONE_NUMBER 7087461061 Прочие безвозмездные переводы денег RRN=24207D864129,
06.02.2024,ONB9WNM3V,2500.0,,ВИКТОРИЯ Б. 800725400560,800725400560,Референс 3040908513 PHONE_NUMBER 7087461061 Прочие безвозмездные переводы денег RRN=24206D859749,
06.02.2024,ONBVG48IJ,15000.0,,ВИКТОРИЯ Б. 800725400560,800725400560,Референс 3040907680 PHONE_NUMBER 7087461061 Прочие безвозмездные переводы денег RRN=24206D859698,
06.02.2024,ONBJMJFTJ,120000.0,,ВИКТОРИЯ Б. 800725400560,800725400560,Референс 3040884877 PHONE_NUMBER 7087461061 Прочие безвозмездные переводы денег RRN=24206D858961,
06.02.2024,ONBKRHA02,400000.0,,БАЙМЕКОВА В.В.COM 800725400560,800725400560,"Референс 3040689387 Onlinebank Переводы клиентом денег с одного своего текущего счета, открытого в банке, ф-ле банка-нерез-та РК на другой свой текущий счет, открытый в данном банке, в ф-ле данного банка-нерез-та РК RRN=24206D855143",
06.02.2024,26,,3195500.0,БАЙМЕКОВА В.В. 800725400560,800725400560,Референс 3040477727 Без НДС Переводы клиентом денег со своего текущего счета в одном банке на свой текущий счет в другом банке,
06.02.2024,ONBBIYIO3,38000.0,,ВИКТОРИЯ Б. 800725400560,800725400560,Референс 3040452603 PHONE_NUMBER 7087461061 Прочие безвозмездные переводы денег RRN=24206D850728,
06.02.2024,ONBJ5NYOF,495000.0,,ВИКТОРИЯ Б. 800725400560,800725400560,Референс 3040256493 PHONE_NUMBER 7087461061 Прочие безвозмездные переводы денег RRN=24206D846774,
06.02.2024,ONBH0V5AL,38000.0,,ВИКТОРИЯ Б. 800725400560,800725400560,Референс 3040235877 PHONE_NUMBER 7087461061 Прочие безвозмездные переводы денег RRN=24206D846414,
03.02.2024,ONBR7GXWJ,50000.0,,Б. 820203351217,820203351217,Референс 3038262365 PHONE_NUMBER 7475236222 Прочие безвозмездные переводы денег RRN=24203D814525,
02.02.2024,ONBTCDQ78,165000.0,,Б. 820203351217,820203351217,Референс 3037761578 PHONE_NUMBER 7475236222 Прочие безвозмездные переводы денег RRN=24202D802654,
02.02.2024,ONBHW0MZ0,78000.0,,А. 820511350302,820511350302,Референс 3037064907 PHONE_NUMBER 7472326977 Прочие безвозмездные переводы денег RRN=24202D791807,
01.02.2024,ONBQVGRZV,78000.0,,А. 820511350302,820511350302,Референс 3036063704 PHONE_NUMBER 7472326977 Сорпа Прочие безвозмездные переводы денег RRN=24201D774501 9,
31.01.2024,ONB2X4808,230000.0,,КАЙРАТ Т. 660307300500,660307300500,Референс 3035593694 PHONE_NUMBER 7711903506 Зарплата Прочие безвозмездные переводы денег RRN=24131D768480,
31.01.2024,002968906129,,1386308.0,Индивидуальный Предприниматель БАЙМЕКОВА В.В. 800725400560,100228034893,"Референс 3035471782 Зачисление проданой валюты KZT, заявка №100228034893 на сумму 1386308 по курсу 4.9511. Дата валютирования 31.01.24 Продажа иностранной валюты за тенге вне биржи. Цель: безвозмездная финансовая (материальная) помощь и иные безвозмездные переводы.",
31.01.2024,ONBG9PRUN,150000.0,,Б. 820203351217,820203351217,Референс 3035326360 PHONE_NUMBER 7475236222 Прочие безвозмездные переводы денег RRN=24131D763591,
31.01.2024,ONB2WF8EO,100000.0,,ВИКТОРИЯ Б. 800725400560,800725400560,Референс 3035134373 PHONE_NUMBER 7087461061 Прочие безвозмездные переводы денег RRN=24131D760631,
31.01.2024,002968352846,1500.0,,Костанайский Областной Народного Банка Казахстана 960941000234,221003623761,Референс 3035123305 CMSTAKE Комиссия за ведение счета KZ32601A221003623761 за 01 месяц,
31.01.2024,002968352859,1500.0,,Костанайский Областной Народного Банка Казахстана 960941000234,221003634281,Референс 3035123311 CMSTAKE Комиссия за ведение счета KZ08601A221003634281 за 01 месяц,
30.01.2024,ONB0JAXY5,491000.0,,ВИКТОРИЯ Б. 800725400560,800725400560,Референс 3034125953 PHONE_NUMBER 7087461061 Прочие безвозмездные переводы денег RRN=24130D744959,
30.01.2024,ONBPX9QH1,950000.0,,БАЙМЕКОВА В.В.COM 800725400560,800725400560,"Референс 3033995408 Onlinebank Переводы клиентом денег с одного своего текущего счета, открытого в банке, ф-ле банка-нерез-та РК на другой свой текущий счет, открытый в данном банке, в ф-ле данного банка-нерез-та РК RRN=24130D742454",
29.01.2024,ONBFMPFZF,50000.0,,Б. 830401351265,830401351265,Референс 3033620379 PHONE_NUMBER 7474715083 Прочие безвозмездные переводы денег RRN=24129D738785,
29.01.2024,002965930601,,1382444.0,Индивидуальный Предприниматель БАЙМЕКОВА В.В. 800725400560,100227716722,"Референс 3033039399 Зачисление проданой валюты KZT, заявка №100227716722 на сумму 1382444 по курсу 4.9373. Дата валютирования 29.01.24 Продажа иностранной валюты за тенге вне биржи. Цель: безвозмездная финансовая (материальная) помощь и иные безвозмездные переводы.",
29.01.2024,ONBA9U3HR,70000.0,,ВИКТОРИЯ Б. 800725400560,800725400560,Референс 3032883255 PHONE_NUMBER 7087461061 Прочие безвозмездные переводы денег RRN=24129D725980,
28.01.2024,ONBN7CJSU,150000.0,,ВИКТОРИЯ Б. 800725400560,800725400560,Референс 3032644422 PHONE_NUMBER 7087461061 Прочие безвозмездные переводы денег RRN=24128D723882,
27.01.2024,ONBILHRE8,50000.0,,ВИКТОРИЯ Б. 800725400560,800725400560,Референс 3032252014 PHONE_NUMBER 7087461061 Прочие безвозмездные переводы денег RRN=24127D712461,
27.01.2024,ONBMDKBR1,50000.0,,Б. 820203351217,820203351217,Референс 3032193240 PHONE_NUMBER 7475236222 Прочие безвозмездные переводы денег RRN=24127D709829,
26.01.2024,ONBHNDCDS,160000.0,,Б. 820203351217,820203351217,Референс 3031367082 PHONE_NUMBER 7475236222 Прочие безвозмездные переводы денег RRN=24126D693823,
25.01.2024,ONB9018F1,67600.0,,А. 820511350302,820511350302,Референс 3030426246 PHONE_NUMBER 7472326977 За сорпа Прочие безвозмездные переводы денег RRN=24125D679901,
24.01.2024,ONBR5BHO6,70000.0,,ВИКТОРИЯ Б. 800725400560,800725400560,Референс 3029753523 PHONE_NUMBER 7087461061 Прочие безвозмездные переводы денег RRN=24124D670590,
24.01.2024,ONBR5AMX5,93600.0,,А. 820511350302,820511350302,Референс 3029750773 PHONE_NUMBER 7472326977 Прочие безвозмездные переводы денег RRN=24124D670502 10,
23.01.2024,ONB9Y4IJG,50000.0,,ВИКТОРИЯ Б. 800725400560,800725400560,Референс 3028796681 PHONE_NUMBER 7087461061 Прочие безвозмездные переводы денег RRN=24123D655283,
23.01.2024,ONBBTDP1W,130000.0,,А. 820511350302,820511350302,Референс 3028422308 PHONE_NUMBER 7472326977 Прочие безвозмездные переводы денег RRN=24123D648910,
20.01.2024,ONB9RYDY5,331000.0,,ВИКТОРИЯ Б. 800725400560,800725400560,Референс 3026371269 PHONE_NUMBER 7087461061 Прочие безвозмездные переводы денег RRN=24120D613332,
19.01.2024,002958279705,,2331603.0,Индивидуальный Предприниматель БАЙМЕКОВА В.В. 800725400560,100226721838,"Референс 3025799488 Зачисление проданой валюты KZT, заявка №100226721838 на сумму 2331603 по курсу 5.0142. Дата валютирования 19.01.24 Продажа иностранной валюты за тенге вне биржи. Цель: безвозмездная финансовая (материальная) помощь и иные безвозмездные переводы.",
19.01.2024,ONBT2XQTM,1000000.0,,ВИКТОРИЯ Б. 800725400560,800725400560,Референс 3025507943 PHONE_NUMBER 7087461061 Прочие безвозмездные переводы денег RRN=24119D596309,
18.01.2024,ONBKYGQU6,10000.0,,ВИКТОРИЯ Б. 800725400560,800725400560,Референс 3025144283 PHONE_NUMBER 7087461061 Прочие безвозмездные переводы денег RRN=24118D592604,
16.01.2024,ONB6HEZLO,450000.0,,Б. 820203351217,820203351217,Референс 3023400108 PHONE_NUMBER 7475236222 Прочие безвозмездные переводы денег RRN=24116D562359,
16.01.2024,ONB30D3EA,9974.0,,БАЙМЕКОВ Е.Б. 820203351217,820203351217,"Референс 3023036391 PHONE_NUMBER 7475236222 Платеж за профессиональные, научные и технические услуги RRN=24116D554460",
16.01.2024,25,,1420000.0,БАЙМЕКОВА В.В. 800725400560,800725400560,Референс 3022972479 Без НДС Переводы клиентом денег со своего текущего счета в одном банке на свой текущий счет в другом банке,
15.01.2024,ONB80ZMJM,7500.0,,ВИКТОРИЯ Б. 800725400560,800725400560,Референс 3021948884 PHONE_NUMBER 7087461061 Прочие безвозмездные переводы денег RRN=24115D535628,
15.01.2024,ONBL83CV3,1200000.0,,ВИКТОРИЯ Б. 800725400560,800725400560,Референс 3021722547 PHONE_NUMBER 7087461061 Прочие безвозмездные переводы денег RRN=24115D532136,
13.01.2024,ONB2PN679,150000.0,,ВИКТОРИЯ Б. 800725400560,800725400560,Референс 3021076435 PHONE_NUMBER 7087461061 Прочие безвозмездные переводы денег RRN=24113D521700,
12.01.2024,002952200022,1500.0,,Костанайский Областной Народного Банка Казахстана 960941000234,221003634281,Референс 3020145003 Оплата К2 CMSTAKE Комиссия за ведение счета KZ08601A221003634281 за 12 месяц,
12.01.2024,002952199847,1007.33,,Костанайский Областной Народного Банка Казахстана 960941000234,221003623761,Референс 3020144903 Оплата К2 CMSTAKE Комиссия за ведение счета KZ32601A221003623761 за 12 месяц,
12.01.2024,002952193987,,1410052.0,Индивидуальный Предприниматель БАЙМЕКОВА В.В. 800725400560,100225934102,"Референс 3020140649 Зачисление проданой валюты KZT, заявка №100225934102 на сумму 1410052 по курсу 5.0359. Дата валютирования 12.01.24 Продажа иностранной валюты за тенге вне биржи. Цель: безвозмездная финансовая (материальная) помощь и иные безвозмездные переводы.",
29.12.2023,002941654123,492.67,,Костанайский Областной Народного Банка Казахстана 960941000234,221003623761,Референс 3008137527 CMSTAKE Комиссия за ведение счета KZ32601A221003623761 за 12 месяц,
29.12.2023,ONBMVN30V,1066000.0,,ВИКТОРИЯ Б. 800725400560,800725400560,Референс 3008067857 PHONE_NUMBER 7087461061 Прочие безвозмездные переводы денег RRN=23C29D329407,
29.12.2023,ONB7RMHJZ,1000000.0,,Б. 820203351217,820203351217,Референс 3008062932 PHONE_NUMBER 7475236222 Прочие безвозмездные переводы денег RRN=23C29D329338 11,
29.12.2023,002941491041,,1391124.0,Индивидуальный Предприниматель БАЙМЕКОВА В.В. 800725400560,100224435370,"Референс 3008045228 Зачисление проданой валюты KZT, заявка №100224435370 на сумму 1391124 по курсу 4.9683. Дата валютирования 29.12.23 Продажа иностранной валюты за тенге вне биржи. Цель: безвозмездная финансовая (материальная) помощь и иные безвозмездные переводы.",
28.12.2023,ONBTQXJRN,1000000.0,,БАЙМЕКОВА В.В.COM 800725400560,800725400560,"Референс 3006784823 Onlinebank Переводы клиентом денег с одного своего текущего счета, открытого в банке, на другой свой текущий счет, открытый в данном банке RRN=23C28D306550",
27.12.2023,002939055042,355808.4,,Костанайский Областной Народного Банка Казахстана 960941000234,221003623761,Референс 3005995064 Onlinebank.Перевод с текущего счета KZ32601A221003623761 на предоплату по кредитному договору D1738562121.238352 ФИО заемщика: БАЙМЕКОВА Виктория Владимировна Референс: 62980954524,
26.12.2023,ONBRUDML5,1500000.0,,Б. 820203351217,820203351217,Референс 3005142350 PHONE_NUMBER 7475236222 Прочие безвозмездные переводы денег RRN=23C26D277077,
26.12.2023,24,,2150000.0,БАЙМЕКОВА В.В. 800725400560,800725400560,Референс 3005119770 Без НДС Переводы клиентом денег со своего текущего счета в одном банке на свой текущий счет в другом банке,
26.12.2023,002938040217,,1381072.0,Индивидуальный Предприниматель БАЙМЕКОВА В.В. 800725400560,100224058513,"Референс 3005087433 Зачисление проданой валюты KZT, заявка №100224058513 на сумму 1381072 по курсу 4.9324. Дата валютирования 26.12.23 Продажа иностранной валюты за тенге вне биржи. Цель: безвозмездная финансовая (материальная) помощь и иные безвозмездные переводы.",
25.12.2023,ONBQ4557X,250000.0,,ВИКТОРИЯ Б. 800725400560,800725400560,Референс 3004178901 PHONE_NUMBER 7087461061 Прочие безвозмездные переводы денег RRN=23C25D262431,
25.12.2023,ONB3BGG82,250000.0,,Б. 820203351217,820203351217,Референс 3004178765 PHONE_NUMBER 7475236222 Прочие безвозмездные переводы денег RRN=23C25D262416,
22.12.2023,ONB621533,500000.0,,Б. 820203351217,820203351217,Референс 3001746045 PHONE_NUMBER 7475236222 Прочие безвозмездные переводы денег RRN=23C22D212523,
17.12.2023,ONB066BD0,500000.0,,Б. 820203351217,820203351217,Референс 2997223331 PHONE_NUMBER 7475236222 Прочие безвозмездные переводы денег RRN=23C17D133446,
16.12.2023,ONBD5FA17,321000.0,,Б. 820203351217,820203351217,Референс 2996913036 PHONE_NUMBER 7475236222 Прочие безвозмездные переводы денег RRN=23C16D125502,
15.12.2023,ONBCB95A5,1000000.0,,Б. 820203351217,820203351217,Референс 2996065556 PHONE_NUMBER 7475236222 Прочие безвозмездные переводы денег RRN=23C15D105230,
15.12.2023,ONB5G2FW5,4000.0,,ВИКТОРИЯ Б. 800725400560,800725400560,Референс 2996030385 PHONE_NUMBER 7087461061 Прочие безвозмездные переводы денег RRN=23C15D101764,
15.12.2023,002928093657,,2824752.0,Индивидуальный Предприниматель БАЙМЕКОВА В.В. 800725400560,100222871932,"Референс 2996028187 Зачисление проданой валюты KZT, заявка №100222871932 на сумму 2824752 по курсу 5.0442. Дата валютирования 15.12.23 Продажа иностранной валюты за тенге вне биржи. Цель: безвозмездная финансовая (материальная) помощь и иные безвозмездные переводы.",
15.12.2023,ONBJCC56H,4000.0,,ВИКТОРИЯ Б. 800725400560,800725400560,Референс 2995800261 PHONE_NUMBER 7087461061 Прочие безвозмездные переводы денег RRN=23C15D100758 12,
15.12.2023,002927794652,,3678.44,Индивидуальный Предприниматель БАЙМЕКОВА В.В. 800725400560,100222841496,"Референс 2995794197 Зачисление проданой валюты KZT, заявка №100222841496 на сумму 3678.44 по курсу 5.0115. Дата валютирования 15.12.23 Продажа иностранной валюты за тенге вне биржи. Цель: безвозмездная финансовая (материальная) помощь и иные безвозмездные переводы.",
14.12.2023,ONB722FB6,200000.0,,Б. 820203351217,820203351217,Референс 2995213965 PHONE_NUMBER 7475236222 Прочие безвозмездные переводы денег RRN=23C14D91715,
11.12.2023,ONBE6B482,300000.0,,Б. 820203351217,820203351217,Референс 2991637600 PHONE_NUMBER 7475236222 Прочие безвозмездные переводы денег RRN=23C11D32989,
08.12.2023,ONBBB6731,387000.0,,БАЙМЕКОВ Е.Б. 820203351217,820203351217,"Референс 2989847491 PHONE_NUMBER 7475236222 Платеж за профессиональные, научные и технические услуги RRN=23C08D997552",
06.12.2023,ONB1EBFBA,200000.0,,Б. 820203351217,820203351217,Референс 2987431614 PHONE_NUMBER 7475236222 Прочие безвозмездные переводы денег RRN=23C06D959924,
04.12.2023,ONB8B4132,157000.0,,Б. 830401351265,830401351265,Референс 2985403252 PHONE_NUMBER 7474715083 Прочие безвозмездные переводы денег RRN=23C04D929783,
04.12.2023,ONB0A0F86,1000.0,,Б. 830401351265,830401351265,Референс 2985393020 PHONE_NUMBER 7474715083 Прочие безвозмездные переводы денег RRN=23C04D929569,
04.12.2023,ONBLOK77O,3000.0,,ВИКТОРИЯ Б. 800725400560,800725400560,Референс 2985049632 PHONE_NUMBER 7087461061 Прочие безвозмездные переводы денег RRN=23C04D924044,
01.12.2023,ONB3UFLLB,23000.0,,ВИКТОРИЯ Б. 800725400560,800725400560,Референс 2983728487 PHONE_NUMBER 7087461061 Прочие безвозмездные переводы денег RRN=23C01D898587,
01.12.2023,002914673175,355808.4,,Костанайский Областной Народного Банка Казахстана 960941000234,221003623761,Референс 2983590901 Onlinebank.Перевод с текущего счета KZ32601A221003623761 на предоплату по кредитному договору D1738562121.238352 ФИО заемщика: БАЙМЕКОВА Виктория Владимировна Референс: 62074244274,
01.12.2023,ONB2646D2,800000.0,,Б. 820203351217,820203351217,Референс 2983589184 PHONE_NUMBER 7475236222 Прочие безвозмездные переводы денег RRN=23C01D895858,
01.12.2023,002914650553,,1426908.0,Индивидуальный Предприниматель БАЙМЕКОВА В.В. 800725400560,100221331925,"Референс 2983575348 Зачисление проданой валюты KZT, заявка №100221331925 на сумму 1426908 по курсу 5.0961. Дата валютирования 01.12.23 Продажа иностранной валюты за тенге вне биржи. Цель: безвозмездная финансовая (материальная) помощь и иные безвозмездные переводы.",
30.11.2023,ONBC106B1,130000.0,,Б. 820203351217,820203351217,Референс 2982756342 PHONE_NUMBER 7475236222 Прочие безвозмездные переводы денег RRN=23B30D881629,
30.11.2023,002913073161,1500.0,,Костанайский Областной Народного Банка Казахстана 960941000234,221003634281,Референс 2982311625 CMSTAKE Комиссия за ведение счета KZ08601A221003634281 за 11 месяц,
30.11.2023,002913073140,1500.0,,Костанайский Областной Народного Банка Казахстана 960941000234,221003623761,Референс 2982311608 CMSTAKE Комиссия за ведение счета KZ32601A221003623761 за 11 месяц,
29.11.2023,ONB259NZI,200000.0,,Б. 820203351217,820203351217,Референс 2981722980 PHONE_NUMBER 7475236222 Прочие безвозмездные переводы денег RRN=23B29D868928,
29.11.2023,ONBQV6QDX,25000.0,,Б. 820203351217,820203351217,Референс 2981310177 PHONE_NUMBER 7475236222 Прочие безвозмездные переводы денег RRN=23B29D859572 13,
29.11.2023,ONBUN0AOA,20000.0,,ВИКТОРИЯ Б. 800725400560,800725400560,Референс 2981236241 PHONE_NUMBER 7087461061 Прочие безвозмездные переводы денег RRN=23B29D858083,
29.11.2023,ONBDXZC4Z,750000.0,,ВИКТОРИЯ Б. 800725400560,800725400560,Референс 2981205986 PHONE_NUMBER 7087461061 Прочие безвозмездные переводы денег RRN=23B29D857363,
28.11.2023,002910926108,,1328366.0,Индивидуальный Предприниматель БАЙМЕКОВА В.В. 800725400560,100220957673,"Референс 2980403987 Зачисление проданой валюты KZT, заявка №100220957673 на сумму 1328366 по курсу 5.1091. Дата валютирования 28.11.23 Продажа иностранной валюты за тенге вне биржи. Цель: безвозмездная финансовая (материальная) помощь и иные безвозмездные переводы.",
28.11.2023,ONBF7DEFB,635000.0,,Б. 820203351217,820203351217,Референс 2980152823 PHONE_NUMBER 7475236222 Прочие безвозмездные переводы денег RRN=23B28D839069,
27.11.2023,23,,1435000.0,БАЙМЕКОВА В.В. 800725400560,800725400560,Референс 2979192708 Без НДС Переводы клиентом денег со своего текущего счета в одном банке на свой текущий счет в другом банке,
27.11.2023,ONBF92395,400000.0,,Б. 820203351217,820203351217,Референс 2979170842 PHONE_NUMBER 7475236222 Прочие безвозмездные переводы денег RRN=23B27D824618,
23.11.2023,ONB66B41E,300000.0,,Б. 820203351217,820203351217,Референс 2976238345 PHONE_NUMBER 7475236222 Прочие безвозмездные переводы денег RRN=23B23D773142,
20.11.2023,ONBDA02FA,500000.0,,Б. 820203351217,820203351217,Референс 2973414763 PHONE_NUMBER 7475236222 Прочие безвозмездные переводы денег RRN=23B20D728508,
17.11.2023,ONB640C46,445000.0,,Б. 820203351217,820203351217,Референс 2971586934 PHONE_NUMBER 7475236222 Прочие безвозмездные переводы денег RRN=23B17D691880,
16.11.2023,ONB89CDC5,300000.0,,У. 891005350218,891005350218,Референс 2971272005 PHONE_NUMBER 7073494959 Прочие безвозмездные переводы денег RRN=23B16D689979,
16.11.2023,ONB5C6BA0,50000.0,,ВИКТОРИЯ Б. 800725400560,800725400560,Референс 2970946387 PHONE_NUMBER 7087461061 Прочие безвозмездные переводы денег RRN=23B16D682049,
16.11.2023,21,,1995000.0,БАЙМЕКОВА В.В. 800725400560,800725400560,Референс 2970810047 Без НДС Переводы клиентом денег со своего текущего счета в одном банке на свой текущий счет в другом банке,
15.11.2023,ONB61B461,500000.0,,Б. 820203351217,820203351217,Референс 2969971600 PHONE_NUMBER 7475236222 Прочие безвозмездные переводы денег RRN=23B15D665627,
13.11.2023,ONB50D1AE,500000.0,,Б. 820203351217,820203351217,Референс 2967659520 PHONE_NUMBER 7475236222 Прочие безвозмездные переводы денег RRN=23B13D629917,
10.11.2023,ONB9CCA26,484000.0,,Б. 820203351217,820203351217,Референс 2966443770 PHONE_NUMBER 7475236222 Прочие безвозмездные переводы денег RRN=23B10D607548,
10.11.2023,002895361278,355808.4,,Костанайский Областной Народного Банка Казахстана 960941000234,221003623761,Референс 2966026226 Onlinebank.Перевод с текущего счета KZ32601A221003623761 на предоплату по кредитному договору D1738562121.238352 ФИО заемщика: БАЙМЕКОВА Виктория Владимировна Референс: 61347775814,
10.11.2023,ONBFBOLHI,6000.0,,ВИКТОРИЯ Б. 800725400560,800725400560,Референс 2965640366 PHONE_NUMBER 7087461061 Прочие безвозмездные переводы денег RRN=23B10D592407,
10.11.2023,ONBCFA8BE,30000.0,,Б. 820203351217,820203351217,Референс 2965620587 PHONE_NUMBER 7475236222 Прочие безвозмездные переводы денег RRN=23B10D591684 14,
09.11.2023,002894070777,,1868463.0,Индивидуальный Предприниматель БАЙМЕКОВА В.В. 800725400560,100219126638,"Референс 2964852485 Зачисление проданой валюты KZT, заявка №100219126638 на сумму 1868463 по курсу 5.0499. Дата валютирования 09.11.23 Продажа иностранной валюты за тенге вне биржи. Цель: безвозмездная финансовая (материальная) помощь и иные безвозмездные переводы.",
04.11.2023,ONB1D7A3B,380000.0,,Б. 820203351217,820203351217,Референс 2960539320 PHONE_NUMBER 7475236222 Прочие безвозмездные переводы денег RRN=23B04D513603,
31.10.2023,002884682120,1500.0,,Костанайский Областной Народного Банка Казахстана 960941000234,221003623761,Референс 2956404591 CMSTAKE Комиссия за ведение счета KZ32601A221003623761 за 10 месяц,
31.10.2023,002884682141,1500.0,,Костанайский Областной Народного Банка Казахстана 960941000234,221003634281,Референс 2956404600 CMSTAKE Комиссия за ведение счета KZ08601A221003634281 за 10 месяц,
30.10.2023,ONBA847EE,1000000.0,,Б. 820203351217,820203351217,Референс 2955335266 PHONE_NUMBER 7475236222 Прочие безвозмездные переводы денег RRN=23A30D429480,
30.10.2023,20,,1390000.0,БАЙМЕКОВА В.В. 800725400560,800725400560,Референс 2955316986 Без НДС Переводы клиентом денег со своего текущего счета в одном банке на свой текущий счет в другом банке,
26.10.2023,ONBD2B437,1000000.0,,Б. 820203351217,820203351217,Референс 2952517876 PHONE_NUMBER 7475236222 Прочие безвозмездные переводы денег RRN=23A26D377453,
26.10.2023,ONB10C1BE,200000.0,,Б. 820203351217,820203351217,Референс 2952347106 PHONE_NUMBER 7475236222 Прочие безвозмездные переводы денег RRN=23A26D374185,
24.10.2023,ONBE3D92D,300000.0,,Б. 820203351217,820203351217,Референс 2950984945 PHONE_NUMBER 7475236222 Прочие безвозмездные переводы денег RRN=23A24D357906,
22.10.2023,ONB6B0538,400000.0,,Б. 820203351217,820203351217,Референс 2949491846 PHONE_NUMBER 7475236222 Прочие безвозмездные переводы денег RRN=23A22D338801,
20.10.2023,ONBFUJ64Z,16200.0,,ВИКТОРИЯ Б. 800725400560,800725400560,Референс 2948766911 PHONE_NUMBER 7087461061 Прочие безвозмездные переводы денег RRN=23A20D320247,
20.10.2023,002876064752,,2232.43,Индивидуальный Предприниматель БАЙМЕКОВА В.В. 800725400560,100217147014,"Референс 2948503172 Зачисление проданой валюты KZT, заявка №100217147014 на сумму 2232.43 по курсу 4.939. Дата валютирования 20.10.23 Продажа иностранной валюты за тенге вне биржи. Цель: безвозмездная финансовая (материальная) помощь и иные безвозмездные переводы.",
20.10.2023,002876060977,,913715.0,Индивидуальный Предприниматель БАЙМЕКОВА В.В. 800725400560,100217146685,"Референс 2948500800 Зачисление проданой валюты KZT, заявка №100217146685 на сумму 913715 по курсу 4.939. Дата валютирования 20.10.23 Продажа иностранной валюты за тенге вне биржи. Цель: безвозмездная финансовая (материальная) помощь и иные безвозмездные переводы.",
18.10.2023,ONB941C00,347000.0,,Б. 820203351217,820203351217,Референс 2946806837 PHONE_NUMBER 7475236222 Прочие безвозмездные переводы денег RRN=23A18D285835,
16.10.2023,19,,1347000.0,БАЙМЕКОВА В.В. 800725400560,800725400560,Референс 2944585599 Без НДС Переводы клиентом денег со своего текущего счета в одном банке на свой текущий счет в другом банке,
16.10.2023,ONBF1BA13,11000000.0,,Т. 711128301065,711128301065,Референс 2944435181 PHONE_NUMBER 7777580000 Прочие безвозмездные переводы денег RRN=23A16D246165,
11.10.2023,ONBD6E4E6,320000.0,,Б. 820203351217,820203351217,Референс 2941400366 PHONE_NUMBER 7475236222 Прочие безвозмездные переводы денег RRN=23A11D191480 15,
11.10.2023,16,,1320000.0,БАЙМЕКОВА В.В. 800725400560,800725400560,Референс 2941380833 Без НДС Переводы клиентом денег со своего текущего счета в одном банке на свой текущий счет в другом банке,
10.10.2023,002866297498,290000.0,,"Акционерное общество ""Дочерняя компания Народного Банка Казахстана по страхованию жизни ""Халык-Life"" 051140004354",800725400560,"Референс 2939687953 Перевод страховой премии по кредиту D1738562121.238352 от 10.10.23, Клиент Индивидуальный Предприниматель БАЙМЕКОВА В.В. ИИН 800725400560, референс:DS1738562121.238352.",
10.10.2023,002866297476,,10290000.0,Костанайский Областной Народного Банка Казахстана 960941000234,960941000234,Референс 2939687927 Предоставление займа по договору № D1738562121.238352 от 10.10.2023 в сумме 10290000 KZT. Заемщик: Индивидуальный Предприниматель БАЙМЕКОВА В.В..,
06.10.2023,ONB724595,1400000.0,,Б. 820203351217,820203351217,Референс 2937039122 PHONE_NUMBER 7475236222 Прочие безвозмездные переводы денег RRN=23A06D121128,
01.10.2023,ONBC7D286,100000.0,,Б. 820203351217,820203351217,Референс 2931999540 PHONE_NUMBER 7475236222 Прочие безвозмездные переводы денег RRN=23A01D44208,
29.09.2023,ONB04C002,119000.0,,Б. 820203351217,820203351217,Референс 2931014338 PHONE_NUMBER 7475236222 Прочие безвозмездные переводы денег RRN=23929D22966,
29.09.2023,ONBA05CA2,264000.0,,ТАЛГАТ Ш. 780718301538,780718301538,Референс 2930997093 PHONE_NUMBER 7028298229 Прочие безвозмездные переводы денег RRN=23929D22592,
29.09.2023,002856815106,1500.0,,Костанайский Областной Народного Банка Казахстана 960941000234,221003623761,Референс 2930766988 CMSTAKE Комиссия за ведение счета KZ32601A221003623761 за 09 месяц,
28.09.2023,ONB830578,115000.0,,ВИКТОРИЯ Б. 800725400560,800725400560,Референс 2929865424 PHONE_NUMBER 7087461061 Прочие безвозмездные переводы денег RRN=23928D6612,
25.09.2023,ONBDD9045,236000.0,,БАЙМЕКОВ Е.Б. 820203351217,820203351217,"Референс 2926986483 PHONE_NUMBER 7475236222 Платеж за профессиональные, научные и технические услуги RRN=23925D962675",
25.09.2023,15,,1236000.0,БАЙМЕКОВА В.В. 800725400560,800725400560,Референс 2926769702 Без НДС Переводы клиентом денег со своего текущего счета в одном банке на свой текущий счет в другом банке,
22.09.2023,ONB007872,219000.0,,Б. 820203351217,820203351217,Референс 2925124370 PHONE_NUMBER 7475236222 Прочие безвозмездные переводы денег RRN=23922D930965,
19.09.2023,14,,19000.0,БАЙМЕКОВА В.В. 800725400560,800725400560,Референс 2922205344 Без НДС Переводы клиентом денег со своего текущего счета в одном банке на свой текущий счет в другом банке,
19.09.2023,13,,1200000.0,БАЙМЕКОВА В.В. 800725400560,800725400560,Референс 2922173180 Без НДС Переводы клиентом денег со своего текущего счета в одном банке на свой текущий счет в другом банке,
19.09.2023,ONB2316B7,2499000.0,,Б. 820203351217,820203351217,Референс 2922006605 PHONE_NUMBER 7475236222 Прочие безвозмездные переводы денег RRN=23919D674626,
15.09.2023,ONB349EBF,210000.0,,ВИКТОРИЯ Б. 800725400560,800725400560,Референс 2919464057 PHONE_NUMBER 7087461061 Прочие безвозмездные переводы денег RRN=23915D186967,
14.09.2023,ONBCDF727,100000.0,,Б. 820203351217,820203351217,Референс 2918827017 PHONE_NUMBER 7475236222 Прочие безвозмездные переводы денег RRN=23914D103141,
14.09.2023,ONBFC64A8,100000.0,,Б. 820203351217,820203351217,Референс 2918710266 PHONE_NUMBER 7475236222 Прочие безвозмездные переводы денег RRN=23914D85525 16,
11.09.2023,ONB43504F,100000.0,,Б. 820203351217,820203351217,Референс 2915552158 PHONE_NUMBER 7475236222 Прочие безвозмездные переводы денег RRN=23911D682909,
07.09.2023,ONB9B83B1,90000.0,,Б. 820203351217,820203351217,Референс 2913275779 PHONE_NUMBER 7475236222 Прочие безвозмездные переводы денег RRN=23907D249069,
07.09.2023,74,,850000.0,NAVIS 911030350181,911030350181,Референс 2913062774 За услуги иного сухопутного транспорта. Услуга по перевозке груза по маршруту г. Белорецк - г. Алматы Счет 22 от 06.09.2023.,
07.09.2023,ONB705EE3,200000.0,,Б. 820203351217,820203351217,Референс 2912802015 PHONE_NUMBER 7475236222 Прочие безвозмездные переводы денег RRN=23907D192144,
04.09.2023,1228,,500000.0,Орлов Дмитрий Алексеевич 721102350370,721102350370,Референс 2909469305 Оплата за перевозку груза согласно договора № 93\2023 от 19.08.2023 г. Платежи за услуги иного сухопутного транспорта,
04.09.2023,ONB411E7F,50000.0,,Б. 820203351217,820203351217,Референс 2909468032 PHONE_NUMBER 7475236222 Прочие безвозмездные переводы денег RRN=23904D871318,
02.09.2023,ONBA2F434,399999.0,,Б. 820203351217,820203351217,Референс 2908774799 PHONE_NUMBER 7475236222 Прочие безвозмездные переводы денег RRN=23902D754310,
31.08.2023,002830604818,1500.0,,Костанайский Областной Народного Банка Казахстана 960941000234,221003623761,Референс 2906822717 CMSTAKE Комиссия за ведение счета KZ32601A221003623761 за 08 месяц,
31.08.2023,ONB934924,324000.0,,Б. 820203351217,820203351217,Референс 2906768126 PHONE_NUMBER 7475236222 Прочие безвозмездные переводы денег RRN=23831D562791,
28.08.2023,ONB71D19A,100000.0,,Б. 820203351217,820203351217,Референс 2904707103 PHONE_NUMBER 7475236222 Прочие безвозмездные переводы денег RRN=23828D369359,
28.08.2023,4,,1224000.0,БАЙМЕКОВА В.В. 800725400560,800725400560,Референс 2904553411 Без НДС Переводы клиентом денег со своего текущего счета в одном банке на свой текущий счет в другом банке,
24.08.2023,ONB15P5BI,,100000.0,Темиржанова 671019400704,671019400704,"Референс 2902278734 Грузоперевозка Астана- Костанай, акт 19 от 23.08.23 Прочие платежи по транспортным услугам",
24.08.2023,ONB86B62D,60000.0,,Б. 820203351217,820203351217,Референс 2901974832 PHONE_NUMBER 7475236222 Прочие безвозмездные переводы денег RRN=23824D87758,
23.08.2023,2,,1220000.0,БАЙМЕКОВА В.В. 800725400560,800725400560,Референс 2901004424 Без НДС Переводы клиентом денег со своего текущего счета в одном банке на свой текущий счет в другом банке,
23.08.2023,ONB66119E,300000.0,,Б. 820203351217,820203351217,Референс 2900979212 PHONE_NUMBER 7475236222 Прочие безвозмездные переводы денег RRN=23823D8299,
23.08.2023,ONBBEA1DA,150000.0,,Б. 820203351217,820203351217,Референс 2900761102 PHONE_NUMBER 7475236222 Прочие безвозмездные переводы денег RRN=23823D994525,
22.08.2023,592,,750000.0,"""DVA COMPANY"" 170940023976",170940023976,Референс 2900302303 Услуга по автоперевозке по счету на оплату №18 от 21.08.2023г Платежи за услуги иного сухопутного транспорта,
17.08.2023,ONBBDE750,1200000.0,,Б. 820203351217,820203351217,Референс 2896565445 PHONE_NUMBER 7475236222 Прочие безвозмездные переводы денег RRN=23817D597798,
17.08.2023,1,,1240000.0,БАЙМЕКОВА В.В. 800725400560,800725400560,Референс 2896561860 Без НДС Переводы клиентом денег со своего текущего счета в одном банке на свой текущий счет в другом банке,
08.08.2023,ONB877F31,298000.0,,Б. 820203351217,820203351217,Референс 2889640705 PHONE_NUMBER 7475236222 Прочие безвозмездные переводы денег RRN=23808D984465 17,
31.07.2023,002803681238,1500.0,,Костанайский Областной Народного Банка Казахстана 960941000234,221003623761,Референс 2882483149 CMSTAKE Комиссия за ведение счета KZ32601A221003623761 за 07 месяц,
26.07.2023,ONB7C1643,300000.0,,Б. 820203351217,820203351217,Референс 2879566389 PHONE_NUMBER 7475236222 Прочие безвозмездные переводы денег RRN=23726D126178,
22.07.2023,ONBAFAD23,140000.0,,Б. 820203351217,820203351217,Референс 2876490718 PHONE_NUMBER 7475236222 Прочие безвозмездные переводы денег RRN=23722D912110,
20.07.2023,ONBA7064B,200000.0,,Б. 820203351217,820203351217,Референс 2874759741 PHONE_NUMBER 7475236222 Прочие безвозмездные переводы денег RRN=23720D763593,
18.07.2023,ONB6A6B11,250000.0,,Б. 820203351217,820203351217,Референс 2873145531 PHONE_NUMBER 7475236222 Прочие безвозмездные переводы денег RRN=23718D657223,
17.07.2023,36,,290000.0,Green TARGET 870627402676,870627402676,Референс 2872209077 За услуги. Оплата за транспортные услуги. Заявка 1 от 14.07.2023,
15.07.2023,ONB5D8F50,140000.0,,Б. 820203351217,820203351217,Референс 2871191328 PHONE_NUMBER 7475236222 Прочие безвозмездные переводы денег RRN=23715D494755,
15.07.2023,ONBCC6CEB,250000.0,,Б. 820203351217,820203351217,Референс 2871120156 PHONE_NUMBER 7475236222 Прочие безвозмездные переводы денег RRN=23715D477753,
15.07.2023,ONBBB607E,500000.0,,Б. 820203351217,820203351217,Референс 2871119287 PHONE_NUMBER 7475236222 Прочие безвозмездные переводы денег RRN=23715D477403,
14.07.2023,33,,290000.0,Green TARGET 870627402676,870627402676,Референс 2870749949 За услуги. Оплата за транспортные услуги. Заявка 1 от 14.07.2023,
14.07.2023,60,,900000.0,Михайлова Вера Николаевна 840401450621,840401450621,Референс 2870666995 Оплата по счету № 13 от 10.07.2023г. Сумма 900 000-00 тенге без НДС Прочие платежи по транспортным услугам,
13.07.2023,ONBD8C2DD,154000.0,,Б. 820203351217,820203351217,Референс 2869831651 PHONE_NUMBER 7475236222 Прочие безвозмездные переводы денег RRN=23713D373612,
08.07.2023,ONB13D460,250000.0,,Б. 820203351217,820203351217,Референс 2865265708 PHONE_NUMBER 7475236222 Прочие безвозмездные переводы денег RRN=23708D17988,
05.07.2023,ONB68AAC9,270000.0,,Б. 820203351217,820203351217,Референс 2864354268 PHONE_NUMBER 7475236222 Прочие безвозмездные переводы денег RRN=23705D893688,
01.07.2023,ONB26CB1C,400000.0,,Б. 820203351217,820203351217,Референс 2860204774 PHONE_NUMBER 7475236222 Прочие безвозмездные переводы денег RRN=23701D599108,
30.06.2023,81,,1000000.0,Мухитова 760720401988,760720401988,"Референс 2859337645 За услуги по перевозке согл. Договора АВР 10 от 21.06.23 Платежи за услуги иного сухопутного транспорта,",
30.06.2023,002778371217,1500.0,,Костанайский Областной Народного Банка Казахстана 960941000234,221003623761,Референс 2859241205 CMSTAKE Комиссия за ведение счета KZ32601A221003623761 за 06 месяц,
28.06.2023,ONB4C1ABD,600000.0,,Б. 820203351217,820203351217,Референс 2857639391 PHONE_NUMBER 7475236222 Прочие безвозмездные переводы денег RRN=23628D462532,
28.06.2023,ONB05DDE6,125000.0,,ВИКТОРИЯ Б. 800725400560,800725400560,Референс 2857601253 PHONE_NUMBER 7087461061 Прочие безвозмездные переводы денег RRN=23628D453532,
27.06.2023,80,,1000000.0,Мухитова 760720401988,760720401988,"Референс 2856992194 За услуги по перевозке согл. Договора АВР 11 от 21.06.23 Платежи за услуги иного сухопутного транспорта,",
26.06.2023,ONBA49781,100000.0,,Б. 820203351217,820203351217,Референс 2855750403 PHONE_NUMBER 7475236222 Прочие безвозмездные переводы денег RRN=23626D340749 18,
23.06.2023,259,,500000.0,"""Qazpolymer group"" 180140012100",180140012100,Референс 2854063145 За услуги иного сухопутного транспорта. Оплата за услуги грузоперевозки согласно счета на оплату № 12 от 23 июня 2023г.,
21.06.2023,ONB0E2CB4,500000.0,,Б. 820203351217,820203351217,Референс 2852466689 PHONE_NUMBER 7475236222 Прочие безвозмездные переводы денег RRN=23621D85661,
20.06.2023,156,,500000.0,Элит Групп Алматы 221240021394,221240021394,Референс 2851418545 Прочие платежи по транспортным услугам согласно счета на оплату №10 от 08.06.2023г. Прочие платежи по транспортным услугам,
16.06.2023,ONBAB37B0,600000.0,,Б. 820203351217,820203351217,Референс 2849199716 PHONE_NUMBER 7475236222 Прочие безвозмездные переводы денег RRN=23616D841789,
14.06.2023,ONBD387E3,1000000.0,,Б. 820203351217,820203351217,Референс 2847238036 PHONE_NUMBER 7475236222 Прочие безвозмездные переводы денег RRN=23614D703842,
14.06.2023,70,,1000000.0,Мухитова 760720401988,760720401988,"Референс 2846714451 За услуги по перевозке согл. Договора АВР 9 от 08.06.23 Платежи за услуги иного сухопутного транспорта,",
14.06.2023,ONBDFB8F8,100000.0,,Б. 820203351217,820203351217,Референс 2846547588 PHONE_NUMBER 7475236222 Прочие безвозмездные переводы денег RRN=23614D667329,
10.06.2023,ONB1D7CC6,300000.0,,Б. 820203351217,820203351217,Референс 2844143611 PHONE_NUMBER 7475236222 Прочие безвозмездные переводы денег RRN=23610D473928,
06.06.2023,ONBDE14B7,400000.0,,Б. 820203351217,820203351217,Референс 2840163058 PHONE_NUMBER 7475236222 Прочие безвозмездные переводы денег RRN=23606D196538,
05.06.2023,63,,1000000.0,Мухитова 760720401988,760720401988,"Референс 2839066585 За услуги по перевозке согл. Договора АВР 8 от 03.0623 Платежи за услуги иного сухопутного транспорта,",
31.05.2023,002752860971,1500.0,,Костанайский Областной Народного Банка Казахстана 960941000234,221003623761,Референс 2835351460 CMSTAKE Комиссия за ведение счета KZ32601A221003623761 за 05 месяц,
30.05.2023,ONB6AB2B1,600000.0,,Б. 820203351217,820203351217,Референс 2834456095 PHONE_NUMBER 7475236222 Прочие безвозмездные переводы денег RRN=23530D824538,
29.05.2023,60,,1000000.0,Мухитова 760720401988,760720401988,"Референс 2833797793 За услуги по перевозке согл. Договора Платежи за услуги иного сухопутного транспорта,",
29.05.2023,ONB478096,1000000.0,,Б. 820203351217,820203351217,Референс 2833628893 PHONE_NUMBER 7475236222 Прочие безвозмездные переводы денег RRN=23529D782871,
22.05.2023,57,,1000000.0,Мухитова 760720401988,760720401988,"Референс 2827859130 За услуги по перевозке согл. Договора Платежи за услуги иного сухопутного транспорта,",
20.05.2023,ONB00D4DF,210000.0,,Б. 820203351217,820203351217,Референс 2827115641 PHONE_NUMBER 7475236222 Прочие безвозмездные переводы денег RRN=23520D368992,
15.05.2023,ONB002FE0,300000.0,,Б. 820203351217,820203351217,Референс 2822551846 PHONE_NUMBER 7475236222 Прочие безвозмездные переводы денег RRN=23515D127412,
13.05.2023,ONB1F27D3,300000.0,,Б. 820203351217,820203351217,Референс 2821867897 PHONE_NUMBER 7475236222 Прочие безвозмездные переводы денег RRN=23513D75266,
11.05.2023,155,,200000.0,ЕСЕН 870916350670,870916350670,Референс 2820417859 За услуги иного сухопутного транспорта.,
09.05.2023,ONB163C68,500000.0,,Б. 820203351217,820203351217,Референс 2818234175 PHONE_NUMBER 7475236222 Прочие безвозмездные переводы денег RRN=23509D885988,
05.05.2023,137,,215000.0,ЕСЕН 870916350670,870916350670,Референс 2816231386 За услуги иного сухопутного транспорта. 19,
04.05.2023,ONBFB3640,100000.0,,Б. 820203351217,820203351217,Референс 2814952206 PHONE_NUMBER 7475236222 Прочие безвозмездные переводы денег RRN=23504D613435,
