﻿Дата,Номер документа,Дебет,Кредит,Контрагент (имя),Контрагент ИИН/БИН,Детали платежа,КНП,ip_knp_norm,ip_op_date,ip_is_non_business_by_knp,ip_is_non_business_by_keywords,ip_is_non_business,ip_credit_amount,ip_is_business_income
31.05.2024,003086126971,0.96,,Западно-Казахстанский Областной Филиал Народного Банка Казахстана 941241000149,941241000149,Референс 3142741226 CMSTAKE Комиссия за ведение счета KZ826017181000003792 за 05 месяц,,,2024-05-31,False,False,False,0.0,False
13.05.2024,ONB0ZGUDO,477916.0,,НУРЛАН Д. 900403351330,900403351330,Референс 3125797463 PHONE_NUMBER 7023304393 Прочие безвозмездные переводы денег RRN=24513D395125,,,2024-05-13,False,False,False,0.0,False
01.05.2024,ONBP11DPY,70000.0,,НУРЛАН Д. 900403351330,900403351330,Референс 3115920231 PHONE_NUMBER 7023304393 Прочие безвозмездные переводы денег RRN=24501D202409,,,2024-05-01,False,False,False,0.0,False
30.04.2024,003055398799,1500.0,,Западно-Казахстанский Областной Филиал Народного Банка Казахстана 941241000149,941241000149,Референс 3115000940 CMSTAKE Комиссия за ведение счета KZ826017181000003792 за 04 месяц,,,2024-04-30,False,False,False,0.0,False
03.04.2024,ONB0BH0KV,450000.0,,НУРЛАН Д. 900403351330,900403351330,Референс 3090869765 PHONE_NUMBER 7023304393 Прочие безвозмездные переводы денег RRN=24403D746924,,,2024-04-03,False,False,False,0.0,False
29.03.2024,003024444300,1500.0,,Западно-Казахстанский Областной Филиал Народного Банка Казахстана 941241000149,941241000149,Референс 3086336440 CMSTAKE Комиссия за ведение счета KZ826017181000003792 за 03 месяц,,,2024-03-29,False,False,False,0.0,False
27.03.2024,ONBA23O4O,342000.0,,НУРЛАН Д. 900403351330,900403351330,Референс 3084483415 PHONE_NUMBER 7023304393 Прочие безвозмездные переводы денег RRN=24327D635196,,,2024-03-27,False,False,False,0.0,False
14.03.2024,36058685,,17910.0,НАРОДНЫЙ БАНК РЕСПУБЛИКИ КАЗАХСТАН 940140000385,940140000385,Референс 3073567496 Расчеты по карточкам за 13/03/24 Без НДС согласно договора 601207-03/10/23,,,2024-03-14,False,False,False,17910.0,True
01.03.2024,1232,,1300000.0,РК 111140011112,111140011112,"Референс 3062616258 Возврат гарантийного взноса оператором ЕЭТП согласно п. 24 Правил реализации арестованного имущества, в том числе на торгах в форме аукциона. Сумма 1 300 000-00 тенге без НДС Возврат гарантийного взноса,",,,2024-03-01,False,True,True,1300000.0,False
29.02.2024,002997063615,1500.0,,Западно-Казахстанский Областной Филиал Народного Банка Казахстана 941241000149,941241000149,Референс 3061094633 CMSTAKE Комиссия за ведение счета KZ826017181000003792 за 02 месяц,,,2024-02-29,False,False,False,0.0,False
29.02.2024,35638196,,1999.46,НАРОДНЫЙ БАНК РЕСПУБЛИКИ КАЗАХСТАН 940140000385,940140000385,Референс 3060753023 Расчеты по карточкам за 28/02/24 Без НДС согласно договора 601207-03/10/23 1,,,2024-02-29,False,False,False,1999.46,True
27.02.2024,002994234088,1362.5,,Западно-Казахстанский Областной Филиал Народного Банка Казахстана 941241000149,941241000149,Референс 3058667348 Оплата К2 CMSTAKE Комиссия за ведение счета KZ826017181000003792 за 01 месяц,,,2024-02-27,False,False,False,0.0,False
27.02.2024,35584714,,24875.0,НАРОДНЫЙ БАНК РЕСПУБЛИКИ КАЗАХСТАН 940140000385,940140000385,Референс 3058637318 Расчеты по карточкам за 26/02/24 Без НДС согласно договора 601207-03/10/23,,,2024-02-27,False,False,False,24875.0,True
03.02.2024,34891773,,995.0,НАРОДНЫЙ БАНК РЕСПУБЛИКИ КАЗАХСТАН 940140000385,940140000385,Референс 3038114964 Расчеты по карточкам за 02/02/24 Без НДС согласно договора 601207-03/10/23,,,2024-02-03,False,False,False,995.0,True
31.01.2024,002968423926,137.5,,Западно-Казахстанский Областной Филиал Народного Банка Казахстана 941241000149,941241000149,Референс 3035163241 CMSTAKE Комиссия за ведение счета KZ826017181000003792 за 01 месяц,,,2024-01-31,False,False,False,0.0,False
17.01.2024,ONBLDOZA7,484000.0,,НУРЛАН Д. 900403351330,900403351330,Референс 3024040179 PHONE_NUMBER 7023304393 Прочие безвозмездные переводы денег RRN=24117D572253,,,2024-01-17,False,False,False,0.0,False
05.01.2024,ONBYWQLNT,1500000.0,,НУРЛАН Д. 900403351330,900403351330,Референс 3014466354 PHONE_NUMBER 7023304393 Прочие безвозмездные переводы денег RRN=24105D410150,,,2024-01-05,False,False,False,0.0,False
05.01.2024,34081201,,697200.0,НАРОДНЫЙ БАНК РЕСПУБЛИКИ КАЗАХСТАН 940140000385,940140000385,Референс 3014104475 Расчеты по карточкам за 04/01/24 Без НДС согласно договора 601207-03/10/23,,,2024-01-05,False,False,False,697200.0,True
04.01.2024,6,,640000.0,"""Областная детская стоматологическая поликлиника"" 171040013057",171040013057,Референс 3013684073 За товары. За изготовление мебели согласно Счета на оплату № 201 от 26.12.2023гСумма 640 000-00 тенге без налога.,,,2024-01-04,False,False,False,640000.0,True
30.12.2023,33988892,,19900.0,НАРОДНЫЙ БАНК РЕСПУБЛИКИ КАЗАХСТАН 940140000385,940140000385,Референс 3009100355 Расчеты по карточкам за 29/12/23 Без НДС согласно договора 601207-03/10/23,,,2023-12-30,False,False,False,19900.0,True
29.12.2023,002941745562,1500.0,,Западно-Казахстанский Областной Филиал Народного Банка Казахстана 941241000149,941241000149,Референс 3008189402 CMSTAKE Комиссия за ведение счета KZ826017181000003792 за 12 месяц,,,2023-12-29,False,False,False,0.0,False
27.12.2023,2043,,600000.0,Областная детская стоматологическая поликлиника 171040013057,171040013057,"Референс 3005945144 За изготовление мебели согласно Счета на оплату № 201 от 26.12.2023гСумма 600 000-00 тенге без налога Платежи за товары, за исключением недвижимости и товаров с кодами назначения платежей 711, 712 и 713,",,,2023-12-27,False,False,False,600000.0,True
21.12.2023,33723639,,9950.0,НАРОДНЫЙ БАНК РЕСПУБЛИКИ КАЗАХСТАН 940140000385,940140000385,Референс 3000231271 Расчеты по карточкам за 20/12/23 Без НДС согласно договора 601207-03/10/23,,,2023-12-21,False,False,False,9950.0,True
20.12.2023,2099,,18000.0,Munai Gas Engineering 160140006142,160140006142,"Референс 2999816219 Cчет на оплату №200 от 20.12.2023г, материнская плата Сумма 18 000- 00 тенге без НДС Платежи за товары, за исключением недвижимости и товаров с кодами назначения платежей 711, 712 и 713,",,,2023-12-20,False,False,False,18000.0,True
10.12.2023,ONB8DJC66,123000.0,,НУРЛАН Д. 900403351330,900403351330,Референс 2991187353 PHONE_NUMBER 7023304393 Прочие безвозмездные переводы денег RRN=23C10D25851,,,2023-12-10,False,False,False,0.0,False
10.12.2023,33448738,,123500.0,НАРОДНЫЙ БАНК РЕСПУБЛИКИ КАЗАХСТАН 940140000385,940140000385,Референс 2991083691 Расчеты по карточкам за 09/12/23 Без НДС согласно договора 601207-03/10/23,,,2023-12-10,False,False,False,123500.0,True
06.12.2023,ONB4VMFFY,487000.0,,НУРЛАН Д. 900403351330,900403351330,Референс 2987880993 PHONE_NUMBER 7023304393 Прочие безвозмездные переводы денег RRN=23C06D967529 2,,,2023-12-06,False,False,False,0.0,False
06.12.2023,132660330,,37500.0,Управление природных ресурсов и регулирования природопол 050140003610,050140003610,"Референс 2987816229 СФ# 2542001/23-814 за 05.12.2023 ЗП# Ст.-Окончательный.Субсидии согласно заявке AQC-05-2023-039 и приказу МЭГПР от 24.05.2022г. №180 «Об утв. Правил суб-я повыш-я продукт-и и качества продукц.аквакультуры(рыб-ва), а также разв-я племенного рыб-ва»",,,2023-12-06,False,False,False,37500.0,True
06.12.2023,132646665,,167055.0,Управление природных ресурсов и регулирования природопол 050140003610,050140003610,"Референс 2987546963 СФ# 2542001/23-813 за 05.12.2023 ЗП# Ст.-Окончательный.Субсидии согласно заявке AQC-05-2023-040 и приказу МЭГПР от 24.05.2022г. №180 «Об утв. Правил суб-я повыш-я продукт-и и качества продукц.аквакультуры(рыб-ва), а также разв-я племенного рыб-ва»",,,2023-12-06,False,False,False,167055.0,True
06.12.2023,132644779,,80357.0,Управление природных ресурсов и регулирования природопол 050140003610,050140003610,"Референс 2987534221 СФ# 2542001/23-815 за 05.12.2023 ЗП# Ст.-Окончательный.Субсидии согласно заявке AQC-05-2023-038 и приказу МЭГПР от 24.05.2022г. №180 «Об утв. Правил суб-я повыш-я продукт-и и качества продукц.аквакультуры(рыб-ва), а также разв-я племенного рыб-ва»",,,2023-12-06,False,False,False,80357.0,True
05.12.2023,002918002807,300.0,,Западно-Казахстанский Областной Филиал Народного Банка Казахстана 941241000149,941241000149,"Референс 2986823145 За операцию. Информационные справки, предоставляемые по запросу клиента (за каждый экземпляр) в системе ONLINEBANK с учетом НДС Комиссия за справки.",,,2023-12-05,False,False,False,0.0,False
30.11.2023,002913136742,1500.0,,Западно-Казахстанский Областной Филиал Народного Банка Казахстана 941241000149,941241000149,Референс 2982347785 CMSTAKE Комиссия за ведение счета KZ826017181000003792 за 11 месяц,,,2023-11-30,False,False,False,0.0,False
23.11.2023,11,1300000.0,,Республиканская палата частных судебных исполнителей Республики Казахстан 111140011112,900403351330,"Референс 2976471446 Гарантийный взнос оператору ЕЭТП для участия в электронном аукционе на сайте etp.adilet.gov.kz. Лицевой счет №1009727, ИИН/БИН 900403351330. Без НДС. Гарантийный взнос,",,,2023-11-23,False,False,False,0.0,False
15.11.2023,ONB4XPR23,1500000.0,,НУРЛАН Д. 900403351330,900403351330,Референс 2969987646 PHONE_NUMBER 7023304393 Прочие безвозмездные переводы денег RRN=23B15D666088,,,2023-11-15,False,False,False,0.0,False
14.11.2023,5484,,2950000.0,"""ЗАПАДНО- КАЗАХСТАНСКАЯ РЕГИОНАЛЬНАЯ ЭЛЕКТРОСЕТЕВАЯ КОМПА 201040032254",201040032254,Референс 2969100592 Услуги. За услуги согл.дог.№30А от 05.09.2023г. Сумма 2 950 000-00 тенге без НДС,,,2023-11-14,False,False,False,2950000.0,True
12.11.2023,002896372258,749.5,,Западно-Казахстанский Областной Филиал Народного Банка Казахстана 941241000149,941241000149,Референс 2967082471 Оплата К2 CMSTAKE Комиссия за ведение счета KZ826017181000003792 за 10 месяц,,,2023-11-12,False,False,False,0.0,False
12.11.2023,32771670,,54725.0,НАРОДНЫЙ БАНК РЕСПУБЛИКИ КАЗАХСТАН 940140000385,940140000385,Референс 2967064605 Расчеты по карточкам за 11/11/23 Без НДС согласно договора 601207-03/10/23,,,2023-11-12,False,False,False,54725.0,True
31.10.2023,002884762836,750.5,,Западно-Казахстанский Областной Филиал Народного Банка Казахстана 941241000149,941241000149,Референс 2956450853 CMSTAKE Комиссия за ведение счета KZ826017181000003792 за 10 месяц,,,2023-10-31,False,False,False,0.0,False
29.10.2023,ONBFGIB8S,32000.0,,НУРЛАН Д. 900403351330,900403351330,Референс 2954801164 PHONE_NUMBER 7023304393 Прочие безвозмездные переводы денег RRN=23A29D422375,,,2023-10-29,False,False,False,0.0,False
28.10.2023,32416360,,31840.0,НАРОДНЫЙ БАНК РЕСПУБЛИКИ КАЗАХСТАН 940140000385,940140000385,Референс 2954376129 Расчеты по карточкам за 27/10/23 Без НДС согласно договора 601207-03/10/23,,,2023-10-28,False,False,False,31840.0,True
27.10.2023,ONB77GNX8,382000.0,,НУРЛАН Д. 900403351330,900403351330,Референс 2954105780 PHONE_NUMBER 7023304393 Прочие безвозмездные переводы денег RRN=23A27D405786,,,2023-10-27,False,False,False,0.0,False
27.10.2023,4346,,382000.0,РК 111140011112,111140011112,"Референс 2954091998 Запрос на возврат средств №107741029 Возврат гарантийного взноса, 3",,,2023-10-27,False,True,True,382000.0,False
24.10.2023,ONBJI25GT,417000.0,,НУРЛАН Д. 900403351330,900403351330,Референс 2951087454 PHONE_NUMBER 7023304393 Прочие безвозмездные переводы денег RRN=23A24D359619,,,2023-10-24,False,False,False,0.0,False
24.10.2023,4311,,400000.0,РК 111140011112,111140011112,"Референс 2950984321 Запрос на возврат средств №107727844 Возврат гарантийного взноса,",,,2023-10-24,False,True,True,400000.0,False
04.10.2023,31861965,,17910.0,НАРОДНЫЙ БАНК РЕСПУБЛИКИ КАЗАХСТАН 940140000385,940140000385,Референс 2934661517 Расчеты по карточкам за 03/10/23 Без НДС согласно договора 601207-03/10/23,,,2023-10-04,False,False,False,17910.0,True
03.10.2023,ONBIFGVGH,43341.0,,НУРЛАН Д. 900403351330,900403351330,Референс 2933959548 PHONE_NUMBER 7023304393 Прочие безвозмездные переводы денег RRN=23A03D73422,,,2023-10-03,False,False,False,0.0,False
02.10.2023,12285712,,3588.0,Информационно- учетный центр 050540004455,050540004455,"Референс 2932460005 Возвр. части гар. взноса победителя торгов №292186 ДЖАМАНБАЛИЕВ Н.С.; 900403351330 Возврат гарантийного взноса,",,,2023-10-02,False,True,True,3588.0,False
02.10.2023,12285694,,30367.0,Информационно- учетный центр 050540004455,050540004455,"Референс 2932460004 Возвр. части гар. взноса победителя торгов №292189 ДЖАМАНБАЛИЕВ Н.С.; 900403351330 Возврат гарантийного взноса,",,,2023-10-02,False,True,True,30367.0,False
02.10.2023,12285715,,403.0,Информационно- учетный центр 050540004455,050540004455,"Референс 2932460001 Возвр. части гар. взноса победителя торгов №292216 ДЖАМАНБАЛИЕВ Н.С.; 900403351330 Возврат гарантийного взноса,",,,2023-10-02,False,True,True,403.0,False
02.10.2023,12285713,,4514.0,Информационно- учетный центр 050540004455,050540004455,"Референс 2932460000 Возвр. части гар. взноса победителя торгов №292191 ДЖАМАНБАЛИЕВ Н.С.; 900403351330 Возврат гарантийного взноса,",,,2023-10-02,False,True,True,4514.0,False
02.10.2023,12285708,,2428.0,Информационно- учетный центр 050540004455,050540004455,"Референс 2932460002 Возвр. части гар. взноса победителя торгов №292204 ДЖАМАНБАЛИЕВ Н.С.; 900403351330 Возврат гарантийного взноса,",,,2023-10-02,False,True,True,2428.0,False
02.10.2023,12285691,,1367.0,Информационно- учетный центр 050540004455,050540004455,"Референс 2932459741 Возвр. части гар. взноса победителя торгов №292197 ДЖАМАНБАЛИЕВ Н.С.; 900403351330 Возврат гарантийного взноса,",,,2023-10-02,False,True,True,1367.0,False
30.09.2023,ONBSLJDYJ,273000.0,,НУРЛАН Д. 900403351330,900403351330,Референс 2931712367 PHONE_NUMBER 7023304393 Прочие безвозмездные переводы денег RRN=23930D36924,,,2023-09-30,False,False,False,0.0,False
29.09.2023,002856884047,1500.0,,Западно-Казахстанский Областной Филиал Народного Банка Казахстана 941241000149,941241000149,Референс 2930807041 CMSTAKE Комиссия за ведение счета KZ826017181000003792 за 09 месяц,,,2023-09-29,False,False,False,0.0,False
28.09.2023,3927,,250000.0,РК 111140011112,111140011112,"Референс 2930041313 Запрос на возврат средств №107614045 Возврат гарантийного взноса,",,,2023-09-28,False,True,True,250000.0,False
31.08.2023,002830665677,1500.0,,Западно-Казахстанский Областной Филиал Народного Банка Казахстана 941241000149,941241000149,Референс 2906856749 CMSTAKE Комиссия за ведение счета KZ826017181000003792 за 08 месяц,,,2023-08-31,False,False,False,0.0,False
21.08.2023,ONBDWXGYS,500000.0,,ДЖАМАНБАЛИЕВ НУРЛАН САБЫРОВИЧ 900403351330,900403351330,Референс 2899152983 перевод собственных средств Прочие,,,2023-08-21,False,False,False,0.0,False
17.08.2023,564,,100000.0,"""К2 ВОСТОК"" 150740028004",150740028004,Референс 2896429771 За товары. Счет на оплату №199 16 август 202Зг.,,,2023-08-17,False,False,False,100000.0,True
15.08.2023,1271,,15500.0,Munai Gas Engineering 160140006142,160140006142,"Референс 2894940059 Cчет на оплату №198 от 15.08.2023г, приобретение товара Сумма 15 500-00 тенге без НДС Платежи за товары, за исключением недвижимости и товаров с кодами назначения платежей 711, 712 и 713,",,,2023-08-15,False,False,False,15500.0,True
15.08.2023,1272,,20000.0,Munai Gas Engineering 160140006142,160140006142,"Референс 2894939924 Cчет на оплату №197 от 15.08.2023г, услуга Сумма 20 000-00 тенге без НДС Платежи за профессиональные, научные и технические услуги, 4",,,2023-08-15,False,False,False,20000.0,True
03.08.2023,2968,,378350.0,РК 111140011112,111140011112,"Референс 2885511054 Возврат гарантийного взноса оператором ЕЭТП согласно п. 24 Правил реализации арестованного имущества, в том числе на торгах в форме аукциона. Сумма 378 350-00 тенге без НДС Возврат гарантийного взноса,",,,2023-08-03,False,True,True,378350.0,False
31.07.2023,002803730682,1500.0,,Западно-Казахстанский Областной Филиал Народного Банка Казахстана 941241000149,941241000149,Референс 2882510858 CMSTAKE Комиссия за ведение счета KZ826017181000003792 за 07 месяц,,,2023-07-31,False,False,False,0.0,False
30.06.2023,002778440102,1500.0,,Западно-Казахстанский Областной Филиал Народного Банка Казахстана 941241000149,941241000149,Референс 2859281275 CMSTAKE Комиссия за ведение счета KZ826017181000003792 за 06 месяц,,,2023-06-30,False,False,False,0.0,False
