﻿Дата,Номер документа,Дебет,Кредит,Контрагент (имя),Контрагент ИИН/БИН,Детали платежа,КНП
26.06.2024,ONBB1F724,399800.0,,ТОЛКЫН Ж. 831111401112,831111401112,Референс 3167712558 PHONE_NUMBER 7014759924 Прочие безвозмездные переводы денег RRN=24626D149137,
25.06.2024,ONB8FFCA9,1275.0,,"""Государственная корпорация ""Правительство для граждан"" 160440007161",160440007161,Референс 3166954979 Обязательные пенсионные взносы работодателя Обязательные пенсионные взносы работодателя,
25.06.2024,ONBA71A02,2975.0,,"""Государственная корпорация ""Правительство для граждан"" 160440007161",160440007161,Референс 3166954955 Cоциальные отчисления Cоциальные отчисления,
25.06.2024,ONBDC2E91,5950.0,,"""Государственная корпорация ""Правительство для граждан"" 160440007161",160440007161,Референс 3166954954 Взносы на обязательное социальное медицинское страхование Взносы на обязательное социальное медицинское страхование,
25.06.2024,ONB008061,8500.0,,"""Государственная корпорация ""Правительство для граждан"" 160440007161",160440007161,Референс 3166949973 Обязательные пенсионные взносы Обязательные пенсионные взносы,
25.06.2024,ONBE5E59C,100000.0,,ТОЛКЫН Ж. 831111401112,831111401112,Референс 3166426261 PHONE_NUMBER 7014759924 Прочие безвозмездные переводы денег RRN=24625D125550,
10.06.2024,ONBE2D099,,250000.0,Воронин И.С. 880928300314,880928300314,"Референс 3152645033 оплата по авр Платежи за профессиональные, научные и технические услуги,",
10.06.2024,003096358913,1500.0,,Алматинский городской Народного Банка Казахстана 960941000145,861003370451,Референс 3152492309 Оплата К2 CMSTAKE Комиссия за ведение счета KZ38601A861003370451 за 05 месяц,
10.06.2024,ONBJZWP4E,,270000.0,Best Advice 141040015167,141040015167,"Референс 3152489751 Услуги по подготовке документов и услуги офисные специализированные вспомогательные прочие Платежи за профессиональные, научные и технические услуги,",
24.05.2024,ONB094252,300000.0,,ЖАСЕКЕНОВА Т.С.COM 831111401112,831111401112,"Референс 3137238677 Onlinebank Переводы клиентом денег с одного своего текущего счета, открытого в банке, ф-ле банка-нерез-та РК на другой свой текущий счет, открытый в данном банке, в ф-ле данного банка-нерез-та РК RRN=24524D589042 1",
14.05.2024,170,,150000.0,Товарищество с ограниченной ответственностью KazGlobal Compa 230640041392,230640041392,"Референс 3126991243 Услуги по подготовке документов, распечатка и архивированиеПлатежи за профессиональные, научные и технические услуги",
10.05.2024,ONB38EF97,100000.0,,ЖАСЕКЕНОВА Т.С.COM 831111401112,831111401112,"Референс 3124080749 Onlinebank Переводы клиентом денег с одного своего текущего счета, открытого в банке, ф-ле банка-нерез-та РК на другой свой текущий счет, открытый в данном банке, в ф-ле данного банка-нерез-та РК RRN=24510D356162",
06.05.2024,ONB47CCA5,,250000.0,Воронин И.С. 880928300314,880928300314,"Референс 3121071389 оплата по счету номер 2 Платежи за профессиональные, научные и технические услуги,",
01.05.2024,ONB20B029,198550.0,,ЖАСЕКЕНОВА Т.С.COM 831111401112,831111401112,"Референс 3116036896 Onlinebank Переводы клиентом денег с одного своего текущего счета, открытого в банке, ф-ле банка-нерез-та РК на другой свой текущий счет, открытый в данном банке, в ф-ле данного банка-нерез-та РК RRN=24501D207736",
30.04.2024,003055443154,1500.0,,Алматинский городской Народного Банка Казахстана 960941000145,861003370451,Референс 3115026797 CMSTAKE Комиссия за ведение счета KZ38601A861003370451 за 04 месяц,
18.04.2024,27,,200000.0,"""Kaspi Reynur"" 201140018763",201140018763,Референс 3104934035 Платежи по лизинг. Оплата по ЭАВР №9 от 06.04.2024г.,
16.04.2024,ONB96C903,450000.0,,ЖАСЕКЕНОВА Т.С.COM 831111401112,831111401112,"Референс 3102744529 Onlinebank Переводы клиентом денег с одного своего текущего счета, открытого в банке, ф-ле банка-нерез-та РК на другой свой текущий счет, открытый в данном банке, в ф-ле данного банка-нерез-та РК RRN=24416D958312",
11.04.2024,18,,250000.0,ФОТОН 881025300744,881025300744,"Референс 3098793018 За профессиональные, научные и технические услуги.",
08.04.2024,ONB5C84C9,50000.0,,Best advice 141040015167,141040015167,"Референс 3095060210 возврат Возврат средств за непредоставленные услуги,",
05.04.2024,5727,,250000.0,Best Advice 141040015167,141040015167,"Референс 3093014680 Услуги по подготовке документов и услуги офисные специализированные вспомогательные прочие Платежи за профессиональные, научные и технические услуги,",
03.04.2024,ONBE77211,430000.0,,ЖАСЕКЕНОВА Т.С.COM 831111401112,831111401112,"Референс 3090483508 Onlinebank Переводы клиентом денег с одного своего текущего счета, открытого в банке, ф-ле банка-нерез-та РК на другой свой текущий счет, открытый в данном банке, в ф-ле данного банка-нерез-та РК RRN=24403D739276",
29.03.2024,003024474951,1500.0,,Алматинский городской Народного Банка Казахстана 960941000145,861003370451,Референс 3086356579 CMSTAKE Комиссия за ведение счета KZ38601A861003370451 за 03 месяц,
26.03.2024,ONB8AA0FA,1275.0,,"""Государственная корпорация ""Правительство для граждан"" 160440007161",160440007161,Референс 3083357895 Обязательные пенсионные взносы работодателя Обязательные пенсионные взносы работодателя,
26.03.2024,ONB163C1A,5950.0,,"""Государственная корпорация ""Правительство для граждан"" 160440007161",160440007161,Референс 3082394528 Взносы на обязательное социальное медицинское страхование Взносы на обязательное социальное медицинское страхование,
26.03.2024,ONB9E79A8,2975.0,,"""Государственная корпорация ""Правительство для граждан"" 160440007161",160440007161,Референс 3082335012 Cоциальные отчисления Cоциальные отчисления,
26.03.2024,ONB479D92,8500.0,,"""Государственная корпорация ""Правительство для граждан"" 160440007161",160440007161,Референс 3082292381 Обязательные пенсионные взносы Обязательные пенсионные взносы 2,
18.03.2024,ONBC43214,100000.0,,ЖАСЕКЕНОВА Т.С.COM 831111401112,831111401112,"Референс 3076795632 Onlinebank Переводы клиентом денег с одного своего текущего счета, открытого в банке, ф-ле банка-нерез-та РК на другой свой текущий счет, открытый в данном банке, в ф-ле данного банка-нерез-та РК RRN=24318D493723",
08.03.2024,ONB3803EF,120000.0,,ЖАСЕКЕНОВА Т.С.COM 831111401112,831111401112,"Референс 3068951712 Onlinebank Переводы клиентом денег с одного своего текущего счета, открытого в банке, ф-ле банка-нерез-та РК на другой свой текущий счет, открытый в данном банке, в ф-ле данного банка-нерез-та РК RRN=24308D350618",
07.03.2024,5712,,250000.0,Best Advice 141040015167,141040015167,"Референс 3068013103 Услуги по подготовке документов и услуги офисные специализированные вспомогательные прочие Платежи за профессиональные, научные и технические услуги,",
06.03.2024,13,,250000.0,ФОТОН 881025300744,881025300744,"Референс 3067154787 За профессиональные, научные и технические услуги.",
06.03.2024,3,,150000.0,"""Kaspi Reynur"" 201140018763",201140018763,Референс 3066587978 Услуги. Оплата по ЭАВР №6 от 06.03.2024г.,
29.02.2024,002997106945,1500.0,,Алматинский городской Народного Банка Казахстана 960941000145,861003370451,Референс 3061120394 CMSTAKE Комиссия за ведение счета KZ38601A861003370451 за 02 месяц,
26.02.2024,ONB8B35A2,8500.0,,"""Государственная корпорация ""Правительство для граждан"" 160440007161",160440007161,Референс 3057409696 Обязательные пенсионные взносы Обязательные пенсионные взносы,
26.02.2024,ONB4FF28E,1275.0,,"""Государственная корпорация ""Правительство для граждан"" 160440007161",160440007161,Референс 3057409177 Обязательные пенсионные взносы работодателя Обязательные пенсионные взносы работодателя,
26.02.2024,ONBA9865F,5950.0,,"""Государственная корпорация ""Правительство для граждан"" 160440007161",160440007161,Референс 3057408560 Взносы на обязательное социальное медицинское страхование Взносы на обязательное социальное медицинское страхование,
26.02.2024,ONB57B8A2,2975.0,,"""Государственная корпорация ""Правительство для граждан"" 160440007161",160440007161,Референс 3057408064 Cоциальные отчисления Cоциальные отчисления,
24.02.2024,ONB4A4BC6,230000.0,,ТОЛКЫН Ж. 831111401112,831111401112,Референс 3056709194 PHONE_NUMBER 7014759924 Прочие безвозмездные переводы денег RRN=24224D136590,
22.02.2024,ONB282CBC,50900.0,,"""Управление государственных доходов Наурызбайскому Департамента государственных доходов г.Алматы Комитета государственных доходов Министерства финансов Республики Казахстан"" 150340016393",150340016393,Референс 3055034636 январь 2024 Социальный налог Начисленные (исчисленные) и иные обязательства в бюджет,
22.02.2024,ONBC3B05B,63150.0,,"""Управление государственных доходов Наурызбайскому Департамента государственных доходов г.Алматы Комитета государственных доходов Министерства финансов Республики Казахстан"" 150340016393",150340016393,"Референс 3055034081 январь 2024 Индивидуальный подоходный налог с доходов, не облагаемых у источника выплаты Начисленные (исчисленные) и иные обязательства в бюджет",
13.02.2024,1088,,250000.0,"""Foton Advertising"" 201040022509",201040022509,"Референс 3046584634 Услуги по подготовке документов Платежи за профессиональные, научные и технические услуги 3",
12.02.2024,ONB6FB90D,264000.0,,ЖАСЕКЕНОВА Т.С.COM 831111401112,831111401112,"Референс 3045876929 Onlinebank Переводы клиентом денег с одного своего текущего счета, открытого в банке, ф-ле банка-нерез-та РК на другой свой текущий счет, открытый в данном банке, в ф-ле данного банка-нерез-та РК RRN=24212D946417",
12.02.2024,ONB69G121,,250000.0,Best Advice 141040015167,141040015167,"Референс 3045487334 Услуги по подготовке документов и услуги офисные специализированные вспомогательные прочие Платежи за профессиональные, научные и технические услуги,",
01.02.2024,002969756428,1500.0,,Алматинский городской Народного Банка Казахстана 960941000145,861003370451,Референс 3036271144 Оплата К2 CMSTAKE Комиссия за ведение счета KZ38601A861003370451 за 01 месяц,
31.01.2024,220,,150000.0,"ТОО""Фабрика ОКОН 230240048078",230240048078,Референс 3035584884 Оплата за аренду автотранспорта за январь 2024 Платежи по лизингу (текущая аренда),
29.01.2024,ONB1DD61F,595100.0,,ЖАСЕКЕНОВА Т.С.COM 831111401112,831111401112,"Референс 3033188521 Onlinebank Переводы клиентом денег с одного своего текущего счета, открытого в банке, ф-ле банка-нерез-та РК на другой свой текущий счет, открытый в данном банке, в ф-ле данного банка-нерез-та РК RRN=24129D730895",
25.01.2024,ONBB4F031,4900.0,,"""Государственная корпорация ""Правительство для граждан"" 160440007161",160440007161,Референс 3030486807 Взносы на обязательное социальное медицинское страхование Взносы на обязательное социальное медицинское страхование,
23.01.2024,ONBF15E29,50000.0,,ЖАСЕКЕНОВА Т.С.COM 831111401112,831111401112,"Референс 3028501492 Onlinebank Переводы клиентом денег с одного своего текущего счета, открытого в банке, ф-ле банка-нерез-та РК на другой свой текущий счет, открытый в данном банке, в ф-ле данного банка-нерез-та РК RRN=24123D650333",
10.01.2024,194,,150000.0,"ТОО""Фабрика ОКОН 230240048078",230240048078,Референс 3018550008 Оплата за аренду автотранспорта за декабрь 2023 Платежи по лизингу (текущая аренда),
05.01.2024,1030,,250000.0,"""Foton Advertising"" 201040022509",201040022509,"Референс 3014578418 Услуги по подготовке документов Платежи за профессиональные, научные и технические услуги",
05.01.2024,5679,,250000.0,Best Advice 141040015167,141040015167,"Референс 3014462573 Услуги по подготовке документов и услуги офисные специализированные вспомогательные прочие Платежи за профессиональные, научные и технические услуги,",
03.01.2024,ONB7D9CDF,333650.0,,ЖАСЕКЕНОВА Т.С.COM 831111401112,831111401112,"Референс 3012183654 Onlinebank Переводы клиентом денег с одного своего текущего счета, открытого в банке, на другой свой текущий счет, открытый в данном банке RRN=24103D374261",
30.12.2023,ONB4A709E,200500.0,,ЖАСЕКЕНОВА Т.С.COM 831111401112,831111401112,"Референс 3009197672 Onlinebank Переводы клиентом денег с одного своего текущего счета, открытого в банке, на другой свой текущий счет, открытый в данном банке RRN=23C30D355557",
29.12.2023,002941772903,1500.0,,Алматинский городской Народного Банка Казахстана 960941000145,861003370451,Референс 3008204741 CMSTAKE Комиссия за ведение счета KZ38601A861003370451 за 12 месяц,
26.12.2023,154,,150000.0,"ТОО""Фабрика ОКОН 230240048078",230240048078,Референс 3004612234 Оплата за аренду автотранспорта за ноябрь 2023 Платежи по лизингу (текущая аренда),
26.12.2023,ONBAFB244,7000.0,,"""Государственная корпорация ""Правительство для граждан"" 160440007161",160440007161,Референс 3004469484 Обязательные пенсионные взносы Обязательные пенсионные взносы 4,
26.12.2023,ONB0C3FC2,2450.0,,"""Государственная корпорация ""Правительство для граждан"" 160440007161",160440007161,Референс 3004469485 Cоциальные отчисления Cоциальные отчисления,
26.12.2023,ONB4FE085,4900.0,,"""Государственная корпорация ""Правительство для граждан"" 160440007161",160440007161,Референс 3004468845 Взносы на обязательное социальное медицинское страхование Взносы на обязательное социальное медицинское страхование,
14.12.2023,ONB7F8A3A,100000.0,,ЖАСЕКЕНОВА Т.С.COM 831111401112,831111401112,"Референс 2994546361 Onlinebank Переводы клиентом денег с одного своего текущего счета, открытого в банке, на другой свой текущий счет, открытый в данном банке RRN=23C14D80860",
11.12.2023,ONBAE4924,250000.0,,Best advice 141040015167,141040015167,"Референс 2991792121 возврат Возврат средств за непредоставленные услуги,",
09.12.2023,ONB3YRNC0,,250000.0,Best Advice 141040015167,141040015167,"Референс 2990758566 Услуги по подготовке документов и услуги офисные специализированные вспомогательные прочие Платежи за профессиональные, научные и технические услуги,",
08.12.2023,ONBJ07CCW,,250000.0,Best Advice 141040015167,141040015167,"Референс 2989839756 Услуги по подготовке документов и услуги офисные специализированные вспомогательные прочие Платежи за профессиональные, научные и технические услуги,",
05.12.2023,983,,250000.0,"""Foton Advertising"" 201040022509",201040022509,"Референс 2986332852 Услуги по подготовке документов Платежи за профессиональные, научные и технические услуги",
04.12.2023,ONBA2D04D,100119.07,,ЖАСЕКЕНОВА Т.С.COM 831111401112,831111401112,"Референс 2985790827 Onlinebank Переводы клиентом денег с одного своего текущего счета, открытого в банке, на другой свой текущий счет, открытый в данном банке RRN=23C04D936511",
02.12.2023,ONBA18777,86000.0,,ЖАСЕКЕНОВА Т.С.COM 831111401112,831111401112,"Референс 2984160892 Onlinebank Переводы клиентом денег с одного своего текущего счета, открытого в банке, на другой свой текущий счет, открытый в данном банке RRN=23C02D906534",
30.11.2023,002913180452,1500.0,,Алматинский городской Народного Банка Казахстана 960941000145,861003370451,Референс 2982372310 CMSTAKE Комиссия за ведение счета KZ38601A861003370451 за 11 месяц,
29.11.2023,ONBED4146,100000.0,,ЖАСЕКЕНОВА Т.С.COM 831111401112,831111401112,"Референс 2981178331 Onlinebank Переводы клиентом денег с одного своего текущего счета, открытого в банке, на другой свой текущий счет, открытый в данном банке RRN=23B29D856843",
28.11.2023,ONB42F24F,2450.0,,"""Государственная корпорация ""Правительство для граждан"" 160440007161",160440007161,Референс 2980112727 Cоциальные отчисления Cоциальные отчисления,
28.11.2023,ONB4E7C5D,4900.0,,"""Государственная корпорация ""Правительство для граждан"" 160440007161",160440007161,Референс 2980108557 Взносы на обязательное социальное медицинское страхование Взносы на обязательное социальное медицинское страхование,
28.11.2023,ONBD6D3B7,7000.0,,"""Государственная корпорация ""Правительство для граждан"" 160440007161",160440007161,Референс 2980089558 Обязательные пенсионные взносы Обязательные пенсионные взносы,
25.11.2023,ONBFEC579,100500.0,,ЖАСЕКЕНОВА Т.С.COM 831111401112,831111401112,"Референс 2978282179 Onlinebank Переводы клиентом денег с одного своего текущего счета, открытого в банке, на другой свой текущий счет, открытый в данном банке RRN=23B25D809016",
20.11.2023,119,,300000.0,"ТОО""Фабрика ОКОН 230240048078",230240048078,Референс 2973652765 Оплата за аренду автотранспорта за октябрь 2023 Платежи по лизингу (текущая аренда) 5,
15.11.2023,ONB03552B,32200.0,,ЖАСЕКЕНОВА Т.С.COM 831111401112,831111401112,"Референс 2970183836 Onlinebank Переводы клиентом денег с одного своего текущего счета, открытого в банке, на другой свой текущий счет, открытый в данном банке RRN=23B15D669429",
12.11.2023,ONBE3E520,368000.0,,ЖАСЕКЕНОВА Т.С.COM 831111401112,831111401112,"Референс 2967135290 Onlinebank Переводы клиентом денег с одного своего текущего счета, открытого в банке, на другой свой текущий счет, открытый в данном банке RRN=23B12D621880",
10.11.2023,940,,250000.0,"""Foton Advertising"" 201040022509",201040022509,"Референс 2965775389 Услуги по подготовке документов Платежи за профессиональные, научные и технические услуги",
03.11.2023,5637,,250000.0,Best Advice 141040015167,141040015167,"Референс 2959815328 Услуги по подготовке документов и услуги офисные специализированные вспомогательные прочие Платежи за профессиональные, научные и технические услуги,",
31.10.2023,002884809801,1500.0,,Алматинский городской Народного Банка Казахстана 960941000145,861003370451,Референс 2956477095 CMSTAKE Комиссия за ведение счета KZ38601A861003370451 за 10 месяц,
30.10.2023,ONB027207,170000.0,,ЖАСЕКЕНОВА Т.С.COM 831111401112,831111401112,"Референс 2955129323 Onlinebank Переводы клиентом денег с одного своего текущего счета, открытого в банке, на другой свой текущий счет, открытый в данном банке RRN=23A30D426307",
26.10.2023,ONB60FA03,30000.0,,ЖАСЕКЕНОВА Т.С.COM 831111401112,831111401112,"Референс 2952889412 Onlinebank Переводы клиентом денег с одного своего текущего счета, открытого в банке, на другой свой текущий счет, открытый в данном банке RRN=23A26D384657",
26.10.2023,ONB54F4D9,4900.0,,"""Государственная корпорация ""Правительство для граждан"" 160440007161",160440007161,Референс 2952356112 Взносы на обязательное социальное медицинское страхование Взносы на обязательное социальное медицинское страхование,
26.10.2023,ONB464CA8,2450.0,,"""Государственная корпорация ""Правительство для граждан"" 160440007161",160440007161,Референс 2952350689 Cоциальные отчисления Cоциальные отчисления,
26.10.2023,ONB272618,7000.0,,"""Государственная корпорация ""Правительство для граждан"" 160440007161",160440007161,Референс 2952350110 Обязательные пенсионные взносы Обязательные пенсионные взносы,
23.10.2023,ONB9497CD,50000.0,,ЖАСЕКЕНОВА Т.С.COM 831111401112,831111401112,"Референс 2950041842 Onlinebank Переводы клиентом денег с одного своего текущего счета, открытого в банке, на другой свой текущий счет, открытый в данном банке RRN=23A23D344593",
20.10.2023,ONB72456C,100000.0,,ЖАСЕКЕНОВА Т.С.COM 831111401112,831111401112,"Референс 2948759608 Onlinebank Переводы клиентом денег с одного своего текущего счета, открытого в банке, на другой свой текущий счет, открытый в данном банке RRN=23A20D319822",
19.10.2023,ONBEBC1FE,50000.0,,ЖАСЕКЕНОВА Т.С.COM 831111401112,831111401112,"Референс 2947215649 Onlinebank Переводы клиентом денег с одного своего текущего счета, открытого в банке, на другой свой текущий счет, открытый в данном банке RRN=23A19D291563",
16.10.2023,ONB039941,100000.0,,ЖАСЕКЕНОВА Т.С.COM 831111401112,831111401112,"Референс 2944519414 Onlinebank Переводы клиентом денег с одного своего текущего счета, открытого в банке, на другой свой текущий счет, открытый в данном банке RRN=23A16D246910",
05.10.2023,ONB1BB37B,145500.0,,ЖАСЕКЕНОВА Т.С.COM 831111401112,831111401112,"Референс 2935770602 Onlinebank Переводы клиентом денег с одного своего текущего счета, открытого в банке, на другой свой текущий счет, открытый в данном банке RRN=23A05D101118 6",
05.10.2023,5611,,250000.0,Best Advice 141040015167,141040015167,"Референс 2935737675 Услуги по подготовке документов и услуги офисные специализированные вспомогательные прочие Платежи за профессиональные, научные и технические услуги,",
05.10.2023,127,,160000.0,"""LAW.COM"" 190640003944",190640003944,"Референс 2935732488 За профессиональные, научные и технические услуги. оплата по договору аренды автомашины с водителем.",
04.10.2023,901,,250000.0,"""Foton Advertising"" 201040022509",201040022509,"Референс 2935233260 Услуги по подготовке документов Платежи за профессиональные, научные и технические услуги",
29.09.2023,002856943071,1500.0,,Алматинский городской Народного Банка Казахстана 960941000145,861003370451,Референс 2930840848 CMSTAKE Комиссия за ведение счета KZ38601A861003370451 за 09 месяц,
25.09.2023,ONB4C359B,4900.0,,"""Государственная корпорация ""Правительство для граждан"" 160440007161",160440007161,Референс 2926591326 Взносы на обязательное социальное медицинское страхование Взносы на обязательное социальное медицинское страхование,
25.09.2023,ONB605347,2450.0,,"""Государственная корпорация ""Правительство для граждан"" 160440007161",160440007161,Референс 2926589956 Cоциальные отчисления Cоциальные отчисления,
25.09.2023,ONB1469D6,7000.0,,"""Государственная корпорация ""Правительство для граждан"" 160440007161",160440007161,Референс 2926588870 Обязательные пенсионные взносы Обязательные пенсионные взносы,
25.09.2023,ONB56089B,,14350.0,ЖАСЕКЕНОВА Т.С.COM 831111401112,831111401112,"Референс 2926569963 Onlinebank, Переводы клиентом денег с одного своего текущего счета, открытого в банке, на другой свой текущий счет, открытый в данном банке",
25.09.2023,ONB646478,195000.0,,ЖАСЕКЕНОВА Т.С.COM 831111401112,831111401112,"Референс 2926566041 Onlinebank Переводы клиентом денег с одного своего текущего счета, открытого в банке, на другой свой текущий счет, открытый в данном банке RRN=23925D956985",
16.09.2023,ONB6587AE,150000.0,,ЖАСЕКЕНОВА Т.С.COM 831111401112,831111401112,"Референс 2920267568 Onlinebank Переводы клиентом денег с одного своего текущего счета, открытого в банке, на другой свой текущий счет, открытый в данном банке RRN=23916D340095",
09.09.2023,ONB1384BE,100000.0,,ЖАСЕКЕНОВА Т.С.COM 831111401112,831111401112,"Референс 2914766119 Onlinebank Переводы клиентом денег с одного своего текущего счета, открытого в банке, на другой свой текущий счет, открытый в данном банке RRN=23909D468743",
05.09.2023,851,,200000.0,"""Foton Advertising"" 201040022509",201040022509,"Референс 2911010367 Услуги по подготовке документов Платежи за профессиональные, научные и технические услуги",
05.09.2023,ONB5B9624,,250000.0,Best Advice 141040015167,141040015167,"Референс 2910742004 Услуги по подготовке документов и услуги офисные специализированные вспомогательные прочие Платежи за профессиональные, научные и технические услуги,",
31.08.2023,002830730055,1500.0,,Алматинский городской Народного Банка Казахстана 960941000145,861003370451,Референс 2906894774 CMSTAKE Комиссия за ведение счета KZ38601A861003370451 за 08 месяц,
21.08.2023,ONB6431A5,49000.0,,ЖАСЕКЕНОВА Т.С.COM 831111401112,831111401112,"Референс 2899213310 Onlinebank Переводы клиентом денег с одного своего текущего счета, открытого в банке, на другой свой текущий счет, открытый в данном банке RRN=23821D877860",
21.08.2023,ONBADA0AF,4900.0,,"""Государственная корпорация ""Правительство для граждан"" 160440007161",160440007161,Референс 2899211634 Взносы на обязательное социальное медицинское страхование Взносы на обязательное социальное медицинское страхование 7,
21.08.2023,ONB6800E0,2450.0,,"""Государственная корпорация ""Правительство для граждан"" 160440007161",160440007161,Референс 2899211191 Cоциальные отчисления Cоциальные отчисления,
21.08.2023,ONB9A85F8,7000.0,,"""Государственная корпорация ""Правительство для граждан"" 160440007161",160440007161,Референс 2899210732 Обязательные пенсионные взносы Обязательные пенсионные взносы,
15.08.2023,ONB962161,21050.0,,по Наурызбайскому 150340016393,150340016393,Референс 2894791524 январь-июнь 2023 Социальный налог Начисленные (исчисленные) и иные обязательства в бюджет,
15.08.2023,ONBD50303,33300.0,,по Наурызбайскому 150340016393,150340016393,"Референс 2894790862 январь-июнь 2023 Индивидуальный подоходный налог с доходов, не облагаемых у источника выплаты Начисленные (исчисленные) и иные обязательства в бюджет",
14.08.2023,ONB24BBFD,5000.0,,ЖАСЕКЕНОВА Т.С.COM 831111401112,831111401112,"Референс 2894301352 Onlinebank Переводы клиентом денег с одного своего текущего счета, открытого в банке, на другой свой текущий счет, открытый в данном банке RRN=23814D431498",
09.08.2023,ONB86A80B,400000.0,,ЖАСЕКЕНОВА Т.С.COM 831111401112,831111401112,"Референс 2890185196 Onlinebank Переводы клиентом денег с одного своего текущего счета, открытого в банке, на другой свой текущий счет, открытый в данном банке RRN=23809D28818",
07.08.2023,5559,,250000.0,Best Advice 141040015167,141040015167,"Референс 2888323033 Услуги по подготовке документов и услуги офисные специализированные вспомогательные прочие Платежи за профессиональные, научные и технические услуги,",
04.08.2023,809,,200000.0,"""Foton Advertising"" 201040022509",201040022509,"Референс 2886886201 Услуги по подготовке документов Платежи за профессиональные, научные и технические услуги",
31.07.2023,002803799403,1500.0,,Алматинский городской Народного Банка Казахстана 960941000145,861003370451,Референс 2882551132 CMSTAKE Комиссия за ведение счета KZ38601A861003370451 за 07 месяц,
19.07.2023,ONB1001B8,15000.0,,ЖАСЕКЕНОВА Т.С.COM 831111401112,831111401112,"Референс 2873848974 Onlinebank Переводы клиентом денег с одного своего текущего счета, открытого в банке, на другой свой текущий счет, открытый в данном банке RRN=23719D703628",
19.07.2023,ONB842D98,4900.0,,"""Государственная корпорация ""Правительство для граждан"" 160440007161",160440007161,Референс 2873847909 Взносы на обязательное социальное медицинское страхование Взносы на обязательное социальное медицинское страхование,
18.07.2023,ONB45B76F,150000.0,,ЖАСЕКЕНОВА Т.С.COM 831111401112,831111401112,"Референс 2873080422 Onlinebank Переводы клиентом денег с одного своего текущего счета, открытого в банке, на другой свой текущий счет, открытый в данном банке RRN=23718D651823",
17.07.2023,ONB4A3B0B,200000.0,,ЖАСЕКЕНОВА Т.С.COM 831111401112,831111401112,"Референс 2871854998 Onlinebank Переводы клиентом денег с одного своего текущего счета, открытого в банке, на другой свой текущий счет, открытый в данном банке RRN=23717D578428",
15.07.2023,ONBB30932,50000.0,,ЖАСЕКЕНОВА Т.С.COM 831111401112,831111401112,"Референс 2871163467 Onlinebank Переводы клиентом денег с одного своего текущего счета, открытого в банке, на другой свой текущий счет, открытый в данном банке RRN=23715D487935",
12.07.2023,ONBFD58D7,55000.0,,ЖАСЕКЕНОВА Т.С.COM 831111401112,831111401112,"Референс 2868321488 Onlinebank Переводы клиентом денег с одного своего текущего счета, открытого в банке, на другой свой текущий счет, открытый в данном банке RRN=23712D258821 8",
05.07.2023,5534,,350000.0,Best Advice 141040015167,141040015167,"Референс 2863929516 Услуги по подготовке документов и услуги офисные специализированные вспомогательные прочие Платежи за профессиональные, научные и технические услуги,",
03.07.2023,758,,200000.0,"""Foton Advertising"" 201040022509",201040022509,"Референс 2861619436 Услуги по подготовке документов Платежи за профессиональные, научные и технические услуги",
30.06.2023,002778515521,1500.0,,Алматинский городской АО «Народный Казахстана» 960941000145,861003370451,Референс 2859326654 CMSTAKE Комиссия за ведение счета KZ38601A861003370451 за 06 месяц,
