﻿Дата,Номер документа,Дебет,Кредит,Контрагент (имя),Контрагент ИИН/БИН,Детали платежа,КНП,ip_knp_norm,ip_op_date,ip_is_non_business_by_knp,ip_is_non_business_by_keywords,ip_is_non_business,ip_credit_amount,ip_is_business_income
01.04.2025,ONBXC4TS3,440000.0,,САЛЫБАЕВ Қ.Б.COM 950228351349,950228351349,"Референс 3443180987 Onlinebank Переводы клиентом денег с одного своего текущего счета, открытого в банке, ф-ле банка-нерез-та РК на другой свой текущий счет, открытый в данном банке, в ф-ле данного банка-нерез-та РК RRN=25401D810184",,,2025-04-01,False,False,False,0.0,False
01.04.2025,109,,450000.0,"""Black and White Production"" 191140003166",191140003166,Референс 3443079673 Услуги. Оплата по счету № 001-005 от 01 апреля 2025 г. Сумма 450 000-00 тенге без НДС.,,,2025-04-01,False,False,False,450000.0,True
31.03.2025,003445096321,1500.0,,Астанинский городской Народного Банка Казахстана 950341000052,950341000052,Референс 3441349487 CMSTAKE Комиссия за ведение счета KZ026018821000928881 за 03 месяц,,,2025-03-31,False,False,False,0.0,False
05.03.2025,ONBHANYM8,400000.0,,САЛЫБАЕВ Қ.Б.COM 950228351349,950228351349,"Референс 3417003856 Onlinebank Переводы клиентом денег с одного своего текущего счета, открытого в банке, ф-ле банка-нерез-та РК на другой свой текущий счет, открытый в данном банке, в ф-ле данного банка-нерез-та РК RRN=25305D222481",,,2025-03-05,False,False,False,0.0,False
05.03.2025,101,,400000.0,"""Black and White Production"" 191140003166",191140003166,Референс 3417003177 Услуги. Оплата согласно счета № 001-004 от 05 марта 2025 г. Сумма 400 000-00 тенге без НДС,,,2025-03-05,False,False,False,400000.0,True
28.02.2025,003402360359,1500.0,,Астанинский городской Народного Банка Казахстана 950341000052,950341000052,Референс 3411298845 CMSTAKE Комиссия за ведение счета KZ026018821000928881 за 02 месяц,,,2025-02-28,False,False,False,0.0,False
14.02.2025,ONBZBNVXC,1069000.0,,САЛЫБАЕВ Қ.Б.COM 950228351349,950228351349,"Референс 3397088975 Onlinebank Переводы клиентом денег с одного своего текущего счета, открытого в банке, ф-ле банка-нерез-та РК на другой свой текущий счет, открытый в данном банке, в ф-ле данного банка-нерез-та РК RRN=25214D801438",,,2025-02-14,False,False,False,0.0,False
13.02.2025,50,,1065000.0,"""Black and White Production"" 191140003166",191140003166,Референс 3396292357 Услуги. Счет на оплату № 001-003 от 13 февраля 2025 г. Сумма 1 065 000 тнг.,,,2025-02-13,False,False,False,1065000.0,True
03.02.2025,003361416269,8505.0,,Астанинский городской Народного Банка Казахстана 950341000052,950341000052,"Референс 3384338622 Комиссия за операцию ""Снятие с текущего счета ЮЛ через АК"" согласно тарифам банка. НДС не облагается.",,,2025-02-03,False,False,False,0.0,False
03.02.2025,003361416087,1890000.0,,Народный Банк Республики Казахстан 940140000385,940140000385,Референс 3384338534 Снятие с текущего счета ЮЛ/ПБОЮЛ через АК. (Снятие наличных денег с текущих или корреспондентских счетов) 1,,,2025-02-03,False,False,False,0.0,False
31.01.2025,14,,1000000.0,"""Black and White Production"" 191140003166",191140003166,Референс 3382723585 Услуги. Оплата по счету № 001-002 от 31 января 2025 г. Сумма 1 000 000-00 тенге без НДС.,,,2025-01-31,False,False,False,1000000.0,True
31.01.2025,003358865280,1500.0,,Астанинский городской Народного Банка Казахстана 950341000052,950341000052,Референс 3382183026 CMSTAKE Комиссия за ведение счета KZ026018821000928881 за 01 месяц,,,2025-01-31,False,False,False,0.0,False
25.01.2025,ONBYXMQ6D,,901180.08,САЛЫБАЕВ Қ.Б.COM 950228351349,950228351349,"Референс 3376547846 Onlinebank, Переводы клиентом денег с одного своего текущего счета, открытого в банке, на другой свой текущий счет, открытый в данном банке",,,2025-01-25,False,False,False,901180.08,True
25.01.2025,ONB4H30DH,900000.0,,САЛЫБАЕВ Қ.Б.COM 950228351349,950228351349,"Референс 3376529835 Onlinebank Переводы клиентом денег с одного своего текущего счета, открытого в банке, ф-ле банка-нерез-та РК на другой свой текущий счет, открытый в данном банке, в ф-ле данного банка-нерез-та РК RRN=25125D376378",,,2025-01-25,False,False,False,0.0,False
22.01.2025,7,,900000.0,"""Black and White Production"" 191140003166",191140003166,Референс 3373698844 Услуги. Оплата по счету № 001-001 от 22 января 2025 г. Сумма 900 000-00 тенге без НДС.,,,2025-01-22,False,False,False,900000.0,True
31.12.2024,003321365345,1500.0,,Астанинский городской Народного Банка Казахстана 950341000052,950341000052,Референс 3351465424 CMSTAKE Комиссия за ведение счета KZ026018821000928881 за 12 месяц,,,2024-12-31,False,False,False,0.0,False
31.12.2024,003321365350,1500.0,,Астанинский городской Народного Банка Казахстана 950341000052,871001765351,Референс 3351465427 CMSTAKE Комиссия за ведение счета KZ16601A871001765351 за 12 месяц,,,2024-12-31,False,False,False,0.0,False
17.12.2024,ONB7DBXAI,4100000.0,,САЛЫБАЕВ Қ.Б.COM 950228351349,950228351349,"Референс 3335939934 Onlinebank Переводы клиентом денег с одного своего текущего счета, открытого в банке, ф-ле банка-нерез-та РК на другой свой текущий счет, открытый в данном банке, в ф-ле данного банка-нерез-та РК RRN=24C17D547937",,,2024-12-17,False,False,False,0.0,False
17.12.2024,003303836840,,4109688.1,ИНДИВИДУАЛЬНЫЙ ПРЕДПРИНИМАТЕЛЬ cg 950228351349,100271338176,"Референс 3335933850 Зачисление проданой валюты KZT, заявка №100271338176 на сумму 4109688.1 по курсу 548.69. Дата валютирования 17.12.24 Продажа иностранной валюты за тенге вне биржи. Цель: прочее.",,,2024-12-17,False,False,False,4109688.1,True
29.11.2024,003283714329,1500.0,,Астанинский городской Народного Банка Казахстана 950341000052,950341000052,Референс 3317750636 CMSTAKE Комиссия за ведение счета KZ026018821000928881 за 11 месяц,,,2024-11-29,False,False,False,0.0,False
29.11.2024,003283714337,1500.0,,Астанинский городской Народного Банка Казахстана 950341000052,871001765351,Референс 3317750641 CMSTAKE Комиссия за ведение счета KZ16601A871001765351 за 11 месяц,,,2024-11-29,False,False,False,0.0,False
15.11.2024,ONBUXYU26,1560000.0,,САЛЫБАЕВ Қ.Б.COM 950228351349,950228351349,"Референс 3304629167 Onlinebank Переводы клиентом денег с одного своего текущего счета, открытого в банке, ф-ле банка-нерез-та РК на другой свой текущий счет, открытый в данном банке, в ф-ле данного банка-нерез-та РК RRN=24B15D858141",,,2024-11-15,False,False,False,0.0,False
15.11.2024,003268732815,84.4,,Астанинский городской Народного Банка Казахстана 950341000052,871001765351,Референс 3304621793 Оплата К2 CMSTAKE Комиссия за ведение счета KZ16601A871001765351 за 10 месяц,,,2024-11-15,False,False,False,0.0,False
15.11.2024,003268724966,,1563172.0,ИНДИВИДУАЛЬНЫЙ ПРЕДПРИНИМАТЕЛЬ cg 950228351349,100266154087,"Референс 3304616821 Зачисление проданой валюты KZT, заявка №100266154087 на сумму 1563172 по курсу 522.8. Дата валютирования 15.11.24 Продажа иностранной валюты за тенге вне биржи. Цель: прочее.",,,2024-11-15,False,False,False,1563172.0,True
31.10.2024,003250760148,1500.0,,Астанинский городской Народного Банка Казахстана 950341000052,950341000052,Референс 3288696772 CMSTAKE Комиссия за ведение счета KZ026018821000928881 за 10 месяц 2,,,2024-10-31,False,False,False,0.0,False
31.10.2024,003250760155,1415.6,,Астанинский городской Народного Банка Казахстана 950341000052,871001765351,Референс 3288696773 CMSTAKE Комиссия за ведение счета KZ16601A871001765351 за 10 месяц,,,2024-10-31,False,False,False,0.0,False
29.10.2024,ONBNFEBLY,550000.0,,САЛЫБАЕВ Қ.Б.COM 950228351349,950228351349,"Референс 3286580764 Onlinebank Переводы клиентом денег с одного своего текущего счета, открытого в банке, ф-ле банка-нерез-та РК на другой свой текущий счет, открытый в данном банке, в ф-ле данного банка-нерез-та РК RRN=24A29D492243",,,2024-10-29,False,False,False,0.0,False
29.10.2024,380,,550000.0,"""Black and White Production"" 191140003166",191140003166,Референс 3286579731 Услуги. Оплата по счету на оплату № 001-005 от 29 октября 2024 г. Сумма 550 000-00 тенге без НДС.,,,2024-10-29,False,False,False,550000.0,True
10.10.2024,ONBRTI71F,2688000.0,,САЛЫБАЕВ Қ.Б.COM 950228351349,950228351349,"Референс 3269674424 Onlinebank Переводы клиентом денег с одного своего текущего счета, открытого в банке, ф-ле банка-нерез-та РК на другой свой текущий счет, открытый в данном банке, в ф-ле данного банка-нерез-та РК RRN=24A10D124769",,,2024-10-10,False,False,False,0.0,False
10.10.2024,003229107897,,2690308.6,ИНДИВИДУАЛЬНЫЙ ПРЕДПРИНИМАТЕЛЬ cg 950228351349,100260957788,"Референс 3269668123 Зачисление проданой валюты KZT, заявка №100260957788 на сумму 2690308.6 по курсу 539.14. Дата валютирования 10.10.24 Продажа иностранной валюты за тенге вне биржи. Цель: прочее.",,,2024-10-10,False,False,False,2690308.6,True
08.10.2024,ONBF0DF4K,2000000.0,,САЛЫБАЕВ Қ.Б.COM 950228351349,950228351349,"Референс 3267138062 Onlinebank Переводы клиентом денег с одного своего текущего счета, открытого в банке, ф-ле банка-нерез-та РК на другой свой текущий счет, открытый в данном банке, в ф-ле данного банка-нерез-та РК RRN=24A08D76830",,,2024-10-08,False,False,False,0.0,False
08.10.2024,361,,2000000.0,"""Black and White Production"" 191140003166",191140003166,Референс 3267134778 Услуги. Оплата по счету № 001-004 от 08 октября 2024 г. Сумма 2 000 000-00 тенге без НДС.,,,2024-10-08,False,False,False,2000000.0,True
30.09.2024,003216152503,1500.0,,Астанинский городской Народного Банка Казахстана 950341000052,950341000052,Референс 3258473094 CMSTAKE Комиссия за ведение счета KZ026018821000928881 за 09 месяц,,,2024-09-30,False,False,False,0.0,False
30.09.2024,003216152512,1500.0,,Астанинский городской Народного Банка Казахстана 950341000052,871001765351,Референс 3258473103 CMSTAKE Комиссия за ведение счета KZ16601A871001765351 за 09 месяц,,,2024-09-30,False,False,False,0.0,False
27.09.2024,ONBHW6YQQ,1590000.0,,САЛЫБАЕВ Қ.Б.COM 950228351349,950228351349,"Референс 3256281342 Onlinebank Переводы клиентом денег с одного своего текущего счета, открытого в банке, ф-ле банка-нерез-та РК на другой свой текущий счет, открытый в данном банке, в ф-ле данного банка-нерез-та РК RRN=24927D854892",,,2024-09-27,False,False,False,0.0,False
27.09.2024,003213841585,,1592264.7,ИНДИВИДУАЛЬНЫЙ ПРЕДПРИНИМАТЕЛЬ cg 950228351349,100258961241,"Референс 3256278516 Зачисление проданой валюты KZT, заявка №100258961241 на сумму 1592264.7 по курсу 532.53. Дата валютирования 27.09.24 Продажа иностранной валюты за тенге вне биржи. Цель: прочее.",,,2024-09-27,False,False,False,1592264.7,True
26.09.2024,ONBGS9R1N,1000000.0,,САЛЫБАЕВ Қ.Б.COM 950228351349,950228351349,"Референс 3255574366 Onlinebank Переводы клиентом денег с одного своего текущего счета, открытого в банке, ф-ле банка-нерез-та РК на другой свой текущий счет, открытый в данном банке, в ф-ле данного банка-нерез-та РК RRN=24926D841391",,,2024-09-26,False,False,False,0.0,False
26.09.2024,309,,1000000.0,"""Black and White Production"" 191140003166",191140003166,Референс 3255571021 Услуги. Оплата по счету № 001-003 от 26 сентября 2024 г. Сумма 1 000 000-00 тенге без НДС.,,,2024-09-26,False,False,False,1000000.0,True
11.09.2024,ONBNDJXYK,300000.0,,САЛЫБАЕВ Қ.Б.COM 950228351349,950228351349,"Референс 3241491086 Onlinebank Переводы клиентом денег с одного своего текущего счета, открытого в банке, ф-ле банка-нерез-та РК на другой свой текущий счет, открытый в данном банке, в ф-ле данного банка-нерез-та РК RRN=24911D551777",,,2024-09-11,False,False,False,0.0,False
11.09.2024,ONBDF5872,,300000.0,"""AIMEDIA88"" 230740014775",230740014775,"Референс 3241487615 графпакет жаксылык жаса Платежи за профессиональные, научные и технические услуги, 3",,,2024-09-11,False,False,False,300000.0,True
29.08.2024,003183177964,1500.0,,Астанинский городской Народного Банка Казахстана 950341000052,950341000052,Референс 3229072020 CMSTAKE Комиссия за ведение счета KZ026018821000928881 за 08 месяц,,,2024-08-29,False,False,False,0.0,False
29.08.2024,003183177968,1500.0,,Астанинский городской Народного Банка Казахстана 950341000052,871001765351,Референс 3229072021 CMSTAKE Комиссия за ведение счета KZ16601A871001765351 за 08 месяц,,,2024-08-29,False,False,False,0.0,False
28.08.2024,ONBXMJ0GD,265000.0,,САЛЫБАЕВ Қ.Б.COM 950228351349,950228351349,"Референс 3228357681 Onlinebank Переводы клиентом денег с одного своего текущего счета, открытого в банке, ф-ле банка-нерез-та РК на другой свой текущий счет, открытый в данном банке, в ф-ле данного банка-нерез-та РК RRN=24828D293474",,,2024-08-28,False,False,False,0.0,False
27.08.2024,ONBYZJQQ1,1200000.0,,САЛЫБАЕВ Қ.Б.COM 950228351349,950228351349,"Референс 3227169123 Onlinebank Переводы клиентом денег с одного своего текущего счета, открытого в банке, ф-ле банка-нерез-та РК на другой свой текущий счет, открытый в данном банке, в ф-ле данного банка-нерез-та РК RRN=24827D269386",,,2024-08-27,False,False,False,0.0,False
27.08.2024,ONBXZPLDC,1200000.0,,САЛЫБАЕВ Қ.Б.COM 950228351349,950228351349,"Референс 3227167187 Onlinebank Переводы клиентом денег с одного своего текущего счета, открытого в банке, ф-ле банка-нерез-та РК на другой свой текущий счет, открытый в данном банке, в ф-ле данного банка-нерез-та РК RRN=24827D269317",,,2024-08-27,False,False,False,0.0,False
27.08.2024,003180886509,,2667753.8,ИНДИВИДУАЛЬНЫЙ ПРЕДПРИНИМАТЕЛЬ cg 950228351349,100254603518,"Референс 3227164683 Зачисление проданой валюты KZT, заявка №100254603518 на сумму 2667753.8 по курсу 534.62. Дата валютирования 27.08.24 Продажа иностранной валюты за тенге вне биржи. Цель: прочее.",,,2024-08-27,False,False,False,2667753.8,True
31.07.2024,003151279381,1500.0,,Астанинский городской Народного Банка Казахстана 950341000052,950341000052,Референс 3201131539 CMSTAKE Комиссия за ведение счета KZ026018821000928881 за 07 месяц,,,2024-07-31,False,False,False,0.0,False
31.07.2024,003151279391,1500.0,,Астанинский городской Народного Банка Казахстана 950341000052,871001765351,Референс 3201131549 CMSTAKE Комиссия за ведение счета KZ16601A871001765351 за 07 месяц,,,2024-07-31,False,False,False,0.0,False
25.07.2024,ONB0GD4UK,900000.0,,САЛЫБАЕВ Қ.Б.COM 950228351349,950228351349,"Референс 3196341755 Onlinebank Переводы клиентом денег с одного своего текущего счета, открытого в банке, ф-ле банка-нерез-та РК на другой свой текущий счет, открытый в данном банке, в ф-ле данного банка-нерез-та РК RRN=24725D668687",,,2024-07-25,False,False,False,0.0,False
25.07.2024,203,,900000.0,"""Black and White Production"" 191140003166",191140003166,Референс 3196118260 Услуги. Оплата договору № 05-08/08 от 01.02.2024 г. Сумма 900 000-00 тенге без НДС.,,,2024-07-25,False,False,False,900000.0,True
04.07.2024,ONBJEFE5D,3115000.0,,САЛЫБАЕВ Қ.Б.COM 950228351349,950228351349,"Референс 3176371983 Onlinebank Переводы клиентом денег с одного своего текущего счета, открытого в банке, ф-ле банка-нерез-та РК на другой свой текущий счет, открытый в данном банке, в ф-ле данного банка-нерез-та РК RRN=24704D300403",,,2024-07-04,False,False,False,0.0,False
04.07.2024,003123276780,,3115704.9,ИНДИВИДУАЛЬНЫЙ ПРЕДПРИНИМАТЕЛЬ cg 950228351349,100247287679,"Референс 3176361244 Зачисление проданой валюты KZT, заявка №100247287679 на сумму 3115704.9 по курсу 511.61. Дата валютирования 04.07.24 Продажа иностранной валюты за тенге вне биржи. Цель: прочее.",,,2024-07-04,False,False,False,3115704.9,True
28.06.2024,003116320421,1500.0,,Астанинский городской Народного Банка Казахстана 950341000052,950341000052,Референс 3170039494 CMSTAKE Комиссия за ведение счета KZ026018821000928881 за 06 месяц,,,2024-06-28,False,False,False,0.0,False
25.06.2024,ONBIFZ4TG,595000.0,,САЛЫБАЕВ Қ.Б.COM 950228351349,950228351349,"Референс 3166062030 Onlinebank Переводы клиентом денег с одного своего текущего счета, открытого в банке, ф-ле банка-нерез-та РК на другой свой текущий счет, открытый в данном банке, в ф-ле данного банка-нерез-та РК RRN=24625D118401 4",,,2024-06-25,False,False,False,0.0,False
24.06.2024,ONB3S9BGN,,600000.0,E-MOTION-Lab 230740026203,230740026203,"Референс 3165269149 Услуги по разработке графики Платежи за профессиональные, научные и технические услуги,",,,2024-06-24,False,False,False,600000.0,True
31.05.2024,003086322785,1500.0,,Астанинский городской Народного Банка Казахстана 950341000052,950341000052,Референс 3142858581 CMSTAKE Комиссия за ведение счета KZ026018821000928881 за 05 месяц,,,2024-05-31,False,False,False,0.0,False
16.05.2024,ONBTJ5L0D,2500000.0,,САЛЫБАЕВ Қ.Б.COM 950228351349,950228351349,"Референс 3129339085 Onlinebank Переводы клиентом денег с одного своего текущего счета, открытого в банке, ф-ле банка-нерез-та РК на другой свой текущий счет, открытый в данном банке, в ф-ле данного банка-нерез-та РК RRN=24516D459621",,,2024-05-16,False,False,False,0.0,False
16.05.2024,99,,2500000.0,"""Black and White Production"" 191140003166",191140003166,Референс 3129309576 Услуги. Оплата по счету №05-08/14 от 19.02.2024 г. Сумма 2 500 000-00 тенге без НДС.,,,2024-05-16,False,False,False,2500000.0,True
30.04.2024,003055610378,1500.0,,Астанинский городской Народного Банка Казахстана 950341000052,871001765351,Референс 3115129005 CMSTAKE Комиссия за ведение счета KZ16601A871001765351 за 04 месяц,,,2024-04-30,False,False,False,0.0,False
30.04.2024,003055610368,1500.0,,Астанинский городской Народного Банка Казахстана 950341000052,950341000052,Референс 3115128998 CMSTAKE Комиссия за ведение счета KZ026018821000928881 за 04 месяц,,,2024-04-30,False,False,False,0.0,False
25.04.2024,ONBYQ9MDF,500000.0,,САЛЫБАЕВ Қ.Б.COM 950228351349,950228351349,"Референс 3111355704 Onlinebank Переводы клиентом денег с одного своего текущего счета, открытого в банке, ф-ле банка-нерез-та РК на другой свой текущий счет, открытый в данном банке, в ф-ле данного банка-нерез-та РК RRN=24425D116077",,,2024-04-25,False,False,False,0.0,False
25.04.2024,77,,500000.0,"""Black and White Production"" 191140003166",191140003166,Референс 3111245241 Услуги. Оплата по договору №05-08/02 от 04.01.2024 г. Сумма 500 000-00 тенге без НДС.,,,2024-04-25,False,False,False,500000.0,True
05.04.2024,ONB6CDUMT,954000.0,,САЛЫБАЕВ Қ.Б.COM 950228351349,950228351349,"Референс 3093193979 Onlinebank Переводы клиентом денег с одного своего текущего счета, открытого в банке, ф-ле банка-нерез-та РК на другой свой текущий счет, открытый в данном банке, в ф-ле данного банка-нерез-та РК RRN=24405D785055",,,2024-04-05,False,False,False,0.0,False
05.04.2024,003031889678,1072.5,,Астанинский городской Народного Банка Казахстана 950341000052,871001765361,Референс 3093187830 Оплата К2 CMSTAKE Комиссия за ведение счета KZ37601A871001765361 за 02 месяц,,,2024-04-05,False,False,False,0.0,False
05.04.2024,003031877139,,959956.1,ИНДИВИДУАЛЬНЫЙ ПРЕДПРИНИМАТЕЛЬ САЛЫБАЕВ ҚАЙЫРЖАН БАҚЫТЖАНҰЛЫ 950228351349,100235725197,"Референс 3093178256 Зачисление проданой валюты KZT, заявка №100235725197 на сумму 959956.1 по курсу 482.39. Дата валютирования 05.04.24 Продажа иностранной валюты за тенге вне биржи. Цель: прочее.",,,2024-04-05,False,False,False,959956.1,True
