{
  "pdf_name": "1 (1).pdf",
  "pdf_path": "data/halyk_bank/halyk_individual/1 (1).pdf",
  "jsonl_path": "data/halyk_individual/converted_jsons/1 (1)_pages.jsonl",
  "flags": [
    "closing_balance_mismatch"
  ],
  "validation_debug": {
    "period_start": "01.06.2023",
    "period_end": "27.06.2024",
    "opening": 200720.92,
    "closing_pdf": 111089.89,
    "closing_calc": 4885410.890000001,
    "total_credit": 2298589.9700000007,
    "total_debit": -2386100.0,
    "header_credit_turnover": null,
    "header_debit_turnover": null,
    "footer_credit": null,
    "footer_debit": null,
    "tolerance": 0.01
  }
}