Дата проведения операции,Дата обработки операции,Описание операции,Сумма операции,Валюта операции,Приход в валюте счета,Расход в валюте счета,Комиссия,№ карточки/счета,КНП
05.06.2023,05.06.2023,"валюте счета валюте счета операции операции Всего: 2 298 589,97 -2 386 100,00 -2 121,00 Поступление на счет",112948.84,KZT,112948.84,0.0,0.0,KZ186010002009755612,
05.06.2023,05.06.2023,"Коммунальное государственное учреждение ""Средняя школа №42"" Поступление на счет",22377.86,KZT,22377.86,0.0,0.0,KZ186010002009755612,
05.06.2023,05.06.2023,"Коммунальное государственное учреждение ""Средняя школа №42"" Поступление на счет",49728.57,KZT,49728.57,0.0,0.0,KZ186010002009755612,
05.06.2023,05.06.2023,"Коммунальное государственное учреждение ""Средняя школа №42"" Поступление на счет",33446.04,KZT,33446.04,0.0,0.0,KZ186010002009755612,
07.06.2023,07.06.2023,"Коммунальное государственное учреждение ""Средняя школа №42"" Поступление на счет",139596.85,KZT,139596.85,0.0,0.0,KZ186010002009755612,
07.06.2023,07.06.2023,"Коммунальное государственное учреждение ""Средняя школа №42"" Поступление на счет",36609.89,KZT,36609.89,0.0,0.0,KZ186010002009755612,
09.06.2023,09.06.2023,"Коммунальное государственное учреждение ""Средняя школа №42"" Снятие денег через банкомат ZAISANSKOE",-45000.0,KZT,0.0,-45000.0,0.0,439087******3612,
15.06.2023,15.06.2023,"Снятие денег через банкомат A-15503 10,KONDURIN",-300000.0,KZT,0.0,-300000.0,0.0,439087******3612,
15.06.2023,15.06.2023,"10,KONDURIN Снятие денег через банкомат A-15503",-250000.0,KZT,0.0,-250000.0,0.0,439087******3612,
20.07.2023,20.07.2023,обслуживание карточки Regular Charge обслуживание карточки Regular Charge Поступление на счет,62773.76,KZT,62773.76,0.0,0.0,KZ186010002009755612,
21.07.2023,21.07.2023,"Коммунальное государственное учреждение ""Средняя школа №42"" Поступление на счет",25212.01,KZT,25212.01,0.0,0.0,KZ186010002009755612,
03.08.2023,04.08.2023,"Коммунальное государственное учреждение ""Средняя школа №42"" Снятие денег через банкомат SAMARSKOE, 5",-87000.0,KZT,0.0,-87000.0,-833.0,439087******3612,
03.08.2023,16.08.2023,"Комиссия за запрос баланса в сети других банков SAMARSKOE, 5",-100.0,KZT,0.0,0.0,-100.0,439087******3612,
15.08.2023,15.08.2023,"Поступление на счет Коммунальное государственное учреждение ""Средняя школа №42""",50000.0,KZT,50000.0,0.0,0.0,KZ186010002009755612,
01.09.2023,01.09.2023,"Коммунальное государственное учреждение ""Средняя школа №42"" обслуживание карточки Regular Charge Поступление на счет",31276.67,KZT,31276.67,0.0,0.0,KZ186010002009755612,
01.09.2023,01.09.2023,"Коммунальное государственное учреждение ""Средняя школа №42"" Поступление на счет",31974.5,KZT,31974.5,0.0,0.0,KZ186010002009755612,
11.09.2023,11.09.2023,"Коммунальное государственное учреждение ""Средняя школа №42"" Снятие денег через банкомат ATM 2324VOST-",-62000.0,KZT,0.0,-62000.0,0.0,440563******6049,
28.09.2023,28.09.2023,Снятие денег через банкомат ATM 15069 METALLURG TD,-50000.0,KZT,0.0,-50000.0,0.0,440563******6049,
02.10.2023,02.10.2023,"Поступление на счет Коммунальное государственное учреждение ""Средняя школа №42""",90000.0,KZT,90000.0,0.0,0.0,KZ186010002009755612,
05.10.2023,05.10.2023,"Коммунальное государственное учреждение ""Средняя школа №42"" Поступление на счет",5466.02,KZT,5466.02,0.0,0.0,KZ186010002009755612,
06.10.2023,06.10.2023,"Коммунальное государственное учреждение ""Средняя школа №42"" Поступление на счет",33446.04,KZT,33446.04,0.0,0.0,KZ186010002009755612,
07.10.2023,07.10.2023,"Коммунальное государственное учреждение ""Средняя школа №42"" Снятие денег через банкомат A-150147,1",-29000.0,KZT,0.0,-29000.0,0.0,440563******6049,
07.11.2023,07.11.2023,"Поступление на счет Коммунальное государственное учреждение ""Средняя школа №42""",84725.6,KZT,84725.6,0.0,0.0,KZ186010002009755612,
08.11.2023,08.11.2023,"Коммунальное государственное учреждение ""Средняя школа №42"" Поступление на счет",33446.04,KZT,33446.04,0.0,0.0,KZ186010002009755612,
11.11.2023,11.11.2023,Снятие денег через банкомат A-150337-2,-19000.0,KZT,0.0,-19000.0,0.0,440563******6049,
14.11.2023,14.11.2023,UTEPOV ST Снятие денег через банкомат MIKEN MARKET,-150000.0,KZT,0.0,-150000.0,0.0,440563******6049,
20.11.2023,20.11.2023,Снятие денег через банкомат ATM 22042 TCBO 1,-50000.0,KZT,0.0,-50000.0,0.0,440563******6049,
01.12.2023,01.12.2023,"Поступление на счет Коммунальное государственное учреждение ""Средняя школа №42""",96592.09,KZT,96592.09,0.0,0.0,KZ186010002009755612,
01.12.2023,01.12.2023,"Коммунальное государственное учреждение ""Средняя школа №42"" Поступление на счет",31967.86,KZT,31967.86,0.0,0.0,KZ186010002009755612,
03.12.2023,03.12.2023,"Коммунальное государственное учреждение ""Средняя школа №42"" Снятие денег через банкомат A-150147,1",-28000.0,KZT,0.0,-28000.0,0.0,440563******6049,
13.12.2023,13.12.2023,"Поступление на счет Коммунальное государственное учреждение ""Средняя школа №42""",33446.04,KZT,33446.04,0.0,0.0,KZ186010002009755612,
13.12.2023,13.12.2023,"Коммунальное государственное учреждение ""Средняя школа №42"" Поступление на счет",98792.49,KZT,98792.49,0.0,0.0,KZ186010002009755612,
15.12.2023,16.12.2023,"Коммунальное государственное учреждение ""Средняя школа №42"" Снятие денег через банкомат ATM09044",-32000.0,KZT,0.0,-32000.0,-338.0,440563******6049,
15.12.2023,15.12.2023,Комиссия за запрос баланса в сети других банков ATM09044 SLAVSKOGO 24/3,-100.0,KZT,0.0,0.0,-100.0,440563******6049,
28.12.2023,28.12.2023,в сети других банков ATM09044 SLAVSKOGO Снятие денег через банкомат MEREKE,-50000.0,KZT,0.0,-50000.0,0.0,440563******6049,
01.02.2024,01.02.2024,"Поступление на счет Коммунальное государственное учреждение ""Средняя школа №42""",90000.0,KZT,90000.0,0.0,0.0,KZ186010002009755612,
06.02.2024,06.02.2024,"Коммунальное государственное учреждение ""Средняя школа №42"" Поступление на счет",12901.09,KZT,12901.09,0.0,0.0,KZ186010002009755612,
06.02.2024,06.02.2024,"Коммунальное государственное учреждение ""Средняя школа №42"" Поступление на счет",52696.38,KZT,52696.38,0.0,0.0,KZ186010002009755612,
21.02.2024,21.02.2024,"Коммунальное государственное учреждение ""Средняя школа №42"" Снятие денег через банкомат A-150147,1",-106000.0,KZT,0.0,-106000.0,0.0,440563******6049,
01.03.2024,01.03.2024,"Поступление на счет Коммунальное государственное учреждение ""Средняя школа №42""",80000.0,KZT,80000.0,0.0,0.0,KZ186010002009755612,
09.03.2024,09.03.2024,"Коммунальное государственное учреждение ""Средняя школа №42"" Снятие денег через банкомат ATM 15076TD",-80000.0,KZT,0.0,-80000.0,0.0,440563******6049,
09.03.2024,09.03.2024,Операция оплаты у коммерсанта IP KOVALEVA,-100.0,KZT,0.0,-100.0,0.0,440563******6049,
11.03.2024,11.03.2024,Поступление на счет,52696.38,KZT,52696.38,0.0,0.0,KZ186010002009755612,
11.03.2024,11.03.2024,"Коммунальное государственное учреждение ""Средняя школа №42"" Поступление на счет",23454.74,KZT,23454.74,0.0,0.0,KZ186010002009755612,
20.03.2024,20.03.2024,"Коммунальное государственное учреждение ""Средняя школа №42"" Снятие денег через банкомат MEREKE",-26000.0,KZT,0.0,-26000.0,0.0,440563******6049,
24.03.2024,24.03.2024,Снятие денег через банкомат ZAISANSKOE RU 150799,-250000.0,KZT,0.0,-250000.0,0.0,440563******6049,
09.04.2024,09.04.2024,"Поступление на счет Коммунальное государственное учреждение ""Средняя школа №42""",59672.64,KZT,59672.64,0.0,0.0,KZ186010002009755612,
09.04.2024,09.04.2024,"Коммунальное государственное учреждение ""Средняя школа №42"" Поступление на счет",101221.84,KZT,101221.84,0.0,0.0,KZ186010002009755612,
19.04.2024,19.04.2024,"Коммунальное государственное учреждение ""Средняя школа №42"" Снятие денег через банкомат MEREKE",-150000.0,KZT,0.0,-150000.0,0.0,440563******6049,
19.04.2024,19.04.2024,MAGAZIN Снятие денег через банкомат MEREKE,-10000.0,KZT,0.0,-10000.0,0.0,440563******6049,
02.05.2024,02.05.2024,"Поступление на счет Коммунальное государственное учреждение ""Средняя школа №42""",95000.0,KZT,95000.0,0.0,0.0,KZ186010002009755612,
04.05.2024,04.05.2024,"Коммунальное государственное учреждение ""Средняя школа №42"" Поступление на счет",59672.64,KZT,59672.64,0.0,0.0,KZ186010002009755612,
13.05.2024,13.05.2024,"Коммунальное государственное учреждение ""Средняя школа №42"" Снятие денег через банкомат A-15005TCPS 2",-155000.0,KZT,0.0,-155000.0,0.0,440563******6049,
17.05.2024,17.05.2024,"Поступление на счет Коммунальное государственное учреждение ""Средняя школа №42""",2022.14,KZT,2022.14,0.0,0.0,KZ186010002009755612,
03.06.2024,03.06.2024,"Коммунальное государственное учреждение ""Средняя школа №42"" Поступление на счет",59672.64,KZT,59672.64,0.0,0.0,KZ186010002009755612,
03.06.2024,03.06.2024,"Коммунальное государственное учреждение ""Средняя школа №42"" Поступление на счет",96447.95,KZT,96447.95,0.0,0.0,KZ186010002009755612,
04.06.2024,04.06.2024,"Коммунальное государственное учреждение ""Средняя школа №42"" Поступление на счет",85943.71,KZT,85943.71,0.0,0.0,KZ186010002009755612,
19.06.2024,19.06.2024,"Коммунальное государственное учреждение ""Средняя школа №42"" Поступление на счет",67311.33,KZT,67311.33,0.0,0.0,KZ186010002009755612,
20.06.2024,20.06.2024,"Коммунальное государственное учреждение ""Средняя школа №42"" Поступление на счет",145456.75,KZT,145456.75,0.0,0.0,KZ186010002009755612,
20.06.2024,20.06.2024,Снятие денег через банкомат A-15005TCPS 2,-457000.0,KZT,0.0,-457000.0,0.0,440563******6049,
26.06.2024,26.06.2024,"Поступление на счет Коммунальное государственное учреждение ""Средняя школа №42""",66851.37,KZT,66851.37,0.0,0.0,KZ186010002009755612,
26.06.2024,26.06.2024,"Коммунальное государственное учреждение ""Средняя школа №42"" Поступление на счет",43741.2,KZT,43741.2,0.0,0.0,KZ186010002009755612,
