page_index,footer_found,stamp_place,stamp_text,statement_line,iban,page_no,validity_line,validity_text,raw_footer_lines
0,Выписка по счету: KZ186010002009755612,False,,Выписка по счету: KZ186010002009755612,KZ186010002009755612,1,False,,"['школа №42""', '07.06.2023 07.06.2023 Поступление на счет 139 596,85 KZT 139 596,85 0,00 0,00 KZ186010002009755612', 'Коммунальное', 'государственное', 'учреждение ""Средняя', 'школа №42""', '07.06.2023 07.06.2023 Поступление на счет 36 609,89 KZT 36 609,89 0,00 0,00 KZ186010002009755612', 'Коммунальное', 'государственное', 'учреждение ""Средняя', 'школа №42""', '09.06.2023 09.06.2023 Снятие денег через -45 000,00 KZT 0,00 -45 000,00 0,00 439087******3612', 'банкомат ZAISANSKOE', 'RU 150799', '15.06.2023 15.06.2023 Снятие денег через -300 000,00 KZT 0,00 -300 000,00 0,00 439087******3612', 'банкомат A-15503', '10,KONDURIN', '15.06.2023 15.06.2023 Снятие денег через -250 000,00 KZT 0,00 -250 000,00 0,00 439087******3612', 'банкомат A-15503', '10,KONDURIN', 'Выписка по счету: KZ186010002009755612 1']"
1,Выписка по счету: KZ186010002009755612,False,,Выписка по счету: KZ186010002009755612,KZ186010002009755612,2,False,,"['государственное', 'учреждение ""Средняя', 'школа №42""', '06.10.2023 06.10.2023 Поступление на счет 33 446,04 KZT 33 446,04 0,00 0,00 KZ186010002009755612', 'Коммунальное', 'государственное', 'учреждение ""Средняя', 'школа №42""', '07.10.2023 07.10.2023 Снятие денег через -29 000,00 KZT 0,00 -29 000,00 0,00 440563******6049', 'банкомат A-150147,1', 'UTEPOVA', '07.11.2023 07.11.2023 Поступление на счет 84 725,60 KZT 84 725,60 0,00 0,00 KZ186010002009755612', 'Коммунальное', 'государственное', 'учреждение ""Средняя', 'школа №42""', '08.11.2023 08.11.2023 Поступление на счет 33 446,04 KZT 33 446,04 0,00 0,00 KZ186010002009755612', 'Коммунальное', 'государственное', 'учреждение ""Средняя', 'школа №42""', 'Выписка по счету: KZ186010002009755612 2']"
2,Выписка по счету: KZ186010002009755612,False,,Выписка по счету: KZ186010002009755612,KZ186010002009755612,3,False,,"['Коммунальное', 'государственное', 'учреждение ""Средняя', 'школа №42""', '21.02.2024 21.02.2024 Снятие денег через -106 000,00 KZT 0,00 -106 000,00 0,00 440563******6049', 'банкомат A-150147,1', 'UTEPOVA', '01.03.2024 01.03.2024 Поступление на счет 80 000,00 KZT 80 000,00 0,00 0,00 KZ186010002009755612', 'Коммунальное', 'государственное', 'учреждение ""Средняя', 'школа №42""', '09.03.2024 09.03.2024 Снятие денег через -80 000,00 KZT 0,00 -80 000,00 0,00 440563******6049', 'банкомат ATM 15076TD', 'AIGERIM', '09.03.2024 09.03.2024 Операция оплаты у -100,00 KZT 0,00 -100,00 0,00 440563******6049', 'коммерсанта IP', 'KOVALEVA', 'Выписка по счету: KZ186010002009755612 3']"
3,Выписка по счету: KZ186010002009755612,False,,Выписка по счету: KZ186010002009755612,KZ186010002009755612,4,False,,"['школа №42""', '03.06.2024 03.06.2024 Поступление на счет 96 447,95 KZT 96 447,95 0,00 0,00 KZ186010002009755612', 'Коммунальное', 'государственное', 'учреждение ""Средняя', 'школа №42""', '04.06.2024 04.06.2024 Поступление на счет 85 943,71 KZT 85 943,71 0,00 0,00 KZ186010002009755612', 'Коммунальное', 'государственное', 'учреждение ""Средняя', 'школа №42""', '19.06.2024 19.06.2024 Поступление на счет 67 311,33 KZT 67 311,33 0,00 0,00 KZ186010002009755612', 'Коммунальное', 'государственное', 'учреждение ""Средняя', 'школа №42""', '20.06.2024 20.06.2024 Поступление на счет 145 456,75 KZT 145 456,75 0,00 0,00 KZ186010002009755612', 'Коммунальное', 'государственное', 'учреждение ""Средняя', 'школа №42""', 'Выписка по счету: KZ186010002009755612 4']"
4,Выписка по счету: KZ186010002009755612,False,,Выписка по счету: KZ186010002009755612,KZ186010002009755612,5,True,Выписка действительна при наличии печати Банка,"['Выписка по счету: KZ186010002009755612 5', 'Выписка действительна при наличии печати Банка']"
