Дата проведения операции,Дата обработки операции,Описание операции,Сумма операции,Валюта операции,Приход в валюте счета,Расход в валюте счета,Комиссия,№ карточки/счета,КНП
05.10.2024,05.10.2024,"валюте счета валюте счета операции операции Всего: KZT 583 340,00 -580 912,94 0,00 Поступление перевода",5000.0,KZT,5000.0,0.0,0.0,KZ056010002025613115,
05.10.2024,05.10.2024,(KZT) Поступление перевода,500.0,KZT,500.0,0.0,0.0,KZ056010002025613115,
07.10.2024,07.10.2024,(KZT) Перевод на другую карту,-5300.0,KZT,0.0,-5450.0,0.0,552204******7379,
19.10.2024,19.10.2024,Поступление перевода,7500.0,KZT,7500.0,0.0,0.0,KZ056010002025613115,
22.10.2024,22.10.2024,(KZT) Перевод на другую карту,-7350.0,KZT,0.0,-7500.0,0.0,552204******7379,
31.10.2024,31.10.2024,Поступление перевода,2100.0,KZT,2100.0,0.0,0.0,KZ056010002025613115,
01.11.2024,01.11.2024,(KZT) Перевод на другую карту,-2000.0,KZT,0.0,-2000.0,0.0,KZ056010002025613115,
04.11.2024,04.11.2024,(KZT) Поступление перевода,7500.0,KZT,7500.0,0.0,0.0,KZ056010002025613115,
05.11.2024,05.11.2024,(KZT) Перевод на другую карту,-500.0,KZT,0.0,-500.0,0.0,KZ056010002025613115,
07.11.2024,07.11.2024,(KZT) Перевод на другую карту,-7000.0,KZT,0.0,-7000.0,0.0,KZ056010002025613115,
11.11.2024,11.11.2024,(KZT) Перевод на другую карту,-50.0,KZT,0.0,-50.0,0.0,KZ056010002025613115,
28.11.2024,28.11.2024,(KZT) Поступление перевода,15500.0,KZT,15500.0,0.0,0.0,KZ056010002025613115,
28.11.2024,28.11.2024,(KZT) Перевод на другую карту,-15000.0,KZT,0.0,-15150.0,0.0,552204******7379,
29.11.2024,29.11.2024,Поступление перевода,10600.0,KZT,10600.0,0.0,0.0,KZ056010002025613115,
01.12.2024,01.12.2024,(KZT) Перевод на другую карту,-10500.0,KZT,0.0,-10500.0,0.0,KZ056010002025613115,
01.12.2024,01.12.2024,(KZT) Поступление перевода,5000.0,KZT,5000.0,0.0,0.0,KZ056010002025613115,
01.12.2024,01.12.2024,(KZT) Перевод на другую карту,-5000.0,KZT,0.0,-5000.0,0.0,KZ056010002025613115,
05.12.2024,05.12.2024,(KZT) Поступление перевода,5000.0,KZT,5000.0,0.0,0.0,KZ056010002025613115,
05.12.2024,05.12.2024,(KZT) Перевод на другую карту,-5000.0,KZT,0.0,-5000.0,0.0,KZ056010002025613115,
06.12.2024,06.12.2024,Поступление перевода,7500.0,KZT,7500.0,0.0,0.0,KZ056010002025613115,
06.12.2024,06.12.2024,(KZT) Перевод на другую карту,-7850.0,KZT,0.0,-8000.0,0.0,552204******7379,
06.12.2024,06.12.2024,Поступление перевода,7000.0,KZT,7000.0,0.0,0.0,KZ056010002025613115,
06.12.2024,06.12.2024,(KZT) Поступление перевода,7600.0,KZT,7600.0,0.0,0.0,KZ056010002025613115,
06.12.2024,06.12.2024,(KZT) Поступление перевода,8500.0,KZT,8500.0,0.0,0.0,KZ056010002025613115,
06.12.2024,06.12.2024,(KZT) Перевод на другую карту,-23000.0,KZT,0.0,-23000.0,0.0,KZ056010002025613115,
08.12.2024,08.12.2024,(KZT) Поступление перевода,7500.0,KZT,7500.0,0.0,0.0,KZ056010002025613115,
24.12.2024,24.12.2024,(KZT) Поступление перевода,860.0,KZT,860.0,0.0,0.0,KZ056010002025613115,
24.12.2024,24.12.2024,(KZT) Поступление перевода,200.0,KZT,200.0,0.0,0.0,KZ056010002025613115,
27.12.2024,27.12.2024,(KZT) Перевод на другую карту,-8500.0,KZT,0.0,-8500.0,0.0,KZ056010002025613115,
29.12.2024,29.12.2024,(KZT) Поступление перевода,500.0,KZT,500.0,0.0,0.0,KZ056010002025613115,
31.12.2024,31.12.2024,(KZT) Поступление перевода,3800.0,KZT,3800.0,0.0,0.0,KZ056010002025613115,
31.12.2024,31.12.2024,(KZT) Перевод на другую карту,-4500.0,KZT,0.0,-4500.0,0.0,KZ056010002025613115,
05.01.2025,05.01.2025,(KZT) Поступление перевода,10000.0,KZT,10000.0,0.0,0.0,KZ056010002025613115,
10.01.2025,10.01.2025,(KZT) Поступление перевода,1250.0,KZT,1250.0,0.0,0.0,KZ056010002025613115,
10.01.2025,10.01.2025,(KZT) Перевод на другую карту,-6000.0,KZT,0.0,-6000.0,0.0,KZ056010002025613115,
10.01.2025,10.01.2025,(KZT) Перевод на другую карту,-5200.0,KZT,0.0,-5200.0,0.0,KZ056010002025613115,
10.01.2025,10.01.2025,(KZT) Поступление перевода,8500.0,KZT,8500.0,0.0,0.0,KZ056010002025613115,
11.01.2025,11.01.2025,(KZT) Операция оплаты у,-320.0,KZT,0.0,-320.0,0.0,KZ056010002025613115,
11.01.2025,11.01.2025,коммерсанта IP KALININA (KZT) V.I. SHOP Операция оплаты у,-240.0,KZT,0.0,-240.0,0.0,KZ056010002025613115,
11.01.2025,11.01.2025,коммерсанта DUDNIK E.A. (KZT) PC Поступление перевода,8500.0,KZT,8500.0,0.0,0.0,KZ056010002025613115,
12.01.2025,12.01.2025,(KZT) Операция оплаты у,-2570.0,KZT,0.0,-2570.0,0.0,KZ056010002025613115,
12.01.2025,12.01.2025,коммерсанта SINSAY (KZT) (KOSTANAY PLAZA-5 Перевод на другую карту,-10000.0,KZT,0.0,-10000.0,0.0,KZ056010002025613115,
12.01.2025,12.01.2025,(KZT) Перевод на другую карту,-3900.0,KZT,0.0,-3900.0,0.0,KZ056010002025613115,
20.01.2025,20.01.2025,(KZT) Поступление перевода,2000.0,KZT,2000.0,0.0,0.0,KZ056010002025613115,
21.01.2025,21.01.2025,(KZT) Перевод на другую карту,-2000.0,KZT,0.0,-2000.0,0.0,KZ056010002025613115,
23.01.2025,23.01.2025,(KZT) Поступление перевода,7500.0,KZT,7500.0,0.0,0.0,KZ056010002025613115,
23.01.2025,23.01.2025,(KZT) Операция оплаты у,-3161.0,KZT,0.0,-3161.0,0.0,KZ056010002025613115,
24.01.2025,24.01.2025,коммерсанта PORA (KZT) POYEST CAFE Операция оплаты у,-1360.0,KZT,0.0,-1360.0,0.0,KZ056010002025613115,
26.01.2025,26.01.2025,коммерсанта GUM TD (KZT) Перевод на другую карту,-3000.0,KZT,0.0,-3000.0,0.0,KZ056010002025613115,
01.03.2025,01.03.2025,(KZT) Поступление перевода,8500.0,KZT,8500.0,0.0,0.0,KZ056010002025613115,
01.03.2025,01.03.2025,(KZT) Операция оплаты у,-790.0,KZT,0.0,-790.0,0.0,KZ056010002025613115,
02.03.2025,02.03.2025,Перевод на другую карту,-5500.0,KZT,0.0,-5500.0,0.0,KZ056010002025613115,
04.03.2025,04.03.2025,(KZT) Поступление перевода,8500.0,KZT,8500.0,0.0,0.0,KZ056010002025613115,
04.03.2025,04.03.2025,(KZT) Поступление перевода,500.0,KZT,500.0,0.0,0.0,KZ056010002025613115,
05.03.2025,05.03.2025,(KZT) Поступление перевода,1500.0,KZT,1500.0,0.0,0.0,KZ056010002025613115,
06.03.2025,06.03.2025,(KZT) Поступление перевода,8500.0,KZT,8500.0,0.0,0.0,KZ056010002025613115,
06.03.2025,06.03.2025,(KZT) Перевод на другую карту,-1500.0,KZT,0.0,-1500.0,0.0,KZ056010002025613115,
07.03.2025,07.03.2025,(KZT) Поступление перевода,9000.0,KZT,9000.0,0.0,0.0,KZ056010002025613115,
07.03.2025,07.03.2025,(KZT) Перевод на другую карту,-500.0,KZT,0.0,-500.0,0.0,552204******7379,
07.03.2025,07.03.2025,Поступление перевода,8500.0,KZT,8500.0,0.0,0.0,KZ056010002025613115,
11.03.2025,11.03.2025,(KZT) Операция оплаты у,-520.0,KZT,0.0,-520.0,0.0,KZ056010002025613115,
15.03.2025,15.03.2025,коммерсанта BEREKE (KZT) SHOP Перевод на другую карту,-22000.0,KZT,0.0,-22200.0,0.0,552204******7379,
15.03.2025,15.03.2025,Перевод на другую карту,-13500.0,KZT,0.0,-13700.0,0.0,552204******7379,
18.03.2025,18.03.2025,Поступление перевода,1000.0,KZT,1000.0,0.0,0.0,KZ056010002025613115,
18.03.2025,18.03.2025,(KZT) Перевод на другую карту,-1000.0,KZT,0.0,-1000.0,0.0,KZ056010002025613115,
18.03.2025,18.03.2025,(KZT) Поступление перевода,4700.0,KZT,4700.0,0.0,0.0,KZ056010002025613115,
18.03.2025,18.03.2025,(KZT) Перевод на другую карту,-1300.0,KZT,0.0,-1300.0,0.0,KZ056010002025613115,
18.03.2025,18.03.2025,(KZT) Перевод на другую карту,-3500.0,KZT,0.0,-3700.0,0.0,552204******7379,
27.03.2025,27.03.2025,Поступление перевода,2000.0,KZT,2000.0,0.0,0.0,KZ056010002025613115,
29.03.2025,29.03.2025,(KZT) Операция оплаты у,-2007.0,KZT,0.0,-2007.0,0.0,KZ056010002025613115,
31.03.2025,31.03.2025,коммерсанта BEREKE (KZT) SHOP Поступление перевода,13000.0,KZT,13000.0,0.0,0.0,KZ056010002025613115,
02.04.2025,02.04.2025,(KZT) Операция оплаты у,-2200.0,KZT,0.0,-2200.0,0.0,KZ056010002025613115,
02.04.2025,02.04.2025,коммерсанта BEREKE (KZT) SHOP Перевод на другую карту,-500.0,KZT,0.0,-500.0,0.0,KZ056010002025613115,
04.04.2025,04.04.2025,(KZT) Поступление перевода,11000.0,KZT,11000.0,0.0,0.0,KZ056010002025613115,
04.04.2025,04.04.2025,(KZT) Операция оплаты у,-320.0,KZT,0.0,-320.0,0.0,KZ056010002025613115,
04.04.2025,04.04.2025,коммерсанта BEREKE (KZT) SHOP Операция оплаты у,-450.0,KZT,0.0,-450.0,0.0,KZ056010002025613115,
06.04.2025,06.04.2025,коммерсанта BEREKE (KZT) SHOP Операция оплаты у,-2215.0,KZT,0.0,-2215.0,0.0,KZ056010002025613115,
07.04.2025,07.04.2025,коммерсанта BEREKE (KZT) SHOP Операция оплаты у,-3500.0,KZT,0.0,-3500.0,0.0,KZ056010002025613115,
07.04.2025,07.04.2025,коммерсанта TUMAR (KZT) Операция оплаты у,-3990.0,KZT,0.0,-3990.0,0.0,KZ056010002025613115,
08.04.2025,08.04.2025,коммерсанта BEREKE (KZT) SHOP Поступление перевода,9800.0,KZT,9800.0,0.0,0.0,KZ056010002025613115,
08.04.2025,08.04.2025,(KZT) Операция оплаты у,-3546.0,KZT,0.0,-3546.0,0.0,KZ056010002025613115,
08.04.2025,08.04.2025,коммерсанта BEREKE (KZT) SHOP Поступление перевода,1000.0,KZT,1000.0,0.0,0.0,KZ056010002025613115,
09.04.2025,09.04.2025,(KZT) Перевод на другую карту,-17800.0,KZT,0.0,-18000.0,0.0,552204******7379,
28.04.2025,28.04.2025,Поступление перевода,8000.0,KZT,8000.0,0.0,0.0,KZ056010002025613115,
03.05.2025,03.05.2025,(KZT) Операция оплаты у,-5720.0,KZT,0.0,-5720.0,0.0,KZ056010002025613115,
05.05.2025,05.05.2025,коммерсанта TAMASHA (KZT) SHOP Поступление перевода,10000.0,KZT,10000.0,0.0,0.0,KZ056010002025613115,
05.05.2025,05.05.2025,(KZT) Поступление перевода,1000.0,KZT,1000.0,0.0,0.0,KZ056010002025613115,
05.05.2025,05.05.2025,(KZT) Поступление перевода,8500.0,KZT,8500.0,0.0,0.0,KZ056010002025613115,
05.05.2025,05.05.2025,(KZT) Поступление перевода,1000.0,KZT,1000.0,0.0,0.0,KZ056010002025613115,
06.05.2025,06.05.2025,(KZT) Перевод на другую карту,-22500.0,KZT,0.0,-22700.0,0.0,552204******7379,
06.05.2025,06.05.2025,Поступление перевода,1000.0,KZT,1000.0,0.0,0.0,KZ056010002025613115,
07.05.2025,07.05.2025,(KZT) Поступление перевода,8500.0,KZT,8500.0,0.0,0.0,KZ056010002025613115,
08.05.2025,08.05.2025,(KZT) Операция оплаты у,-1589.91,KZT,0.0,-1589.91,0.0,KZ056010002025613115,
10.05.2025,10.05.2025,коммерсанта BEREKE (KZT) SHOP Перевод на другую карту,-7880.0,KZT,0.0,-8080.0,0.0,552204******7379,
12.05.2025,12.05.2025,Поступление перевода,10000.0,KZT,10000.0,0.0,0.0,KZ056010002025613115,
17.05.2025,17.05.2025,(KZT) Операция оплаты у,-2227.0,KZT,0.0,-2227.0,0.0,KZ056010002025613115,
20.05.2025,20.05.2025,коммерсанта PORA (KZT) POYEST CAFE Операция оплаты у,-3020.0,KZT,0.0,-3020.0,0.0,KZ056010002025613115,
20.05.2025,20.05.2025,коммерсанта (KZT) SOLNECHNYY MYASNOY OTDEL Операция оплаты у,-704.0,KZT,0.0,-704.0,0.0,KZ056010002025613115,
21.05.2025,21.05.2025,коммерсанта (KZT) SOLNECHNYI SUPERMARKET Перевод на другую карту,-1000.0,KZT,0.0,-1000.0,0.0,KZ056010002025613115,
21.05.2025,21.05.2025,(KZT) Операция оплаты у,-2122.0,KZT,0.0,-2122.0,0.0,KZ056010002025613115,
21.05.2025,21.05.2025,коммерсанта PORA (KZT) POYEST CAFE Поступление перевода,8000.0,KZT,8000.0,0.0,0.0,KZ056010002025613115,
22.05.2025,22.05.2025,(KZT) Операция оплаты у,-4230.0,KZT,0.0,-4230.0,0.0,KZ056010002025613115,
22.05.2025,22.05.2025,коммерсанта ARMAN (KZT) SHOP Операция оплаты у,-40.0,KZT,0.0,-40.0,0.0,KZ056010002025613115,
23.05.2025,23.05.2025,коммерсанта ARMAN (KZT) SHOP Операция оплаты у,-1494.0,KZT,0.0,-1494.0,0.0,KZ056010002025613115,
24.05.2025,24.05.2025,коммерсанта BEREKE (KZT) SHOP Перевод на другую карту,-2700.0,KZT,0.0,-2900.0,0.0,552204******7379,
26.05.2025,26.05.2025,Поступление перевода,2500.0,KZT,2500.0,0.0,0.0,KZ056010002025613115,
27.05.2025,27.05.2025,(KZT) Операция оплаты у,-2700.0,KZT,0.0,-2700.0,0.0,KZ056010002025613115,
03.06.2025,03.06.2025,коммерсанта ROZA SHOP (KZT) Поступление перевода,12500.0,KZT,12500.0,0.0,0.0,KZ056010002025613115,
03.06.2025,03.06.2025,(KZT) Поступление перевода,50000.0,KZT,50000.0,0.0,0.0,KZ056010002025613115,
04.06.2025,04.06.2025,(KZT) Операция оплаты у,-12388.0,KZT,0.0,-12388.0,0.0,KZ056010002025613115,
04.06.2025,04.06.2025,коммерсанта ARMAN (KZT) SHOP Операция оплаты у,-26660.0,KZT,0.0,-26660.0,0.0,KZ056010002025613115,
04.06.2025,04.06.2025,коммерсанта ARMAN (KZT) SHOP Операция оплаты у,-5180.0,KZT,0.0,-5180.0,0.0,KZ056010002025613115,
04.06.2025,04.06.2025,Поступление перевода,8500.0,KZT,8500.0,0.0,0.0,KZ056010002025613115,
05.06.2025,05.06.2025,(KZT) Операция оплаты у,-5323.0,KZT,0.0,-5323.0,0.0,KZ056010002025613115,
06.06.2025,06.06.2025,коммерсанта (KZT) SOLNECHNYI SUPERMARKET Операция оплаты у,-5513.6,KZT,0.0,-5513.6,0.0,KZ056010002025613115,
07.06.2025,07.06.2025,коммерсанта BEREKE (KZT) SHOP Перевод на другую карту,-15700.0,KZT,0.0,-15900.0,0.0,552204******7379,
07.06.2025,07.06.2025,Поступление перевода,8500.0,KZT,8500.0,0.0,0.0,KZ056010002025613115,
09.06.2025,09.06.2025,(KZT) Перевод на другую карту,-500.0,KZT,0.0,-500.0,0.0,KZ056010002025613115,
09.06.2025,09.06.2025,(KZT) Поступление перевода,30000.0,KZT,30000.0,0.0,0.0,KZ056010002025613115,
09.06.2025,09.06.2025,(KZT) Перевод на другую карту,-30000.0,KZT,0.0,-30000.0,0.0,KZ056010002025613115,
10.06.2025,10.06.2025,(KZT) Перевод на другую карту,-6000.0,KZT,0.0,-6000.0,0.0,KZ056010002025613115,
10.06.2025,10.06.2025,(KZT) Поступление перевода,8500.0,KZT,8500.0,0.0,0.0,KZ056010002025613115,
12.06.2025,12.06.2025,(KZT) Поступление перевода,8500.0,KZT,8500.0,0.0,0.0,KZ056010002025613115,
13.06.2025,13.06.2025,(KZT) Операция оплаты у,-472.43,KZT,0.0,-472.43,0.0,KZ056010002025613115,
13.06.2025,13.06.2025,коммерсанта Оплата услуг (KZT) связи beeline Поступление перевода,8000.0,KZT,8000.0,0.0,0.0,KZ056010002025613115,
14.06.2025,14.06.2025,(KZT) Перевод на другую карту,-26400.0,KZT,0.0,-26600.0,0.0,552204******7379,
28.06.2025,28.06.2025,Поступление перевода,2000.0,KZT,2000.0,0.0,0.0,KZ056010002025613115,
29.06.2025,29.06.2025,(KZT) Поступление перевода,6500.0,KZT,6500.0,0.0,0.0,KZ056010002025613115,
01.07.2025,01.07.2025,(KZT) Перевод на другую карту,-8300.0,KZT,0.0,-8500.0,0.0,552204******7379,
19.07.2025,19.07.2025,Поступление перевода,8500.0,KZT,8500.0,0.0,0.0,KZ056010002025613115,
19.07.2025,19.07.2025,(KZT) Поступление перевода,4500.0,KZT,4500.0,0.0,0.0,KZ056010002025613115,
20.07.2025,20.07.2025,(KZT) Перевод на другую карту,-12800.0,KZT,0.0,-13000.0,0.0,552204******7379,
31.07.2025,31.07.2025,Поступление перевода,3000.0,KZT,3000.0,0.0,0.0,KZ056010002025613115,
31.07.2025,31.07.2025,(KZT) Перевод на другую карту,-3000.0,KZT,0.0,-3000.0,0.0,KZ056010002025613115,
06.08.2025,06.08.2025,(KZT) Поступление перевода,30000.0,KZT,30000.0,0.0,0.0,KZ056010002025613115,
07.08.2025,07.08.2025,(KZT) Поступление перевода,60000.0,KZT,60000.0,0.0,0.0,KZ056010002025613115,
09.08.2025,09.08.2025,(KZT) Операция оплаты у,-110.0,KZT,0.0,-110.0,0.0,KZ056010002025613115,
11.08.2025,11.08.2025,коммерсанта Avtobys. (KZT) Оплата проезда по QR Поступление перевода,30000.0,KZT,30000.0,0.0,0.0,KZ056010002025613115,
13.08.2025,13.08.2025,(KZT) Перевод на другую карту,-119700.0,KZT,0.0,-119900.0,0.0,552204******7379,
15.08.2025,15.08.2025,Поступление перевода,2030.0,KZT,2030.0,0.0,0.0,KZ056010002025613115,
01.09.2025,01.09.2025,(KZT) Поступление перевода,7000.0,KZT,7000.0,0.0,0.0,KZ056010002025613115,
01.09.2025,01.09.2025,(KZT) Перевод на другую карту,-9000.0,KZT,0.0,-9000.0,0.0,KZ056010002025613115,
03.09.2025,03.09.2025,(KZT) Поступление перевода,5000.0,KZT,5000.0,0.0,0.0,KZ056010002025613115,
03.09.2025,03.09.2025,(KZT) Перевод на другую карту,-5000.0,KZT,0.0,-5000.0,0.0,KZ056010002025613115,
12.09.2025,12.09.2025,(KZT) Поступление перевода,3400.0,KZT,3400.0,0.0,0.0,552204******7379,
13.09.2025,13.09.2025,Операция оплаты у,-1000.0,KZT,0.0,-1000.0,0.0,KZ056010002025613115,
13.09.2025,13.09.2025,Операция оплаты у,1000.0,KZT,1000.0,0.0,0.0,KZ056010002025613115,
24.09.2025,24.09.2025,коммерсанта ERNAR PC (KZT) SHOP Операция оплаты/перевода,-1000.0,KZT,0.0,-1000.0,0.0,KZ056010002025613115,
