page_index,footer_found,stamp_place,stamp_text,statement_line,iban,page_no,validity_line,validity_text,raw_footer_lines
0,Выписка по счету: KZ056010002025613115,False,,Выписка по счету: KZ056010002025613115,KZ056010002025613115,,False,,"['(KZT)', '11.11.2024 11.11.2024 Перевод на другую карту -50,00 KZT 0,00 -50,00 0,00 KZ056010002025613115', '(KZT)', '28.11.2024 28.11.2024 Поступление перевода 15 500,00 KZT 15 500,00 0,00 0,00 KZ056010002025613115', '(KZT)', '28.11.2024 28.11.2024 Перевод на другую карту -15 000,00 KZT 0,00 -15 150,00 0,00 552204******7379', '29.11.2024 29.11.2024 Поступление перевода 10 600,00 KZT 10 600,00 0,00 0,00 KZ056010002025613115', '(KZT)', '01.12.2024 01.12.2024 Перевод на другую карту -10 500,00 KZT 0,00 -10 500,00 0,00 KZ056010002025613115', '(KZT)', '01.12.2024 01.12.2024 Поступление перевода 5 000,00 KZT 5 000,00 0,00 0,00 KZ056010002025613115', '(KZT)', '01.12.2024 01.12.2024 Перевод на другую карту -5 000,00 KZT 0,00 -5 000,00 0,00 KZ056010002025613115', '(KZT)', '05.12.2024 05.12.2024 Поступление перевода 5 000,00 KZT 5 000,00 0,00 0,00 KZ056010002025613115', '(KZT)', '05.12.2024 05.12.2024 Перевод на другую карту -5 000,00 KZT 0,00 -5 000,00 0,00 KZ056010002025613115', '(KZT)', 'Выписка по счету: Мультивалютный договор №013-TOP-MC6469667 1']"
1,Выписка по счету: KZ056010002025613115,False,,Выписка по счету: KZ056010002025613115,KZ056010002025613115,,False,,"['(KZT)', '20.01.2025 20.01.2025 Поступление перевода 2 000,00 KZT 2 000,00 0,00 0,00 KZ056010002025613115', '(KZT)', '21.01.2025 21.01.2025 Перевод на другую карту -2 000,00 KZT 0,00 -2 000,00 0,00 KZ056010002025613115', '(KZT)', '23.01.2025 23.01.2025 Поступление перевода 7 500,00 KZT 7 500,00 0,00 0,00 KZ056010002025613115', '(KZT)', '23.01.2025 23.01.2025 Операция оплаты у -3 161,00 KZT 0,00 -3 161,00 0,00 KZ056010002025613115', 'коммерсанта PORA (KZT)', 'POYEST CAFE', '24.01.2025 24.01.2025 Операция оплаты у -1 360,00 KZT 0,00 -1 360,00 0,00 KZ056010002025613115', 'коммерсанта GUM TD (KZT)', '26.01.2025 26.01.2025 Перевод на другую карту -3 000,00 KZT 0,00 -3 000,00 0,00 KZ056010002025613115', '(KZT)', '01.03.2025 01.03.2025 Поступление перевода 8 500,00 KZT 8 500,00 0,00 0,00 KZ056010002025613115', '(KZT)', '01.03.2025 01.03.2025 Операция оплаты у -790,00 KZT 0,00 -790,00 0,00 KZ056010002025613115', 'коммерсанта SULPAK (KZT)', 'SHOP', 'Выписка по счету: Мультивалютный договор №013-TOP-MC6469667 2']"
2,Выписка по счету: KZ056010002025613115,False,,Выписка по счету: KZ056010002025613115,KZ056010002025613115,,False,,"['04.04.2025 04.04.2025 Операция оплаты у -450,00 KZT 0,00 -450,00 0,00 KZ056010002025613115', 'коммерсанта BEREKE (KZT)', 'SHOP', '06.04.2025 06.04.2025 Операция оплаты у -2 215,00 KZT 0,00 -2 215,00 0,00 KZ056010002025613115', 'коммерсанта BEREKE (KZT)', 'SHOP', '07.04.2025 07.04.2025 Операция оплаты у -3 500,00 KZT 0,00 -3 500,00 0,00 KZ056010002025613115', 'коммерсанта TUMAR (KZT)', '07.04.2025 07.04.2025 Операция оплаты у -3 990,00 KZT 0,00 -3 990,00 0,00 KZ056010002025613115', 'коммерсанта BEREKE (KZT)', 'SHOP', '08.04.2025 08.04.2025 Поступление перевода 9 800,00 KZT 9 800,00 0,00 0,00 KZ056010002025613115', '(KZT)', '08.04.2025 08.04.2025 Операция оплаты у -3 546,00 KZT 0,00 -3 546,00 0,00 KZ056010002025613115', 'коммерсанта BEREKE (KZT)', 'SHOP', '08.04.2025 08.04.2025 Поступление перевода 1 000,00 KZT 1 000,00 0,00 0,00 KZ056010002025613115', '(KZT)', '09.04.2025 09.04.2025 Перевод на другую карту -17 800,00 KZT 0,00 -18 000,00 0,00 552204******7379', 'Выписка по счету: Мультивалютный договор №013-TOP-MC6469667 3']"
3,Выписка по счету: KZ056010002025613115,False,,Выписка по счету: KZ056010002025613115,KZ056010002025613115,,False,,"['SHOP', '24.05.2025 24.05.2025 Перевод на другую карту -2 700,00 KZT 0,00 -2 900,00 0,00 552204******7379', '26.05.2025 26.05.2025 Поступление перевода 2 500,00 KZT 2 500,00 0,00 0,00 KZ056010002025613115', '(KZT)', '27.05.2025 27.05.2025 Операция оплаты у -2 700,00 KZT 0,00 -2 700,00 0,00 KZ056010002025613115', 'коммерсанта ROZA SHOP (KZT)', '03.06.2025 03.06.2025 Поступление перевода 12 500,00 KZT 12 500,00 0,00 0,00 KZ056010002025613115', '(KZT)', '03.06.2025 03.06.2025 Поступление перевода 50 000,00 KZT 50 000,00 0,00 0,00 KZ056010002025613115', '(KZT)', '04.06.2025 04.06.2025 Операция оплаты у -12 388,00 KZT 0,00 -12 388,00 0,00 KZ056010002025613115', 'коммерсанта ARMAN (KZT)', 'SHOP', '04.06.2025 04.06.2025 Операция оплаты у -26 660,00 KZT 0,00 -26 660,00 0,00 KZ056010002025613115', 'коммерсанта ARMAN (KZT)', 'SHOP', '04.06.2025 04.06.2025 Операция оплаты у -5 180,00 KZT 0,00 -5 180,00 0,00 KZ056010002025613115', 'коммерсанта MYASNOI (KZT)', 'OTDEL', 'Выписка по счету: Мультивалютный договор №013-TOP-MC6469667 4']"
4,Выписка по счету: KZ056010002025613115,False,,Выписка по счету: KZ056010002025613115,KZ056010002025613115,,False,,"['09.08.2025 09.08.2025 Операция оплаты у -110,00 KZT 0,00 -110,00 0,00 KZ056010002025613115', 'коммерсанта Avtobys. (KZT)', 'Оплата проезда по QR', '11.08.2025 11.08.2025 Поступление перевода 30 000,00 KZT 30 000,00 0,00 0,00 KZ056010002025613115', '(KZT)', '13.08.2025 13.08.2025 Перевод на другую карту -119 700,00 KZT 0,00 -119 900,00 0,00 552204******7379', '15.08.2025 15.08.2025 Поступление перевода 2 030,00 KZT 2 030,00 0,00 0,00 KZ056010002025613115', '(KZT)', '01.09.2025 01.09.2025 Поступление перевода 7 000,00 KZT 7 000,00 0,00 0,00 KZ056010002025613115', '(KZT)', '01.09.2025 01.09.2025 Перевод на другую карту -9 000,00 KZT 0,00 -9 000,00 0,00 KZ056010002025613115', '(KZT)', '03.09.2025 03.09.2025 Поступление перевода 5 000,00 KZT 5 000,00 0,00 0,00 KZ056010002025613115', '(KZT)', '03.09.2025 03.09.2025 Перевод на другую карту -5 000,00 KZT 0,00 -5 000,00 0,00 KZ056010002025613115', '(KZT)', '12.09.2025 12.09.2025 Поступление перевода 3 400,00 KZT 3 400,00 0,00 0,00 552204******7379', '13.09.2025 13.09.2025 Операция оплаты у -1 000,00 KZT 0,00 -1 000,00 0,00 KZ056010002025613115', 'коммерсанта ERNAR PC (KZT)', 'SHOP', 'Выписка по счету: Мультивалютный договор №013-TOP-MC6469667 5']"
5,True,False,,,,,True,Выписка действительна при наличии печати Банка,"['Выписка по счету: Мультивалютный договор №013-TOP-MC6469667 6', 'Выписка действительна при наличии печати Банка']"
