Дата проведения операции,Дата обработки операции,Описание операции,Сумма операции,Валюта операции,Приход в валюте счета,Расход в валюте счета,Комиссия,№ карточки/счета,КНП,ip_knp_norm,ip_op_date,ip_is_non_business_by_knp,ip_is_non_business_by_keywords,ip_is_non_business,ip_credit_amount,ip_is_business_income
23.08.2025,23.08.2025,"валюте счета валюте счета операции операции Всего: 277,14 -277,14 0,00 Автоконвертация",44.68,USD,44.68,0.0,0.0,KZ046010002021466965,,,2025-08-23,False,True,True,44.68,False
23.08.2025,25.08.2025,дополнительной суммы по прошедшим операциям Операция оплаты у,-1800.0,TRY,0.0,-44.68,0.0,440563******5838,,,2025-08-23,False,False,False,0.0,False
24.08.2025,24.08.2025,Автоконвертация дополнительной суммы по прошедшим операциям,19.11,USD,19.11,0.0,0.0,KZ046010002021466965,,,2025-08-24,False,True,True,19.11,False
24.08.2025,26.08.2025,дополнительной суммы по прошедшим операциям Операция оплаты у,-770.0,TRY,0.0,-19.11,0.0,440563******5838,,,2025-08-24,False,False,False,0.0,False
26.08.2025,28.08.2025,Операция оплаты у коммерсанта BELBIM AS. ULASIM,-40.0,TRY,0.0,-0.99,0.0,440563******5838,,,2025-08-26,False,False,False,0.0,False
26.08.2025,26.08.2025,Автоконвертация дополнительной суммы по прошедшим операциям,74.37,USD,74.37,0.0,0.0,KZ046010002021466965,,,2025-08-26,False,True,True,74.37,False
26.08.2025,26.08.2025,дополнительной суммы по прошедшим операциям Автоконвертация,1.98,USD,1.98,0.0,0.0,KZ046010002021466965,,,2025-08-26,False,True,True,1.98,False
26.08.2025,28.08.2025,дополнительной суммы по прошедшим операциям Операция оплаты у,-40.0,TRY,0.0,-0.99,0.0,440563******5838,,,2025-08-26,False,False,False,0.0,False
26.08.2025,28.08.2025,Операция оплаты у коммерсанта KULTUR AS YEREBATAN,-3000.0,TRY,0.0,-74.37,0.0,440563******5838,,,2025-08-26,False,False,False,0.0,False
27.08.2025,29.08.2025,Операция оплаты у коммерсанта AKSOY ECZANESI GULCAN A,-1489.7,TRY,0.0,-36.86,0.0,440563******5838,,,2025-08-27,False,False,False,0.0,False
27.08.2025,27.08.2025,Автоконвертация дополнительной суммы по прошедшим операциям,36.86,USD,36.86,0.0,0.0,KZ046010002021466965,,,2025-08-27,False,True,True,36.86,False
28.08.2025,28.08.2025,дополнительной суммы по прошедшим операциям Автоконвертация,18.41,USD,18.41,0.0,0.0,KZ046010002021466965,,,2025-08-28,False,True,True,18.41,False
28.08.2025,30.08.2025,Операция оплаты у,-40.0,TRY,0.0,-0.99,0.0,440563******5838,,,2025-08-28,False,False,False,0.0,False
28.08.2025,30.08.2025,коммерсанта BELBIM AS. ULASIM Операция оплаты у,-79.0,TRY,0.0,-1.96,0.0,440563******5838,,,2025-08-28,False,False,False,0.0,False
28.08.2025,30.08.2025,Операция оплаты у коммерсанта LEVENT KARAKOY GIDA,-687.5,TRY,0.0,-16.99,0.0,440563******5838,,,2025-08-28,False,False,False,0.0,False
28.08.2025,30.08.2025,коммерсанта LEVENT KARAKOY GIDA Операция оплаты у,-40.0,TRY,0.0,-0.99,0.0,440563******5838,,,2025-08-28,False,False,False,0.0,False
28.08.2025,30.08.2025,Операция оплаты у коммерсанта LOUISIANA GIDA LIMITED SI,-745.0,TRY,0.0,-18.41,0.0,440563******5838,,,2025-08-28,False,False,False,0.0,False
29.08.2025,31.08.2025,коммерсанта LOUISIANA GIDA LIMITED SI Операция оплаты у,-2460.0,TRY,0.0,-60.8,0.0,440563******5838,,,2025-08-29,False,False,False,0.0,False
29.08.2025,29.08.2025,Автоконвертация дополнительной суммы по прошедшим операциям,20.93,USD,20.93,0.0,0.0,KZ046010002021466965,,,2025-08-29,False,True,True,20.93,False
29.08.2025,29.08.2025,дополнительной суммы по прошедшим операциям Автоконвертация,60.8,USD,60.8,0.0,0.0,KZ046010002021466965,,,2025-08-29,False,True,True,60.8,False
25.09.2024,25.09.2024,"дополнительной суммы по прошедшим операциям Номер счета KZT: KZ316010002021466964 Всего: 14 708 625,00 -11 707 377,76 -7 300,00 Поступление перевода",660.0,KZT,660.0,0.0,0.0,KZ316010002021466964,,,2024-09-25,False,False,False,660.0,True
26.09.2024,26.09.2024,Поступление перевода,4060.0,KZT,4060.0,0.0,0.0,KZ316010002021466964,,,2024-09-26,False,False,False,4060.0,True
29.09.2024,29.09.2024,Перевод на другую карту,-15000.0,KZT,0.0,-15000.0,0.0,KZ316010002021466964,,,2024-09-29,False,False,False,0.0,False
29.09.2024,29.09.2024,Поступление перевода,3620.0,KZT,3620.0,0.0,0.0,KZ316010002021466964,,,2024-09-29,False,False,False,3620.0,True
30.09.2024,30.09.2024,Поступление перевода,2135.0,KZT,2135.0,0.0,0.0,KZ316010002021466964,,,2024-09-30,False,False,False,2135.0,True
01.10.2024,01.10.2024,Поступление перевода,1000.0,KZT,1000.0,0.0,0.0,KZ316010002021466964,,,2024-10-01,False,False,False,1000.0,True
01.10.2024,01.10.2024,Поступление перевода,2300.0,KZT,2300.0,0.0,0.0,KZ316010002021466964,,,2024-10-01,False,False,False,2300.0,True
02.10.2024,02.10.2024,Поступление перевода,8175.0,KZT,8175.0,0.0,0.0,KZ316010002021466964,,,2024-10-02,False,False,False,8175.0,True
04.10.2024,04.10.2024,Поступление перевода,30000.0,KZT,30000.0,0.0,0.0,KZ316010002021466964,,,2024-10-04,False,False,False,30000.0,True
06.10.2024,06.10.2024,обслуживание карточки Regular Charge Поступление перевода,400.0,KZT,400.0,0.0,0.0,KZ316010002021466964,,,2024-10-06,False,False,False,400.0,True
06.10.2024,06.10.2024,Поступление перевода,5120.0,KZT,5120.0,0.0,0.0,KZ316010002021466964,,,2024-10-06,False,False,False,5120.0,True
06.10.2024,06.10.2024,Поступление перевода,4535.0,KZT,4535.0,0.0,0.0,KZ316010002021466964,,,2024-10-06,False,False,False,4535.0,True
11.10.2024,11.10.2024,Поступление перевода,10170.0,KZT,10170.0,0.0,0.0,KZ316010002021466964,,,2024-10-11,False,False,False,10170.0,True
11.10.2024,11.10.2024,Перевод на другую карту,-79000.0,KZT,0.0,-79150.0,0.0,440563******5838,,,2024-10-11,False,False,False,0.0,False
11.10.2024,11.10.2024,Поступление перевода,10000.0,KZT,10000.0,0.0,0.0,KZ316010002021466964,,,2024-10-11,False,False,False,10000.0,True
11.10.2024,11.10.2024,Поступление перевода,6895.0,KZT,6895.0,0.0,0.0,KZ316010002021466964,,,2024-10-11,False,False,False,6895.0,True
11.10.2024,11.10.2024,Поступление перевода,400.0,KZT,400.0,0.0,0.0,KZ316010002021466964,,,2024-10-11,False,False,False,400.0,True
11.10.2024,11.10.2024,Поступление перевода,16135.0,KZT,16135.0,0.0,0.0,KZ316010002021466964,,,2024-10-11,False,False,False,16135.0,True
11.10.2024,11.10.2024,Поступление перевода,2500.0,KZT,2500.0,0.0,0.0,KZ316010002021466964,,,2024-10-11,False,False,False,2500.0,True
11.10.2024,11.10.2024,Поступление перевода,23846.0,KZT,23846.0,0.0,0.0,KZ316010002021466964,,,2024-10-11,False,False,False,23846.0,True
11.10.2024,11.10.2024,Поступление перевода,1780.0,KZT,1780.0,0.0,0.0,KZ316010002021466964,,,2024-10-11,False,False,False,1780.0,True
11.10.2024,11.10.2024,Перевод на другую карту,-58200.0,KZT,0.0,-58350.0,0.0,440563******5838,,,2024-10-11,False,False,False,0.0,False
11.10.2024,11.10.2024,Поступление перевода,13050.0,KZT,13050.0,0.0,0.0,KZ316010002021466964,,,2024-10-11,False,False,False,13050.0,True
12.10.2024,12.10.2024,Поступление перевода,11258.0,KZT,11258.0,0.0,0.0,KZ316010002021466964,,,2024-10-12,False,False,False,11258.0,True
12.10.2024,12.10.2024,Поступление перевода,6745.0,KZT,6745.0,0.0,0.0,KZ316010002021466964,,,2024-10-12,False,False,False,6745.0,True
13.10.2024,13.10.2024,Поступление перевода,5340.0,KZT,5340.0,0.0,0.0,KZ316010002021466964,,,2024-10-13,False,False,False,5340.0,True
13.10.2024,13.10.2024,Поступление перевода,300.0,KZT,300.0,0.0,0.0,KZ316010002021466964,,,2024-10-13,False,False,False,300.0,True
13.10.2024,13.10.2024,Поступление перевода,2200.0,KZT,2200.0,0.0,0.0,KZ316010002021466964,,,2024-10-13,False,False,False,2200.0,True
13.10.2024,13.10.2024,Поступление перевода,1000.0,KZT,1000.0,0.0,0.0,KZ316010002021466964,,,2024-10-13,False,False,False,1000.0,True
13.10.2024,13.10.2024,Поступление перевода,3500.0,KZT,3500.0,0.0,0.0,KZ316010002021466964,,,2024-10-13,False,False,False,3500.0,True
13.10.2024,13.10.2024,Поступление перевода,16000.0,KZT,16000.0,0.0,0.0,KZ316010002021466964,,,2024-10-13,False,False,False,16000.0,True
14.10.2024,14.10.2024,Поступление перевода,1250.0,KZT,1250.0,0.0,0.0,KZ316010002021466964,,,2024-10-14,False,False,False,1250.0,True
15.10.2024,15.10.2024,Поступление перевода,4670.0,KZT,4670.0,0.0,0.0,KZ316010002021466964,,,2024-10-15,False,False,False,4670.0,True
16.10.2024,16.10.2024,Поступление перевода,2840.0,KZT,2840.0,0.0,0.0,KZ316010002021466964,,,2024-10-16,False,False,False,2840.0,True
16.10.2024,16.10.2024,Поступление перевода,1150.0,KZT,1150.0,0.0,0.0,KZ316010002021466964,,,2024-10-16,False,False,False,1150.0,True
18.10.2024,18.10.2024,Поступление перевода,3215.0,KZT,3215.0,0.0,0.0,KZ316010002021466964,,,2024-10-18,False,False,False,3215.0,True
18.10.2024,18.10.2024,Поступление перевода,1615.0,KZT,1615.0,0.0,0.0,KZ316010002021466964,,,2024-10-18,False,False,False,1615.0,True
18.10.2024,18.10.2024,Поступление перевода,735.0,KZT,735.0,0.0,0.0,KZ316010002021466964,,,2024-10-18,False,False,False,735.0,True
18.10.2024,18.10.2024,Поступление перевода,7810.0,KZT,7810.0,0.0,0.0,KZ316010002021466964,,,2024-10-18,False,False,False,7810.0,True
18.10.2024,18.10.2024,Поступление перевода,9265.0,KZT,9265.0,0.0,0.0,KZ316010002021466964,,,2024-10-18,False,False,False,9265.0,True
18.10.2024,18.10.2024,Поступление перевода,250.0,KZT,250.0,0.0,0.0,KZ316010002021466964,,,2024-10-18,False,False,False,250.0,True
18.10.2024,18.10.2024,Поступление перевода,3900.0,KZT,3900.0,0.0,0.0,KZ316010002021466964,,,2024-10-18,False,False,False,3900.0,True
18.10.2024,18.10.2024,Поступление перевода,12120.0,KZT,12120.0,0.0,0.0,KZ316010002021466964,,,2024-10-18,False,False,False,12120.0,True
19.10.2024,19.10.2024,Поступление перевода,2600.0,KZT,2600.0,0.0,0.0,KZ316010002021466964,,,2024-10-19,False,False,False,2600.0,True
19.10.2024,19.10.2024,Поступление перевода,3775.0,KZT,3775.0,0.0,0.0,KZ316010002021466964,,,2024-10-19,False,False,False,3775.0,True
20.10.2024,20.10.2024,Поступление перевода,2600.0,KZT,2600.0,0.0,0.0,KZ316010002021466964,,,2024-10-20,False,False,False,2600.0,True
21.10.2024,21.10.2024,Поступление перевода,4880.0,KZT,4880.0,0.0,0.0,KZ316010002021466964,,,2024-10-21,False,False,False,4880.0,True
22.10.2024,22.10.2024,Поступление перевода,2500.0,KZT,2500.0,0.0,0.0,KZ316010002021466964,,,2024-10-22,False,False,False,2500.0,True
23.10.2024,23.10.2024,Поступление перевода,1000.0,KZT,1000.0,0.0,0.0,KZ316010002021466964,,,2024-10-23,False,False,False,1000.0,True
24.10.2024,24.10.2024,Поступление перевода,61000.0,KZT,61000.0,0.0,0.0,KZ316010002021466964,,,2024-10-24,False,False,False,61000.0,True
24.10.2024,24.10.2024,Поступление перевода,2000.0,KZT,2000.0,0.0,0.0,KZ316010002021466964,,,2024-10-24,False,False,False,2000.0,True
24.10.2024,24.10.2024,Поступление перевода,1400.0,KZT,1400.0,0.0,0.0,KZ316010002021466964,,,2024-10-24,False,False,False,1400.0,True
27.10.2024,27.10.2024,Перевод на другую карту,-93000.0,KZT,0.0,-93150.0,0.0,440563******5838,,,2024-10-27,False,False,False,0.0,False
28.10.2024,28.10.2024,Перевод на другую карту,-100000.0,KZT,0.0,-100150.0,0.0,440563******5838,,,2024-10-28,False,False,False,0.0,False
29.10.2024,29.10.2024,Поступление перевода,8210.0,KZT,8210.0,0.0,0.0,KZ316010002021466964,,,2024-10-29,False,False,False,8210.0,True
29.10.2024,29.10.2024,Поступление перевода,1925.0,KZT,1925.0,0.0,0.0,KZ316010002021466964,,,2024-10-29,False,False,False,1925.0,True
30.10.2024,30.10.2024,Поступление перевода,600.0,KZT,600.0,0.0,0.0,KZ316010002021466964,,,2024-10-30,False,False,False,600.0,True
31.10.2024,31.10.2024,Поступление перевода,4360.0,KZT,4360.0,0.0,0.0,KZ316010002021466964,,,2024-10-31,False,False,False,4360.0,True
31.10.2024,31.10.2024,Поступление перевода,650.0,KZT,650.0,0.0,0.0,KZ316010002021466964,,,2024-10-31,False,False,False,650.0,True
31.10.2024,31.10.2024,Поступление перевода,2840.0,KZT,2840.0,0.0,0.0,KZ316010002021466964,,,2024-10-31,False,False,False,2840.0,True
31.10.2024,31.10.2024,Поступление перевода,63000.0,KZT,63000.0,0.0,0.0,KZ316010002021466964,,,2024-10-31,False,False,False,63000.0,True
01.11.2024,01.11.2024,Поступление перевода,20000.0,KZT,20000.0,0.0,0.0,KZ316010002021466964,,,2024-11-01,False,False,False,20000.0,True
01.11.2024,01.11.2024,Поступление перевода,23865.0,KZT,23865.0,0.0,0.0,KZ316010002021466964,,,2024-11-01,False,False,False,23865.0,True
01.11.2024,01.11.2024,Поступление перевода,2200.0,KZT,2200.0,0.0,0.0,KZ316010002021466964,,,2024-11-01,False,False,False,2200.0,True
01.11.2024,01.11.2024,Поступление перевода,41810.0,KZT,41810.0,0.0,0.0,KZ316010002021466964,,,2024-11-01,False,False,False,41810.0,True
02.11.2024,02.11.2024,Поступление перевода,16615.0,KZT,16615.0,0.0,0.0,KZ316010002021466964,,,2024-11-02,False,False,False,16615.0,True
02.11.2024,02.11.2024,Поступление перевода,6535.0,KZT,6535.0,0.0,0.0,KZ316010002021466964,,,2024-11-02,False,False,False,6535.0,True
02.11.2024,02.11.2024,Поступление перевода,2800.0,KZT,2800.0,0.0,0.0,KZ316010002021466964,,,2024-11-02,False,False,False,2800.0,True
02.11.2024,02.11.2024,Поступление перевода,2675.0,KZT,2675.0,0.0,0.0,KZ316010002021466964,,,2024-11-02,False,False,False,2675.0,True
02.11.2024,02.11.2024,Поступление перевода,400.0,KZT,400.0,0.0,0.0,KZ316010002021466964,,,2024-11-02,False,False,False,400.0,True
03.11.2024,03.11.2024,Поступление перевода,2500.0,KZT,2500.0,0.0,0.0,KZ316010002021466964,,,2024-11-03,False,False,False,2500.0,True
03.11.2024,03.11.2024,Поступление перевода,5000.0,KZT,5000.0,0.0,0.0,KZ316010002021466964,,,2024-11-03,False,False,False,5000.0,True
05.11.2024,05.11.2024,обслуживание карточки Regular Charge Поступление перевода,2500.0,KZT,2500.0,0.0,0.0,KZ316010002021466964,,,2024-11-05,False,False,False,2500.0,True
06.11.2024,06.11.2024,Поступление перевода,29585.0,KZT,29585.0,0.0,0.0,KZ316010002021466964,,,2024-11-06,False,False,False,29585.0,True
06.11.2024,06.11.2024,Поступление перевода,30095.0,KZT,30095.0,0.0,0.0,KZ316010002021466964,,,2024-11-06,False,False,False,30095.0,True
07.11.2024,07.11.2024,Перевод на другую карту,-15000.0,KZT,0.0,-15150.0,0.0,440563******5838,,,2024-11-07,False,False,False,0.0,False
07.11.2024,07.11.2024,Перевод на другую карту,-7280.0,KZT,0.0,-7280.0,0.0,KZ316010002021466964,,,2024-11-07,False,False,False,0.0,False
07.11.2024,07.11.2024,Перевод на другую карту,-45000.0,KZT,0.0,-45150.0,0.0,440563******5838,,,2024-11-07,False,False,False,0.0,False
08.11.2024,08.11.2024,Перевод на другую карту,-100000.0,KZT,0.0,-100150.0,0.0,440563******5838,,,2024-11-08,False,False,False,0.0,False
09.11.2024,09.11.2024,Поступление перевода,13000.0,KZT,13000.0,0.0,0.0,KZ316010002021466964,,,2024-11-09,False,False,False,13000.0,True
09.11.2024,09.11.2024,Поступление перевода,2955.0,KZT,2955.0,0.0,0.0,KZ316010002021466964,,,2024-11-09,False,False,False,2955.0,True
09.11.2024,09.11.2024,Поступление перевода,14100.0,KZT,14100.0,0.0,0.0,KZ316010002021466964,,,2024-11-09,False,False,False,14100.0,True
09.11.2024,09.11.2024,Поступление перевода,3950.0,KZT,3950.0,0.0,0.0,KZ316010002021466964,,,2024-11-09,False,False,False,3950.0,True
10.11.2024,10.11.2024,Поступление перевода,3300.0,KZT,3300.0,0.0,0.0,KZ316010002021466964,,,2024-11-10,False,False,False,3300.0,True
10.11.2024,10.11.2024,Поступление перевода,7325.0,KZT,7325.0,0.0,0.0,KZ316010002021466964,,,2024-11-10,False,False,False,7325.0,True
10.11.2024,10.11.2024,Поступление перевода,1000.0,KZT,1000.0,0.0,0.0,KZ316010002021466964,,,2024-11-10,False,False,False,1000.0,True
10.11.2024,10.11.2024,Поступление перевода,3475.0,KZT,3475.0,0.0,0.0,KZ316010002021466964,,,2024-11-10,False,False,False,3475.0,True
10.11.2024,10.11.2024,Поступление перевода,1000.0,KZT,1000.0,0.0,0.0,KZ316010002021466964,,,2024-11-10,False,False,False,1000.0,True
10.11.2024,10.11.2024,Поступление перевода,9000.0,KZT,9000.0,0.0,0.0,KZ316010002021466964,,,2024-11-10,False,False,False,9000.0,True
10.11.2024,10.11.2024,Перевод на другую карту,-136000.0,KZT,0.0,-136150.0,0.0,440563******5838,,,2024-11-10,False,False,False,0.0,False
11.11.2024,11.11.2024,Перевод на другую карту,-2000.0,KZT,0.0,-2000.0,0.0,KZ316010002021466964,,,2024-11-11,False,False,False,0.0,False
11.11.2024,11.11.2024,Поступление перевода,3850.0,KZT,3850.0,0.0,0.0,KZ316010002021466964,,,2024-11-11,False,False,False,3850.0,True
12.11.2024,12.11.2024,Поступление перевода,3920.0,KZT,3920.0,0.0,0.0,KZ316010002021466964,,,2024-11-12,False,False,False,3920.0,True
13.11.2024,13.11.2024,Поступление перевода,10535.0,KZT,10535.0,0.0,0.0,KZ316010002021466964,,,2024-11-13,False,False,False,10535.0,True
15.11.2024,15.11.2024,Поступление перевода,300.0,KZT,300.0,0.0,0.0,KZ316010002021466964,,,2024-11-15,False,False,False,300.0,True
15.11.2024,15.11.2024,Поступление перевода,1000000.0,KZT,1000000.0,0.0,0.0,KZ316010002021466964,,,2024-11-15,False,False,False,1000000.0,True
16.11.2024,16.11.2024,Операция оплаты у,-390.46,KZT,0.0,-390.46,0.0,KZ316010002021466964,,,2024-11-16,False,False,False,0.0,False
16.11.2024,16.11.2024,коммерсанта Оплата налоговой задолженности Операция оплаты у,-3910.0,KZT,0.0,-3910.0,0.0,KZ316010002021466964,,,2024-11-16,False,False,False,0.0,False
16.11.2024,16.11.2024,коммерсанта Оплата налоговой задолженности Поступление перевода,2895.0,KZT,2895.0,0.0,0.0,KZ316010002021466964,,,2024-11-16,False,False,False,2895.0,True
16.11.2024,16.11.2024,Поступление перевода,3703.0,KZT,3703.0,0.0,0.0,KZ316010002021466964,,,2024-11-16,False,False,False,3703.0,True
17.11.2024,17.11.2024,Поступление перевода,3400.0,KZT,3400.0,0.0,0.0,KZ316010002021466964,,,2024-11-17,False,False,False,3400.0,True
18.11.2024,18.11.2024,Перевод на другую карту,-40000.0,KZT,0.0,-40150.0,0.0,440563******5838,,,2024-11-18,False,False,False,0.0,False
24.11.2024,24.11.2024,Поступление перевода,15325.0,KZT,15325.0,0.0,0.0,KZ316010002021466964,,,2024-11-24,False,False,False,15325.0,True
24.11.2024,24.11.2024,Поступление перевода,11780.0,KZT,11780.0,0.0,0.0,KZ316010002021466964,,,2024-11-24,False,False,False,11780.0,True
27.11.2024,27.11.2024,Поступление перевода,1550.0,KZT,1550.0,0.0,0.0,KZ316010002021466964,,,2024-11-27,False,False,False,1550.0,True
29.11.2024,29.11.2024,Поступление перевода,30000.0,KZT,30000.0,0.0,0.0,KZ316010002021466964,,,2024-11-29,False,False,False,30000.0,True
30.11.2024,30.11.2024,Поступление перевода,5060.0,KZT,5060.0,0.0,0.0,KZ316010002021466964,,,2024-11-30,False,False,False,5060.0,True
30.11.2024,30.11.2024,Поступление перевода,2700.0,KZT,2700.0,0.0,0.0,KZ316010002021466964,,,2024-11-30,False,False,False,2700.0,True
06.12.2024,06.12.2024,обслуживание карточки Regular Charge Поступление перевода,250.0,KZT,250.0,0.0,0.0,KZ316010002021466964,,,2024-12-06,False,False,False,250.0,True
07.12.2024,07.12.2024,Поступление перевода,150.0,KZT,150.0,0.0,0.0,KZ316010002021466964,,,2024-12-07,False,False,False,150.0,True
07.12.2024,07.12.2024,Поступление перевода,1200.0,KZT,1200.0,0.0,0.0,KZ316010002021466964,,,2024-12-07,False,False,False,1200.0,True
09.12.2024,09.12.2024,Поступление перевода,1000000.0,KZT,1000000.0,0.0,0.0,KZ316010002021466964,,,2024-12-09,False,False,False,1000000.0,True
10.12.2024,10.12.2024,Поступление перевода,8180.0,KZT,8180.0,0.0,0.0,KZ316010002021466964,,,2024-12-10,False,False,False,8180.0,True
12.12.2024,12.12.2024,Поступление перевода,1000000.0,KZT,1000000.0,0.0,0.0,KZ316010002021466964,,,2024-12-12,False,False,False,1000000.0,True
13.12.2024,13.12.2024,Поступление перевода,199000.0,KZT,199000.0,0.0,0.0,KZ316010002021466964,,,2024-12-13,False,False,False,199000.0,True
13.12.2024,13.12.2024,Перевод на другую карту,-137500.0,KZT,0.0,-137650.0,0.0,440563******5838,,,2024-12-13,False,False,False,0.0,False
26.12.2024,26.12.2024,Перевод на другую карту,-500000.0,KZT,0.0,-500150.0,0.0,440563******5838,,,2024-12-26,False,False,False,0.0,False
26.12.2024,26.12.2024,Поступление перевода,1000000.0,KZT,1000000.0,0.0,0.0,KZ316010002021466964,,,2024-12-26,False,False,False,1000000.0,True
27.12.2024,27.12.2024,Поступление перевода,500000.0,KZT,500000.0,0.0,0.0,KZ316010002021466964,,,2024-12-27,False,False,False,500000.0,True
27.12.2024,27.12.2024,Поступление перевода,14730.0,KZT,14730.0,0.0,0.0,KZ316010002021466964,,,2024-12-27,False,False,False,14730.0,True
27.12.2024,27.12.2024,Поступление перевода,1505.0,KZT,1505.0,0.0,0.0,KZ316010002021466964,,,2024-12-27,False,False,False,1505.0,True
30.12.2024,30.12.2024,Перевод на другую карту -,-1500000.0,KZT,0.0,-1500000.0,0.0,KZ316010002021466964,,,2024-12-30,False,False,False,0.0,False
04.01.2025,04.01.2025,Поступление перевода,1100.0,KZT,1100.0,0.0,0.0,KZ316010002021466964,,,2025-01-04,False,False,False,1100.0,True
04.01.2025,04.01.2025,Поступление перевода,1955.0,KZT,1955.0,0.0,0.0,KZ316010002021466964,,,2025-01-04,False,False,False,1955.0,True
06.01.2025,06.01.2025,обслуживание карточки Regular Charge Перевод на другую карту,-100000.0,KZT,0.0,-100000.0,0.0,KZ316010002021466964,,,2025-01-06,False,False,False,0.0,False
07.01.2025,07.01.2025,Поступление перевода,9445.0,KZT,9445.0,0.0,0.0,KZ316010002021466964,,,2025-01-07,False,False,False,9445.0,True
07.01.2025,07.01.2025,Поступление перевода,9655.0,KZT,9655.0,0.0,0.0,KZ316010002021466964,,,2025-01-07,False,False,False,9655.0,True
07.01.2025,07.01.2025,Поступление перевода,2200.0,KZT,2200.0,0.0,0.0,KZ316010002021466964,,,2025-01-07,False,False,False,2200.0,True
08.01.2025,08.01.2025,Поступление перевода,14485.0,KZT,14485.0,0.0,0.0,KZ316010002021466964,,,2025-01-08,False,False,False,14485.0,True
08.01.2025,08.01.2025,Поступление перевода,1000.0,KZT,1000.0,0.0,0.0,KZ316010002021466964,,,2025-01-08,False,False,False,1000.0,True
08.01.2025,08.01.2025,Поступление перевода,70000.0,KZT,70000.0,0.0,0.0,KZ316010002021466964,,,2025-01-08,False,False,False,70000.0,True
08.01.2025,08.01.2025,Поступление перевода,1900.0,KZT,1900.0,0.0,0.0,KZ316010002021466964,,,2025-01-08,False,False,False,1900.0,True
09.01.2025,09.01.2025,Поступление перевода,1000.0,KZT,1000.0,0.0,0.0,KZ316010002021466964,,,2025-01-09,False,False,False,1000.0,True
09.01.2025,09.01.2025,Поступление перевода,22320.0,KZT,22320.0,0.0,0.0,KZ316010002021466964,,,2025-01-09,False,False,False,22320.0,True
10.01.2025,10.01.2025,Поступление перевода,5450.0,KZT,5450.0,0.0,0.0,KZ316010002021466964,,,2025-01-10,False,False,False,5450.0,True
11.01.2025,11.01.2025,Поступление перевода,2200.0,KZT,2200.0,0.0,0.0,KZ316010002021466964,,,2025-01-11,False,False,False,2200.0,True
14.01.2025,14.01.2025,Перевод на другую карту,-137000.0,KZT,0.0,-137200.0,0.0,440563******5838,,,2025-01-14,False,False,False,0.0,False
14.01.2025,14.01.2025,Поступление перевода,15000.0,KZT,15000.0,0.0,0.0,KZ316010002021466964,,,2025-01-14,False,False,False,15000.0,True
21.01.2025,21.01.2025,Поступление перевода,5180.0,KZT,5180.0,0.0,0.0,KZ316010002021466964,,,2025-01-21,False,False,False,5180.0,True
21.01.2025,21.01.2025,Поступление перевода,20000.0,KZT,20000.0,0.0,0.0,KZ316010002021466964,,,2025-01-21,False,False,False,20000.0,True
22.01.2025,22.01.2025,Поступление перевода,1000000.0,KZT,1000000.0,0.0,0.0,KZ316010002021466964,,,2025-01-22,False,False,False,1000000.0,True
22.01.2025,22.01.2025,Перевод на другую карту,-100000.0,KZT,0.0,-100000.0,0.0,KZ316010002021466964,,,2025-01-22,False,False,False,0.0,False
22.01.2025,22.01.2025,Перевод на другую карту,-100000.0,KZT,0.0,-100000.0,0.0,KZ316010002021466964,,,2025-01-22,False,False,False,0.0,False
22.01.2025,22.01.2025,Поступление перевода,17300.0,KZT,17300.0,0.0,0.0,KZ316010002021466964,,,2025-01-22,False,False,False,17300.0,True
23.01.2025,23.01.2025,Поступление перевода,4220.0,KZT,4220.0,0.0,0.0,KZ316010002021466964,,,2025-01-23,False,False,False,4220.0,True
24.01.2025,24.01.2025,Поступление перевода,3000.0,KZT,3000.0,0.0,0.0,KZ316010002021466964,,,2025-01-24,False,False,False,3000.0,True
24.01.2025,24.01.2025,Поступление перевода,6720.0,KZT,6720.0,0.0,0.0,KZ316010002021466964,,,2025-01-24,False,False,False,6720.0,True
25.01.2025,25.01.2025,Поступление перевода,2500.0,KZT,2500.0,0.0,0.0,KZ316010002021466964,,,2025-01-25,False,False,False,2500.0,True
27.01.2025,27.01.2025,Поступление перевода,5330.0,KZT,5330.0,0.0,0.0,KZ316010002021466964,,,2025-01-27,False,False,False,5330.0,True
27.01.2025,27.01.2025,Поступление перевода,6435.0,KZT,6435.0,0.0,0.0,KZ316010002021466964,,,2025-01-27,False,False,False,6435.0,True
29.01.2025,29.01.2025,Поступление перевода,4020.0,KZT,4020.0,0.0,0.0,KZ316010002021466964,,,2025-01-29,False,False,False,4020.0,True
29.01.2025,29.01.2025,Поступление перевода,2350.0,KZT,2350.0,0.0,0.0,KZ316010002021466964,,,2025-01-29,False,False,False,2350.0,True
30.01.2025,30.01.2025,Перевод на другую карту,-500000.0,KZT,0.0,-500000.0,0.0,KZ316010002021466964,,,2025-01-30,False,False,False,0.0,False
04.02.2025,04.02.2025,Перевод на другую карту,-250000.0,KZT,0.0,-250200.0,0.0,440563******5838,,,2025-02-04,False,False,False,0.0,False
05.02.2025,05.02.2025,обслуживание карточки Regular Charge Поступление перевода,11025.0,KZT,11025.0,0.0,0.0,KZ316010002021466964,,,2025-02-05,False,False,False,11025.0,True
05.02.2025,05.02.2025,Поступление перевода,27000.0,KZT,27000.0,0.0,0.0,KZ316010002021466964,,,2025-02-05,False,False,False,27000.0,True
06.02.2025,06.02.2025,Поступление перевода,1100.0,KZT,1100.0,0.0,0.0,KZ316010002021466964,,,2025-02-06,False,False,False,1100.0,True
06.02.2025,06.02.2025,Поступление перевода,20000.0,KZT,20000.0,0.0,0.0,KZ316010002021466964,,,2025-02-06,False,False,False,20000.0,True
06.02.2025,06.02.2025,Поступление перевода,26215.0,KZT,26215.0,0.0,0.0,KZ316010002021466964,,,2025-02-06,False,False,False,26215.0,True
06.02.2025,06.02.2025,Поступление перевода,11170.0,KZT,11170.0,0.0,0.0,KZ316010002021466964,,,2025-02-06,False,False,False,11170.0,True
06.02.2025,06.02.2025,Поступление перевода,5465.0,KZT,5465.0,0.0,0.0,KZ316010002021466964,,,2025-02-06,False,False,False,5465.0,True
06.02.2025,06.02.2025,Поступление перевода,2000.0,KZT,2000.0,0.0,0.0,KZ316010002021466964,,,2025-02-06,False,False,False,2000.0,True
07.02.2025,07.02.2025,Поступление перевода,18520.0,KZT,18520.0,0.0,0.0,KZ316010002021466964,,,2025-02-07,False,False,False,18520.0,True
07.02.2025,07.02.2025,Поступление перевода,3670.0,KZT,3670.0,0.0,0.0,KZ316010002021466964,,,2025-02-07,False,False,False,3670.0,True
07.02.2025,07.02.2025,Поступление перевода,6850.0,KZT,6850.0,0.0,0.0,KZ316010002021466964,,,2025-02-07,False,False,False,6850.0,True
09.02.2025,09.02.2025,Поступление перевода,1100.0,KZT,1100.0,0.0,0.0,KZ316010002021466964,,,2025-02-09,False,False,False,1100.0,True
09.02.2025,09.02.2025,Поступление перевода,1635.0,KZT,1635.0,0.0,0.0,KZ316010002021466964,,,2025-02-09,False,False,False,1635.0,True
10.02.2025,10.02.2025,Поступление перевода,2030.0,KZT,2030.0,0.0,0.0,KZ316010002021466964,,,2025-02-10,False,False,False,2030.0,True
10.02.2025,10.02.2025,Поступление перевода,2500.0,KZT,2500.0,0.0,0.0,KZ316010002021466964,,,2025-02-10,False,False,False,2500.0,True
11.02.2025,11.02.2025,Поступление перевода,11290.0,KZT,11290.0,0.0,0.0,KZ316010002021466964,,,2025-02-11,False,False,False,11290.0,True
11.02.2025,11.02.2025,Поступление перевода,1810.0,KZT,1810.0,0.0,0.0,KZ316010002021466964,,,2025-02-11,False,False,False,1810.0,True
11.02.2025,11.02.2025,Поступление перевода,10730.0,KZT,10730.0,0.0,0.0,KZ316010002021466964,,,2025-02-11,False,False,False,10730.0,True
12.02.2025,12.02.2025,Поступление перевода,33425.0,KZT,33425.0,0.0,0.0,KZ316010002021466964,,,2025-02-12,False,False,False,33425.0,True
12.02.2025,12.02.2025,Поступление перевода,7930.0,KZT,7930.0,0.0,0.0,KZ316010002021466964,,,2025-02-12,False,False,False,7930.0,True
13.02.2025,13.02.2025,Перевод на другую карту,-140500.0,KZT,0.0,-140700.0,0.0,440563******5838,,,2025-02-13,False,False,False,0.0,False
14.02.2025,14.02.2025,Перевод на другую карту,-250000.0,KZT,0.0,-250000.0,0.0,KZ316010002021466964,,,2025-02-14,False,False,False,0.0,False
14.02.2025,14.02.2025,Поступление перевода,4660.0,KZT,4660.0,0.0,0.0,KZ316010002021466964,,,2025-02-14,False,False,False,4660.0,True
15.02.2025,15.02.2025,Поступление перевода,1800.0,KZT,1800.0,0.0,0.0,KZ316010002021466964,,,2025-02-15,False,False,False,1800.0,True
16.02.2025,16.02.2025,Поступление перевода,2505.0,KZT,2505.0,0.0,0.0,KZ316010002021466964,,,2025-02-16,False,False,False,2505.0,True
17.02.2025,17.02.2025,Поступление перевода,2000.0,KZT,2000.0,0.0,0.0,KZ316010002021466964,,,2025-02-17,False,False,False,2000.0,True
19.02.2025,19.02.2025,Поступление перевода,17000.0,KZT,17000.0,0.0,0.0,KZ316010002021466964,,,2025-02-19,False,False,False,17000.0,True
19.02.2025,19.02.2025,Операция оплаты у,-20750.0,KZT,0.0,-20750.0,0.0,KZ316010002021466964,,,2025-02-19,False,False,False,0.0,False
20.02.2025,20.02.2025,коммерсанта MAIKA SHOP Перевод на другую карту,-127000.0,KZT,0.0,-127200.0,0.0,440563******5838,,,2025-02-20,False,False,False,0.0,False
21.02.2025,21.02.2025,Перевод на другую карту,-300000.0,KZT,0.0,-300200.0,0.0,440563******5838,,,2025-02-21,False,False,False,0.0,False
21.02.2025,21.02.2025,Перевод на другую карту,-100000.0,KZT,0.0,-100200.0,0.0,440563******5838,,,2025-02-21,False,False,False,0.0,False
21.02.2025,21.02.2025,Перевод на другую карту,-500000.0,KZT,0.0,-500200.0,0.0,440563******5838,,,2025-02-21,False,False,False,0.0,False
22.02.2025,22.02.2025,Поступление перевода,2100.0,KZT,2100.0,0.0,0.0,KZ316010002021466964,,,2025-02-22,False,False,False,2100.0,True
22.02.2025,22.02.2025,Поступление перевода,3100.0,KZT,3100.0,0.0,0.0,KZ316010002021466964,,,2025-02-22,False,False,False,3100.0,True
22.02.2025,22.02.2025,Поступление перевода,3550.0,KZT,3550.0,0.0,0.0,KZ316010002021466964,,,2025-02-22,False,False,False,3550.0,True
23.02.2025,23.02.2025,Поступление перевода,2250.0,KZT,2250.0,0.0,0.0,KZ316010002021466964,,,2025-02-23,False,False,False,2250.0,True
24.02.2025,24.02.2025,Поступление перевода,1100.0,KZT,1100.0,0.0,0.0,KZ316010002021466964,,,2025-02-24,False,False,False,1100.0,True
25.02.2025,25.02.2025,Поступление перевода,55300.0,KZT,55300.0,0.0,0.0,KZ316010002021466964,,,2025-02-25,False,False,False,55300.0,True
25.02.2025,25.02.2025,Поступление перевода,27010.0,KZT,27010.0,0.0,0.0,KZ316010002021466964,,,2025-02-25,False,False,False,27010.0,True
25.02.2025,25.02.2025,Поступление перевода,600.0,KZT,600.0,0.0,0.0,KZ316010002021466964,,,2025-02-25,False,False,False,600.0,True
25.02.2025,25.02.2025,Поступление перевода,4015.0,KZT,4015.0,0.0,0.0,KZ316010002021466964,,,2025-02-25,False,False,False,4015.0,True
26.02.2025,26.02.2025,Поступление перевода,4800.0,KZT,4800.0,0.0,0.0,KZ316010002021466964,,,2025-02-26,False,False,False,4800.0,True
27.02.2025,27.02.2025,Поступление перевода,6150.0,KZT,6150.0,0.0,0.0,KZ316010002021466964,,,2025-02-27,False,False,False,6150.0,True
27.02.2025,27.02.2025,Поступление перевода,14820.0,KZT,14820.0,0.0,0.0,KZ316010002021466964,,,2025-02-27,False,False,False,14820.0,True
27.02.2025,27.02.2025,Перевод на другую карту,-315000.0,KZT,0.0,-315000.0,0.0,KZ316010002021466964,,,2025-02-27,False,False,False,0.0,False
28.02.2025,28.02.2025,Поступление перевода,30000.0,KZT,30000.0,0.0,0.0,KZ316010002021466964,,,2025-02-28,False,False,False,30000.0,True
28.02.2025,28.02.2025,Перевод на другую карту,-350000.0,KZT,0.0,-350000.0,0.0,KZ316010002021466964,,,2025-02-28,False,False,False,0.0,False
28.02.2025,28.02.2025,Поступление перевода,2275.0,KZT,2275.0,0.0,0.0,KZ316010002021466964,,,2025-02-28,False,False,False,2275.0,True
01.03.2025,01.03.2025,Поступление перевода,16030.0,KZT,16030.0,0.0,0.0,KZ316010002021466964,,,2025-03-01,False,False,False,16030.0,True
01.03.2025,01.03.2025,Поступление перевода,3950.0,KZT,3950.0,0.0,0.0,KZ316010002021466964,,,2025-03-01,False,False,False,3950.0,True
01.03.2025,01.03.2025,Поступление перевода,23943.0,KZT,23943.0,0.0,0.0,KZ316010002021466964,,,2025-03-01,False,False,False,23943.0,True
03.03.2025,03.03.2025,Операция оплаты у,-1150.0,KZT,0.0,-1150.0,0.0,KZ316010002021466964,,,2025-03-03,False,False,False,0.0,False
04.03.2025,04.03.2025,коммерсанта NUR Снятие денег через банкомат TP HALYK,-150000.0,KZT,0.0,-150000.0,0.0,440563******5838,,,2025-03-04,False,True,True,0.0,False
04.03.2025,04.03.2025,MART Снятие денег через банкомат TP HALYK,-150000.0,KZT,0.0,-150000.0,0.0,440563******5838,,,2025-03-04,False,True,True,0.0,False
05.03.2025,05.03.2025,MART обслуживание карточки Regular Charge Поступление перевода,8570.0,KZT,8570.0,0.0,0.0,KZ316010002021466964,,,2025-03-05,False,False,False,8570.0,True
05.03.2025,05.03.2025,Поступление перевода,6550.0,KZT,6550.0,0.0,0.0,KZ316010002021466964,,,2025-03-05,False,False,False,6550.0,True
05.03.2025,05.03.2025,Поступление перевода,4690.0,KZT,4690.0,0.0,0.0,KZ316010002021466964,,,2025-03-05,False,False,False,4690.0,True
07.03.2025,07.03.2025,Поступление перевода,3000.0,KZT,3000.0,0.0,0.0,KZ316010002021466964,,,2025-03-07,False,False,False,3000.0,True
07.03.2025,07.03.2025,Поступление перевода,10000.0,KZT,10000.0,0.0,0.0,KZ316010002021466964,,,2025-03-07,False,False,False,10000.0,True
07.03.2025,07.03.2025,Поступление перевода,6650.0,KZT,6650.0,0.0,0.0,KZ316010002021466964,,,2025-03-07,False,False,False,6650.0,True
07.03.2025,07.03.2025,Поступление перевода,3055.0,KZT,3055.0,0.0,0.0,KZ316010002021466964,,,2025-03-07,False,False,False,3055.0,True
08.03.2025,08.03.2025,Поступление перевода,1100.0,KZT,1100.0,0.0,0.0,KZ316010002021466964,,,2025-03-08,False,False,False,1100.0,True
08.03.2025,08.03.2025,Поступление перевода,12225.0,KZT,12225.0,0.0,0.0,KZ316010002021466964,,,2025-03-08,False,False,False,12225.0,True
08.03.2025,08.03.2025,Поступление перевода,1700.0,KZT,1700.0,0.0,0.0,KZ316010002021466964,,,2025-03-08,False,False,False,1700.0,True
08.03.2025,08.03.2025,Поступление перевода,3950.0,KZT,3950.0,0.0,0.0,KZ316010002021466964,,,2025-03-08,False,False,False,3950.0,True
08.03.2025,08.03.2025,Поступление перевода,3000.0,KZT,3000.0,0.0,0.0,KZ316010002021466964,,,2025-03-08,False,False,False,3000.0,True
08.03.2025,08.03.2025,Поступление перевода,4150.0,KZT,4150.0,0.0,0.0,KZ316010002021466964,,,2025-03-08,False,False,False,4150.0,True
09.03.2025,09.03.2025,Поступление перевода,17360.0,KZT,17360.0,0.0,0.0,KZ316010002021466964,,,2025-03-09,False,False,False,17360.0,True
09.03.2025,09.03.2025,Поступление перевода,71000.0,KZT,71000.0,0.0,0.0,KZ316010002021466964,,,2025-03-09,False,False,False,71000.0,True
09.03.2025,09.03.2025,Поступление перевода,1750.0,KZT,1750.0,0.0,0.0,KZ316010002021466964,,,2025-03-09,False,False,False,1750.0,True
09.03.2025,09.03.2025,Поступление перевода,2685.0,KZT,2685.0,0.0,0.0,KZ316010002021466964,,,2025-03-09,False,False,False,2685.0,True
10.03.2025,10.03.2025,Перевод на другую карту,-82500.0,KZT,0.0,-82500.0,0.0,KZ316010002021466964,,,2025-03-10,False,False,False,0.0,False
10.03.2025,10.03.2025,Перевод на другую карту,-42200.0,KZT,0.0,-42200.0,0.0,KZ316010002021466964,,,2025-03-10,False,False,False,0.0,False
10.03.2025,10.03.2025,Поступление перевода,9570.0,KZT,9570.0,0.0,0.0,KZ316010002021466964,,,2025-03-10,False,False,False,9570.0,True
11.03.2025,11.03.2025,Перевод на другую карту,-137200.0,KZT,0.0,-137400.0,0.0,440563******5838,,,2025-03-11,False,False,False,0.0,False
11.03.2025,11.03.2025,Поступление перевода,6250.0,KZT,6250.0,0.0,0.0,KZ316010002021466964,,,2025-03-11,False,False,False,6250.0,True
12.03.2025,12.03.2025,Поступление перевода,19225.0,KZT,19225.0,0.0,0.0,KZ316010002021466964,,,2025-03-12,False,False,False,19225.0,True
12.03.2025,12.03.2025,Поступление перевода,6600.0,KZT,6600.0,0.0,0.0,KZ316010002021466964,,,2025-03-12,False,False,False,6600.0,True
12.03.2025,12.03.2025,Поступление перевода,6150.0,KZT,6150.0,0.0,0.0,KZ316010002021466964,,,2025-03-12,False,False,False,6150.0,True
12.03.2025,12.03.2025,Перевод на другую карту,-100000.0,KZT,0.0,-100000.0,0.0,KZ316010002021466964,,,2025-03-12,False,False,False,0.0,False
12.03.2025,12.03.2025,Поступление перевода,2400.0,KZT,2400.0,0.0,0.0,KZ316010002021466964,,,2025-03-12,False,False,False,2400.0,True
12.03.2025,12.03.2025,Поступление перевода,10000.0,KZT,10000.0,0.0,0.0,KZ316010002021466964,,,2025-03-12,False,False,False,10000.0,True
12.03.2025,12.03.2025,Поступление перевода,950000.0,KZT,950000.0,0.0,0.0,KZ316010002021466964,,,2025-03-12,False,False,False,950000.0,True
12.03.2025,12.03.2025,Поступление перевода,150000.0,KZT,150000.0,0.0,0.0,KZ316010002021466964,,,2025-03-12,False,False,False,150000.0,True
13.03.2025,13.03.2025,Поступление перевода,100000.0,KZT,100000.0,0.0,0.0,KZ316010002021466964,,,2025-03-13,False,False,False,100000.0,True
13.03.2025,13.03.2025,Поступление перевода,650.0,KZT,650.0,0.0,0.0,KZ316010002021466964,,,2025-03-13,False,False,False,650.0,True
14.03.2025,14.03.2025,Перевод на другую карту,-120000.0,KZT,0.0,-120000.0,0.0,KZ316010002021466964,,,2025-03-14,False,False,False,0.0,False
14.03.2025,14.03.2025,Перевод на другую карту,-50000.0,KZT,0.0,-50000.0,0.0,KZ316010002021466964,,,2025-03-14,False,False,False,0.0,False
14.03.2025,14.03.2025,Поступление перевода,8855.0,KZT,8855.0,0.0,0.0,KZ316010002021466964,,,2025-03-14,False,False,False,8855.0,True
16.03.2025,16.03.2025,Поступление перевода,5500.0,KZT,5500.0,0.0,0.0,KZ316010002021466964,,,2025-03-16,False,False,False,5500.0,True
16.03.2025,16.03.2025,Перевод на другую карту,-5000.0,KZT,0.0,-5000.0,0.0,KZ316010002021466964,,,2025-03-16,False,False,False,0.0,False
17.03.2025,17.03.2025,Перевод на другую карту,-100000.0,KZT,0.0,-100000.0,0.0,KZ316010002021466964,,,2025-03-17,False,False,False,0.0,False
17.03.2025,17.03.2025,Поступление перевода,1900.0,KZT,1900.0,0.0,0.0,KZ316010002021466964,,,2025-03-17,False,False,False,1900.0,True
17.03.2025,17.03.2025,Поступление перевода,4650.0,KZT,4650.0,0.0,0.0,KZ316010002021466964,,,2025-03-17,False,False,False,4650.0,True
18.03.2025,18.03.2025,Поступление перевода,6150.0,KZT,6150.0,0.0,0.0,KZ316010002021466964,,,2025-03-18,False,False,False,6150.0,True
18.03.2025,18.03.2025,Поступление перевода,885.0,KZT,885.0,0.0,0.0,KZ316010002021466964,,,2025-03-18,False,False,False,885.0,True
19.03.2025,19.03.2025,Поступление перевода,2260.0,KZT,2260.0,0.0,0.0,KZ316010002021466964,,,2025-03-19,False,False,False,2260.0,True
19.03.2025,19.03.2025,Поступление перевода,3300.0,KZT,3300.0,0.0,0.0,KZ316010002021466964,,,2025-03-19,False,False,False,3300.0,True
19.03.2025,19.03.2025,Перевод на другую карту,-140000.0,KZT,0.0,-140000.0,0.0,KZ316010002021466964,,,2025-03-19,False,False,False,0.0,False
22.03.2025,22.03.2025,Поступление перевода,4000.0,KZT,4000.0,0.0,0.0,KZ316010002021466964,,,2025-03-22,False,False,False,4000.0,True
25.03.2025,25.03.2025,Перевод на другую карту,-400000.0,KZT,0.0,-400200.0,0.0,440563******5838,,,2025-03-25,False,False,False,0.0,False
25.03.2025,25.03.2025,Перевод на другую карту,-500000.0,KZT,0.0,-500000.0,0.0,KZ316010002021466964,,,2025-03-25,False,False,False,0.0,False
25.03.2025,25.03.2025,Поступление перевода,3950.0,KZT,3950.0,0.0,0.0,KZ316010002021466964,,,2025-03-25,False,False,False,3950.0,True
28.03.2025,28.03.2025,Поступление перевода,100000.0,KZT,100000.0,0.0,0.0,KZ316010002021466964,,,2025-03-28,False,False,False,100000.0,True
29.03.2025,29.03.2025,Снятие денег через банкомат TP HALYK,-150000.0,KZT,0.0,-150000.0,-1500.0,440563******5838,,,2025-03-29,False,True,True,0.0,False
29.03.2025,29.03.2025,MART Снятие денег через банкомат TP HALYK,-150000.0,KZT,0.0,-150000.0,-1500.0,440563******5838,,,2025-03-29,False,True,True,0.0,False
29.03.2025,29.03.2025,MART Перевод на другую карту,-69995.0,KZT,0.0,-69995.0,0.0,KZ316010002021466964,,,2025-03-29,False,False,False,0.0,False
30.03.2025,30.03.2025,Поступление перевода,3400.0,KZT,3400.0,0.0,0.0,KZ316010002021466964,,,2025-03-30,False,False,False,3400.0,True
31.03.2025,31.03.2025,Поступление перевода,1100.0,KZT,1100.0,0.0,0.0,KZ316010002021466964,,,2025-03-31,False,False,False,1100.0,True
31.03.2025,31.03.2025,Поступление перевода,1450.0,KZT,1450.0,0.0,0.0,KZ316010002021466964,,,2025-03-31,False,False,False,1450.0,True
01.04.2025,01.04.2025,Поступление перевода,25350.0,KZT,25350.0,0.0,0.0,KZ316010002021466964,,,2025-04-01,False,False,False,25350.0,True
01.04.2025,01.04.2025,Поступление перевода,30000.0,KZT,30000.0,0.0,0.0,KZ316010002021466964,,,2025-04-01,False,False,False,30000.0,True
01.04.2025,01.04.2025,Перевод на другую карту,-20000.0,KZT,0.0,-20000.0,0.0,KZ316010002021466964,,,2025-04-01,False,False,False,0.0,False
01.04.2025,01.04.2025,Поступление перевода,7670.0,KZT,7670.0,0.0,0.0,KZ316010002021466964,,,2025-04-01,False,False,False,7670.0,True
01.04.2025,01.04.2025,Поступление перевода,4695.0,KZT,4695.0,0.0,0.0,KZ316010002021466964,,,2025-04-01,False,False,False,4695.0,True
02.04.2025,02.04.2025,Поступление перевода,8755.0,KZT,8755.0,0.0,0.0,KZ316010002021466964,,,2025-04-02,False,False,False,8755.0,True
03.04.2025,03.04.2025,Поступление перевода,1310.0,KZT,1310.0,0.0,0.0,KZ316010002021466964,,,2025-04-03,False,False,False,1310.0,True
04.04.2025,04.04.2025,Поступление перевода,3300.0,KZT,3300.0,0.0,0.0,KZ316010002021466964,,,2025-04-04,False,False,False,3300.0,True
05.04.2025,05.04.2025,обслуживание карточки Regular Charge Поступление перевода,2200.0,KZT,2200.0,0.0,0.0,KZ316010002021466964,,,2025-04-05,False,False,False,2200.0,True
06.04.2025,06.04.2025,Перевод на другую карту,-137000.0,KZT,0.0,-137200.0,0.0,440563******5838,,,2025-04-06,False,False,False,0.0,False
08.04.2025,08.04.2025,Поступление перевода,4637.0,KZT,4637.0,0.0,0.0,KZ316010002021466964,,,2025-04-08,False,False,False,4637.0,True
09.04.2025,09.04.2025,Поступление перевода,900.0,KZT,900.0,0.0,0.0,KZ316010002021466964,,,2025-04-09,False,False,False,900.0,True
09.04.2025,09.04.2025,Перевод на другую карту,-60000.0,KZT,0.0,-60000.0,0.0,KZ316010002021466964,,,2025-04-09,False,False,False,0.0,False
09.04.2025,09.04.2025,Перевод на другую карту,-98000.0,KZT,0.0,-98200.0,0.0,440563******5838,,,2025-04-09,False,False,False,0.0,False
09.04.2025,09.04.2025,Поступление перевода,21455.0,KZT,21455.0,0.0,0.0,KZ316010002021466964,,,2025-04-09,False,False,False,21455.0,True
09.04.2025,09.04.2025,Поступление перевода,31800.0,KZT,31800.0,0.0,0.0,KZ316010002021466964,,,2025-04-09,False,False,False,31800.0,True
09.04.2025,09.04.2025,Поступление перевода,5025.0,KZT,5025.0,0.0,0.0,KZ316010002021466964,,,2025-04-09,False,False,False,5025.0,True
09.04.2025,09.04.2025,Поступление перевода,2430.0,KZT,2430.0,0.0,0.0,KZ316010002021466964,,,2025-04-09,False,False,False,2430.0,True
10.04.2025,10.04.2025,Поступление перевода,18310.0,KZT,18310.0,0.0,0.0,KZ316010002021466964,,,2025-04-10,False,False,False,18310.0,True
10.04.2025,10.04.2025,Поступление перевода,25000.0,KZT,25000.0,0.0,0.0,KZ316010002021466964,,,2025-04-10,False,False,False,25000.0,True
10.04.2025,10.04.2025,Поступление перевода,59580.0,KZT,59580.0,0.0,0.0,KZ316010002021466964,,,2025-04-10,False,False,False,59580.0,True
10.04.2025,10.04.2025,Поступление перевода,23165.0,KZT,23165.0,0.0,0.0,KZ316010002021466964,,,2025-04-10,False,False,False,23165.0,True
11.04.2025,11.04.2025,Поступление перевода,3400.0,KZT,3400.0,0.0,0.0,KZ316010002021466964,,,2025-04-11,False,False,False,3400.0,True
11.04.2025,11.04.2025,Поступление перевода,2600.0,KZT,2600.0,0.0,0.0,KZ316010002021466964,,,2025-04-11,False,False,False,2600.0,True
11.04.2025,11.04.2025,Поступление перевода,26965.0,KZT,26965.0,0.0,0.0,KZ316010002021466964,,,2025-04-11,False,False,False,26965.0,True
11.04.2025,11.04.2025,Поступление перевода,15480.0,KZT,15480.0,0.0,0.0,KZ316010002021466964,,,2025-04-11,False,False,False,15480.0,True
12.04.2025,12.04.2025,Поступление перевода,2960.0,KZT,2960.0,0.0,0.0,KZ316010002021466964,,,2025-04-12,False,False,False,2960.0,True
13.04.2025,13.04.2025,Поступление перевода,18680.0,KZT,18680.0,0.0,0.0,KZ316010002021466964,,,2025-04-13,False,False,False,18680.0,True
13.04.2025,13.04.2025,Поступление перевода,1350.0,KZT,1350.0,0.0,0.0,KZ316010002021466964,,,2025-04-13,False,False,False,1350.0,True
14.04.2025,14.04.2025,Поступление перевода,10000.0,KZT,10000.0,0.0,0.0,KZ316010002021466964,,,2025-04-14,False,False,False,10000.0,True
16.04.2025,16.04.2025,Перевод на другую карту,-264000.0,KZT,0.0,-264000.0,0.0,KZ316010002021466964,,,2025-04-16,False,False,False,0.0,False
16.04.2025,18.04.2025,Операция оплаты у,-31000.0,KZT,0.0,-31000.0,0.0,440563******5838,,,2025-04-16,False,False,False,0.0,False
21.04.2025,21.04.2025,коммерсанта IP KONYRHANOV A.A. Поступление перевода,8675.0,KZT,8675.0,0.0,0.0,KZ316010002021466964,,,2025-04-21,False,False,False,8675.0,True
21.04.2025,21.04.2025,Поступление перевода,2000.0,KZT,2000.0,0.0,0.0,KZ316010002021466964,,,2025-04-21,False,False,False,2000.0,True
21.04.2025,21.04.2025,Поступление перевода,1310.0,KZT,1310.0,0.0,0.0,KZ316010002021466964,,,2025-04-21,False,False,False,1310.0,True
22.04.2025,22.04.2025,Поступление перевода,3450.0,KZT,3450.0,0.0,0.0,KZ316010002021466964,,,2025-04-22,False,False,False,3450.0,True
23.04.2025,23.04.2025,Перевод на другую карту,-15900.0,KZT,0.0,-16100.0,0.0,440563******5838,,,2025-04-23,False,False,False,0.0,False
25.04.2025,25.04.2025,Поступление перевода,9960.0,KZT,9960.0,0.0,0.0,KZ316010002021466964,,,2025-04-25,False,False,False,9960.0,True
25.04.2025,25.04.2025,Поступление перевода,7328.0,KZT,7328.0,0.0,0.0,KZ316010002021466964,,,2025-04-25,False,False,False,7328.0,True
25.04.2025,25.04.2025,Поступление перевода,500.0,KZT,500.0,0.0,0.0,KZ316010002021466964,,,2025-04-25,False,False,False,500.0,True
25.04.2025,25.04.2025,Поступление перевода,3000.0,KZT,3000.0,0.0,0.0,KZ316010002021466964,,,2025-04-25,False,False,False,3000.0,True
25.04.2025,25.04.2025,Поступление перевода,2250.0,KZT,2250.0,0.0,0.0,KZ316010002021466964,,,2025-04-25,False,False,False,2250.0,True
27.04.2025,27.04.2025,Поступление перевода,4300.0,KZT,4300.0,0.0,0.0,KZ316010002021466964,,,2025-04-27,False,False,False,4300.0,True
28.04.2025,28.04.2025,Перевод на другую карту,-23750.0,KZT,0.0,-23750.0,0.0,KZ316010002021466964,,,2025-04-28,False,False,False,0.0,False
29.04.2025,29.04.2025,Поступление перевода,600.0,KZT,600.0,0.0,0.0,KZ316010002021466964,,,2025-04-29,False,False,False,600.0,True
29.04.2025,29.04.2025,Поступление перевода,4100.0,KZT,4100.0,0.0,0.0,KZ316010002021466964,,,2025-04-29,False,False,False,4100.0,True
29.04.2025,29.04.2025,Поступление перевода,20208.0,KZT,20208.0,0.0,0.0,KZ316010002021466964,,,2025-04-29,False,False,False,20208.0,True
29.04.2025,29.04.2025,Поступление перевода,90000.0,KZT,90000.0,0.0,0.0,KZ316010002021466964,,,2025-04-29,False,False,False,90000.0,True
30.04.2025,30.04.2025,Поступление перевода,1200.0,KZT,1200.0,0.0,0.0,KZ316010002021466964,,,2025-04-30,False,False,False,1200.0,True
01.05.2025,01.05.2025,Поступление перевода,25454.0,KZT,25454.0,0.0,0.0,KZ316010002021466964,,,2025-05-01,False,False,False,25454.0,True
01.05.2025,01.05.2025,Поступление перевода,8310.0,KZT,8310.0,0.0,0.0,KZ316010002021466964,,,2025-05-01,False,False,False,8310.0,True
01.05.2025,01.05.2025,Поступление перевода,2550.0,KZT,2550.0,0.0,0.0,KZ316010002021466964,,,2025-05-01,False,False,False,2550.0,True
01.05.2025,01.05.2025,Поступление перевода,1000.0,KZT,1000.0,0.0,0.0,KZ316010002021466964,,,2025-05-01,False,False,False,1000.0,True
02.05.2025,02.05.2025,Поступление перевода,28150.0,KZT,28150.0,0.0,0.0,KZ316010002021466964,,,2025-05-02,False,False,False,28150.0,True
02.05.2025,02.05.2025,Поступление перевода,15000.0,KZT,15000.0,0.0,0.0,KZ316010002021466964,,,2025-05-02,False,False,False,15000.0,True
02.05.2025,02.05.2025,Поступление перевода,6650.0,KZT,6650.0,0.0,0.0,KZ316010002021466964,,,2025-05-02,False,False,False,6650.0,True
02.05.2025,02.05.2025,Поступление перевода,1550.0,KZT,1550.0,0.0,0.0,KZ316010002021466964,,,2025-05-02,False,False,False,1550.0,True
02.05.2025,02.05.2025,Поступление перевода,9615.0,KZT,9615.0,0.0,0.0,KZ316010002021466964,,,2025-05-02,False,False,False,9615.0,True
02.05.2025,02.05.2025,Поступление перевода,13080.0,KZT,13080.0,0.0,0.0,KZ316010002021466964,,,2025-05-02,False,False,False,13080.0,True
02.05.2025,02.05.2025,Поступление перевода,450.0,KZT,450.0,0.0,0.0,KZ316010002021466964,,,2025-05-02,False,False,False,450.0,True
03.05.2025,03.05.2025,Перевод на другую карту,-231000.0,KZT,0.0,-231200.0,0.0,440563******5838,,,2025-05-03,False,False,False,0.0,False
04.05.2025,04.05.2025,Поступление перевода,1000.0,KZT,1000.0,0.0,0.0,KZ316010002021466964,,,2025-05-04,False,False,False,1000.0,True
05.05.2025,05.05.2025,обслуживание карточки Regular Charge Поступление перевода,700.0,KZT,700.0,0.0,0.0,KZ316010002021466964,,,2025-05-05,False,False,False,700.0,True
06.05.2025,06.05.2025,Поступление перевода,2100.0,KZT,2100.0,0.0,0.0,KZ316010002021466964,,,2025-05-06,False,False,False,2100.0,True
06.05.2025,06.05.2025,Поступление перевода,11825.0,KZT,11825.0,0.0,0.0,KZ316010002021466964,,,2025-05-06,False,False,False,11825.0,True
06.05.2025,06.05.2025,Поступление перевода,11000.0,KZT,11000.0,0.0,0.0,440563******5838,,,2025-05-06,False,False,False,11000.0,True
06.05.2025,06.05.2025,Поступление перевода,1850.0,KZT,1850.0,0.0,0.0,KZ316010002021466964,,,2025-05-06,False,False,False,1850.0,True
06.05.2025,06.05.2025,Поступление перевода,10580.0,KZT,10580.0,0.0,0.0,KZ316010002021466964,,,2025-05-06,False,False,False,10580.0,True
06.05.2025,06.05.2025,Поступление перевода,7020.0,KZT,7020.0,0.0,0.0,KZ316010002021466964,,,2025-05-06,False,False,False,7020.0,True
07.05.2025,07.05.2025,Поступление перевода,2600.0,KZT,2600.0,0.0,0.0,KZ316010002021466964,,,2025-05-07,False,False,False,2600.0,True
07.05.2025,07.05.2025,Поступление перевода,2450.0,KZT,2450.0,0.0,0.0,KZ316010002021466964,,,2025-05-07,False,False,False,2450.0,True
07.05.2025,07.05.2025,Поступление перевода,2450.0,KZT,2450.0,0.0,0.0,KZ316010002021466964,,,2025-05-07,False,False,False,2450.0,True
07.05.2025,07.05.2025,Поступление перевода,25225.0,KZT,25225.0,0.0,0.0,KZ316010002021466964,,,2025-05-07,False,False,False,25225.0,True
07.05.2025,07.05.2025,Поступление перевода,20970.0,KZT,20970.0,0.0,0.0,KZ316010002021466964,,,2025-05-07,False,False,False,20970.0,True
08.05.2025,08.05.2025,Поступление перевода,15000.0,KZT,15000.0,0.0,0.0,KZ316010002021466964,,,2025-05-08,False,False,False,15000.0,True
08.05.2025,08.05.2025,Перевод на другую карту,-114700.0,KZT,0.0,-114900.0,0.0,440563******5838,,,2025-05-08,False,False,False,0.0,False
12.05.2025,12.05.2025,Поступление перевода,20000.0,KZT,20000.0,0.0,0.0,KZ316010002021466964,,,2025-05-12,False,False,False,20000.0,True
13.05.2025,13.05.2025,Перевод на другую карту,-19000.0,KZT,0.0,-19200.0,0.0,440563******5838,,,2025-05-13,False,False,False,0.0,False
14.05.2025,14.05.2025,Поступление перевода,13920.0,KZT,13920.0,0.0,0.0,KZ316010002021466964,,,2025-05-14,False,False,False,13920.0,True
14.05.2025,14.05.2025,Поступление перевода,650.0,KZT,650.0,0.0,0.0,KZ316010002021466964,,,2025-05-14,False,False,False,650.0,True
14.05.2025,14.05.2025,Поступление перевода,3240.0,KZT,3240.0,0.0,0.0,KZ316010002021466964,,,2025-05-14,False,False,False,3240.0,True
14.05.2025,14.05.2025,Поступление перевода,20000.0,KZT,20000.0,0.0,0.0,KZ316010002021466964,,,2025-05-14,False,False,False,20000.0,True
14.05.2025,14.05.2025,Поступление перевода,605.0,KZT,605.0,0.0,0.0,KZ316010002021466964,,,2025-05-14,False,False,False,605.0,True
14.05.2025,14.05.2025,Поступление перевода,2410.0,KZT,2410.0,0.0,0.0,KZ316010002021466964,,,2025-05-14,False,False,False,2410.0,True
14.05.2025,14.05.2025,Поступление перевода,9180.0,KZT,9180.0,0.0,0.0,KZ316010002021466964,,,2025-05-14,False,False,False,9180.0,True
14.05.2025,14.05.2025,Поступление перевода,581.0,KZT,581.0,0.0,0.0,KZ316010002021466964,,,2025-05-14,False,False,False,581.0,True
15.05.2025,15.05.2025,Поступление перевода,3600.0,KZT,3600.0,0.0,0.0,KZ316010002021466964,,,2025-05-15,False,False,False,3600.0,True
15.05.2025,15.05.2025,Поступление перевода,7410.0,KZT,7410.0,0.0,0.0,KZ316010002021466964,,,2025-05-15,False,False,False,7410.0,True
15.05.2025,15.05.2025,Поступление перевода,1800.0,KZT,1800.0,0.0,0.0,KZ316010002021466964,,,2025-05-15,False,False,False,1800.0,True
15.05.2025,15.05.2025,Перевод на другую карту,-64000.0,KZT,0.0,-64200.0,0.0,440563******5838,,,2025-05-15,False,False,False,0.0,False
15.05.2025,15.05.2025,Поступление перевода,4800.0,KZT,4800.0,0.0,0.0,KZ316010002021466964,,,2025-05-15,False,False,False,4800.0,True
16.05.2025,16.05.2025,Поступление перевода,3515.0,KZT,3515.0,0.0,0.0,KZ316010002021466964,,,2025-05-16,False,False,False,3515.0,True
17.05.2025,17.05.2025,Поступление перевода,80.0,KZT,80.0,0.0,0.0,KZ316010002021466964,,,2025-05-17,False,False,False,80.0,True
17.05.2025,17.05.2025,Поступление перевода,3300.0,KZT,3300.0,0.0,0.0,KZ316010002021466964,,,2025-05-17,False,False,False,3300.0,True
17.05.2025,17.05.2025,Поступление перевода,2000.0,KZT,2000.0,0.0,0.0,KZ316010002021466964,,,2025-05-17,False,False,False,2000.0,True
18.05.2025,18.05.2025,Поступление перевода,1000.0,KZT,1000.0,0.0,0.0,KZ316010002021466964,,,2025-05-18,False,False,False,1000.0,True
18.05.2025,18.05.2025,Поступление перевода,3400.0,KZT,3400.0,0.0,0.0,KZ316010002021466964,,,2025-05-18,False,False,False,3400.0,True
18.05.2025,18.05.2025,Поступление перевода,1200.0,KZT,1200.0,0.0,0.0,KZ316010002021466964,,,2025-05-18,False,False,False,1200.0,True
18.05.2025,18.05.2025,Поступление перевода,10000.0,KZT,10000.0,0.0,0.0,KZ316010002021466964,,,2025-05-18,False,False,False,10000.0,True
18.05.2025,18.05.2025,Поступление перевода,1000.0,KZT,1000.0,0.0,0.0,KZ316010002021466964,,,2025-05-18,False,False,False,1000.0,True
18.05.2025,18.05.2025,Поступление перевода,2650.0,KZT,2650.0,0.0,0.0,KZ316010002021466964,,,2025-05-18,False,False,False,2650.0,True
18.05.2025,18.05.2025,Поступление перевода,1400.0,KZT,1400.0,0.0,0.0,KZ316010002021466964,,,2025-05-18,False,False,False,1400.0,True
19.05.2025,19.05.2025,Поступление перевода,5700.0,KZT,5700.0,0.0,0.0,KZ316010002021466964,,,2025-05-19,False,False,False,5700.0,True
20.05.2025,20.05.2025,Поступление перевода,2000.0,KZT,2000.0,0.0,0.0,KZ316010002021466964,,,2025-05-20,False,False,False,2000.0,True
20.05.2025,20.05.2025,Поступление перевода,6955.0,KZT,6955.0,0.0,0.0,KZ316010002021466964,,,2025-05-20,False,False,False,6955.0,True
20.05.2025,20.05.2025,Поступление перевода,1600.0,KZT,1600.0,0.0,0.0,KZ316010002021466964,,,2025-05-20,False,False,False,1600.0,True
20.05.2025,20.05.2025,Поступление перевода,1000.0,KZT,1000.0,0.0,0.0,KZ316010002021466964,,,2025-05-20,False,False,False,1000.0,True
20.05.2025,20.05.2025,Поступление перевода,4800.0,KZT,4800.0,0.0,0.0,KZ316010002021466964,,,2025-05-20,False,False,False,4800.0,True
21.05.2025,21.05.2025,Поступление перевода,18990.0,KZT,18990.0,0.0,0.0,KZ316010002021466964,,,2025-05-21,False,False,False,18990.0,True
21.05.2025,21.05.2025,Поступление перевода,600.0,KZT,600.0,0.0,0.0,KZ316010002021466964,,,2025-05-21,False,False,False,600.0,True
21.05.2025,21.05.2025,Поступление перевода,2400.0,KZT,2400.0,0.0,0.0,KZ316010002021466964,,,2025-05-21,False,False,False,2400.0,True
21.05.2025,21.05.2025,Поступление перевода,1500.0,KZT,1500.0,0.0,0.0,KZ316010002021466964,,,2025-05-21,False,False,False,1500.0,True
21.05.2025,21.05.2025,Поступление перевода,3600.0,KZT,3600.0,0.0,0.0,KZ316010002021466964,,,2025-05-21,False,False,False,3600.0,True
22.05.2025,22.05.2025,Поступление перевода,2460.0,KZT,2460.0,0.0,0.0,KZ316010002021466964,,,2025-05-22,False,False,False,2460.0,True
22.05.2025,22.05.2025,Поступление перевода,5760.0,KZT,5760.0,0.0,0.0,KZ316010002021466964,,,2025-05-22,False,False,False,5760.0,True
22.05.2025,22.05.2025,Поступление перевода,2100.0,KZT,2100.0,0.0,0.0,KZ316010002021466964,,,2025-05-22,False,False,False,2100.0,True
23.05.2025,23.05.2025,Поступление перевода,3360.0,KZT,3360.0,0.0,0.0,KZ316010002021466964,,,2025-05-23,False,False,False,3360.0,True
23.05.2025,23.05.2025,Поступление перевода,800.0,KZT,800.0,0.0,0.0,KZ316010002021466964,,,2025-05-23,False,False,False,800.0,True
23.05.2025,23.05.2025,Поступление перевода,2950.0,KZT,2950.0,0.0,0.0,KZ316010002021466964,,,2025-05-23,False,False,False,2950.0,True
24.05.2025,24.05.2025,Поступление перевода,800.0,KZT,800.0,0.0,0.0,KZ316010002021466964,,,2025-05-24,False,False,False,800.0,True
24.05.2025,24.05.2025,Поступление перевода,2500.0,KZT,2500.0,0.0,0.0,KZ316010002021466964,,,2025-05-24,False,False,False,2500.0,True
25.05.2025,25.05.2025,Поступление перевода,1200.0,KZT,1200.0,0.0,0.0,KZ316010002021466964,,,2025-05-25,False,False,False,1200.0,True
25.05.2025,25.05.2025,Поступление перевода,25000.0,KZT,25000.0,0.0,0.0,KZ316010002021466964,,,2025-05-25,False,False,False,25000.0,True
25.05.2025,25.05.2025,Поступление перевода,1200.0,KZT,1200.0,0.0,0.0,KZ316010002021466964,,,2025-05-25,False,False,False,1200.0,True
26.05.2025,26.05.2025,Поступление перевода,3950.0,KZT,3950.0,0.0,0.0,KZ316010002021466964,,,2025-05-26,False,False,False,3950.0,True
26.05.2025,26.05.2025,Поступление перевода,3870.0,KZT,3870.0,0.0,0.0,KZ316010002021466964,,,2025-05-26,False,False,False,3870.0,True
26.05.2025,26.05.2025,Поступление перевода,4200.0,KZT,4200.0,0.0,0.0,KZ316010002021466964,,,2025-05-26,False,False,False,4200.0,True
28.05.2025,28.05.2025,Перевод на другую карту,-77800.0,KZT,0.0,-77800.0,0.0,KZ316010002021466964,,,2025-05-28,False,False,False,0.0,False
29.05.2025,29.05.2025,Перевод на другую карту,-65000.0,KZT,0.0,-65200.0,0.0,440563******5838,,,2025-05-29,False,False,False,0.0,False
29.05.2025,29.05.2025,Поступление перевода,12260.0,KZT,12260.0,0.0,0.0,KZ316010002021466964,,,2025-05-29,False,False,False,12260.0,True
01.06.2025,01.06.2025,Поступление перевода,3150.0,KZT,3150.0,0.0,0.0,KZ316010002021466964,,,2025-06-01,False,False,False,3150.0,True
01.06.2025,01.06.2025,Поступление перевода,600.0,KZT,600.0,0.0,0.0,KZ316010002021466964,,,2025-06-01,False,False,False,600.0,True
01.06.2025,01.06.2025,Поступление перевода,600.0,KZT,600.0,0.0,0.0,KZ316010002021466964,,,2025-06-01,False,False,False,600.0,True
01.06.2025,01.06.2025,Поступление перевода,200.0,KZT,200.0,0.0,0.0,KZ316010002021466964,,,2025-06-01,False,False,False,200.0,True
02.06.2025,02.06.2025,Поступление перевода,2150.0,KZT,2150.0,0.0,0.0,KZ316010002021466964,,,2025-06-02,False,False,False,2150.0,True
02.06.2025,02.06.2025,Поступление перевода,44840.0,KZT,44840.0,0.0,0.0,KZ316010002021466964,,,2025-06-02,False,False,False,44840.0,True
02.06.2025,02.06.2025,Поступление перевода,17000.0,KZT,17000.0,0.0,0.0,KZ316010002021466964,,,2025-06-02,False,False,False,17000.0,True
02.06.2025,02.06.2025,Поступление перевода,40100.0,KZT,40100.0,0.0,0.0,KZ316010002021466964,,,2025-06-02,False,False,False,40100.0,True
02.06.2025,02.06.2025,Поступление перевода,2865.0,KZT,2865.0,0.0,0.0,KZ316010002021466964,,,2025-06-02,False,False,False,2865.0,True
02.06.2025,02.06.2025,Поступление перевода,300.0,KZT,300.0,0.0,0.0,KZ316010002021466964,,,2025-06-02,False,False,False,300.0,True
02.06.2025,02.06.2025,Поступление перевода,6500.0,KZT,6500.0,0.0,0.0,KZ316010002021466964,,,2025-06-02,False,False,False,6500.0,True
02.06.2025,02.06.2025,Поступление перевода,2560.0,KZT,2560.0,0.0,0.0,KZ316010002021466964,,,2025-06-02,False,False,False,2560.0,True
02.06.2025,02.06.2025,Поступление перевода,5985.0,KZT,5985.0,0.0,0.0,KZ316010002021466964,,,2025-06-02,False,False,False,5985.0,True
02.06.2025,02.06.2025,Поступление перевода,1600.0,KZT,1600.0,0.0,0.0,KZ316010002021466964,,,2025-06-02,False,False,False,1600.0,True
03.06.2025,03.06.2025,Поступление перевода,600.0,KZT,600.0,0.0,0.0,KZ316010002021466964,,,2025-06-03,False,False,False,600.0,True
03.06.2025,03.06.2025,Поступление перевода,590.0,KZT,590.0,0.0,0.0,KZ316010002021466964,,,2025-06-03,False,False,False,590.0,True
03.06.2025,03.06.2025,Поступление перевода,13455.0,KZT,13455.0,0.0,0.0,KZ316010002021466964,,,2025-06-03,False,False,False,13455.0,True
03.06.2025,03.06.2025,Поступление перевода,5770.0,KZT,5770.0,0.0,0.0,KZ316010002021466964,,,2025-06-03,False,False,False,5770.0,True
03.06.2025,03.06.2025,Поступление перевода,1250.0,KZT,1250.0,0.0,0.0,KZ316010002021466964,,,2025-06-03,False,False,False,1250.0,True
03.06.2025,03.06.2025,Поступление перевода,2400.0,KZT,2400.0,0.0,0.0,KZ316010002021466964,,,2025-06-03,False,False,False,2400.0,True
04.06.2025,04.06.2025,Перевод на другую карту,-38500.0,KZT,0.0,-38500.0,0.0,KZ316010002021466964,,,2025-06-04,False,False,False,0.0,False
04.06.2025,04.06.2025,Поступление перевода,22205.0,KZT,22205.0,0.0,0.0,KZ316010002021466964,,,2025-06-04,False,False,False,22205.0,True
04.06.2025,04.06.2025,Поступление перевода,2000.0,KZT,2000.0,0.0,0.0,KZ316010002021466964,,,2025-06-04,False,False,False,2000.0,True
04.06.2025,04.06.2025,Поступление перевода,4400.0,KZT,4400.0,0.0,0.0,KZ316010002021466964,,,2025-06-04,False,False,False,4400.0,True
04.06.2025,04.06.2025,Поступление перевода,1300.0,KZT,1300.0,0.0,0.0,KZ316010002021466964,,,2025-06-04,False,False,False,1300.0,True
04.06.2025,04.06.2025,Поступление перевода,4700.0,KZT,4700.0,0.0,0.0,KZ316010002021466964,,,2025-06-04,False,False,False,4700.0,True
05.06.2025,05.06.2025,обслуживание карточки Regular Charge Перевод на другую карту,-137000.0,KZT,0.0,-137200.0,0.0,440563******5838,,,2025-06-05,False,False,False,0.0,False
06.06.2025,06.06.2025,Поступление перевода,15195.0,KZT,15195.0,0.0,0.0,KZ316010002021466964,,,2025-06-06,False,False,False,15195.0,True
06.06.2025,06.06.2025,Поступление перевода,2500.0,KZT,2500.0,0.0,0.0,KZ316010002021466964,,,2025-06-06,False,False,False,2500.0,True
07.06.2025,07.06.2025,Поступление перевода,1000.0,KZT,1000.0,0.0,0.0,440563******5838,,,2025-06-07,False,False,False,1000.0,True
07.06.2025,07.06.2025,Поступление перевода,1400.0,KZT,1400.0,0.0,0.0,440563******5838,,,2025-06-07,False,False,False,1400.0,True
07.06.2025,07.06.2025,Поступление перевода,4030.0,KZT,4030.0,0.0,0.0,KZ316010002021466964,,,2025-06-07,False,False,False,4030.0,True
07.06.2025,07.06.2025,Поступление перевода,550.0,KZT,550.0,0.0,0.0,KZ316010002021466964,,,2025-06-07,False,False,False,550.0,True
08.06.2025,08.06.2025,Поступление перевода,1165.0,KZT,1165.0,0.0,0.0,KZ316010002021466964,,,2025-06-08,False,False,False,1165.0,True
08.06.2025,08.06.2025,Поступление перевода,2650.0,KZT,2650.0,0.0,0.0,KZ316010002021466964,,,2025-06-08,False,False,False,2650.0,True
08.06.2025,08.06.2025,Поступление перевода,6105.0,KZT,6105.0,0.0,0.0,KZ316010002021466964,,,2025-06-08,False,False,False,6105.0,True
09.06.2025,09.06.2025,Перевод на другую карту,-58000.0,KZT,0.0,-58200.0,0.0,440563******5838,,,2025-06-09,False,False,False,0.0,False
09.06.2025,09.06.2025,Поступление перевода,1100.0,KZT,1100.0,0.0,0.0,KZ316010002021466964,,,2025-06-09,False,False,False,1100.0,True
09.06.2025,09.06.2025,Поступление перевода,600.0,KZT,600.0,0.0,0.0,KZ316010002021466964,,,2025-06-09,False,False,False,600.0,True
09.06.2025,09.06.2025,Поступление перевода,2150.0,KZT,2150.0,0.0,0.0,KZ316010002021466964,,,2025-06-09,False,False,False,2150.0,True
09.06.2025,09.06.2025,Поступление перевода,3950.0,KZT,3950.0,0.0,0.0,KZ316010002021466964,,,2025-06-09,False,False,False,3950.0,True
09.06.2025,09.06.2025,Поступление перевода,15400.0,KZT,15400.0,0.0,0.0,KZ316010002021466964,,,2025-06-09,False,False,False,15400.0,True
10.06.2025,10.06.2025,Поступление перевода,1100.0,KZT,1100.0,0.0,0.0,KZ316010002021466964,,,2025-06-10,False,False,False,1100.0,True
10.06.2025,10.06.2025,Поступление перевода,7275.0,KZT,7275.0,0.0,0.0,KZ316010002021466964,,,2025-06-10,False,False,False,7275.0,True
10.06.2025,10.06.2025,Поступление перевода,20000.0,KZT,20000.0,0.0,0.0,KZ316010002021466964,,,2025-06-10,False,False,False,20000.0,True
10.06.2025,10.06.2025,Поступление перевода,11450.0,KZT,11450.0,0.0,0.0,KZ316010002021466964,,,2025-06-10,False,False,False,11450.0,True
10.06.2025,10.06.2025,Поступление перевода,3910.0,KZT,3910.0,0.0,0.0,KZ316010002021466964,,,2025-06-10,False,False,False,3910.0,True
10.06.2025,10.06.2025,Поступление перевода,3600.0,KZT,3600.0,0.0,0.0,KZ316010002021466964,,,2025-06-10,False,False,False,3600.0,True
11.06.2025,11.06.2025,Поступление перевода,10000.0,KZT,10000.0,0.0,0.0,KZ316010002021466964,,,2025-06-11,False,False,False,10000.0,True
12.06.2025,12.06.2025,Перевод на другую карту,-27800.0,KZT,0.0,-27800.0,0.0,KZ316010002021466964,,,2025-06-12,False,False,False,0.0,False
13.06.2025,13.06.2025,Поступление перевода,11030.0,KZT,11030.0,0.0,0.0,KZ316010002021466964,,,2025-06-13,False,False,False,11030.0,True
13.06.2025,13.06.2025,Поступление перевода,5735.0,KZT,5735.0,0.0,0.0,KZ316010002021466964,,,2025-06-13,False,False,False,5735.0,True
13.06.2025,13.06.2025,Перевод на другую карту,-2000.0,KZT,0.0,-2000.0,0.0,KZ316010002021466964,,,2025-06-13,False,False,False,0.0,False
13.06.2025,13.06.2025,Поступление перевода,4300.0,KZT,4300.0,0.0,0.0,KZ316010002021466964,,,2025-06-13,False,False,False,4300.0,True
14.06.2025,14.06.2025,Перевод на другую карту,-72000.0,KZT,0.0,-72200.0,0.0,440563******5838,,,2025-06-14,False,False,False,0.0,False
14.06.2025,14.06.2025,Поступление перевода,4900.0,KZT,4900.0,0.0,0.0,KZ316010002021466964,,,2025-06-14,False,False,False,4900.0,True
14.06.2025,14.06.2025,Поступление перевода,800.0,KZT,800.0,0.0,0.0,KZ316010002021466964,,,2025-06-14,False,False,False,800.0,True
14.06.2025,14.06.2025,Поступление перевода,2500.0,KZT,2500.0,0.0,0.0,KZ316010002021466964,,,2025-06-14,False,False,False,2500.0,True
14.06.2025,14.06.2025,Поступление перевода,1850.0,KZT,1850.0,0.0,0.0,KZ316010002021466964,,,2025-06-14,False,False,False,1850.0,True
15.06.2025,15.06.2025,Поступление перевода,2580.0,KZT,2580.0,0.0,0.0,KZ316010002021466964,,,2025-06-15,False,False,False,2580.0,True
16.06.2025,16.06.2025,Поступление перевода,4900.0,KZT,4900.0,0.0,0.0,KZ316010002021466964,,,2025-06-16,False,False,False,4900.0,True
16.06.2025,16.06.2025,Поступление перевода,26015.0,KZT,26015.0,0.0,0.0,KZ316010002021466964,,,2025-06-16,False,False,False,26015.0,True
17.06.2025,17.06.2025,Поступление перевода,3000.0,KZT,3000.0,0.0,0.0,KZ316010002021466964,,,2025-06-17,False,False,False,3000.0,True
17.06.2025,17.06.2025,Поступление перевода,1700.0,KZT,1700.0,0.0,0.0,KZ316010002021466964,,,2025-06-17,False,False,False,1700.0,True
21.06.2025,21.06.2025,Перевод на другую карту,-48000.0,KZT,0.0,-48200.0,0.0,440563******5838,,,2025-06-21,False,False,False,0.0,False
22.06.2025,22.06.2025,Поступление перевода,9600.0,KZT,9600.0,0.0,0.0,KZ316010002021466964,,,2025-06-22,False,False,False,9600.0,True
22.06.2025,22.06.2025,Поступление перевода,950.0,KZT,950.0,0.0,0.0,KZ316010002021466964,,,2025-06-22,False,False,False,950.0,True
23.06.2025,23.06.2025,Поступление перевода,28520.0,KZT,28520.0,0.0,0.0,KZ316010002021466964,,,2025-06-23,False,False,False,28520.0,True
23.06.2025,23.06.2025,Поступление перевода,4160.0,KZT,4160.0,0.0,0.0,KZ316010002021466964,,,2025-06-23,False,False,False,4160.0,True
23.06.2025,23.06.2025,Поступление перевода,50000.0,KZT,50000.0,0.0,0.0,KZ316010002021466964,,,2025-06-23,False,False,False,50000.0,True
23.06.2025,23.06.2025,Поступление перевода,13120.0,KZT,13120.0,0.0,0.0,KZ316010002021466964,,,2025-06-23,False,False,False,13120.0,True
23.06.2025,23.06.2025,Поступление перевода,1950.0,KZT,1950.0,0.0,0.0,KZ316010002021466964,,,2025-06-23,False,False,False,1950.0,True
23.06.2025,23.06.2025,Поступление перевода,3000.0,KZT,3000.0,0.0,0.0,440563******5838,,,2025-06-23,False,False,False,3000.0,True
24.06.2025,24.06.2025,Операция оплаты у,-13600.0,KZT,0.0,-13600.0,0.0,KZ316010002021466964,,,2025-06-24,False,False,False,0.0,False
24.06.2025,24.06.2025,Перевод на другую карту,-97000.0,KZT,0.0,-97200.0,0.0,440563******5838,,,2025-06-24,False,False,False,0.0,False
26.06.2025,26.06.2025,Поступление перевода,500.0,KZT,500.0,0.0,0.0,KZ316010002021466964,,,2025-06-26,False,False,False,500.0,True
27.06.2025,27.06.2025,Поступление перевода,26400.0,KZT,26400.0,0.0,0.0,KZ316010002021466964,,,2025-06-27,False,False,False,26400.0,True
27.06.2025,27.06.2025,Поступление перевода,67000.0,KZT,67000.0,0.0,0.0,KZ316010002021466964,,,2025-06-27,False,False,False,67000.0,True
27.06.2025,27.06.2025,Поступление перевода,25000.0,KZT,25000.0,0.0,0.0,KZ316010002021466964,,,2025-06-27,False,False,False,25000.0,True
28.06.2025,28.06.2025,Операция оплаты у,-4598.93,KZT,0.0,-4598.93,0.0,KZ316010002021466964,,,2025-06-28,False,False,False,0.0,False
29.06.2025,29.06.2025,коммерсанта Предстоящие налоговые платежи Перевод на другую карту,-110000.0,KZT,0.0,-110200.0,0.0,440563******5838,,,2025-06-29,False,False,False,0.0,False
29.06.2025,29.06.2025,Поступление перевода,20000.0,KZT,20000.0,0.0,0.0,KZ316010002021466964,,,2025-06-29,False,False,False,20000.0,True
01.07.2025,01.07.2025,Поступление перевода,20508.0,KZT,20508.0,0.0,0.0,KZ316010002021466964,,,2025-07-01,False,False,False,20508.0,True
04.07.2025,04.07.2025,Перевод на другую карту,-45000.0,KZT,0.0,-45200.0,0.0,440563******5838,,,2025-07-04,False,False,False,0.0,False
05.07.2025,05.07.2025,обслуживание карточки Regular Charge Поступление перевода,3000.0,KZT,3000.0,0.0,0.0,KZ316010002021466964,,,2025-07-05,False,False,False,3000.0,True
06.07.2025,06.07.2025,Поступление перевода,14395.0,KZT,14395.0,0.0,0.0,KZ316010002021466964,,,2025-07-06,False,False,False,14395.0,True
06.07.2025,06.07.2025,Поступление перевода,1415.0,KZT,1415.0,0.0,0.0,KZ316010002021466964,,,2025-07-06,False,False,False,1415.0,True
06.07.2025,06.07.2025,Поступление перевода,4400.0,KZT,4400.0,0.0,0.0,KZ316010002021466964,,,2025-07-06,False,False,False,4400.0,True
06.07.2025,06.07.2025,Поступление перевода,2120.0,KZT,2120.0,0.0,0.0,KZ316010002021466964,,,2025-07-06,False,False,False,2120.0,True
06.07.2025,06.07.2025,Поступление перевода,4050.0,KZT,4050.0,0.0,0.0,KZ316010002021466964,,,2025-07-06,False,False,False,4050.0,True
07.07.2025,07.07.2025,Поступление перевода,2400.0,KZT,2400.0,0.0,0.0,KZ316010002021466964,,,2025-07-07,False,False,False,2400.0,True
07.07.2025,07.07.2025,Поступление перевода,3270.0,KZT,3270.0,0.0,0.0,KZ316010002021466964,,,2025-07-07,False,False,False,3270.0,True
07.07.2025,07.07.2025,Поступление перевода,23143.0,KZT,23143.0,0.0,0.0,KZ316010002021466964,,,2025-07-07,False,False,False,23143.0,True
08.07.2025,08.07.2025,Поступление перевода,6840.0,KZT,6840.0,0.0,0.0,KZ316010002021466964,,,2025-07-08,False,False,False,6840.0,True
09.07.2025,09.07.2025,Поступление перевода,2300.0,KZT,2300.0,0.0,0.0,KZ316010002021466964,,,2025-07-09,False,False,False,2300.0,True
09.07.2025,09.07.2025,Поступление перевода,2800.0,KZT,2800.0,0.0,0.0,KZ316010002021466964,,,2025-07-09,False,False,False,2800.0,True
09.07.2025,09.07.2025,Поступление перевода,1200.0,KZT,1200.0,0.0,0.0,KZ316010002021466964,,,2025-07-09,False,False,False,1200.0,True
09.07.2025,09.07.2025,Поступление перевода,6295.0,KZT,6295.0,0.0,0.0,KZ316010002021466964,,,2025-07-09,False,False,False,6295.0,True
09.07.2025,09.07.2025,Поступление перевода,7145.0,KZT,7145.0,0.0,0.0,KZ316010002021466964,,,2025-07-09,False,False,False,7145.0,True
11.07.2025,11.07.2025,Перевод на другую карту,-5000.0,KZT,0.0,-5000.0,0.0,KZ316010002021466964,,,2025-07-11,False,False,False,0.0,False
11.07.2025,11.07.2025,Поступление перевода,9235.0,KZT,9235.0,0.0,0.0,KZ316010002021466964,,,2025-07-11,False,False,False,9235.0,True
12.07.2025,12.07.2025,Перевод на другую карту,-5000.0,KZT,0.0,-5000.0,0.0,KZ316010002021466964,,,2025-07-12,False,False,False,0.0,False
12.07.2025,12.07.2025,Поступление перевода,650.0,KZT,650.0,0.0,0.0,KZ316010002021466964,,,2025-07-12,False,False,False,650.0,True
12.07.2025,12.07.2025,Поступление перевода,6000.0,KZT,6000.0,0.0,0.0,KZ316010002021466964,,,2025-07-12,False,False,False,6000.0,True
13.07.2025,13.07.2025,Поступление перевода,5100.0,KZT,5100.0,0.0,0.0,KZ316010002021466964,,,2025-07-13,False,False,False,5100.0,True
14.07.2025,14.07.2025,Поступление перевода,2600.0,KZT,2600.0,0.0,0.0,KZ316010002021466964,,,2025-07-14,False,False,False,2600.0,True
15.07.2025,15.07.2025,Перевод на другую карту,-98000.0,KZT,0.0,-98200.0,0.0,440563******5838,,,2025-07-15,False,False,False,0.0,False
20.07.2025,20.07.2025,Поступление перевода,3900.0,KZT,3900.0,0.0,0.0,KZ316010002021466964,,,2025-07-20,False,False,False,3900.0,True
20.07.2025,20.07.2025,Поступление перевода,1400.0,KZT,1400.0,0.0,0.0,KZ316010002021466964,,,2025-07-20,False,False,False,1400.0,True
20.07.2025,20.07.2025,Поступление перевода,4100.0,KZT,4100.0,0.0,0.0,KZ316010002021466964,,,2025-07-20,False,False,False,4100.0,True
20.07.2025,20.07.2025,Поступление перевода,1000.0,KZT,1000.0,0.0,0.0,KZ316010002021466964,,,2025-07-20,False,False,False,1000.0,True
20.07.2025,20.07.2025,Поступление перевода,1000.0,KZT,1000.0,0.0,0.0,KZ316010002021466964,,,2025-07-20,False,False,False,1000.0,True
21.07.2025,21.07.2025,Поступление перевода,3200.0,KZT,3200.0,0.0,0.0,KZ316010002021466964,,,2025-07-21,False,False,False,3200.0,True
21.07.2025,21.07.2025,Поступление перевода,800.0,KZT,800.0,0.0,0.0,KZ316010002021466964,,,2025-07-21,False,False,False,800.0,True
21.07.2025,21.07.2025,Поступление перевода,3030.0,KZT,3030.0,0.0,0.0,KZ316010002021466964,,,2025-07-21,False,False,False,3030.0,True
21.07.2025,21.07.2025,Поступление перевода,9170.0,KZT,9170.0,0.0,0.0,KZ316010002021466964,,,2025-07-21,False,False,False,9170.0,True
21.07.2025,21.07.2025,Поступление перевода,2000.0,KZT,2000.0,0.0,0.0,KZ316010002021466964,,,2025-07-21,False,False,False,2000.0,True
21.07.2025,21.07.2025,Поступление перевода,6000.0,KZT,6000.0,0.0,0.0,KZ316010002021466964,,,2025-07-21,False,False,False,6000.0,True
22.07.2025,22.07.2025,Поступление перевода,16575.0,KZT,16575.0,0.0,0.0,KZ316010002021466964,,,2025-07-22,False,False,False,16575.0,True
22.07.2025,22.07.2025,Поступление перевода,2500.0,KZT,2500.0,0.0,0.0,KZ316010002021466964,,,2025-07-22,False,False,False,2500.0,True
22.07.2025,22.07.2025,Поступление перевода,1200.0,KZT,1200.0,0.0,0.0,KZ316010002021466964,,,2025-07-22,False,False,False,1200.0,True
22.07.2025,22.07.2025,Поступление перевода,4800.0,KZT,4800.0,0.0,0.0,KZ316010002021466964,,,2025-07-22,False,False,False,4800.0,True
23.07.2025,23.07.2025,Поступление перевода,900.0,KZT,900.0,0.0,0.0,KZ316010002021466964,,,2025-07-23,False,False,False,900.0,True
23.07.2025,23.07.2025,Поступление перевода,2610.0,KZT,2610.0,0.0,0.0,KZ316010002021466964,,,2025-07-23,False,False,False,2610.0,True
23.07.2025,23.07.2025,Поступление перевода,5400.0,KZT,5400.0,0.0,0.0,KZ316010002021466964,,,2025-07-23,False,False,False,5400.0,True
24.07.2025,24.07.2025,Поступление перевода,3500.0,KZT,3500.0,0.0,0.0,KZ316010002021466964,,,2025-07-24,False,False,False,3500.0,True
25.07.2025,25.07.2025,Поступление перевода,800.0,KZT,800.0,0.0,0.0,KZ316010002021466964,,,2025-07-25,False,False,False,800.0,True
26.07.2025,26.07.2025,Поступление перевода,3000.0,KZT,3000.0,0.0,0.0,KZ316010002021466964,,,2025-07-26,False,False,False,3000.0,True
26.07.2025,26.07.2025,Поступление перевода,700.0,KZT,700.0,0.0,0.0,KZ316010002021466964,,,2025-07-26,False,False,False,700.0,True
26.07.2025,26.07.2025,Поступление перевода,4100.0,KZT,4100.0,0.0,0.0,KZ316010002021466964,,,2025-07-26,False,False,False,4100.0,True
27.07.2025,27.07.2025,Поступление перевода,2650.0,KZT,2650.0,0.0,0.0,KZ316010002021466964,,,2025-07-27,False,False,False,2650.0,True
27.07.2025,27.07.2025,Поступление перевода,7010.0,KZT,7010.0,0.0,0.0,KZ316010002021466964,,,2025-07-27,False,False,False,7010.0,True
27.07.2025,27.07.2025,Поступление перевода,1600.0,KZT,1600.0,0.0,0.0,KZ316010002021466964,,,2025-07-27,False,False,False,1600.0,True
31.07.2025,31.07.2025,Перевод на другую карту,-92000.0,KZT,0.0,-92200.0,0.0,440563******5838,,,2025-07-31,False,False,False,0.0,False
31.07.2025,31.07.2025,Поступление перевода,64785.0,KZT,64785.0,0.0,0.0,KZ316010002021466964,,,2025-07-31,False,False,False,64785.0,True
31.07.2025,31.07.2025,Перевод на другую карту,-200.0,KZT,0.0,-200.0,0.0,KZ316010002021466964,,,2025-07-31,False,False,False,0.0,False
02.08.2025,02.08.2025,Перевод на другую карту,-30000.0,KZT,0.0,-30000.0,0.0,KZ316010002021466964,,,2025-08-02,False,False,False,0.0,False
05.08.2025,05.08.2025,обслуживание карточки Regular Charge Перевод на другую карту,-35000.0,KZT,0.0,-35200.0,0.0,440563******5838,,,2025-08-05,False,False,False,0.0,False
06.08.2025,06.08.2025,Поступление перевода,1350.0,KZT,1350.0,0.0,0.0,KZ316010002021466964,,,2025-08-06,False,False,False,1350.0,True
07.08.2025,07.08.2025,Поступление перевода,965.0,KZT,965.0,0.0,0.0,KZ316010002021466964,,,2025-08-07,False,False,False,965.0,True
07.08.2025,07.08.2025,Поступление перевода,4710.0,KZT,4710.0,0.0,0.0,KZ316010002021466964,,,2025-08-07,False,False,False,4710.0,True
07.08.2025,07.08.2025,Поступление перевода,4400.0,KZT,4400.0,0.0,0.0,KZ316010002021466964,,,2025-08-07,False,False,False,4400.0,True
07.08.2025,07.08.2025,Поступление перевода,147000.0,KZT,147000.0,0.0,0.0,KZ316010002021466964,,,2025-08-07,False,False,False,147000.0,True
07.08.2025,07.08.2025,Перевод на другую карту,-147000.0,KZT,0.0,-147200.0,0.0,440563******5838,,,2025-08-07,False,False,False,0.0,False
08.08.2025,08.08.2025,Поступление перевода,2450.0,KZT,2450.0,0.0,0.0,KZ316010002021466964,,,2025-08-08,False,False,False,2450.0,True
08.08.2025,08.08.2025,Поступление перевода,2000.0,KZT,2000.0,0.0,0.0,KZ316010002021466964,,,2025-08-08,False,False,False,2000.0,True
09.08.2025,09.08.2025,Поступление перевода,700.0,KZT,700.0,0.0,0.0,KZ316010002021466964,,,2025-08-09,False,False,False,700.0,True
09.08.2025,09.08.2025,Поступление перевода,1000.0,KZT,1000.0,0.0,0.0,KZ316010002021466964,,,2025-08-09,False,False,False,1000.0,True
09.08.2025,09.08.2025,Поступление перевода,300.0,KZT,300.0,0.0,0.0,KZ316010002021466964,,,2025-08-09,False,False,False,300.0,True
10.08.2025,10.08.2025,Поступление перевода,500.0,KZT,500.0,0.0,0.0,KZ316010002021466964,,,2025-08-10,False,False,False,500.0,True
10.08.2025,10.08.2025,Поступление перевода,650.0,KZT,650.0,0.0,0.0,KZ316010002021466964,,,2025-08-10,False,False,False,650.0,True
11.08.2025,11.08.2025,Поступление перевода,6100.0,KZT,6100.0,0.0,0.0,KZ316010002021466964,,,2025-08-11,False,False,False,6100.0,True
11.08.2025,11.08.2025,Поступление перевода,12000.0,KZT,12000.0,0.0,0.0,KZ316010002021466964,,,2025-08-11,False,False,False,12000.0,True
11.08.2025,11.08.2025,Поступление перевода,37866.0,KZT,37866.0,0.0,0.0,KZ316010002021466964,,,2025-08-11,False,False,False,37866.0,True
11.08.2025,11.08.2025,Поступление перевода,400.0,KZT,400.0,0.0,0.0,KZ316010002021466964,,,2025-08-11,False,False,False,400.0,True
12.08.2025,12.08.2025,Поступление перевода,1000.0,KZT,1000.0,0.0,0.0,KZ316010002021466964,,,2025-08-12,False,False,False,1000.0,True
12.08.2025,12.08.2025,Поступление перевода,15300.0,KZT,15300.0,0.0,0.0,KZ316010002021466964,,,2025-08-12,False,False,False,15300.0,True
12.08.2025,12.08.2025,Поступление перевода,13405.0,KZT,13405.0,0.0,0.0,KZ316010002021466964,,,2025-08-12,False,False,False,13405.0,True
13.08.2025,13.08.2025,Поступление перевода,18195.0,KZT,18195.0,0.0,0.0,KZ316010002021466964,,,2025-08-13,False,False,False,18195.0,True
13.08.2025,13.08.2025,Поступление перевода,1900.0,KZT,1900.0,0.0,0.0,KZ316010002021466964,,,2025-08-13,False,False,False,1900.0,True
13.08.2025,13.08.2025,Поступление перевода,14750.0,KZT,14750.0,0.0,0.0,KZ316010002021466964,,,2025-08-13,False,False,False,14750.0,True
13.08.2025,13.08.2025,Поступление перевода,700.0,KZT,700.0,0.0,0.0,KZ316010002021466964,,,2025-08-13,False,False,False,700.0,True
13.08.2025,13.08.2025,Поступление перевода,1800.0,KZT,1800.0,0.0,0.0,KZ316010002021466964,,,2025-08-13,False,False,False,1800.0,True
14.08.2025,14.08.2025,Перевод на другую карту,-137200.0,KZT,0.0,-137400.0,0.0,440563******5838,,,2025-08-14,False,False,False,0.0,False
14.08.2025,14.08.2025,Поступление перевода,2000.0,KZT,2000.0,0.0,0.0,KZ316010002021466964,,,2025-08-14,False,False,False,2000.0,True
14.08.2025,14.08.2025,Поступление перевода,11100.0,KZT,11100.0,0.0,0.0,KZ316010002021466964,,,2025-08-14,False,False,False,11100.0,True
14.08.2025,14.08.2025,Поступление перевода,6675.0,KZT,6675.0,0.0,0.0,KZ316010002021466964,,,2025-08-14,False,False,False,6675.0,True
14.08.2025,14.08.2025,Поступление перевода,1000.0,KZT,1000.0,0.0,0.0,KZ316010002021466964,,,2025-08-14,False,False,False,1000.0,True
16.08.2025,16.08.2025,Поступление перевода,26775.0,KZT,26775.0,0.0,0.0,KZ316010002021466964,,,2025-08-16,False,False,False,26775.0,True
17.08.2025,17.08.2025,Поступление перевода,2000.0,KZT,2000.0,0.0,0.0,KZ316010002021466964,,,2025-08-17,False,False,False,2000.0,True
17.08.2025,17.08.2025,Поступление перевода,1900.0,KZT,1900.0,0.0,0.0,KZ316010002021466964,,,2025-08-17,False,False,False,1900.0,True
18.08.2025,18.08.2025,Поступление перевода,2500.0,KZT,2500.0,0.0,0.0,KZ316010002021466964,,,2025-08-18,False,False,False,2500.0,True
19.08.2025,19.08.2025,Поступление перевода,717000.0,KZT,717000.0,0.0,0.0,KZ316010002021466964,,,2025-08-19,False,False,False,717000.0,True
19.08.2025,19.08.2025,Поступление перевода,30000.0,KZT,30000.0,0.0,0.0,KZ316010002021466964,,,2025-08-19,False,False,False,30000.0,True
19.08.2025,19.08.2025,Перевод на другую карту,-15000.0,KZT,0.0,-15200.0,0.0,440563******5838,,,2025-08-19,False,False,False,0.0,False
19.08.2025,19.08.2025,Операция оплаты у,-17000.0,KZT,0.0,-17000.0,0.0,KZ316010002021466964,,,2025-08-19,False,False,False,0.0,False
21.08.2025,21.08.2025,коммерсанта SHIK_TIME OTDEL Перевод на другую карту,-60000.0,KZT,0.0,-60200.0,0.0,440563******5838,,,2025-08-21,False,False,False,0.0,False
21.08.2025,21.08.2025,"Снятие денег через банкомат A-1107045B,",-300000.0,KZT,0.0,-300000.0,0.0,440563******5838,,,2025-08-21,False,True,True,0.0,False
21.08.2025,21.08.2025,"KABANBAI ST Снятие денег через банкомат A-1107045B,",-250000.0,KZT,0.0,-250000.0,-2500.0,440563******5838,,,2025-08-21,False,True,True,0.0,False
23.08.2025,23.08.2025,Автоконвертация,-44.68,USD,0.0,-24122.73,0.0,KZ316010002021466964,,,2025-08-23,False,True,True,0.0,False
24.08.2025,24.08.2025,дополнительной суммы по прошедшим операциям Автоконвертация,-19.11,USD,0.0,-10317.49,0.0,KZ316010002021466964,,,2025-08-24,False,True,True,0.0,False
26.08.2025,26.08.2025,дополнительной суммы по прошедшим операциям Автоконвертация,-1.98,USD,0.0,-1066.43,0.0,KZ316010002021466964,,,2025-08-26,False,True,True,0.0,False
26.08.2025,26.08.2025,дополнительной суммы по прошедшим операциям Автоконвертация,-74.37,USD,0.0,-39884.63,0.0,KZ316010002021466964,,,2025-08-26,False,True,True,0.0,False
27.08.2025,27.08.2025,дополнительной суммы по прошедшим операциям Автоконвертация,-36.86,USD,0.0,-19952.32,0.0,KZ316010002021466964,,,2025-08-27,False,True,True,0.0,False
28.08.2025,28.08.2025,дополнительной суммы по прошедшим операциям Автоконвертация,-18.41,USD,0.0,-9941.4,0.0,KZ316010002021466964,,,2025-08-28,False,True,True,0.0,False
29.08.2025,29.08.2025,дополнительной суммы по прошедшим операциям Автоконвертация,-60.8,USD,0.0,-32914.08,0.0,KZ316010002021466964,,,2025-08-29,False,True,True,0.0,False
29.08.2025,29.08.2025,дополнительной суммы по прошедшим операциям Автоконвертация,-20.93,USD,0.0,-11304.29,0.0,KZ316010002021466964,,,2025-08-29,False,True,True,0.0,False
01.09.2025,01.09.2025,дополнительной суммы по прошедшим операциям Перевод на другую карту,-7000.0,KZT,0.0,-7200.0,0.0,440563******5838,,,2025-09-01,False,False,False,0.0,False
03.09.2025,03.09.2025,Поступление перевода,2200.0,KZT,2200.0,0.0,0.0,KZ316010002021466964,,,2025-09-03,False,False,False,2200.0,True
15.09.2025,15.09.2025,обслуживание карточки Regular Charge Перевод на другую карту,-6000.0,KZT,0.0,-6200.0,0.0,440563******5838,,,2025-09-15,False,False,False,0.0,False
18.09.2025,18.09.2025,Поступление перевода,2500000.0,KZT,2500000.0,0.0,0.0,KZ316010002021466964,,,2025-09-18,False,False,False,2500000.0,True
18.09.2025,18.09.2025,Поступление перевода,500000.0,KZT,500000.0,0.0,0.0,KZ316010002021466964,,,2025-09-18,False,False,False,500000.0,True
19.09.2025,19.09.2025,Поступление перевода,2500.0,KZT,2500.0,0.0,0.0,KZ316010002021466964,,,2025-09-19,False,False,False,2500.0,True
19.09.2025,19.09.2025,Поступление перевода,590.0,KZT,590.0,0.0,0.0,KZ316010002021466964,,,2025-09-19,False,False,False,590.0,True
19.09.2025,19.09.2025,Поступление перевода,12945.0,KZT,12945.0,0.0,0.0,KZ316010002021466964,,,2025-09-19,False,False,False,12945.0,True
