page_index,footer_found,stamp_place,stamp_text,statement_line,iban,page_no,validity_line,validity_text,raw_footer_lines
0,Выписка по счету: KZ316010002012241585,False,,Выписка по счету: KZ316010002012241585,KZ316010002012241585,1,False,,"['12.09.2024 12.09.2024 Перевод на другую карту -1 515,00 KZT 0,00 -1 515,00 0,00 KZ316010002012241585', '13.09.2024 13.09.2024 Перевод на другую карту -9 000,00 KZT 0,00 -9 150,00 0,00 440563******2793', '13.09.2024 13.09.2024 Перевод на другую карту -1 800,00 KZT 0,00 -1 950,00 0,00 440563******2793', '04.10.2024 04.10.2024 Зачисление пособий НАО 60 869,00 KZT 60 869,00 0,00 0,00 KZ316010002012241585', 'Государственная', 'корпорация ""Правительство', 'для граждан""', '04.10.2024 04.10.2024 Зачисление пособий НАО 60 869,00 KZT 60 869,00 0,00 0,00 KZ316010002012241585', 'Государственная', 'корпорация ""Правительство', 'для граждан""', '05.10.2024 05.10.2024 Перевод на другую карту -110 000,00 KZT 0,00 -110 150,00 0,00 440563******2793', '07.10.2024 07.10.2024 Перевод на другую карту -5 485,00 KZT 0,00 -5 485,00 0,00 KZ316010002012241585', '08.10.2024 08.10.2024 Перевод на другую карту -1 895,00 KZT 0,00 -1 895,00 0,00 KZ316010002012241585', '10.10.2024 10.10.2024 Операция оплаты у -3 278,00 KZT 0,00 -3 278,00 0,00 KZ316010002012241585', 'коммерсанта ARAL-1', 'SHOP', 'Выписка по счету: KZ316010002012241585 1']"
1,Выписка по счету: KZ316010002012241585,False,,Выписка по счету: KZ316010002012241585,KZ316010002012241585,2,False,,"['корпорация ""Правительство', 'для граждан""', '05.02.2025 05.02.2025 Операция оплаты у -70 000,00 KZT 0,00 -70 000,00 0,00 KZ316010002012241585', 'коммерсанта BASIC', 'BOUTIQUE', '05.02.2025 05.02.2025 Перевод на другую карту -20 000,00 KZT 0,00 -20 000,00 0,00 KZ316010002012241585', '05.02.2025 05.02.2025 Перевод на другую карту -5 000,00 KZT 0,00 -5 000,00 0,00 KZ316010002012241585', '05.02.2025 05.02.2025 Перевод на другую карту -40 000,00 KZT 0,00 -40 200,00 0,00 440563******2793', '05.02.2025 05.02.2025 Операция оплаты у -2 795,00 KZT 0,00 -2 795,00 0,00 KZ316010002012241585', 'коммерсанта ARAL-1', 'SHOP', '05.02.2025 05.02.2025 Операция оплаты у -2 285,00 KZT 0,00 -2 285,00 0,00 KZ316010002012241585', 'коммерсанта ARAL-1', 'SHOP', '06.02.2025 06.02.2025 Снятие денег без карты -7 000,00 KZT 0,00 -7 000,00 0,00 440563******2793', 'ATM 16088TCBO 2', '14.02.2025 14.02.2025 Операция оплаты у -1 900,00 KZT 0,00 -1 900,00 0,00 KZ316010002012241585', 'коммерсанта BEAUTY', 'LAND SHOP', 'Выписка по счету: KZ316010002012241585 2']"
2,Выписка по счету: KZ316010002012241585,False,,Выписка по счету: KZ316010002012241585,KZ316010002012241585,3,False,,"['11.05.2025 13.05.2025 Операция оплаты у -2 866,00 KZT 0,00 -2 904,04 0,00 440563******2793', 'коммерсанта Temu', '12.05.2025 14.05.2025 Операция оплаты у -754,00 KZT 0,00 -756,43 0,00 440563******2793', 'коммерсанта Temu', '14.05.2025 16.05.2025 Операция оплаты у -1 377,00 KZT 0,00 -1 410,20 0,00 440563******2793', 'коммерсанта Temu', '05.06.2025 05.06.2025 Зачисление пособий НАО 74 428,00 KZT 74 428,00 0,00 0,00 KZ316010002012241585', 'Государственная', 'корпорация ""Правительство', 'для граждан""', '05.06.2025 05.06.2025 Зачисление пособий НАО 74 428,00 KZT 74 428,00 0,00 0,00 KZ316010002012241585', 'Государственная', 'корпорация ""Правительство', 'для граждан""', '05.06.2025 05.06.2025 Перевод на другую карту -130 000,00 KZT 0,00 -130 200,00 0,00 440563******2793', '06.06.2025 06.06.2025 Операция оплаты у -1 480,96 KZT 0,00 -1 480,96 0,00 KZ316010002012241585', 'коммерсанта ARAL-1', 'SHOP', 'Выписка по счету: KZ316010002012241585 3']"
3,Выписка по счету: KZ316010002012241585,False,,Выписка по счету: KZ316010002012241585,KZ316010002012241585,4,False,,"['05.08.2025 07.08.2025 Операция оплаты у -1 066,00 KZT 0,00 -1 080,00 0,00 440563******2793', 'коммерсанта Temu', '05.08.2025 07.08.2025 Операция оплаты у -3 180,00 KZT 0,00 -3 223,80 0,00 440563******2793', 'коммерсанта Temu', '05.08.2025 05.08.2025 Зачисление пособий НАО 74 428,00 KZT 74 428,00 0,00 0,00 KZ316010002012241585', 'Государственная', 'корпорация ""Правительство', 'для граждан""', '05.08.2025 07.08.2025 Операция оплаты у -3 578,00 KZT 0,00 -3 623,40 0,00 440563******2793', 'коммерсанта Temu', '05.08.2025 07.08.2025 Операция оплаты у -2 864,00 KZT 0,00 -2 899,80 0,00 440563******2793', 'коммерсанта Temu', '05.08.2025 05.08.2025 Зачисление пособий НАО 74 428,00 KZT 74 428,00 0,00 0,00 KZ316010002012241585', 'Государственная', 'корпорация ""Правительство', 'для граждан""', '05.08.2025 07.08.2025 Операция оплаты у -659,00 KZT 0,00 -669,60 0,00 440563******2793', 'коммерсанта Temu', 'Выписка по счету: KZ316010002012241585 4']"
4,True,True,Место печати Банка,Выписка по счету: KZ316010002012241585,KZ316010002012241585,5,True,Выписка действительна при наличии печати Банка,"['Место печати Банка', 'Выписка по счету: KZ316010002012241585 5', 'Выписка действительна при наличии печати Банка']"
