{
  "pdf_name": "pdf_statements_1758895748037.pdf",
  "pdf_path": "data/halyk_bank/halyk_individual/pdf_statements_1758895748037.pdf",
  "jsonl_path": "data/halyk_individual/converted_jsons/pdf_statements_1758895748037_pages.jsonl",
  "flags": [
    "closing_balance_mismatch"
  ],
  "validation_debug": {
    "period_start": "25.09.2024",
    "period_end": "25.09.2025",
    "opening": 0.0,
    "closing_pdf": 55.0,
    "closing_calc": 4315765.0,
    "total_credit": 2157910.0,
    "total_debit": -2157855.0,
    "header_credit_turnover": null,
    "header_debit_turnover": null,
    "footer_credit": null,
    "footer_debit": null,
    "tolerance": 0.01
  }
}