{
  "pdf_name": "pdf_statements_1719578748058.pdf",
  "pdf_path": "data/halyk_bank/halyk_individual/pdf_statements_1719578748058.pdf",
  "jsonl_path": "data/halyk_individual/converted_jsons/pdf_statements_1719578748058_pages.jsonl",
  "flags": [
    "closing_balance_mismatch"
  ],
  "validation_debug": {
    "period_start": "01.06.2023",
    "period_end": "28.06.2024",
    "opening": 77973.59,
    "closing_pdf": 10016.69,
    "closing_calc": 51684580.84,
    "total_credit": 25771330.0,
    "total_debit": -25835277.25,
    "header_credit_turnover": null,
    "header_debit_turnover": null,
    "footer_credit": null,
    "footer_debit": null,
    "tolerance": 0.01
  }
}