page_index,footer_found,stamp_place,stamp_text,statement_line,iban,page_no,validity_line,validity_text,raw_footer_lines
0,Выписка по счету: KZ116010012005634547,False,,Выписка по счету: KZ116010012005634547,KZ116010012005634547,1,False,,"['01.12.2024 01.12.2024 Операция оплаты у -1 840,00 KZT 0,00 -1 840,00 0,00 KZ116010012005634547', 'коммерсанта SVETOFOR', 'SHOP', '03.12.2024 03.12.2024 Зачисление пособий НАО 76 397,00 KZT 76 397,00 0,00 0,00 KZ116010012005634547', 'Государственная', 'корпорация ""Правительство', 'для граждан""', '04.12.2024 04.12.2024 Снятие денег без карты -80 000,00 KZT 0,00 -80 000,00 0,00 535451******2750', 'RUBIN TTS', '10.12.2024 10.12.2024 Поступление перевода 450,00 KZT 450,00 0,00 0,00 KZ116010012005634547', '11.12.2024 11.12.2024 Поступление перевода 1 600,00 KZT 1 600,00 0,00 0,00 KZ116010012005634547', '12.12.2024 12.12.2024 Поступление перевода 190,00 KZT 190,00 0,00 0,00 KZ116010012005634547', '18.12.2024 18.12.2024 Поступление перевода 5 605,00 KZT 5 605,00 0,00 0,00 KZ116010012005634547', '19.12.2024 19.12.2024 Операция оплаты у -3 897,00 KZT 0,00 -3 897,00 0,00 535451******2750', 'коммерсанта VIKING', 'SHOP', '19.12.2024 21.12.2024 Операция оплаты у -3 965,00 KZT 0,00 -3 965,00 0,00 535451******2750', 'коммерсанта IP', 'FROST&KO', 'Выписка по счету: KZ116010012005634547 1']"
1,Выписка по счету: KZ116010012005634547,False,,Выписка по счету: KZ116010012005634547,KZ116010012005634547,2,False,,"['RUBIN TTS', '18.03.2025 18.03.2025 Поступление перевода 16 855,00 KZT 16 855,00 0,00 0,00 KZ116010012005634547', '19.03.2025 19.03.2025 Снятие денег без карты -17 000,00 KZT 0,00 -17 000,00 0,00 535451******2750', 'RUBIN TTS', '20.03.2025 20.03.2025 Поступление перевода 5 054,00 KZT 5 054,00 0,00 0,00 KZ116010012005634547', '28.03.2025 28.03.2025 Поступление перевода 129 900,00 KZT 129 900,00 0,00 0,00 KZ116010012005634547', '30.03.2025 30.03.2025 Операция оплаты у -1 740,00 KZT 0,00 -1 740,00 0,00 KZ116010012005634547', 'коммерсанта ZEBRA', 'KOFEINYA', '31.03.2025 31.03.2025 Операция оплаты у -1 530,00 KZT 0,00 -1 530,00 0,00 KZ116010012005634547', 'коммерсанта ARSHA', 'PHARMACY', '01.04.2025 01.04.2025 Снятие денег без карты -60 000,00 KZT 0,00 -60 000,00 0,00 535451******2750', 'ARBAT TD', '01.04.2025 01.04.2025 Снятие денег без карты -60 000,00 KZT 0,00 -60 000,00 0,00 535451******2750', 'ARBAT TD', '02.04.2025 02.04.2025 Поступление перевода 100,00 KZT 100,00 0,00 0,00 KZ116010012005634547', 'Выписка по счету: KZ116010012005634547 2']"
2,Выписка по счету: KZ116010012005634547,False,,Выписка по счету: KZ116010012005634547,KZ116010012005634547,3,False,,"['03.06.2025 03.06.2025 Зачисление пособий НАО 81 362,00 KZT 81 362,00 0,00 0,00 KZ116010012005634547', 'Государственная', 'корпорация ""Правительство', 'для граждан""', '04.06.2025 04.06.2025 Снятие денег без карты -110 000,00 KZT 0,00 -110 000,00 0,00 535451******2750', 'RUBIN TTS', '05.06.2025 05.06.2025 Поступление перевода 100,00 KZT 100,00 0,00 0,00 KZ116010012005634547', '06.06.2025 06.06.2025 Поступление перевода 1 417,00 KZT 1 417,00 0,00 0,00 KZ116010012005634547', '07.06.2025 07.06.2025 Поступление перевода 150,00 KZT 150,00 0,00 0,00 KZ116010012005634547', '07.06.2025 07.06.2025 Операция оплаты у -2 336,00 KZT 0,00 -2 336,00 0,00 KZ116010012005634547', 'коммерсанта SOYUZ', 'SUPERMARKET', '08.06.2025 08.06.2025 Перевод на другую карту -1 000,00 KZT 0,00 -1 000,00 0,00 KZ116010012005634547', '09.06.2025 09.06.2025 Поступление перевода 1 864,00 KZT 1 864,00 0,00 0,00 KZ116010012005634547', '11.06.2025 11.06.2025 Поступление перевода 900,00 KZT 900,00 0,00 0,00 KZ116010012005634547', '14.06.2025 14.06.2025 Поступление перевода 310,00 KZT 310,00 0,00 0,00 KZ116010012005634547', '18.06.2025 18.06.2025 Поступление перевода 510,00 KZT 510,00 0,00 0,00 KZ116010012005634547', '19.06.2025 19.06.2025 Поступление перевода 1 320,00 KZT 1 320,00 0,00 0,00 KZ116010012005634547', 'Выписка по счету: KZ116010012005634547 3']"
3,Выписка по счету: KZ116010012005634547,False,,Выписка по счету: KZ116010012005634547,KZ116010012005634547,4,False,,"['корпорация ""Правительство', 'для граждан""', '04.08.2025 04.08.2025 Снятие денег без карты -82 000,00 KZT 0,00 -82 000,00 0,00 535451******2750', 'ORTALYK', ""BAZAR(TSENTRAL'N"", '20.08.2025 20.08.2025 Поступление перевода 582,00 KZT 582,00 0,00 0,00 KZ116010012005634547', '25.08.2025 25.08.2025 Поступление перевода 205,00 KZT 205,00 0,00 0,00 KZ116010012005634547', '01.09.2025 01.09.2025 Операция оплаты у -617,00 KZT 0,00 -617,00 0,00 KZ116010012005634547', 'коммерсанта SOYUZ', 'SUPERMARKET', '03.09.2025 03.09.2025 Зачисление пособий НАО 81 362,00 KZT 81 362,00 0,00 0,00 KZ116010012005634547', 'Государственная', 'корпорация ""Правительство', 'для граждан""', '03.09.2025 03.09.2025 Поступление перевода 11 680,00 KZT 11 680,00 0,00 0,00 KZ116010012005634547', '03.09.2025 03.09.2025 Поступление перевода 1 320,00 KZT 1 320,00 0,00 0,00 KZ116010012005634547', '03.09.2025 03.09.2025 Снятие денег через -20 000,00 KZT 0,00 -20 000,00 0,00 535451******2750', 'банкомат GORODSKAYA', ""MNOGOPROFIL'N"", 'Выписка по счету: KZ116010012005634547 4']"
4,Выписка по счету: KZ116010012005634547,False,,Выписка по счету: KZ116010012005634547,KZ116010012005634547,5,False,,"['#2AZS', '20.09.2025 20.09.2025 Поступление перевода 197,00 KZT 197,00 0,00 0,00 KZ116010012005634547', '21.09.2025 21.09.2025 Операция оплаты у -2 910,00 KZT 0,00 -2 910,00 0,00 535451******2750', 'коммерсанта SOYUZ', 'SUPERMARKET', '21.09.2025 21.09.2025 Операция оплаты у -5 000,00 KZT 0,00 -5 000,00 0,00 535451******2750', 'коммерсанта YUNA NPO', '#2AZS', '22.09.2025 22.09.2025 Поступление перевода 370,00 KZT 370,00 0,00 0,00 KZ116010012005634547', '23.09.2025 23.09.2025 Операция оплаты у -3 275,00 KZT 0,00 -3 275,00 0,00 535451******2750', 'коммерсанта SOYUZ', 'SUPERMARKET', '23.09.2025 23.09.2025 Операция оплаты у -4 000,00 KZT 0,00 -4 000,00 0,00 535451******2750', 'коммерсанта YUNA NPO', '#3AZS', '24.09.2025 26.09.2025 Поступление перевода 5 800,00 KZT 5 800,00 0,00 0,00 535451******2750', '24.09.2025 26.09.2025 Поступление перевода 100,00 KZT 100,00 0,00 0,00 535451******2750', 'Выписка по счету: KZ116010012005634547 5']"
5,Выписка по счету: KZ116010012005634547,False,,Выписка по счету: KZ116010012005634547,KZ116010012005634547,6,True,Выписка действительна при наличии печати Банка,"['Выписка по счету: KZ116010012005634547 6', 'Выписка действительна при наличии печати Банка']"
