page_index,footer_found,stamp_place,stamp_text,statement_line,iban,page_no,validity_line,validity_text,raw_footer_lines
0,Выписка по счету: KZ836010002008913840,False,,Выписка по счету: KZ836010002008913840,KZ836010002008913840,1,False,,"['Regular Charge', '29.10.2024 29.10.2024 Поступление на счет ГКП 470 906,00 KZT 470 906,00 0,00 0,00 KZ836010002008913840', 'на ПХВ ТГЦБ УОЗТО', '31.10.2024 31.10.2024 Снятие денег через -300 000,00 KZT 0,00 -300 000,00 0,00 440563******1766', 'банкомат TSBO 1', '01.11.2024 01.11.2024 Операция оплаты у -9 990,00 KZT 0,00 -9 990,00 0,00 KZ836010002008913840', 'коммерсанта', 'TECHNODOM SHOP', 'KASSA 1', '02.11.2024 02.11.2024 Операция оплаты у -3 900,00 KZT 0,00 -3 900,00 0,00 KZ836010002008913840', 'коммерсанта ZERDE', 'FARMA PHARMACY 308', '02.11.2024 02.11.2024 Операция оплаты у -1 389,00 KZT 0,00 -1 389,00 0,00 KZ836010002008913840', 'коммерсанта MAGNUM', 'CASH&CARRY TF-2', '04.11.2024 04.11.2024 Погашение банковской -111 490,79 KZT 0,00 -111 490,79 0,00 KZ836010002008913840', 'задолженности', '07.11.2024 07.11.2024 ATM 39031CBO 1 -45 000,00 KZT 0,00 -45 000,00 0,00 440563******1766', 'Выписка по счету: KZ836010002008913840 1']"
1,Выписка по счету: KZ836010002008913840,False,,Выписка по счету: KZ836010002008913840,KZ836010002008913840,2,False,,"['03.02.2025 03.02.2025 Операция оплаты у -56 004,52 KZT 0,00 -56 004,52 0,00 KZ836010002008913840', 'коммерсанта astanaERC', 'Оплата коммунальных', 'услуг', '03.02.2025 03.02.2025 Снятие денег через -650 000,00 KZT 0,00 -650 000,00 0,00 440563******1766', 'отделение банка Снятие', 'наличных денег с карты:', '****-****-****-1766,Дата:', '03.02.25,Филиал/РКО:', '399900/399901, Референс', 'операции:', 'NP98313979160313', '11.02.2025 11.02.2025 Ежемесячная комиссия за 0,00 0,00 0,00 -150,00 440563******1766', 'обслуживание карточки', 'Regular Charge', '02.03.2025 03.03.2025 Поступление перевода 112 000,00 KZT 112 000,00 0,00 0,00 440563******1766', '03.03.2025 03.03.2025 Погашение банковской -104 538,79 KZT 0,00 -104 538,79 0,00 KZ836010002008913840', 'задолженности', 'Выписка по счету: KZ836010002008913840 2']"
2,Выписка по счету: KZ836010002008913840,False,,Выписка по счету: KZ836010002008913840,KZ836010002008913840,3,False,,"['06.05.2025 06.05.2025 Операция оплаты у -5 620,00 KZT 0,00 -5 620,00 0,00 KZ836010002008913840', 'коммерсанта ZERDE', 'FARMA PHARMACY 308', '06.05.2025 06.05.2025 Операция оплаты у -7 258,00 KZT 0,00 -7 258,00 0,00 KZ836010002008913840', 'коммерсанта MAGNUM', 'CASH&CARRY TF-2', '11.05.2025 11.05.2025 Ежемесячная комиссия за 0,00 0,00 0,00 -150,00 440563******1766', 'обслуживание карточки', 'Regular Charge', '12.05.2025 12.05.2025 Операция оплаты у -1 760,00 KZT 0,00 -1 760,00 0,00 KZ836010002008913840', 'коммерсанта NURAI', 'SUPERMARKET 4', '12.05.2025 12.05.2025 Перевод на другую карту -10 000,00 KZT 0,00 -10 000,00 0,00 KZ836010002008913840', '12.05.2025 12.05.2025 Перевод на другую карту -7 300,00 KZT 0,00 -7 300,00 0,00 KZ836010002008913840', '30.05.2025 30.05.2025 Поступление на счет ГКП 484 585,00 KZT 484 585,00 0,00 0,00 KZ836010002008913840', 'на ПХВ ТГЦБ УОЗТО', 'Выписка по счету: KZ836010002008913840 3']"
3,Выписка по счету: KZ836010002008913840,False,,Выписка по счету: KZ836010002008913840,KZ836010002008913840,4,False,,"['18.06.2025 18.06.2025 Перевод на другую карту -10 000,00 KZT 0,00 -10 000,00 0,00 KZ836010002008913840', '18.06.2025 18.06.2025 Операция оплаты у -8 694,00 KZT 0,00 -8 694,00 0,00 KZ836010002008913840', 'коммерсанта TATTI ALEMI', 'CAFE-CONFECT', '20.06.2025 20.06.2025 Операция оплаты у -7 848,00 KZT 0,00 -7 848,00 0,00 KZ836010002008913840', 'коммерсанта LADUSHKI', 'PROSTOKVASHINO', '20.06.2025 20.06.2025 Операция оплаты у -1 050,00 KZT 0,00 -1 050,00 0,00 KZ836010002008913840', 'коммерсанта', '&#1198RBIB&#1110', '21.06.2025 21.06.2025 Операция оплаты у -2 110,00 KZT 0,00 -2 110,00 0,00 KZ836010002008913840', 'коммерсанта NURAI', 'SUPERMARKET 4', '24.06.2025 24.06.2025 Операция оплаты у -4 950,00 KZT 0,00 -4 950,00 0,00 KZ836010002008913840', 'коммерсанта MURAT', 'FARM PHARMACY', '26.06.2025 26.06.2025 Снятие денег через -97 000,00 KZT 0,00 -97 000,00 0,00 440563******1766', 'банкомат KARAVAN-', 'SARAI TRTS', 'Выписка по счету: KZ836010002008913840 4']"
4,Выписка по счету: KZ836010002008913840,False,,Выписка по счету: KZ836010002008913840,KZ836010002008913840,5,False,,"['CASH&CARRY TF-2', '27.07.2025 27.07.2025 Операция оплаты у -299,00 KZT 0,00 -299,00 0,00 KZ836010002008913840', 'коммерсанта MAGNUM', 'CASH&CARRY TF-2', '28.07.2025 28.07.2025 Операция оплаты у -4 475,00 KZT 0,00 -4 475,00 0,00 KZ836010002008913840', 'коммерсанта TURKESTAN', 'PHARMACY 324', '29.07.2025 29.07.2025 Операция оплаты у -4 204,00 KZT 0,00 -4 204,00 0,00 KZ836010002008913840', 'коммерсанта', 'SUPERMARKET HALYK', '29.07.2025 29.07.2025 Операция оплаты у -24 784,00 KZT 0,00 -24 784,00 0,00 KZ836010002008913840', 'коммерсанта BRANGO', 'SHOP', '30.07.2025 30.07.2025 Операция оплаты у -1 894,00 KZT 0,00 -1 894,00 0,00 KZ836010002008913840', 'коммерсанта', 'SUPERMARKET HALYK', '31.07.2025 31.07.2025 Операция оплаты у -9 650,00 KZT 0,00 -9 650,00 0,00 KZ836010002008913840', 'коммерсанта MURAT', 'FARM PHARMACY', 'Выписка по счету: KZ836010002008913840 5']"
5,Выписка по счету: KZ836010002008913840,False,,Выписка по счету: KZ836010002008913840,KZ836010002008913840,6,False,,"['SUPERMARKET HALYK', '11.08.2025 11.08.2025 Ежемесячная комиссия за 0,00 0,00 0,00 -150,00 440563******1766', 'обслуживание карточки', 'Regular Charge', '11.08.2025 11.08.2025 Операция оплаты у -5 000,00 KZT 0,00 -5 000,00 0,00 KZ836010002008913840', 'коммерсанта TS-305', 'PETROL STATION', '11.08.2025 11.08.2025 Операция оплаты у -4 150,00 KZT 0,00 -4 150,00 0,00 KZ836010002008913840', 'коммерсанта TATTI ALEMI', 'CAFE-CONFECT', '12.08.2025 12.08.2025 Операция оплаты у -2 395,00 KZT 0,00 -2 395,00 0,00 KZ836010002008913840', 'коммерсанта', 'SUPERMARKET HALYK', '12.08.2025 12.08.2025 Операция оплаты у -12 000,00 KZT 0,00 -12 000,00 0,00 KZ836010002008913840', 'коммерсанта', 'MIKROKHIRURGIYA', 'GLAZ', '12.08.2025 12.08.2025 Операция оплаты у -6 214,00 KZT 0,00 -6 214,00 0,00 KZ836010002008913840', 'коммерсанта LADUSHKI-', 'USSADBA SHOP', 'Выписка по счету: KZ836010002008913840 6']"
6,Выписка по счету: KZ836010002008913840,False,,Выписка по счету: KZ836010002008913840,KZ836010002008913840,7,False,,"['FARMA PHARMACY 308', '25.08.2025 25.08.2025 Операция оплаты у -12 000,00 KZT 0,00 -12 000,00 0,00 KZ836010002008913840', 'коммерсанта ZERDE', 'FARMA PHARMACY 308', '25.08.2025 25.08.2025 Операция оплаты у -4 697,00 KZT 0,00 -4 697,00 0,00 KZ836010002008913840', 'коммерсанта', 'SUPERMARKET HALYK', '30.08.2025 30.08.2025 Поступление на счет ГКП 484 585,50 KZT 484 585,50 0,00 0,00 KZ836010002008913840', 'на ПХВ ТГЦБ УОЗТО', '30.08.2025 30.08.2025 Операция оплаты у -6 000,00 KZT 0,00 -6 000,00 0,00 KZ836010002008913840', 'коммерсанта', 'SUPERMARKET HALYK', '31.08.2025 31.08.2025 Перевод на другую карту -9 540,00 KZT 0,00 -9 540,00 0,00 KZ836010002008913840', '31.08.2025 31.08.2025 Перевод на другую карту -8 570,00 KZT 0,00 -8 570,00 0,00 KZ836010002008913840', '31.08.2025 31.08.2025 Операция оплаты у -12 990,00 KZT 0,00 -12 990,00 0,00 KZ836010002008913840', 'коммерсанта 4MEN SHOP', '31.08.2025 31.08.2025 Операция оплаты у -1 780,00 KZT 0,00 -1 780,00 0,00 KZ836010002008913840', 'коммерсанта 4MEN SHOP', 'Выписка по счету: KZ836010002008913840 7']"
7,True,True,Место печати Банка,Выписка по счету: KZ836010002008913840,KZ836010002008913840,8,True,Выписка действительна при наличии печати Банка,"['Место печати Банка', 'Выписка по счету: KZ836010002008913840 8', 'Выписка действительна при наличии печати Банка']"
