{
  "pdf_name": "pdf_statements_1719552642159.pdf",
  "pdf_path": "data/halyk_bank/halyk_individual/pdf_statements_1719552642159.pdf",
  "jsonl_path": "data/halyk_individual/converted_jsons/pdf_statements_1719552642159_pages.jsonl",
  "flags": [
    "closing_balance_mismatch"
  ],
  "validation_debug": {
    "period_start": "21.06.2023",
    "period_end": "28.06.2024",
    "opening": 0.0,
    "closing_pdf": 6.0,
    "closing_calc": 7336774.0,
    "total_credit": 3669290.0,
    "total_debit": -3667484.0,
    "header_credit_turnover": null,
    "header_debit_turnover": null,
    "footer_credit": null,
    "footer_debit": null,
    "tolerance": 0.01
  }
}