Дата проведения операции,Дата обработки операции,Описание операции,Сумма операции,Валюта операции,Приход в валюте счета,Расход в валюте счета,Комиссия,№ карточки/счета,КНП,ip_knp_norm,ip_op_date,ip_is_non_business_by_knp,ip_is_non_business_by_keywords,ip_is_non_business,ip_credit_amount,ip_is_business_income
01.09.2024,01.09.2024,"валюте счета валюте счета операции операции Всего: KZT 9 674 471,53 -9 796 093,80 -1 700,00 Перевод на другую карту",-10000.0,KZT,0.0,-10000.0,0.0,KZ126010002017609810,,,2024-09-01,False,False,False,0.0,False
01.09.2024,01.09.2024,(KZT) Операция оплаты у,-2858.0,KZT,0.0,-2858.0,0.0,KZ126010002017609810,,,2024-09-01,False,False,False,0.0,False
02.09.2024,02.09.2024,коммерсанта 96APTEKA (KZT) Операция оплаты у,-3000.0,KZT,0.0,-3000.0,0.0,KZ126010002017609810,,,2024-09-02,False,False,False,0.0,False
02.09.2024,02.09.2024,коммерсанта ТОО (KZT) Житикара Телеком Костанайская обл. Поступление перевода,2800.0,KZT,2800.0,0.0,0.0,KZ126010002017609810,,,2024-09-02,False,False,False,2800.0,True
02.09.2024,02.09.2024,(KZT) Поступление перевода,2800.0,KZT,2800.0,0.0,0.0,KZ126010002017609810,,,2024-09-02,False,False,False,2800.0,True
03.09.2024,03.09.2024,(KZT) Операция оплаты у,-10395.0,KZT,0.0,-10395.0,0.0,440563******3037,,,2024-09-03,False,False,False,0.0,False
04.09.2024,04.09.2024,коммерсанта 96APTEKA Операция оплаты у,-1910.0,KZT,0.0,-1910.0,0.0,KZ126010002017609810,,,2024-09-04,False,False,False,0.0,False
05.09.2024,05.09.2024,коммерсанта ALDI SHOP (KZT) Операция оплаты у,-8153.0,KZT,0.0,-8153.0,0.0,KZ126010002017609810,,,2024-09-05,False,False,False,0.0,False
06.09.2024,06.09.2024,коммерсанта AUYL ET (KZT) SHOP Операция оплаты у,-7497.0,KZT,0.0,-7497.0,0.0,KZ126010002017609810,,,2024-09-06,False,False,False,0.0,False
06.09.2024,06.09.2024,коммерсанта 96APTEKA (KZT) Поступление перевода,5200.0,KZT,5200.0,0.0,0.0,KZ126010002017609810,,,2024-09-06,False,False,False,5200.0,True
06.09.2024,06.09.2024,(KZT) Операция оплаты у,-14000.0,KZT,0.0,-14000.0,0.0,KZ126010002017609810,,,2024-09-06,False,False,False,0.0,False
07.09.2024,07.09.2024,коммерсанта GOLDEN (KZT) PLACE CAFE Операция оплаты у,-5105.0,KZT,0.0,-5105.0,0.0,KZ126010002017609810,,,2024-09-07,False,False,False,0.0,False
07.09.2024,07.09.2024,коммерсанта OXANA (KZT) PRODUKTY SHOP Операция оплаты у,-550.0,KZT,0.0,-550.0,0.0,KZ126010002017609810,,,2024-09-07,False,False,False,0.0,False
08.09.2024,08.09.2024,коммерсанта OXANA (KZT) PRODUKTY SHOP Операция оплаты у,-9720.0,KZT,0.0,-9720.0,0.0,KZ126010002017609810,,,2024-09-08,False,False,False,0.0,False
08.09.2024,08.09.2024,Поступление перевода,8500.0,KZT,8500.0,0.0,0.0,KZ126010002017609810,,,2024-09-08,False,False,False,8500.0,True
09.09.2024,09.09.2024,(KZT) обслуживание карточки Regular Charge Операция оплаты у,-39975.0,KZT,0.0,-39975.0,0.0,KZ126010002017609810,,,2024-09-09,False,False,False,0.0,False
09.09.2024,09.09.2024,коммерсанта Оплата (KZT) заказов Фаберлик- Казахстан Операция оплаты у,-2965.0,KZT,0.0,-2965.0,0.0,KZ126010002017609810,,,2024-09-09,False,False,False,0.0,False
11.09.2024,11.09.2024,коммерсанта ALDI SHOP (KZT) Поступление перевода,10000.0,KZT,10000.0,0.0,0.0,KZ126010002017609810,,,2024-09-11,False,False,False,10000.0,True
13.09.2024,13.09.2024,(KZT) Поступление перевода,4800.0,KZT,4800.0,0.0,0.0,KZ126010002017609810,,,2024-09-13,False,False,False,4800.0,True
16.09.2024,16.09.2024,(KZT) Операция оплаты у,-3195.0,KZT,0.0,-3195.0,0.0,KZ126010002017609810,,,2024-09-16,False,False,False,0.0,False
17.09.2024,17.09.2024,коммерсанта ALDI SHOP (KZT) Поступление перевода,438000.0,KZT,438000.0,0.0,0.0,KZ126010002017609810,,,2024-09-17,False,False,False,438000.0,True
17.09.2024,17.09.2024,(KZT) Перевод на другую карту,-500000.0,KZT,0.0,-500150.0,0.0,440563******3037,,,2024-09-17,False,False,False,0.0,False
18.09.2024,18.09.2024,Перевод на другую карту,-132000.0,KZT,0.0,-132150.0,0.0,440563******3037,,,2024-09-18,False,False,False,0.0,False
22.09.2024,22.09.2024,Поступление перевода,57000.0,KZT,57000.0,0.0,0.0,KZ126010002017609810,,,2024-09-22,False,False,False,57000.0,True
22.09.2024,22.09.2024,(KZT) Операция оплаты у,-50000.0,KZT,0.0,-50000.0,0.0,KZ126010002017609810,,,2024-09-22,False,False,False,0.0,False
26.09.2024,26.09.2024,коммерсанта Оплата заказа (KZT) AVON Поступление перевода,90000.0,KZT,90000.0,0.0,0.0,KZ126010002017609810,,,2024-09-26,False,False,False,90000.0,True
26.09.2024,26.09.2024,(KZT) Операция оплаты у,-3000.0,KZT,0.0,-3000.0,0.0,KZ126010002017609810,,,2024-09-26,False,False,False,0.0,False
26.09.2024,26.09.2024,коммерсанта ПКСК Береке (KZT) г Житикара Операция оплаты у,-3000.0,KZT,0.0,-3000.0,0.0,KZ126010002017609810,,,2024-09-26,False,False,False,0.0,False
26.09.2024,26.09.2024,коммерсанта ТОО (KZT) Житикара Телеком Костанайская обл. Операция оплаты у,-17000.0,KZT,0.0,-17000.0,0.0,KZ126010002017609810,,,2024-09-26,False,False,False,0.0,False
26.09.2024,26.09.2024,коммерсанта ГКП (KZT) Житикаракоммунэнерго Операция оплаты у,-2961.0,KZT,0.0,-2961.0,0.0,KZ126010002017609810,,,2024-09-26,False,False,False,0.0,False
27.09.2024,27.09.2024,коммерсанта 96APTEKA (KZT) Поступление перевода,4500.0,KZT,4500.0,0.0,0.0,KZ126010002017609810,,,2024-09-27,False,False,False,4500.0,True
27.09.2024,27.09.2024,(KZT) Операция оплаты у,-40411.0,KZT,0.0,-40411.0,0.0,KZ126010002017609810,,,2024-09-27,False,False,False,0.0,False
29.09.2024,29.09.2024,коммерсанта Оплата (KZT) заказов Фаберлик- Казахстан Перевод на другую карту,-35000.0,KZT,0.0,-35150.0,0.0,440563******3037,,,2024-09-29,False,False,False,0.0,False
01.10.2024,01.10.2024,Поступление перевода,16000.0,KZT,16000.0,0.0,0.0,KZ126010002017609810,,,2024-10-01,False,False,False,16000.0,True
02.10.2024,02.10.2024,(KZT) Поступление перевода,2800.0,KZT,2800.0,0.0,0.0,KZ126010002017609810,,,2024-10-02,False,False,False,2800.0,True
04.10.2024,04.10.2024,(KZT) Операция оплаты у,-5700.0,KZT,0.0,-5700.0,0.0,KZ126010002017609810,,,2024-10-04,False,False,False,0.0,False
04.10.2024,04.10.2024,коммерсанта IP (KZT) KOVALSKAYA YANA VLADI Операция оплаты у,-900.0,KZT,0.0,-900.0,0.0,KZ126010002017609810,,,2024-10-04,False,False,False,0.0,False
07.10.2024,07.10.2024,коммерсанта IP (KZT) KOVALSKAYA YANA VLADI Поступление перевода,10000.0,KZT,10000.0,0.0,0.0,KZ126010002017609810,,,2024-10-07,False,False,False,10000.0,True
07.10.2024,07.10.2024,(KZT) Поступление перевода,6000.0,KZT,6000.0,0.0,0.0,KZ126010002017609810,,,2024-10-07,False,False,False,6000.0,True
09.10.2024,09.10.2024,(KZT) обслуживание карточки Regular Charge Операция оплаты у,-15000.0,KZT,0.0,-15000.0,0.0,KZ126010002017609810,,,2024-10-09,False,False,False,0.0,False
09.10.2024,09.10.2024,Поступление перевода,3000.0,KZT,3000.0,0.0,0.0,KZ126010002017609810,,,2024-10-09,False,False,False,3000.0,True
09.10.2024,09.10.2024,(KZT) Поступление перевода,6200.0,KZT,6200.0,0.0,0.0,KZ126010002017609810,,,2024-10-09,False,False,False,6200.0,True
09.10.2024,09.10.2024,(KZT) Поступление перевода,320000.0,KZT,320000.0,0.0,0.0,KZ126010002017609810,,,2024-10-09,False,False,False,320000.0,True
09.10.2024,09.10.2024,(KZT) Перевод на другую карту,-300000.0,KZT,0.0,-300150.0,0.0,440563******3037,,,2024-10-09,False,False,False,0.0,False
09.10.2024,09.10.2024,Поступление перевода,7500.0,KZT,7500.0,0.0,0.0,KZ126010002017609810,,,2024-10-09,False,False,False,7500.0,True
10.10.2024,10.10.2024,(KZT) Поступление перевода,2500.0,KZT,2500.0,0.0,0.0,KZ126010002017609810,,,2024-10-10,False,False,False,2500.0,True
10.10.2024,10.10.2024,(KZT) Поступление перевода,1900.0,KZT,1900.0,0.0,0.0,KZ126010002017609810,,,2024-10-10,False,False,False,1900.0,True
10.10.2024,10.10.2024,(KZT) Поступление перевода,2200.0,KZT,2200.0,0.0,0.0,KZ126010002017609810,,,2024-10-10,False,False,False,2200.0,True
10.10.2024,10.10.2024,(KZT) Поступление перевода,2800.0,KZT,2800.0,0.0,0.0,KZ126010002017609810,,,2024-10-10,False,False,False,2800.0,True
10.10.2024,10.10.2024,(KZT) Перевод на другую карту,-10000.0,KZT,0.0,-10000.0,0.0,KZ126010002017609810,,,2024-10-10,False,False,False,0.0,False
15.10.2024,15.10.2024,(KZT) Операция оплаты у,-34202.0,KZT,0.0,-34202.0,0.0,KZ126010002017609810,,,2024-10-15,False,False,False,0.0,False
16.10.2024,16.10.2024,коммерсанта Оплата (KZT) заказов Фаберлик- Казахстан Пополнение карточного терминал 22060014,500000.0,KZT,500000.0,0.0,0.0,KZ126010002017609810,,,2024-10-16,False,True,True,500000.0,False
17.10.2024,17.10.2024,счета через платежный (KZT) Пополнение карточного терминал 22060014,300000.0,KZT,300000.0,0.0,0.0,KZ126010002017609810,,,2024-10-17,False,True,True,300000.0,False
17.10.2024,17.10.2024,счета через платежный (KZT) Перевод на другую карту,-800000.0,KZT,0.0,-800150.0,0.0,440563******3037,,,2024-10-17,False,False,False,0.0,False
18.10.2024,18.10.2024,Поступление перевода,190000.0,KZT,190000.0,0.0,0.0,KZ126010002017609810,,,2024-10-18,False,False,False,190000.0,True
18.10.2024,18.10.2024,(KZT) Операция оплаты у,-60000.0,KZT,0.0,-60000.0,0.0,KZ126010002017609810,,,2024-10-18,False,False,False,0.0,False
21.10.2024,21.10.2024,коммерсанта Оплата заказа (KZT) AVON Поступление перевода,400.0,KZT,400.0,0.0,0.0,KZ126010002017609810,,,2024-10-21,False,False,False,400.0,True
22.10.2024,22.10.2024,(KZT) Перевод на другую карту,-120000.0,KZT,0.0,-120150.0,0.0,440563******3037,,,2024-10-22,False,False,False,0.0,False
24.10.2024,24.10.2024,Операция оплаты у,-3180.0,KZT,0.0,-3180.0,0.0,KZ126010002017609810,,,2024-10-24,False,False,False,0.0,False
25.10.2024,25.10.2024,коммерсанта ABAT SHOP (KZT) Поступление перевода,116000.0,KZT,116000.0,0.0,0.0,KZ126010002017609810,,,2024-10-25,False,False,False,116000.0,True
25.10.2024,25.10.2024,(KZT) Перевод на другую карту,-100000.0,KZT,0.0,-100150.0,0.0,440563******3037,,,2024-10-25,False,False,False,0.0,False
25.10.2024,25.10.2024,Операция оплаты у,-20000.0,KZT,0.0,-20000.0,0.0,KZ126010002017609810,,,2024-10-25,False,False,False,0.0,False
25.10.2024,25.10.2024,коммерсанта ГКП (KZT) Житикаракоммунэнерго Операция оплаты у,-3000.0,KZT,0.0,-3000.0,0.0,KZ126010002017609810,,,2024-10-25,False,False,False,0.0,False
25.10.2024,25.10.2024,коммерсанта ТОО (KZT) Житикара Телеком Костанайская обл. Операция оплаты у,-3000.0,KZT,0.0,-3000.0,0.0,KZ126010002017609810,,,2024-10-25,False,False,False,0.0,False
29.10.2024,29.10.2024,коммерсанта ПКСК Береке (KZT) г Житикара Поступление перевода,83000.0,KZT,83000.0,0.0,0.0,KZ126010002017609810,,,2024-10-29,False,False,False,83000.0,True
29.10.2024,29.10.2024,(KZT) Перевод на другую карту,-94000.0,KZT,0.0,-94150.0,0.0,440563******3037,,,2024-10-29,False,False,False,0.0,False
31.10.2024,31.10.2024,Поступление перевода,1100.0,KZT,1100.0,0.0,0.0,KZ126010002017609810,,,2024-10-31,False,False,False,1100.0,True
01.11.2024,01.11.2024,(KZT) Перевод на другую карту,-1000.0,KZT,0.0,-1000.0,0.0,KZ126010002017609810,,,2024-11-01,False,False,False,0.0,False
01.11.2024,01.11.2024,(KZT) Поступление перевода,4200.0,KZT,4200.0,0.0,0.0,KZ126010002017609810,,,2024-11-01,False,False,False,4200.0,True
02.11.2024,02.11.2024,(KZT) Поступление перевода,59000.0,KZT,59000.0,0.0,0.0,KZ126010002017609810,,,2024-11-02,False,False,False,59000.0,True
02.11.2024,02.11.2024,(KZT) Перевод на другую карту,-58000.0,KZT,0.0,-58000.0,0.0,KZ126010002017609810,,,2024-11-02,False,False,False,0.0,False
03.11.2024,03.11.2024,(KZT) Поступление перевода,2900.0,KZT,2900.0,0.0,0.0,KZ126010002017609810,,,2024-11-03,False,False,False,2900.0,True
03.11.2024,03.11.2024,Поступление перевода,7000.0,KZT,7000.0,0.0,0.0,KZ126010002017609810,,,2024-11-03,False,False,False,7000.0,True
03.11.2024,03.11.2024,(KZT) Перевод на другую карту,-11716.0,KZT,0.0,-11716.0,0.0,KZ126010002017609810,,,2024-11-03,False,False,False,0.0,False
04.11.2024,04.11.2024,(KZT) Поступление перевода,1450.0,KZT,1450.0,0.0,0.0,KZ126010002017609810,,,2024-11-04,False,False,False,1450.0,True
04.11.2024,04.11.2024,(KZT) Операция оплаты у,-2943.0,KZT,0.0,-2943.0,0.0,KZ126010002017609810,,,2024-11-04,False,False,False,0.0,False
05.11.2024,05.11.2024,коммерсанта 96APTEKA (KZT) Поступление перевода,30000.0,KZT,30000.0,0.0,0.0,KZ126010002017609810,,,2024-11-05,False,False,False,30000.0,True
05.11.2024,05.11.2024,(KZT) Взнос денег через cash-in,15000.0,KZT,15000.0,0.0,0.0,440563******3037,,,2024-11-05,False,True,True,15000.0,False
05.11.2024,05.11.2024,HOROSHII MAGAZIN Перевод на другую карту,-15000.0,KZT,0.0,-15150.0,0.0,440563******3037,,,2024-11-05,False,False,False,0.0,False
05.11.2024,05.11.2024,Операция оплаты у,-27442.0,KZT,0.0,-27442.0,0.0,KZ126010002017609810,,,2024-11-05,False,False,False,0.0,False
05.11.2024,05.11.2024,коммерсанта Оплата (KZT) заказов Фаберлик- Казахстан Операция оплаты у,-1021.0,KZT,0.0,-1021.0,0.0,KZ126010002017609810,,,2024-11-05,False,False,False,0.0,False
05.11.2024,05.11.2024,коммерсанта 96APTEKA (KZT) Поступление перевода,2100.0,KZT,2100.0,0.0,0.0,KZ126010002017609810,,,2024-11-05,False,False,False,2100.0,True
06.11.2024,06.11.2024,(KZT) Поступление перевода,3000.0,KZT,3000.0,0.0,0.0,KZ126010002017609810,,,2024-11-06,False,False,False,3000.0,True
06.11.2024,06.11.2024,(KZT) Поступление перевода,3600.0,KZT,3600.0,0.0,0.0,KZ126010002017609810,,,2024-11-06,False,False,False,3600.0,True
08.11.2024,08.11.2024,(KZT) Поступление перевода,37000.0,KZT,37000.0,0.0,0.0,KZ126010002017609810,,,2024-11-08,False,False,False,37000.0,True
08.11.2024,08.11.2024,(KZT) Операция оплаты у,-15000.0,KZT,0.0,-15000.0,0.0,KZ126010002017609810,,,2024-11-08,False,False,False,0.0,False
08.11.2024,08.11.2024,коммерсанта Оплата услуг (KZT) связи beeline Перевод на другую карту,-3200.0,KZT,0.0,-3200.0,0.0,KZ126010002017609810,,,2024-11-08,False,False,False,0.0,False
08.11.2024,08.11.2024,(KZT) Поступление перевода,3500.0,KZT,3500.0,0.0,0.0,KZ126010002017609810,,,2024-11-08,False,False,False,3500.0,True
10.11.2024,10.11.2024,(KZT) обслуживание карточки Regular Charge Перевод на другую карту,-10500.0,KZT,0.0,-10500.0,0.0,KZ126010002017609810,,,2024-11-10,False,False,False,0.0,False
11.11.2024,11.11.2024,(KZT) Поступление перевода,3000.0,KZT,3000.0,0.0,0.0,KZ126010002017609810,,,2024-11-11,False,False,False,3000.0,True
12.11.2024,12.11.2024,(KZT) Поступление перевода,2500.0,KZT,2500.0,0.0,0.0,KZ126010002017609810,,,2024-11-12,False,False,False,2500.0,True
12.11.2024,12.11.2024,(KZT) Поступление перевода,87000.0,KZT,87000.0,0.0,0.0,KZ126010002017609810,,,2024-11-12,False,False,False,87000.0,True
12.11.2024,12.11.2024,(KZT) Перевод на другую карту,-110000.0,KZT,0.0,-110150.0,0.0,440563******3037,,,2024-11-12,False,False,False,0.0,False
12.11.2024,12.11.2024,Перевод на другую карту,-2500.0,KZT,0.0,-2500.0,0.0,KZ126010002017609810,,,2024-11-12,False,False,False,0.0,False
13.11.2024,13.11.2024,(KZT) Операция оплаты у,-2728.0,KZT,0.0,-2728.0,0.0,KZ126010002017609810,,,2024-11-13,False,False,False,0.0,False
14.11.2024,14.11.2024,коммерсанта ABAT SHOP (KZT) Поступление перевода,1200.0,KZT,1200.0,0.0,0.0,KZ126010002017609810,,,2024-11-14,False,False,False,1200.0,True
15.11.2024,15.11.2024,(KZT) Поступление перевода,10000.0,KZT,10000.0,0.0,0.0,KZ126010002017609810,,,2024-11-15,False,False,False,10000.0,True
16.11.2024,16.11.2024,(KZT) Операция оплаты у,-1730.0,KZT,0.0,-1730.0,0.0,KZ126010002017609810,,,2024-11-16,False,False,False,0.0,False
18.11.2024,18.11.2024,коммерсанта ABAT SHOP (KZT) Перевод на другую карту,-10000.0,KZT,0.0,-10000.0,0.0,KZ126010002017609810,,,2024-11-18,False,False,False,0.0,False
20.11.2024,20.11.2024,(KZT) Поступление перевода,135000.0,KZT,135000.0,0.0,0.0,KZ126010002017609810,,,2024-11-20,False,False,False,135000.0,True
20.11.2024,20.11.2024,(KZT) Операция оплаты у,-990.0,KZT,0.0,-990.0,0.0,KZ126010002017609810,,,2024-11-20,False,False,False,0.0,False
21.11.2024,21.11.2024,коммерсанта ALDI SHOP (KZT) Операция оплаты у,-25000.0,KZT,0.0,-25000.0,0.0,KZ126010002017609810,,,2024-11-21,False,False,False,0.0,False
22.11.2024,22.11.2024,коммерсанта Оплата заказа (KZT) AVON Поступление перевода,5000.0,KZT,5000.0,0.0,0.0,KZ126010002017609810,,,2024-11-22,False,False,False,5000.0,True
22.11.2024,22.11.2024,Поступление перевода,5000.0,KZT,5000.0,0.0,0.0,KZ126010002017609810,,,2024-11-22,False,False,False,5000.0,True
23.11.2024,23.11.2024,(KZT) Поступление перевода,2300.0,KZT,2300.0,0.0,0.0,KZ126010002017609810,,,2024-11-23,False,False,False,2300.0,True
24.11.2024,24.11.2024,(KZT) Перевод на другую карту,-120000.0,KZT,0.0,-120150.0,0.0,440563******3037,,,2024-11-24,False,False,False,0.0,False
25.11.2024,25.11.2024,Поступление перевода,80000.0,KZT,80000.0,0.0,0.0,KZ126010002017609810,,,2024-11-25,False,False,False,80000.0,True
25.11.2024,25.11.2024,(KZT) Операция оплаты у,-50000.0,KZT,0.0,-50000.0,0.0,KZ126010002017609810,,,2024-11-25,False,False,False,0.0,False
25.11.2024,25.11.2024,коммерсанта Оплата заказа (KZT) AVON Поступление перевода,10000.0,KZT,10000.0,0.0,0.0,KZ126010002017609810,,,2024-11-25,False,False,False,10000.0,True
25.11.2024,25.11.2024,(KZT) Поступление перевода,13000.0,KZT,13000.0,0.0,0.0,KZ126010002017609810,,,2024-11-25,False,False,False,13000.0,True
25.11.2024,25.11.2024,(KZT) Поступление перевода,3440.0,KZT,3440.0,0.0,0.0,KZ126010002017609810,,,2024-11-25,False,False,False,3440.0,True
26.11.2024,26.11.2024,(KZT) Операция оплаты у,-20000.0,KZT,0.0,-20000.0,0.0,KZ126010002017609810,,,2024-11-26,False,False,False,0.0,False
27.11.2024,27.11.2024,коммерсанта ГКП (KZT) Житикаракоммунэнерго Поступление перевода,32000.0,KZT,32000.0,0.0,0.0,KZ126010002017609810,,,2024-11-27,False,False,False,32000.0,True
27.11.2024,27.11.2024,(KZT) Операция оплаты у,-41400.0,KZT,0.0,-41400.0,0.0,KZ126010002017609810,,,2024-11-27,False,False,False,0.0,False
30.11.2024,30.11.2024,коммерсанта Оплата (KZT) заказов Фаберлик- Казахстан Операция оплаты у,-1031.0,KZT,0.0,-1031.0,0.0,KZ126010002017609810,,,2024-11-30,False,False,False,0.0,False
30.11.2024,30.11.2024,коммерсанта 96APTEKA (KZT) Поступление перевода,35000.0,KZT,35000.0,0.0,0.0,KZ126010002017609810,,,2024-11-30,False,False,False,35000.0,True
30.11.2024,30.11.2024,(KZT) Перевод на другую карту,-62000.0,KZT,0.0,-62150.0,0.0,440563******3037,,,2024-11-30,False,False,False,0.0,False
01.12.2024,01.12.2024,Поступление перевода,24000.0,KZT,24000.0,0.0,0.0,KZ126010002017609810,,,2024-12-01,False,False,False,24000.0,True
01.12.2024,01.12.2024,(KZT) Перевод на другую карту,-24000.0,KZT,0.0,-24150.0,0.0,440563******3037,,,2024-12-01,False,False,False,0.0,False
05.12.2024,05.12.2024,Поступление перевода,900.0,KZT,900.0,0.0,0.0,440563******3037,,,2024-12-05,False,False,False,900.0,True
06.12.2024,06.12.2024,Платеж с текущего счета,120471.53,KZT,120471.53,0.0,0.0,KZ126010002017609810,,,2024-12-06,False,False,False,120471.53,True
06.12.2024,06.12.2024,ONLB на ФЛ (KZT) PHONE_NUMBER 7054602822перевод Прочие безвозмездные переводы денег RRN=24C06D301391 Перевод на другую карту,-50000.0,KZT,0.0,-50150.0,0.0,440563******3037,,,2024-12-06,False,False,False,0.0,False
07.12.2024,07.12.2024,Поступление перевода,2200.0,KZT,2200.0,0.0,0.0,KZ126010002017609810,,,2024-12-07,False,False,False,2200.0,True
08.12.2024,09.12.2024,(KZT) Поступление перевода,2000.0,KZT,2000.0,0.0,0.0,440563******3037,,,2024-12-08,False,False,False,2000.0,True
08.12.2024,08.12.2024,Поступление перевода,6300.0,KZT,6300.0,0.0,0.0,KZ126010002017609810,,,2024-12-08,False,False,False,6300.0,True
08.12.2024,08.12.2024,(KZT) Поступление перевода,6000.0,KZT,6000.0,0.0,0.0,KZ126010002017609810,,,2024-12-08,False,False,False,6000.0,True
09.12.2024,09.12.2024,(KZT) обслуживание карточки Regular Charge Поступление перевода,1350.0,KZT,1350.0,0.0,0.0,KZ126010002017609810,,,2024-12-09,False,False,False,1350.0,True
09.12.2024,09.12.2024,(KZT) Поступление перевода,3000.0,KZT,3000.0,0.0,0.0,KZ126010002017609810,,,2024-12-09,False,False,False,3000.0,True
09.12.2024,09.12.2024,(KZT) Поступление перевода,600.0,KZT,600.0,0.0,0.0,KZ126010002017609810,,,2024-12-09,False,False,False,600.0,True
09.12.2024,09.12.2024,(KZT) Поступление перевода,2500.0,KZT,2500.0,0.0,0.0,KZ126010002017609810,,,2024-12-09,False,False,False,2500.0,True
09.12.2024,09.12.2024,(KZT) Перевод на другую карту,-34000.0,KZT,0.0,-34000.0,0.0,KZ126010002017609810,,,2024-12-09,False,False,False,0.0,False
09.12.2024,09.12.2024,(KZT) Поступление перевода,4500.0,KZT,4500.0,0.0,0.0,KZ126010002017609810,,,2024-12-09,False,False,False,4500.0,True
09.12.2024,09.12.2024,(KZT) Перевод на другую карту,-35000.0,KZT,0.0,-35150.0,0.0,440563******3037,,,2024-12-09,False,False,False,0.0,False
09.12.2024,09.12.2024,Снятие денег через банкомат TSPS 12,-20000.0,KZT,0.0,-20000.0,0.0,400303******9739,,,2024-12-09,False,True,True,0.0,False
10.12.2024,10.12.2024,Перевод на другую карту,-10500.0,KZT,0.0,-10500.0,0.0,KZ126010002017609810,,,2024-12-10,False,False,False,0.0,False
10.12.2024,10.12.2024,(KZT) Поступление перевода,11000.0,KZT,11000.0,0.0,0.0,KZ126010002017609810,,,2024-12-10,False,False,False,11000.0,True
11.12.2024,11.12.2024,(KZT) Платеж с текущего счета,93000.0,KZT,93000.0,0.0,0.0,KZ126010002017609810,,,2024-12-11,False,False,False,93000.0,True
11.12.2024,11.12.2024,ONLB на ФЛ (KZT) PHONE_NUMBER 7054602822Прочие безвозмездные переводы денег RRN=24C11D409756 Снятие денег через банкомат JITIKARINSKOE,-20000.0,KZT,0.0,-20000.0,0.0,400303******9739,,,2024-12-11,False,True,True,0.0,False
11.12.2024,11.12.2024,Поступление перевода,2850.0,KZT,2850.0,0.0,0.0,KZ126010002017609810,,,2024-12-11,False,False,False,2850.0,True
11.12.2024,11.12.2024,(KZT) Поступление перевода,650.0,KZT,650.0,0.0,0.0,KZ126010002017609810,,,2024-12-11,False,False,False,650.0,True
11.12.2024,11.12.2024,(KZT) Поступление перевода,2000.0,KZT,2000.0,0.0,0.0,KZ126010002017609810,,,2024-12-11,False,False,False,2000.0,True
11.12.2024,11.12.2024,(KZT) Операция оплаты у,-22570.0,KZT,0.0,-22570.0,0.0,KZ126010002017609810,,,2024-12-11,False,False,False,0.0,False
11.12.2024,11.12.2024,коммерсанта Оплата (KZT) заказов Фаберлик- Казахстан Поступление перевода,1070.0,KZT,1070.0,0.0,0.0,KZ126010002017609810,,,2024-12-11,False,False,False,1070.0,True
11.12.2024,11.12.2024,(KZT) Поступление перевода,2640.0,KZT,2640.0,0.0,0.0,KZ126010002017609810,,,2024-12-11,False,False,False,2640.0,True
12.12.2024,12.12.2024,(KZT) Поступление перевода,2700.0,KZT,2700.0,0.0,0.0,KZ126010002017609810,,,2024-12-12,False,False,False,2700.0,True
13.12.2024,13.12.2024,(KZT) Поступление перевода,2640.0,KZT,2640.0,0.0,0.0,KZ126010002017609810,,,2024-12-13,False,False,False,2640.0,True
13.12.2024,13.12.2024,(KZT) Поступление перевода,7700.0,KZT,7700.0,0.0,0.0,KZ126010002017609810,,,2024-12-13,False,False,False,7700.0,True
13.12.2024,13.12.2024,(KZT) Операция оплаты у,-220.0,KZT,0.0,-220.0,0.0,KZ126010002017609810,,,2024-12-13,False,False,False,0.0,False
15.12.2024,15.12.2024,коммерсанта REGINA (KZT) SHOP Операция оплаты у,-25141.0,KZT,0.0,-25141.0,0.0,KZ126010002017609810,,,2024-12-15,False,False,False,0.0,False
15.12.2024,15.12.2024,коммерсанта SVETOFOR (KZT) SHOP Операция оплаты у,-4620.0,KZT,0.0,-4620.0,0.0,KZ126010002017609810,,,2024-12-15,False,False,False,0.0,False
16.12.2024,16.12.2024,коммерсанта ABAT SHOP (KZT) Операция оплаты у,-15375.0,KZT,0.0,-15375.0,0.0,KZ126010002017609810,,,2024-12-16,False,False,False,0.0,False
17.12.2024,17.12.2024,коммерсанта SHARLOTKA (KZT) SHOP Поступление перевода,1600.0,KZT,1600.0,0.0,0.0,KZ126010002017609810,,,2024-12-17,False,False,False,1600.0,True
18.12.2024,18.12.2024,(KZT) Перевод на другую карту,-10000.0,KZT,0.0,-10000.0,0.0,KZ126010002017609810,,,2024-12-18,False,False,False,0.0,False
18.12.2024,18.12.2024,(KZT) Поступление перевода,300.0,KZT,300.0,0.0,0.0,KZ126010002017609810,,,2024-12-18,False,False,False,300.0,True
18.12.2024,18.12.2024,(KZT) Операция оплаты у,-750.0,KZT,0.0,-750.0,0.0,KZ126010002017609810,,,2024-12-18,False,False,False,0.0,False
19.12.2024,19.12.2024,коммерсанта IP ZHER SU (KZT) Поступление перевода,12500.0,KZT,12500.0,0.0,0.0,KZ126010002017609810,,,2024-12-19,False,False,False,12500.0,True
19.12.2024,19.12.2024,(KZT) Поступление перевода,30000.0,KZT,30000.0,0.0,0.0,KZ126010002017609810,,,2024-12-19,False,False,False,30000.0,True
19.12.2024,19.12.2024,(KZT) Операция оплаты у,-70000.0,KZT,0.0,-70000.0,0.0,KZ126010002017609810,,,2024-12-19,False,False,False,0.0,False
20.12.2024,20.12.2024,коммерсанта Оплата заказа (KZT) AVON Поступление перевода,208000.0,KZT,208000.0,0.0,0.0,KZ126010002017609810,,,2024-12-20,False,False,False,208000.0,True
20.12.2024,20.12.2024,(KZT) Перевод на другую карту,-30000.0,KZT,0.0,-30000.0,0.0,KZ126010002017609810,,,2024-12-20,False,False,False,0.0,False
20.12.2024,20.12.2024,(KZT) Операция оплаты у,-25073.0,KZT,0.0,-25073.0,0.0,KZ126010002017609810,,,2024-12-20,False,False,False,0.0,False
20.12.2024,20.12.2024,коммерсанта SVETOFOR (KZT) SHOP Операция оплаты у,-1861.0,KZT,0.0,-1861.0,0.0,KZ126010002017609810,,,2024-12-20,False,False,False,0.0,False
20.12.2024,20.12.2024,Поступление перевода,2100.0,KZT,2100.0,0.0,0.0,KZ126010002017609810,,,2024-12-20,False,False,False,2100.0,True
21.12.2024,21.12.2024,(KZT) Операция оплаты у,-5080.0,KZT,0.0,-5080.0,0.0,KZ126010002017609810,,,2024-12-21,False,False,False,0.0,False
21.12.2024,21.12.2024,коммерсанта RAUAN TD (KZT) Операция оплаты у,-1410.0,KZT,0.0,-1410.0,0.0,KZ126010002017609810,,,2024-12-21,False,False,False,0.0,False
21.12.2024,21.12.2024,коммерсанта ABAT (KZT) SUPERMARKET Поступление перевода,3280.0,KZT,3280.0,0.0,0.0,KZ126010002017609810,,,2024-12-21,False,False,False,3280.0,True
22.12.2024,22.12.2024,(KZT) Перевод на другую карту,-19000.0,KZT,0.0,-19000.0,0.0,KZ126010002017609810,,,2024-12-22,False,False,False,0.0,False
22.12.2024,22.12.2024,(KZT) Поступление перевода,28000.0,KZT,28000.0,0.0,0.0,KZ126010002017609810,,,2024-12-22,False,False,False,28000.0,True
23.12.2024,23.12.2024,(KZT) Перевод на другую карту,-2000.0,KZT,0.0,-2000.0,0.0,KZ126010002017609810,,,2024-12-23,False,False,False,0.0,False
23.12.2024,23.12.2024,(KZT) Поступление перевода,116000.0,KZT,116000.0,0.0,0.0,KZ126010002017609810,,,2024-12-23,False,False,False,116000.0,True
23.12.2024,23.12.2024,(KZT) Снятие денег через банкомат HOROSHII,-270000.0,KZT,0.0,-270000.0,-100.0,400303******9739,,,2024-12-23,False,True,True,0.0,False
24.12.2024,24.12.2024,MAGAZIN Поступление перевода,26000.0,KZT,26000.0,0.0,0.0,KZ126010002017609810,,,2024-12-24,False,False,False,26000.0,True
24.12.2024,24.12.2024,(KZT) Поступление перевода,4500.0,KZT,4500.0,0.0,0.0,KZ126010002017609810,,,2024-12-24,False,False,False,4500.0,True
25.12.2024,26.12.2024,(KZT) Поступление перевода,14000.0,KZT,14000.0,0.0,0.0,400303******9739,,,2024-12-25,False,False,False,14000.0,True
25.12.2024,25.12.2024,Операция оплаты у,-3350.0,KZT,0.0,-3350.0,0.0,KZ126010002017609810,,,2024-12-25,False,False,False,0.0,False
25.12.2024,25.12.2024,коммерсанта 96APTEKA (KZT) Поступление перевода,10000.0,KZT,10000.0,0.0,0.0,KZ126010002017609810,,,2024-12-25,False,False,False,10000.0,True
25.12.2024,25.12.2024,(KZT) Поступление перевода,9700.0,KZT,9700.0,0.0,0.0,KZ126010002017609810,,,2024-12-25,False,False,False,9700.0,True
25.12.2024,25.12.2024,(KZT) Поступление перевода,106000.0,KZT,106000.0,0.0,0.0,KZ126010002017609810,,,2024-12-25,False,False,False,106000.0,True
25.12.2024,25.12.2024,(KZT) Поступление перевода,1300.0,KZT,1300.0,0.0,0.0,KZ126010002017609810,,,2024-12-25,False,False,False,1300.0,True
25.12.2024,25.12.2024,(KZT) Перевод на другую карту,-33000.0,KZT,0.0,-33000.0,0.0,KZ126010002017609810,,,2024-12-25,False,False,False,0.0,False
25.12.2024,25.12.2024,(KZT) Снятие денег через банкомат TSPS 12,-100000.0,KZT,0.0,-100000.0,-1000.0,400303******9739,,,2024-12-25,False,True,True,0.0,False
26.12.2024,26.12.2024,Поступление перевода,71000.0,KZT,71000.0,0.0,0.0,KZ126010002017609810,,,2024-12-26,False,False,False,71000.0,True
26.12.2024,26.12.2024,(KZT) Перевод на другую карту,-30000.0,KZT,0.0,-30150.0,0.0,440563******3037,,,2024-12-26,False,False,False,0.0,False
26.12.2024,26.12.2024,Операция оплаты у,-17616.0,KZT,0.0,-17616.0,0.0,KZ126010002017609810,,,2024-12-26,False,False,False,0.0,False
26.12.2024,26.12.2024,коммерсанта ГКП (KZT) Житикаракоммунэнерго Поступление перевода,10300.0,KZT,10300.0,0.0,0.0,KZ126010002017609810,,,2024-12-26,False,False,False,10300.0,True
27.12.2024,27.12.2024,(KZT) Поступление перевода,55000.0,KZT,55000.0,0.0,0.0,KZ126010002017609810,,,2024-12-27,False,False,False,55000.0,True
27.12.2024,27.12.2024,(KZT) Операция оплаты у,-87782.0,KZT,0.0,-87782.0,0.0,KZ126010002017609810,,,2024-12-27,False,False,False,0.0,False
27.12.2024,27.12.2024,коммерсанта Оплата (KZT) заказов Фаберлик- Казахстан Поступление перевода,1500.0,KZT,1500.0,0.0,0.0,440563******3037,,,2024-12-27,False,False,False,1500.0,True
27.12.2024,27.12.2024,Поступление перевода,2200.0,KZT,2200.0,0.0,0.0,KZ126010002017609810,,,2024-12-27,False,False,False,2200.0,True
27.12.2024,27.12.2024,(KZT) Поступление перевода,6000.0,KZT,6000.0,0.0,0.0,KZ126010002017609810,,,2024-12-27,False,False,False,6000.0,True
27.12.2024,27.12.2024,(KZT) Поступление перевода,14000.0,KZT,14000.0,0.0,0.0,KZ126010002017609810,,,2024-12-27,False,False,False,14000.0,True
27.12.2024,27.12.2024,(KZT) Поступление перевода,13000.0,KZT,13000.0,0.0,0.0,KZ126010002017609810,,,2024-12-27,False,False,False,13000.0,True
27.12.2024,27.12.2024,(KZT) Поступление перевода,15600.0,KZT,15600.0,0.0,0.0,KZ126010002017609810,,,2024-12-27,False,False,False,15600.0,True
27.12.2024,27.12.2024,(KZT) Поступление перевода,3000.0,KZT,3000.0,0.0,0.0,KZ126010002017609810,,,2024-12-27,False,False,False,3000.0,True
27.12.2024,27.12.2024,Операция оплаты у,-4415.0,KZT,0.0,-4415.0,0.0,400303******9739,,,2024-12-27,False,False,False,0.0,False
27.12.2024,27.12.2024,коммерсанта BURASHEV PC Перевод на другую карту,-28000.0,KZT,0.0,-28000.0,0.0,KZ126010002017609810,,,2024-12-27,False,False,False,0.0,False
27.12.2024,27.12.2024,(KZT) Перевод на другую карту,-63000.0,KZT,0.0,-63150.0,0.0,440563******3037,,,2024-12-27,False,False,False,0.0,False
28.12.2024,28.12.2024,Поступление перевода,1800.0,KZT,1800.0,0.0,0.0,KZ126010002017609810,,,2024-12-28,False,False,False,1800.0,True
28.12.2024,28.12.2024,(KZT) Поступление перевода,6050.0,KZT,6050.0,0.0,0.0,KZ126010002017609810,,,2024-12-28,False,False,False,6050.0,True
29.12.2024,29.12.2024,(KZT) Поступление перевода,1150.0,KZT,1150.0,0.0,0.0,KZ126010002017609810,,,2024-12-29,False,False,False,1150.0,True
29.12.2024,30.12.2024,(KZT) Операция оплаты у,-7438.0,KZT,0.0,-7438.0,0.0,400303******9739,,,2024-12-29,False,False,False,0.0,False
30.12.2024,30.12.2024,коммерсанта FIX PRICE Поступление перевода,13750.0,KZT,13750.0,0.0,0.0,KZ126010002017609810,,,2024-12-30,False,False,False,13750.0,True
30.12.2024,30.12.2024,(KZT) Операция оплаты у,-14105.0,KZT,0.0,-14105.0,0.0,400303******9739,,,2024-12-30,False,False,False,0.0,False
05.01.2025,05.01.2025,коммерсанта SALTANAT SHOP Поступление перевода,500.0,KZT,500.0,0.0,0.0,KZ126010002017609810,,,2025-01-05,False,False,False,500.0,True
07.01.2025,07.01.2025,(KZT) Поступление перевода,4500.0,KZT,4500.0,0.0,0.0,KZ126010002017609810,,,2025-01-07,False,False,False,4500.0,True
07.01.2025,07.01.2025,(KZT) Поступление перевода,3700.0,KZT,3700.0,0.0,0.0,KZ126010002017609810,,,2025-01-07,False,False,False,3700.0,True
09.01.2025,09.01.2025,(KZT) Поступление перевода,6000.0,KZT,6000.0,0.0,0.0,KZ126010002017609810,,,2025-01-09,False,False,False,6000.0,True
10.01.2025,10.01.2025,(KZT) Операция оплаты у,-4827.0,KZT,0.0,-4827.0,0.0,KZ126010002017609810,,,2025-01-10,False,False,False,0.0,False
10.01.2025,10.01.2025,коммерсанта KHALIMOV (KZT) S.A. PC Операция оплаты у,-2200.0,KZT,0.0,-2200.0,0.0,KZ126010002017609810,,,2025-01-10,False,False,False,0.0,False
10.01.2025,10.01.2025,коммерсанта (KZT) KASHKARBAYEVA ZH.A. PC Операция оплаты у,-605.0,KZT,0.0,-605.0,0.0,KZ126010002017609810,,,2025-01-10,False,False,False,0.0,False
11.01.2025,11.01.2025,коммерсанта APTEKA (KZT) Поступление перевода,890000.0,KZT,890000.0,0.0,0.0,KZ126010002017609810,,,2025-01-11,False,False,False,890000.0,True
11.01.2025,11.01.2025,(KZT) Перевод на другую карту,-10500.0,KZT,0.0,-10500.0,0.0,KZ126010002017609810,,,2025-01-11,False,False,False,0.0,False
14.01.2025,14.01.2025,(KZT) Операция оплаты у,-1323.0,KZT,0.0,-1323.0,0.0,KZ126010002017609810,,,2025-01-14,False,False,False,0.0,False
15.01.2025,15.01.2025,коммерсанта 96APTEKA (KZT) Операция оплаты у,-60000.0,KZT,0.0,-60000.0,0.0,KZ126010002017609810,,,2025-01-15,False,False,False,0.0,False
15.01.2025,15.01.2025,коммерсанта Оплата заказа (KZT) AVON Операция оплаты у,-30000.0,KZT,0.0,-30000.0,0.0,KZ126010002017609810,,,2025-01-15,False,False,False,0.0,False
16.01.2025,16.01.2025,коммерсанта Оплата заказа (KZT) AVON Поступление перевода,9750.0,KZT,9750.0,0.0,0.0,KZ126010002017609810,,,2025-01-16,False,False,False,9750.0,True
17.01.2025,17.01.2025,(KZT) Перевод на другую карту,-600000.0,KZT,0.0,-600200.0,0.0,400303******9739,,,2025-01-17,False,False,False,0.0,False
17.01.2025,17.01.2025,Операция оплаты у,-1391.0,KZT,0.0,-1391.0,0.0,KZ126010002017609810,,,2025-01-17,False,False,False,0.0,False
21.01.2025,21.01.2025,коммерсанта 96APTEKA (KZT) Операция оплаты у,-43045.0,KZT,0.0,-43045.0,0.0,KZ126010002017609810,,,2025-01-21,False,False,False,0.0,False
22.01.2025,22.01.2025,коммерсанта Оплата (KZT) заказов Фаберлик- Казахстан Операция оплаты у,-6969.0,KZT,0.0,-6969.0,0.0,KZ126010002017609810,,,2025-01-22,False,False,False,0.0,False
22.01.2025,22.01.2025,коммерсанта 96APTEKA (KZT) Операция оплаты у,-6619.0,KZT,0.0,-6619.0,0.0,KZ126010002017609810,,,2025-01-22,False,False,False,0.0,False
23.01.2025,24.01.2025,коммерсанта ABAT SHOP (KZT) Операция оплаты у,-5033.0,KZT,0.0,-5033.0,0.0,400303******9739,,,2025-01-23,False,False,False,0.0,False
23.01.2025,24.01.2025,коммерсанта TORGOVYI PRITSEP 9 Операция оплаты у,-2386.0,KZT,0.0,-2386.0,0.0,400303******9739,,,2025-01-23,False,False,False,0.0,False
23.01.2025,23.01.2025,коммерсанта TORGOVYI PRITSEP 9 Поступление перевода,2100.0,KZT,2100.0,0.0,0.0,KZ126010002017609810,,,2025-01-23,False,False,False,2100.0,True
25.01.2025,25.01.2025,Поступление перевода,8000.0,KZT,8000.0,0.0,0.0,KZ126010002017609810,,,2025-01-25,False,False,False,8000.0,True
27.01.2025,27.01.2025,(KZT) Операция оплаты у,-26000.0,KZT,0.0,-26000.0,0.0,KZ126010002017609810,,,2025-01-27,False,False,False,0.0,False
31.01.2025,31.01.2025,коммерсанта ГКП (KZT) Житикаракоммунэнерго Перевод на другую карту,-120000.0,KZT,0.0,-120200.0,0.0,400303******9739,,,2025-01-31,False,False,False,0.0,False
05.02.2025,05.02.2025,Поступление перевода,100000.0,KZT,100000.0,0.0,0.0,KZ126010002017609810,,,2025-02-05,False,False,False,100000.0,True
05.02.2025,05.02.2025,(KZT) Операция оплаты у,-60000.0,KZT,0.0,-60000.0,0.0,KZ126010002017609810,,,2025-02-05,False,False,False,0.0,False
09.02.2025,09.02.2025,коммерсанта Оплата заказа (KZT) AVON Поступление перевода,965.0,KZT,965.0,0.0,0.0,KZ126010002017609810,,,2025-02-09,False,False,False,965.0,True
09.02.2025,09.02.2025,(KZT) Поступление перевода,985.0,KZT,985.0,0.0,0.0,KZ126010002017609810,,,2025-02-09,False,False,False,985.0,True
10.02.2025,10.02.2025,(KZT) Поступление перевода,1400.0,KZT,1400.0,0.0,0.0,KZ126010002017609810,,,2025-02-10,False,False,False,1400.0,True
10.02.2025,10.02.2025,(KZT) Поступление перевода,10000.0,KZT,10000.0,0.0,0.0,KZ126010002017609810,,,2025-02-10,False,False,False,10000.0,True
10.02.2025,10.02.2025,(KZT) Операция оплаты у,-10326.0,KZT,0.0,-10326.0,0.0,KZ126010002017609810,,,2025-02-10,False,False,False,0.0,False
11.02.2025,11.02.2025,коммерсанта ПКСК Береке (KZT) г Житикара Поступление перевода,1400.0,KZT,1400.0,0.0,0.0,KZ126010002017609810,,,2025-02-11,False,False,False,1400.0,True
15.02.2025,15.02.2025,(KZT) Поступление перевода,10000.0,KZT,10000.0,0.0,0.0,KZ126010002017609810,,,2025-02-15,False,False,False,10000.0,True
17.02.2025,17.02.2025,(KZT) Поступление перевода,2365.0,KZT,2365.0,0.0,0.0,KZ126010002017609810,,,2025-02-17,False,False,False,2365.0,True
17.02.2025,17.02.2025,(KZT) Поступление перевода,6330.0,KZT,6330.0,0.0,0.0,KZ126010002017609810,,,2025-02-17,False,False,False,6330.0,True
19.02.2025,19.02.2025,(KZT) Поступление перевода,14300.0,KZT,14300.0,0.0,0.0,KZ126010002017609810,,,2025-02-19,False,False,False,14300.0,True
22.02.2025,22.02.2025,(KZT) Перевод на другую карту,-80000.0,KZT,0.0,-80200.0,0.0,400303******9739,,,2025-02-22,False,False,False,0.0,False
25.02.2025,25.02.2025,Поступление перевода,160000.0,KZT,160000.0,0.0,0.0,KZ126010002017609810,,,2025-02-25,False,False,False,160000.0,True
25.02.2025,25.02.2025,(KZT) Операция оплаты у,-49534.0,KZT,0.0,-49534.0,0.0,KZ126010002017609810,,,2025-02-25,False,False,False,0.0,False
26.02.2025,26.02.2025,коммерсанта Оплата (KZT) заказов Фаберлик- Казахстан Поступление перевода,300.0,KZT,300.0,0.0,0.0,KZ126010002017609810,,,2025-02-26,False,False,False,300.0,True
26.02.2025,26.02.2025,(KZT) Поступление перевода,6100.0,KZT,6100.0,0.0,0.0,KZ126010002017609810,,,2025-02-26,False,False,False,6100.0,True
28.02.2025,28.02.2025,(KZT) Операция оплаты у,-20000.0,KZT,0.0,-20000.0,0.0,KZ126010002017609810,,,2025-02-28,False,False,False,0.0,False
03.03.2025,03.03.2025,коммерсанта ГКП (KZT) Житикаракоммунэнерго Поступление перевода,10000.0,KZT,10000.0,0.0,0.0,KZ126010002017609810,,,2025-03-03,False,False,False,10000.0,True
04.03.2025,04.03.2025,(KZT) Поступление перевода,500.0,KZT,500.0,0.0,0.0,KZ126010002017609810,,,2025-03-04,False,False,False,500.0,True
05.03.2025,05.03.2025,(KZT) Поступление перевода,7000.0,KZT,7000.0,0.0,0.0,KZ126010002017609810,,,2025-03-05,False,False,False,7000.0,True
05.03.2025,05.03.2025,(KZT) Поступление перевода,1450.0,KZT,1450.0,0.0,0.0,400303******9739,,,2025-03-05,False,False,False,1450.0,True
05.03.2025,05.03.2025,Поступление перевода,100.0,KZT,100.0,0.0,0.0,KZ126010002017609810,,,2025-03-05,False,False,False,100.0,True
06.03.2025,06.03.2025,(KZT) Поступление перевода,10000.0,KZT,10000.0,0.0,0.0,KZ126010002017609810,,,2025-03-06,False,False,False,10000.0,True
06.03.2025,06.03.2025,(KZT) Поступление перевода,2000.0,KZT,2000.0,0.0,0.0,KZ126010002017609810,,,2025-03-06,False,False,False,2000.0,True
07.03.2025,07.03.2025,(KZT) Операция оплаты у,-2003.0,KZT,0.0,-2003.0,0.0,KZ126010002017609810,,,2025-03-07,False,False,False,0.0,False
08.03.2025,09.03.2025,коммерсанта KHALIMOV (KZT) S.A. PC Операция оплаты у,-7102.0,KZT,0.0,-7102.0,0.0,400303******9739,,,2025-03-08,False,False,False,0.0,False
10.03.2025,10.03.2025,коммерсанта FIX PRICE Операция оплаты у,-4037.0,KZT,0.0,-4037.0,0.0,KZ126010002017609810,,,2025-03-10,False,False,False,0.0,False
10.03.2025,10.03.2025,Поступление перевода,300.0,KZT,300.0,0.0,0.0,KZ126010002017609810,,,2025-03-10,False,False,False,300.0,True
11.03.2025,11.03.2025,(KZT) Поступление перевода,2000.0,KZT,2000.0,0.0,0.0,KZ126010002017609810,,,2025-03-11,False,False,False,2000.0,True
11.03.2025,11.03.2025,(KZT) Поступление перевода,8200.0,KZT,8200.0,0.0,0.0,KZ126010002017609810,,,2025-03-11,False,False,False,8200.0,True
11.03.2025,11.03.2025,(KZT) Операция оплаты у,-3665.0,KZT,0.0,-3665.0,0.0,KZ126010002017609810,,,2025-03-11,False,False,False,0.0,False
13.03.2025,13.03.2025,коммерсанта PRODUKTY (KZT) SHOP Поступление перевода,3000.0,KZT,3000.0,0.0,0.0,KZ126010002017609810,,,2025-03-13,False,False,False,3000.0,True
13.03.2025,13.03.2025,(KZT) Операция оплаты у,-3123.0,KZT,0.0,-3123.0,0.0,KZ126010002017609810,,,2025-03-13,False,False,False,0.0,False
13.03.2025,13.03.2025,коммерсанта APTEKA 99 (KZT) Поступление перевода,700.0,KZT,700.0,0.0,0.0,KZ126010002017609810,,,2025-03-13,False,False,False,700.0,True
14.03.2025,14.03.2025,(KZT) Поступление перевода,700.0,KZT,700.0,0.0,0.0,KZ126010002017609810,,,2025-03-14,False,False,False,700.0,True
14.03.2025,14.03.2025,(KZT) Поступление перевода,600.0,KZT,600.0,0.0,0.0,KZ126010002017609810,,,2025-03-14,False,False,False,600.0,True
16.03.2025,16.03.2025,(KZT) Операция оплаты у,-5922.0,KZT,0.0,-5922.0,0.0,KZ126010002017609810,,,2025-03-16,False,False,False,0.0,False
16.03.2025,16.03.2025,коммерсанта ABAT (KZT) SUPERMARKET Операция оплаты у,-880.0,KZT,0.0,-880.0,0.0,KZ126010002017609810,,,2025-03-16,False,False,False,0.0,False
16.03.2025,16.03.2025,коммерсанта REGINA (KZT) SHOP Операция оплаты у,-486.0,KZT,0.0,-486.0,0.0,KZ126010002017609810,,,2025-03-16,False,False,False,0.0,False
17.03.2025,17.03.2025,коммерсанта APTEKA 99 (KZT) Поступление перевода,300000.0,KZT,300000.0,0.0,0.0,KZ126010002017609810,,,2025-03-17,False,False,False,300000.0,True
17.03.2025,17.03.2025,(KZT) Перевод на другую карту,-300000.0,KZT,0.0,-300200.0,0.0,400303******9739,,,2025-03-17,False,False,False,0.0,False
18.03.2025,18.03.2025,Операция оплаты у,-10000.0,KZT,0.0,-10000.0,0.0,KZ126010002017609810,,,2025-03-18,False,False,False,0.0,False
19.03.2025,19.03.2025,коммерсанта Оплата заказа (KZT) AVON Поступление перевода,600.0,KZT,600.0,0.0,0.0,KZ126010002017609810,,,2025-03-19,False,False,False,600.0,True
20.03.2025,20.03.2025,(KZT) Операция оплаты у,-52111.44,KZT,0.0,-52111.44,0.0,KZ126010002017609810,,,2025-03-20,False,False,False,0.0,False
20.03.2025,20.03.2025,коммерсанта Оплата (KZT) заказов Фаберлик- Казахстан Поступление перевода,2200.0,KZT,2200.0,0.0,0.0,KZ126010002017609810,,,2025-03-20,False,False,False,2200.0,True
20.03.2025,20.03.2025,(KZT) Перевод на другую карту,-1000.0,KZT,0.0,-1000.0,0.0,KZ126010002017609810,,,2025-03-20,False,False,False,0.0,False
20.03.2025,20.03.2025,(KZT) Поступление перевода,4300.0,KZT,4300.0,0.0,0.0,KZ126010002017609810,,,2025-03-20,False,False,False,4300.0,True
20.03.2025,20.03.2025,(KZT) Поступление перевода,10000.0,KZT,10000.0,0.0,0.0,KZ126010002017609810,,,2025-03-20,False,False,False,10000.0,True
22.03.2025,22.03.2025,(KZT) Операция оплаты у,-1207.0,KZT,0.0,-1207.0,0.0,KZ126010002017609810,,,2025-03-22,False,False,False,0.0,False
22.03.2025,22.03.2025,коммерсанта SHARLOTKA (KZT) SHOP Поступление перевода,780.0,KZT,780.0,0.0,0.0,KZ126010002017609810,,,2025-03-22,False,False,False,780.0,True
22.03.2025,22.03.2025,(KZT) Перевод на другую карту,-27000.0,KZT,0.0,-27000.0,0.0,KZ126010002017609810,,,2025-03-22,False,False,False,0.0,False
22.03.2025,22.03.2025,(KZT) Поступление перевода,2700.0,KZT,2700.0,0.0,0.0,KZ126010002017609810,,,2025-03-22,False,False,False,2700.0,True
22.03.2025,22.03.2025,(KZT) Операция оплаты у,-1200.0,KZT,0.0,-1200.0,0.0,400303******9739,,,2025-03-22,False,False,False,0.0,False
25.03.2025,25.03.2025,коммерсанта DAMDI NAN Перевод на другую карту,-2000.0,KZT,0.0,-2000.0,0.0,KZ126010002017609810,,,2025-03-25,False,False,False,0.0,False
25.03.2025,25.03.2025,(KZT) Операция оплаты у,-16761.0,KZT,0.0,-16761.0,0.0,400303******9739,,,2025-03-25,False,False,False,0.0,False
26.03.2025,26.03.2025,коммерсанта ABATIK SUPERMARKET Операция оплаты у,-4280.0,KZT,0.0,-4280.0,0.0,400303******9739,,,2025-03-26,False,False,False,0.0,False
27.03.2025,27.03.2025,коммерсанта APTEKA 99 Поступление перевода,512000.0,KZT,512000.0,0.0,0.0,KZ126010002017609810,,,2025-03-27,False,False,False,512000.0,True
27.03.2025,27.03.2025,(KZT) Перевод на другую карту,-500000.0,KZT,0.0,-500200.0,0.0,400303******9739,,,2025-03-27,False,False,False,0.0,False
27.03.2025,27.03.2025,Операция оплаты у,-20000.0,KZT,0.0,-20000.0,0.0,KZ126010002017609810,,,2025-03-27,False,False,False,0.0,False
29.03.2025,29.03.2025,коммерсанта ГКП (KZT) Житикаракоммунэнерго Перевод на другую карту,-600.0,KZT,0.0,-600.0,0.0,KZ126010002017609810,,,2025-03-29,False,False,False,0.0,False
31.03.2025,31.03.2025,(KZT) Поступление перевода,600.0,KZT,600.0,0.0,0.0,KZ126010002017609810,,,2025-03-31,False,False,False,600.0,True
07.04.2025,07.04.2025,(KZT) Перевод на другую карту,-5000.0,KZT,0.0,-5000.0,0.0,KZ126010002017609810,,,2025-04-07,False,False,False,0.0,False
11.04.2025,11.04.2025,(KZT) Поступление перевода,379000.0,KZT,379000.0,0.0,0.0,KZ126010002017609810,,,2025-04-11,False,False,False,379000.0,True
11.04.2025,11.04.2025,(KZT) Операция оплаты у,-22452.0,KZT,0.0,-22452.0,0.0,KZ126010002017609810,,,2025-04-11,False,False,False,0.0,False
15.04.2025,15.04.2025,коммерсанта Оплата (KZT) заказов Фаберлик- Казахстан Поступление перевода,300.0,KZT,300.0,0.0,0.0,KZ126010002017609810,,,2025-04-15,False,False,False,300.0,True
15.04.2025,15.04.2025,(KZT) Операция оплаты у,-6945.0,KZT,0.0,-6945.0,0.0,KZ126010002017609810,,,2025-04-15,False,False,False,0.0,False
17.04.2025,17.04.2025,коммерсанта KHALIMOV (KZT) S.A. PC Операция оплаты у,-5950.0,KZT,0.0,-5950.0,0.0,KZ126010002017609810,,,2025-04-17,False,False,False,0.0,False
18.04.2025,18.04.2025,коммерсанта KHALIMOV (KZT) S.A. PC Перевод на другую карту,-3500.0,KZT,0.0,-3500.0,0.0,KZ126010002017609810,,,2025-04-18,False,False,False,0.0,False
18.04.2025,18.04.2025,(KZT) Операция оплаты у,-2515.0,KZT,0.0,-2515.0,0.0,KZ126010002017609810,,,2025-04-18,False,False,False,0.0,False
19.04.2025,19.04.2025,коммерсанта LAKOMKA (KZT) SHOP Поступление перевода,200000.0,KZT,200000.0,0.0,0.0,KZ126010002017609810,,,2025-04-19,False,False,False,200000.0,True
19.04.2025,19.04.2025,(KZT) Операция оплаты у,-30000.0,KZT,0.0,-30000.0,0.0,KZ126010002017609810,,,2025-04-19,False,False,False,0.0,False
19.04.2025,19.04.2025,коммерсанта Оплата заказа (KZT) AVON Перевод на другую карту,-400.0,KZT,0.0,-400.0,0.0,KZ126010002017609810,,,2025-04-19,False,False,False,0.0,False
21.04.2025,21.04.2025,(KZT) Перевод на другую карту,-11000.0,KZT,0.0,-11000.0,0.0,KZ126010002017609810,,,2025-04-21,False,False,False,0.0,False
22.04.2025,22.04.2025,(KZT) Операция оплаты у,-3670.0,KZT,0.0,-3670.0,0.0,KZ126010002017609810,,,2025-04-22,False,False,False,0.0,False
23.04.2025,23.04.2025,коммерсанта ABAT SHOP (KZT) Операция оплаты у,-660.0,KZT,0.0,-660.0,0.0,KZ126010002017609810,,,2025-04-23,False,False,False,0.0,False
25.04.2025,25.04.2025,коммерсанта ALDI SHOP (KZT) Перевод на другую карту,-500000.0,KZT,0.0,-500200.0,0.0,400303******9739,,,2025-04-25,False,False,False,0.0,False
25.04.2025,25.04.2025,Поступление перевода,7600.0,KZT,7600.0,0.0,0.0,KZ126010002017609810,,,2025-04-25,False,False,False,7600.0,True
26.04.2025,26.04.2025,(KZT) Поступление перевода,2225.0,KZT,2225.0,0.0,0.0,KZ126010002017609810,,,2025-04-26,False,False,False,2225.0,True
26.04.2025,26.04.2025,(KZT) Поступление перевода,15000.0,KZT,15000.0,0.0,0.0,KZ126010002017609810,,,2025-04-26,False,False,False,15000.0,True
26.04.2025,26.04.2025,(KZT) Поступление перевода,2225.0,KZT,2225.0,0.0,0.0,KZ126010002017609810,,,2025-04-26,False,False,False,2225.0,True
28.04.2025,28.04.2025,(KZT) Поступление перевода,136000.0,KZT,136000.0,0.0,0.0,KZ126010002017609810,,,2025-04-28,False,False,False,136000.0,True
28.04.2025,28.04.2025,(KZT) Операция оплаты у,-5407.0,KZT,0.0,-5407.0,0.0,400303******9739,,,2025-04-28,False,False,False,0.0,False
28.04.2025,28.04.2025,коммерсанта KHALIMOV S.A. PC Операция оплаты у,-1050.0,KZT,0.0,-1050.0,0.0,400303******9739,,,2025-04-28,False,False,False,0.0,False
28.04.2025,28.04.2025,коммерсанта KHALIMOV S.A. PC Снятие денег через банкомат HOROSHII,-120000.0,KZT,0.0,-120000.0,0.0,400303******9739,,,2025-04-28,False,True,True,0.0,False
29.04.2025,29.04.2025,MAGAZIN Операция оплаты у,-10000.0,KZT,0.0,-10000.0,0.0,KZ126010002017609810,,,2025-04-29,False,False,False,0.0,False
29.04.2025,29.04.2025,коммерсанта ПКСК Береке (KZT) г Житикара Операция оплаты у,-10000.0,KZT,0.0,-10000.0,0.0,KZ126010002017609810,,,2025-04-29,False,False,False,0.0,False
29.04.2025,29.04.2025,Операция оплаты у,-7053.0,KZT,0.0,-7053.0,0.0,KZ126010002017609810,,,2025-04-29,False,False,False,0.0,False
30.04.2025,30.04.2025,коммерсанта KHOROSHII (KZT) SHOP Операция оплаты у,-6165.0,KZT,0.0,-6165.0,0.0,KZ126010002017609810,,,2025-04-30,False,False,False,0.0,False
30.04.2025,30.04.2025,коммерсанта KHALIMOV (KZT) S.A. PC Операция оплаты у,-240.0,KZT,0.0,-240.0,0.0,KZ126010002017609810,,,2025-04-30,False,False,False,0.0,False
02.05.2025,02.05.2025,коммерсанта ALDI SHOP (KZT) Поступление перевода,70000.0,KZT,70000.0,0.0,0.0,KZ126010002017609810,,,2025-05-02,False,False,False,70000.0,True
03.05.2025,03.05.2025,(KZT) Перевод на другую карту,-36000.0,KZT,0.0,-36200.0,0.0,400303******9739,,,2025-05-03,False,False,False,0.0,False
05.05.2025,05.05.2025,Перевод на другую карту,-1000.0,KZT,0.0,-1000.0,0.0,KZ126010002017609810,,,2025-05-05,False,False,False,0.0,False
06.05.2025,06.05.2025,(KZT) Поступление перевода,2100.0,KZT,2100.0,0.0,0.0,KZ126010002017609810,,,2025-05-06,False,False,False,2100.0,True
07.05.2025,07.05.2025,(KZT) Поступление перевода,850.0,KZT,850.0,0.0,0.0,KZ126010002017609810,,,2025-05-07,False,False,False,850.0,True
08.05.2025,08.05.2025,(KZT) Поступление перевода,5300.0,KZT,5300.0,0.0,0.0,KZ126010002017609810,,,2025-05-08,False,False,False,5300.0,True
08.05.2025,08.05.2025,(KZT) Операция оплаты у,-2373.0,KZT,0.0,-2373.0,0.0,KZ126010002017609810,,,2025-05-08,False,False,False,0.0,False
08.05.2025,08.05.2025,коммерсанта KHALIMOV (KZT) S.A. PC Операция оплаты у,-778.0,KZT,0.0,-778.0,0.0,KZ126010002017609810,,,2025-05-08,False,False,False,0.0,False
08.05.2025,08.05.2025,коммерсанта KHALIMOV (KZT) S.A. PC Поступление перевода,1300.0,KZT,1300.0,0.0,0.0,KZ126010002017609810,,,2025-05-08,False,False,False,1300.0,True
08.05.2025,08.05.2025,(KZT) Поступление перевода,9800.0,KZT,9800.0,0.0,0.0,KZ126010002017609810,,,2025-05-08,False,False,False,9800.0,True
08.05.2025,08.05.2025,(KZT) Операция оплаты у,-6000.0,KZT,0.0,-6000.0,0.0,KZ126010002017609810,,,2025-05-08,False,False,False,0.0,False
09.05.2025,09.05.2025,коммерсанта Оплата услуг (KZT) связи beeline Операция оплаты у,-4000.0,KZT,0.0,-4000.0,0.0,KZ126010002017609810,,,2025-05-09,False,False,False,0.0,False
10.05.2025,10.05.2025,коммерсанта IP (KZT) ZULKARNAYEVA Поступление перевода,7000.0,KZT,7000.0,0.0,0.0,KZ126010002017609810,,,2025-05-10,False,False,False,7000.0,True
14.05.2025,14.05.2025,(KZT) Операция оплаты у,-11080.0,KZT,0.0,-11080.0,0.0,400303******9739,,,2025-05-14,False,False,False,0.0,False
15.05.2025,15.05.2025,коммерсанта ABATIK SUPERMARKET Операция оплаты у,-1020.0,KZT,0.0,-1020.0,0.0,KZ126010002017609810,,,2025-05-15,False,False,False,0.0,False
15.05.2025,15.05.2025,коммерсанта IP (KZT) KOVALEVA ZOYA PANTELE Операция оплаты у,-2705.0,KZT,0.0,-2705.0,0.0,400303******9739,,,2025-05-15,False,False,False,0.0,False
15.05.2025,16.05.2025,коммерсанта KASHKARBAYEVA ZH.A. PC Операция оплаты у,-2989.0,KZT,0.0,-2989.0,0.0,400303******9739,,,2025-05-15,False,False,False,0.0,False
21.05.2025,21.05.2025,коммерсанта FIX PRICE Поступление перевода,11000.0,KZT,11000.0,0.0,0.0,KZ126010002017609810,,,2025-05-21,False,False,False,11000.0,True
22.05.2025,22.05.2025,(KZT) Перевод на другую карту,-43000.0,KZT,0.0,-43200.0,0.0,400303******9739,,,2025-05-22,False,False,False,0.0,False
24.05.2025,24.05.2025,Поступление перевода,433000.0,KZT,433000.0,0.0,0.0,KZ126010002017609810,,,2025-05-24,False,False,False,433000.0,True
25.05.2025,25.05.2025,(KZT) Операция оплаты у,-35000.0,KZT,0.0,-35000.0,0.0,KZ126010002017609810,,,2025-05-25,False,False,False,0.0,False
27.05.2025,27.05.2025,коммерсанта Оплата заказа (KZT) AVON Поступление перевода,2700.0,KZT,2700.0,0.0,0.0,KZ126010002017609810,,,2025-05-27,False,False,False,2700.0,True
27.05.2025,27.05.2025,(KZT) Поступление перевода,2900.0,KZT,2900.0,0.0,0.0,KZ126010002017609810,,,2025-05-27,False,False,False,2900.0,True
31.05.2025,31.05.2025,(KZT) Операция оплаты у,-3008.0,KZT,0.0,-3008.0,0.0,KZ126010002017609810,,,2025-05-31,False,False,False,0.0,False
02.06.2025,02.06.2025,коммерсанта ПКСК Береке (KZT) г Житикара Операция оплаты у,-9886.51,KZT,0.0,-9886.51,0.0,KZ126010002017609810,,,2025-06-02,False,False,False,0.0,False
03.06.2025,03.06.2025,Снятие денег через банкомат HOROSHII,-50000.0,KZT,0.0,-50000.0,0.0,400303******9739,,,2025-06-03,False,True,True,0.0,False
04.06.2025,04.06.2025,MAGAZIN Перевод на другую карту,-340000.0,KZT,0.0,-340200.0,0.0,400303******9739,,,2025-06-04,False,False,False,0.0,False
07.06.2025,07.06.2025,Поступление перевода,20000.0,KZT,20000.0,0.0,0.0,KZ126010002017609810,,,2025-06-07,False,False,False,20000.0,True
07.06.2025,07.06.2025,(KZT) Операция оплаты у,-1100.0,KZT,0.0,-1100.0,0.0,KZ126010002017609810,,,2025-06-07,False,False,False,0.0,False
09.06.2025,09.06.2025,коммерсанта KHALIMOV (KZT) S.A. PC Поступление перевода,600.0,KZT,600.0,0.0,0.0,KZ126010002017609810,,,2025-06-09,False,False,False,600.0,True
09.06.2025,09.06.2025,(KZT) Операция оплаты у,-4233.33,KZT,0.0,-4233.33,0.0,KZ126010002017609810,,,2025-06-09,False,False,False,0.0,False
11.06.2025,11.06.2025,коммерсанта (KZT) ЖитикараКоммунЭнерго Поступление перевода,354000.0,KZT,354000.0,0.0,0.0,KZ126010002017609810,,,2025-06-11,False,False,False,354000.0,True
11.06.2025,11.06.2025,(KZT) Операция оплаты у,-49345.0,KZT,0.0,-49345.0,0.0,KZ126010002017609810,,,2025-06-11,False,False,False,0.0,False
11.06.2025,11.06.2025,коммерсанта Оплата (KZT) заказов Фаберлик- Казахстан Поступление перевода,1200.0,KZT,1200.0,0.0,0.0,KZ126010002017609810,,,2025-06-11,False,False,False,1200.0,True
12.06.2025,12.06.2025,(KZT) Перевод на другую карту,-150000.0,KZT,0.0,-150200.0,0.0,400303******9739,,,2025-06-12,False,False,False,0.0,False
19.06.2025,19.06.2025,Операция оплаты у,-5555.0,KZT,0.0,-5555.0,0.0,400303******9739,,,2025-06-19,False,False,False,0.0,False
19.06.2025,19.06.2025,коммерсанта LAKOMKA SHOP Снятие денег через банкомат TSPS 12,-100000.0,KZT,0.0,-100000.0,0.0,400303******9739,,,2025-06-19,False,True,True,0.0,False
19.06.2025,19.06.2025,Снятие денег через банкомат TSPS 12,-50000.0,KZT,0.0,-50000.0,0.0,400303******9739,,,2025-06-19,False,True,True,0.0,False
20.06.2025,22.06.2025,Операция оплаты у,-10000.0,KZT,0.0,-10000.0,0.0,400303******9739,,,2025-06-20,False,False,False,0.0,False
22.06.2025,22.06.2025,коммерсанта KASA 1 Поступление перевода,1380.0,KZT,1380.0,0.0,0.0,KZ126010002017609810,,,2025-06-22,False,False,False,1380.0,True
24.06.2025,24.06.2025,(KZT) Операция оплаты у,-2380.0,KZT,0.0,-2380.0,0.0,KZ126010002017609810,,,2025-06-24,False,False,False,0.0,False
25.06.2025,25.06.2025,коммерсанта (KZT) ALPYSBAYEVA PC Операция оплаты у,-240.0,KZT,0.0,-240.0,0.0,KZ126010002017609810,,,2025-06-25,False,False,False,0.0,False
26.06.2025,26.06.2025,коммерсанта ALDI SHOP (KZT) Поступление перевода,192000.0,KZT,192000.0,0.0,0.0,KZ126010002017609810,,,2025-06-26,False,False,False,192000.0,True
26.06.2025,26.06.2025,(KZT) Операция оплаты у,-50000.0,KZT,0.0,-50000.0,0.0,KZ126010002017609810,,,2025-06-26,False,False,False,0.0,False
27.06.2025,27.06.2025,коммерсанта Оплата заказа (KZT) AVON Операция оплаты у,-1610.0,KZT,0.0,-1610.0,0.0,400303******9739,,,2025-06-27,False,False,False,0.0,False
29.06.2025,29.06.2025,коммерсанта KRISTALL SHOP Поступление перевода,4000.0,KZT,4000.0,0.0,0.0,KZ126010002017609810,,,2025-06-29,False,False,False,4000.0,True
30.06.2025,30.06.2025,(KZT) Операция оплаты у,-2090.0,KZT,0.0,-2090.0,0.0,400303******9739,,,2025-06-30,False,False,False,0.0,False
30.06.2025,30.06.2025,коммерсанта PRODUKTY SHOP Перевод на другую карту,-147000.0,KZT,0.0,-147200.0,0.0,400303******9739,,,2025-06-30,False,False,False,0.0,False
02.07.2025,02.07.2025,Поступление перевода,152000.0,KZT,152000.0,0.0,0.0,KZ126010002017609810,,,2025-07-02,False,False,False,152000.0,True
02.07.2025,02.07.2025,(KZT) Перевод на другую карту,-200.0,KZT,0.0,-200.0,0.0,KZ126010002017609810,,,2025-07-02,False,False,False,0.0,False
03.07.2025,03.07.2025,(KZT) Операция оплаты у,-2930.0,KZT,0.0,-2930.0,0.0,400303******9739,,,2025-07-03,False,False,False,0.0,False
03.07.2025,03.07.2025,коммерсанта OKOROCHKA OTDEL Операция оплаты у,-6362.0,KZT,0.0,-6362.0,0.0,400303******9739,,,2025-07-03,False,False,False,0.0,False
03.07.2025,03.07.2025,коммерсанта SVETOFOR SHOP Операция оплаты у,-1686.0,KZT,0.0,-1686.0,0.0,400303******9739,,,2025-07-03,False,False,False,0.0,False
03.07.2025,03.07.2025,Операция оплаты у,-3635.0,KZT,0.0,-3635.0,0.0,400303******9739,,,2025-07-03,False,False,False,0.0,False
03.07.2025,03.07.2025,коммерсанта KASHKARBAYEVA ZH.A. PC Операция оплаты у,-10000.0,KZT,0.0,-10000.0,0.0,400303******9739,,,2025-07-03,False,False,False,0.0,False
03.07.2025,03.07.2025,коммерсанта DUET SHOP Поступление перевода,8000.0,KZT,8000.0,0.0,0.0,KZ126010002017609810,,,2025-07-03,False,False,False,8000.0,True
03.07.2025,03.07.2025,(KZT) Поступление перевода,9600.0,KZT,9600.0,0.0,0.0,KZ126010002017609810,,,2025-07-03,False,False,False,9600.0,True
06.07.2025,06.07.2025,(KZT) Поступление перевода,66000.0,KZT,66000.0,0.0,0.0,KZ126010002017609810,,,2025-07-06,False,False,False,66000.0,True
06.07.2025,06.07.2025,(KZT) Перевод на другую карту,-200000.0,KZT,0.0,-200200.0,0.0,400303******9739,,,2025-07-06,False,False,False,0.0,False
10.07.2025,10.07.2025,Перевод на другую карту,-9290.0,KZT,0.0,-9290.0,0.0,KZ126010002017609810,,,2025-07-10,False,False,False,0.0,False
11.07.2025,11.07.2025,(KZT) Поступление перевода,15000.0,KZT,15000.0,0.0,0.0,KZ126010002017609810,,,2025-07-11,False,False,False,15000.0,True
21.07.2025,21.07.2025,(KZT) Операция оплаты у,-1845.0,KZT,0.0,-1845.0,0.0,KZ126010002017609810,,,2025-07-21,False,False,False,0.0,False
21.07.2025,21.07.2025,коммерсанта SHARLOTKA (KZT) KAFETERII Операция оплаты у,-875.0,KZT,0.0,-875.0,0.0,KZ126010002017609810,,,2025-07-21,False,False,False,0.0,False
21.07.2025,21.07.2025,коммерсанта SHARLOTKA (KZT) KAFETERII Операция оплаты у,-1170.0,KZT,0.0,-1170.0,0.0,KZ126010002017609810,,,2025-07-21,False,False,False,0.0,False
21.07.2025,21.07.2025,коммерсанта SHARLOTKA (KZT) KAFETERII Поступление перевода,406000.0,KZT,406000.0,0.0,0.0,KZ126010002017609810,,,2025-07-21,False,False,False,406000.0,True
22.07.2025,22.07.2025,(KZT) Перевод на другую карту,-218000.0,KZT,0.0,-218200.0,0.0,400303******9739,,,2025-07-22,False,False,False,0.0,False
22.07.2025,22.07.2025,Операция оплаты у,-55000.0,KZT,0.0,-55000.0,0.0,KZ126010002017609810,,,2025-07-22,False,False,False,0.0,False
23.07.2025,23.07.2025,коммерсанта Оплата заказа (KZT) AVON Операция оплаты у,-78663.0,KZT,0.0,-78663.0,0.0,KZ126010002017609810,,,2025-07-23,False,False,False,0.0,False
23.07.2025,23.07.2025,коммерсанта Оплата (KZT) заказов Фаберлик- Казахстан Операция оплаты у,-1615.0,KZT,0.0,-1615.0,0.0,KZ126010002017609810,,,2025-07-23,False,False,False,0.0,False
24.07.2025,24.07.2025,коммерсанта SHARLOTKA (KZT) KAFETERII Поступление перевода,700.0,KZT,700.0,0.0,0.0,KZ126010002017609810,,,2025-07-24,False,False,False,700.0,True
24.07.2025,24.07.2025,(KZT) Поступление перевода,1900.0,KZT,1900.0,0.0,0.0,KZ126010002017609810,,,2025-07-24,False,False,False,1900.0,True
24.07.2025,24.07.2025,(KZT) Поступление перевода,1000.0,KZT,1000.0,0.0,0.0,KZ126010002017609810,,,2025-07-24,False,False,False,1000.0,True
24.07.2025,24.07.2025,(KZT) Поступление перевода,6000.0,KZT,6000.0,0.0,0.0,KZ126010002017609810,,,2025-07-24,False,False,False,6000.0,True
24.07.2025,24.07.2025,(KZT) Поступление перевода,4225.0,KZT,4225.0,0.0,0.0,KZ126010002017609810,,,2025-07-24,False,False,False,4225.0,True
26.07.2025,26.07.2025,(KZT) Операция оплаты у,-14099.0,KZT,0.0,-14099.0,0.0,400303******9739,,,2025-07-26,False,False,False,0.0,False
27.07.2025,27.07.2025,коммерсанта SVETOFOR SHOP Операция оплаты у,-1305.0,KZT,0.0,-1305.0,0.0,400303******9739,,,2025-07-27,False,False,False,0.0,False
28.07.2025,28.07.2025,коммерсанта BURASHEV PC Операция оплаты у,-5082.0,KZT,0.0,-5082.0,0.0,400303******9739,,,2025-07-28,False,False,False,0.0,False
29.07.2025,29.07.2025,коммерсанта ALTYN SUPERMARKET Поступление перевода,150000.0,KZT,150000.0,0.0,0.0,KZ126010002017609810,,,2025-07-29,False,False,False,150000.0,True
29.07.2025,29.07.2025,(KZT) Перевод на другую карту,-200000.0,KZT,0.0,-200200.0,0.0,400303******9739,,,2025-07-29,False,False,False,0.0,False
29.07.2025,30.07.2025,Операция оплаты у,-1737.0,KZT,0.0,-1737.0,0.0,400303******9739,,,2025-07-29,False,False,False,0.0,False
30.07.2025,30.07.2025,коммерсанта FIX PRICE Операция оплаты у,-5220.0,KZT,0.0,-5220.0,0.0,400303******9739,,,2025-07-30,False,False,False,0.0,False
31.07.2025,31.07.2025,коммерсанта KHOROSHII SHOP Поступление перевода,3000.0,KZT,3000.0,0.0,0.0,400303******9739,,,2025-07-31,False,False,False,3000.0,True
04.08.2025,04.08.2025,Поступление перевода,1750.0,KZT,1750.0,0.0,0.0,KZ126010002017609810,,,2025-08-04,False,False,False,1750.0,True
05.08.2025,05.08.2025,Поступление перевода,50000.0,KZT,50000.0,0.0,0.0,KZ126010002017609810,,,2025-08-05,False,False,False,50000.0,True
05.08.2025,05.08.2025,(KZT) Операция оплаты у,-7755.52,KZT,0.0,-7755.52,0.0,KZ126010002017609810,,,2025-08-05,False,False,False,0.0,False
06.08.2025,06.08.2025,коммерсанта (KZT) ЖитикараКоммунЭнерго Поступление перевода,15000.0,KZT,15000.0,0.0,0.0,KZ126010002017609810,,,2025-08-06,False,False,False,15000.0,True
06.08.2025,06.08.2025,(KZT) Поступление перевода,600.0,KZT,600.0,0.0,0.0,KZ126010002017609810,,,2025-08-06,False,False,False,600.0,True
06.08.2025,06.08.2025,(KZT) Операция оплаты у,-1180.0,KZT,0.0,-1180.0,0.0,400303******9739,,,2025-08-06,False,False,False,0.0,False
08.08.2025,08.08.2025,коммерсанта ALDI SHOP Операция оплаты у,-2450.0,KZT,0.0,-2450.0,0.0,400303******9739,,,2025-08-08,False,False,False,0.0,False
12.08.2025,12.08.2025,коммерсанта SHARLOTKA SHOP Поступление перевода,355000.0,KZT,355000.0,0.0,0.0,KZ126010002017609810,,,2025-08-12,False,False,False,355000.0,True
12.08.2025,12.08.2025,(KZT) Перевод на другую карту,-200000.0,KZT,0.0,-200200.0,0.0,400303******9739,,,2025-08-12,False,False,False,0.0,False
13.08.2025,13.08.2025,Снятие денег через банкомат TSPS 12,-215000.0,KZT,0.0,-215000.0,0.0,400303******9739,,,2025-08-13,False,True,True,0.0,False
13.08.2025,13.08.2025,Поступление перевода,4500.0,KZT,4500.0,0.0,0.0,KZ126010002017609810,,,2025-08-13,False,False,False,4500.0,True
16.08.2025,16.08.2025,(KZT) Поступление перевода,10000.0,KZT,10000.0,0.0,0.0,KZ126010002017609810,,,2025-08-16,False,False,False,10000.0,True
17.08.2025,17.08.2025,(KZT) Операция оплаты у,-1800.0,KZT,0.0,-1800.0,0.0,KZ126010002017609810,,,2025-08-17,False,False,False,0.0,False
18.08.2025,18.08.2025,коммерсанта Оплата услуг (KZT) связи beeline Поступление перевода,3000.0,KZT,3000.0,0.0,0.0,KZ126010002017609810,,,2025-08-18,False,False,False,3000.0,True
18.08.2025,18.08.2025,(KZT) Поступление перевода,1200.0,KZT,1200.0,0.0,0.0,KZ126010002017609810,,,2025-08-18,False,False,False,1200.0,True
18.08.2025,18.08.2025,(KZT) Поступление перевода,2000.0,KZT,2000.0,0.0,0.0,KZ126010002017609810,,,2025-08-18,False,False,False,2000.0,True
18.08.2025,18.08.2025,(KZT) Поступление перевода,2300.0,KZT,2300.0,0.0,0.0,KZ126010002017609810,,,2025-08-18,False,False,False,2300.0,True
18.08.2025,18.08.2025,(KZT) Поступление перевода,7000.0,KZT,7000.0,0.0,0.0,KZ126010002017609810,,,2025-08-18,False,False,False,7000.0,True
20.08.2025,20.08.2025,(KZT) Поступление перевода,1000.0,KZT,1000.0,0.0,0.0,KZ126010002017609810,,,2025-08-20,False,False,False,1000.0,True
21.08.2025,21.08.2025,(KZT) Поступление перевода,4900.0,KZT,4900.0,0.0,0.0,KZ126010002017609810,,,2025-08-21,False,False,False,4900.0,True
21.08.2025,21.08.2025,(KZT) Перевод на другую карту,-1000.0,KZT,0.0,-1000.0,0.0,KZ126010002017609810,,,2025-08-21,False,False,False,0.0,False
22.08.2025,22.08.2025,(KZT) Поступление перевода,212000.0,KZT,212000.0,0.0,0.0,KZ126010002017609810,,,2025-08-22,False,False,False,212000.0,True
22.08.2025,22.08.2025,(KZT) Перевод на другую карту,-100000.0,KZT,0.0,-100200.0,0.0,400303******9739,,,2025-08-22,False,False,False,0.0,False
23.08.2025,23.08.2025,Перевод на другую карту,-2000.0,KZT,0.0,-2000.0,0.0,KZ126010002017609810,,,2025-08-23,False,False,False,0.0,False
23.08.2025,23.08.2025,(KZT) Перевод на другую карту,-600.0,KZT,0.0,-600.0,0.0,KZ126010002017609810,,,2025-08-23,False,False,False,0.0,False
23.08.2025,23.08.2025,(KZT) Перевод на другую карту,-2000.0,KZT,0.0,-2000.0,0.0,KZ126010002017609810,,,2025-08-23,False,False,False,0.0,False
23.08.2025,23.08.2025,(KZT) Операция оплаты у,-3166.0,KZT,0.0,-3166.0,0.0,KZ126010002017609810,,,2025-08-23,False,False,False,0.0,False
23.08.2025,23.08.2025,коммерсанта ALTIN (KZT) SUPERMARKET Перевод на другую карту,-700.0,KZT,0.0,-700.0,0.0,KZ126010002017609810,,,2025-08-23,False,False,False,0.0,False
24.08.2025,24.08.2025,(KZT) Перевод на другую карту,-1320.0,KZT,0.0,-1320.0,0.0,KZ126010002017609810,,,2025-08-24,False,False,False,0.0,False
26.08.2025,26.08.2025,(KZT) Операция оплаты у,-1050.0,KZT,0.0,-1050.0,0.0,KZ126010002017609810,,,2025-08-26,False,False,False,0.0,False
26.08.2025,27.08.2025,коммерсанта LAKOMKA (KZT) SHOP Операция оплаты у,-4339.0,KZT,0.0,-4339.0,0.0,400303******9739,,,2025-08-26,False,False,False,0.0,False
27.08.2025,27.08.2025,коммерсанта FIX PRICE Перевод на другую карту,-2000.0,KZT,0.0,-2000.0,0.0,KZ126010002017609810,,,2025-08-27,False,False,False,0.0,False
27.08.2025,27.08.2025,(KZT) Поступление перевода,163000.0,KZT,163000.0,0.0,0.0,KZ126010002017609810,,,2025-08-27,False,False,False,163000.0,True
27.08.2025,27.08.2025,(KZT) Перевод на другую карту,-290000.0,KZT,0.0,-290200.0,0.0,400303******9739,,,2025-08-27,False,False,False,0.0,False
01.09.2025,01.09.2025,Поступление перевода,162000.0,KZT,162000.0,0.0,0.0,KZ126010002017609810,,,2025-09-01,False,False,False,162000.0,True
01.09.2025,01.09.2025,(KZT) Перевод на другую карту,-6350.0,KZT,0.0,-6350.0,0.0,KZ126010002017609810,,,2025-09-01,False,False,False,0.0,False
