page_index,footer_found,stamp_place,stamp_text,statement_line,iban,page_no,validity_line,validity_text,raw_footer_lines
0,Выписка по счету: KZ336010002106981546,False,,Выписка по счету: KZ336010002106981546,KZ336010002106981546,1,False,,"['банкомат A-12006', '78,ABYLHAIYRHAN', '09.10.2024 09.10.2024 Снятие денег через -300 000,00 KZT 0,00 -300 000,00 0,00 427704******2491', 'банкомат A-12006', '78,ABYLHAIYRHAN', '09.10.2024 09.10.2024 Снятие денег через -50 000,00 KZT 0,00 -50 000,00 0,00 427704******2491', 'банкомат A-12033', '78,ABILKHAIR KHAN', '18.10.2024 18.10.2024 Ежемесячная комиссия за 0,00 0,00 0,00 -165,00 427704******2491', 'обслуживание карточки', 'Regular Charge', '08.11.2024 08.11.2024 Поступление на счет ТОО 300 000,00 KZT 300 000,00 0,00 0,00 KZ336010002106981546', 'DPS Кызылорда', '08.11.2024 08.11.2024 Поступление на счет ТОО 350 000,00 KZT 350 000,00 0,00 0,00 KZ336010002106981546', 'DPS Кызылорда', '08.11.2024 08.11.2024 ATM 12093DINA GM -250 000,00 KZT 0,00 -250 000,00 0,00 427704******2491', '08.11.2024 08.11.2024 ATM 12093DINA GM -250 000,00 KZT 0,00 -250 000,00 0,00 427704******2491', '08.11.2024 08.11.2024 ATM 12093DINA GM -150 000,00 KZT 0,00 -150 000,00 0,00 427704******2491', 'Выписка по счету: KZ336010002106981546 1']"
1,Выписка по счету: KZ336010002106981546,False,,Выписка по счету: KZ336010002106981546,KZ336010002106981546,2,False,,"['14.03.2025 14.03.2025 ATM 12093DINA GM -100 000,00 KZT 0,00 -100 000,00 0,00 427704******2491', '18.03.2025 18.03.2025 Ежемесячная комиссия за 0,00 0,00 0,00 -165,00 427704******2491', 'обслуживание карточки', 'Regular Charge', '10.04.2025 10.04.2025 Поступление на счет ТОО 300 000,00 KZT 300 000,00 0,00 0,00 KZ336010002106981546', 'DPS Кызылорда', '10.04.2025 10.04.2025 Поступление на счет ТОО 350 000,00 KZT 350 000,00 0,00 0,00 KZ336010002106981546', 'DPS Кызылорда', '10.04.2025 10.04.2025 ATM 12093DINA GM -250 000,00 KZT 0,00 -250 000,00 0,00 427704******2491', '10.04.2025 10.04.2025 ATM 12093DINA GM -250 000,00 KZT 0,00 -250 000,00 0,00 427704******2491', '10.04.2025 10.04.2025 ATM 12093DINA GM -150 000,00 KZT 0,00 -150 000,00 0,00 427704******2491', '18.04.2025 18.04.2025 Ежемесячная комиссия за 0,00 0,00 0,00 -165,00 427704******2491', 'обслуживание карточки', 'Regular Charge', '12.05.2025 12.05.2025 Поступление на счет ТОО 300 000,00 KZT 300 000,00 0,00 0,00 KZ336010002106981546', 'DPS Кызылорда', '12.05.2025 12.05.2025 Поступление на счет ТОО 350 000,00 KZT 350 000,00 0,00 0,00 KZ336010002106981546', 'DPS Кызылорда', 'Выписка по счету: KZ336010002106981546 2']"
2,Выписка по счету: KZ336010002106981546,False,,Выписка по счету: KZ336010002106981546,KZ336010002106981546,3,False,,"['DPS Кызылорда', '09.09.2025 09.09.2025 Поступление на счет ТОО 350 000,00 KZT 350 000,00 0,00 0,00 KZ336010002106981546', 'DPS Кызылорда', '10.09.2025 10.09.2025 Поступление на счет ТОО 120 000,00 KZT 120 000,00 0,00 0,00 KZ336010002106981546', 'DPS Кызылорда', '12.09.2025 12.09.2025 Снятие денег через -250 000,00 KZT 0,00 -250 000,00 0,00 427704******2491', 'банкомат A-12006', '78,ABYLHAIYRHAN', '12.09.2025 12.09.2025 Снятие денег через -270 000,00 KZT 0,00 -270 000,00 0,00 427704******2491', 'банкомат A-12006', '78,ABYLHAIYRHAN', '14.09.2025 14.09.2025 Снятие денег через -50 000,00 KZT 0,00 -50 000,00 0,00 427704******2491', 'банкомат ANVAR', 'GIPERMARKET', '16.09.2025 16.09.2025 ATM 12093DINA GM -200 000,00 KZT 0,00 -200 000,00 0,00 427704******2491', '18.09.2025 18.09.2025 Ежемесячная комиссия за 0,00 0,00 0,00 -165,00 427704******2491', 'обслуживание карточки', 'Regular Charge', 'Выписка по счету: KZ336010002106981546 3']"
3,Выписка по счету: KZ336010002106981546,False,,Выписка по счету: KZ336010002106981546,KZ336010002106981546,4,True,Выписка действительна при наличии печати Банка,"['Выписка по счету: KZ336010002106981546 4', 'Выписка действительна при наличии печати Банка']"
