﻿№,Дата,№ док,Банк корр.,БИК,Корреспондент,БИН/ИИН,Счет корр,Дебет,Кредит,Назначение платежа,КНП
1,20.06.25,2,"АО ""Фридом Банк Казахстан""",KSNVKZKA,ИП Казэлектрожабдык,940730301895,KZ30551B429437590KZT,,"66 000 000,00","Референс: KN25620731969834. Переводы клиентом денег с одного своего текущего счета, открытого в банке, на другой свой текущий счет, открытый в данном банке",
2,20.06.25,152,"АО ""Фридом Банк Казахстан""",KSNVKZKA,ИП Казэлектрожабдык,940730301895,KZ02551H600074599KZT,"66 000 000,00",,Референс: KN25620731971109. Прием вклада по договору TAR-DS-2025-00028 в сумме 66000000 KZT. Заемщик:ИП Казэлектрожабдык.,
3,23.06.25,42,"АО ""Фридом Банк Казахстан""",KSNVKZKA,ИП Казэлектрожабдык,940730301895,KZ02551H600074599KZT,,"19 990 000,00",Референс: KN25623738218966. Выплата вклада по Договору № TAR-DS-2025-00028 от 20.06.2025. Вкладчик: ИП Казэлектрожабдык,
4,23.06.25,3,"АО ""Фридом Банк Казахстан""",KSNVKZKA,ИП Казэлектрожабдык,940730301895,KZ30551B429437590KZT,,"2 900,00","Референс: KN25623738322477. Переводы клиентом денег с одного своего текущего счета, открытого в банке, на другой свой текущий счет, открытый в данном банке",
5,23.06.25,727,"АО ""Фридом Банк Казахстан""",KSNVKZK,,,KZ39551H113000003KZT,"19 930 000,00",,Референс: 71000071000025062334588643. Снятие наличных денежных средств на оплату товаров (трансформатор),
6,23.06.25,59,"АО ""Фридом Банк Казахстан""",KSNVKZKA,"Филиал АО ""Фридом Банк Казахстан"" в г. Тараз",221241030834,KZ34551H140000021KZT,"59 790,00",,"Референс: KN25623738309078. Комиссия за операцию ""Выдача наличных тенге по предварительной заявке"" согласно тарифам банкаКассовый документ № 727 от 23.06.25 на сумму 19 930 000.00 KZT, НДС не облагается.",
7,26.06.25,5,"АО ""Фридом Банк Казахстан""",KCJBKZKX,Товарищество с ограниченной ответственностью АзияРемЭнерго,031140005448,KZ538560000000394605,"1 000 000,00",,Референс: KN25626745450460. Предоплата 50 % за услуги обработка трансформаторного масла согласно Договора подряда № 4Р-2025 от 26.06.2025г.,
8,26.06.25,2331062,"АО ""Фридом Банк Казахстан""",KSNVKZKA,Индивидуальный предприниматель Казэлектрожабдык,940730301895,KZ02551H600074599KZT,,"1 000 000,00",Референс: KN25626745129111. Выплата вклада по Договору № TAR-DS-2025-00028 от 20.06.2025. Вкладчик: Индивидуальный предприниматель Казэлектрожабдык,
9,26.06.25,2837552,"АО ""Фридом Банк Казахстан""",KSNVKZKA,"Филиал АО ""Фридом Банк Казахстан"" в г. Тараз",221241030834,KZ24551H149000011KZT,"2 400,00",,"Референс: KN25626745450535. Комиссия за операцию ""Простой перевод обычной срочности ЮЛ"" согласно тарифам банкаРасчетный документ № 5 от 26.06.25 на сумму 1 000 000.00 KZT, НДС не облагается.",
10,01.07.25,20,"АО ""Фридом Банк Казахстан""",KSNVKZKA,Индивидуальный предприниматель Казэлектрожабдык,940730301895,KZ02551H600074599KZT,,"60 000,00",Референс: KN25701756145674. Выплата вклада по Договору № TAR-DS-2025-00028 от 20.06.2025. Вкладчик: Индивидуальный предприниматель Казэлектрожабдык,
11,01.07.25,23,"АО ""Фридом Банк Казахстан""",KSNVKZKA,"Филиал АО ""Фридом Банк Казахстан"" в г. Тараз",221241030834,KZ34551H140000021KZT,"59 970,00",,"Референс: KN25701756151735. Комиссия за операцию ""Выдача наличных тенге по предварительной заявке"" согласно тарифам банкаКассовый документ № 770 от 01.07.25 на сумму 19 990 000.00 KZT, НДС не облагается.",
12,01.07.25,967523,"АО ""Фридом Банк Казахстан""",KSNVKZKA,Индивидуальный предприниматель Казэлектрожабдык,940730301895,KZ96551H600074601KZT,,"178 778,89",Референс: KN25701755740523. Выплата процентов по вкладу № TAR-DS-2025-00028 от 20.06.2025 за период с 01-го по 30.06.25. Вкладчик Индивидуальный предприниматель Казэлектрожабдык,
13,01.07.25,18,"АО ""Фридом Банк Казахстан""",KSNVKZKA,Индивидуальный предприниматель Казэлектрожабдык,940730301895,KZ02551H600074599KZT,,"19 990 000,00",Референс: KN25701756137982. Выплата вклада по Договору № TAR-DS-2025-00028 от 20.06.2025. Вкладчик: Индивидуальный предприниматель Казэлектрожабдык,
14,01.07.25,000000001,"АО ""Фридом Банк Казахстан""",KSNVKZKA,Абди Мақсұтхан Ерғазыұлы,940730301895,KZ29551H129049177KZT,"179 488,89",,Референс: KN25701756131347. 342,
15,01.07.25,770,"АО ""Фридом Банк Казахстан""",KSNVKZK,,,KZ39551H113000003KZT,"19 990 000,00",,Референс: 71000071000025070173011583. Снятие наличных денежных средств на оплату товаров (трансформатор),
16,11.07.25,8,"АО ""Фридом Банк Казахстан""",KCJBKZKX,Товарищество с ограниченной ответственностью АзияРемЭнерго,031140005448,KZ538560000000394605,"1 000 000,00",,"Референс: KN25711779209196. Оплата за услуги обработка трансформаторного масла, согласно Договора подряда № 4Р-2025 от 26.06.2025г.",
17,11.07.25,2449939,"АО ""Фридом Банк Казахстан""",KSNVKZKA,Индивидуальный предприниматель Казэлектрожабдык,940730301895,KZ02551H600074599KZT,,"1 000 000,00",Референс: KN25711779207015. Выплата вклада по Договору № TAR-DS-2025-00028 от 20.06.2025. Вкладчик: Индивидуальный предприниматель Казэлектрожабдык,
18,01.08.25,37941,"АО ""Фридом Банк Казахстан""",KSNVKZKA,"Филиал АО ""Фридом Банк Казахстан"" в г. Тараз",221241030834,KZ83551H149000004KZT,"2 000,00",,"Референс: KN25801825840228. Комиссия за операцию ""Подключение пакета обслуживания"" согласно тарифам банка, НДС 12% (214.29).",
19,01.08.25,61,"АО ""Фридом Банк Казахстан""",KSNVKZKA,"Филиал АО ""Фридом Банк Казахстан"" в г. Тараз",221241030834,KZ34551H140000021KZT,"51 000,00",,"Референс: KN25801826217828. Комиссия за операцию ""Выдача наличных тенге по предварительной заявке"" согласно тарифам банкаКассовый документ № 904 от 01.08.25 на сумму 17 000 000.00 KZT, НДС не облагается.",
20,01.08.25,904,"АО ""Фридом Банк Казахстан""",KSNVKZK,,,KZ39551H113000003KZT,"17 000 000,00",,Референс: 71000071000025080162179945. Снятие наличных денежных средств на оплату товаров (трансформатор),
21,01.08.25,56,"АО ""Фридом Банк Казахстан""",KSNVKZKA,Индивидуальный предприниматель Казэлектрожабдык,940730301895,KZ02551H600074599KZT,,"17 000 000,00",Референс: KN25801826198813. Выплата вклада по Договору № TAR-DS-2025-00028 от 20.06.2025. Вкладчик: Индивидуальный предприниматель Казэлектрожабдык,
22,01.08.25,706883,"АО ""Фридом Банк Казахстан""",KSNVKZKA,Индивидуальный предприниматель Казэлектрожабдык,940730301895,KZ96551H600074601KZT,,"263 177,78",Референс: KN25801824319062. Выплата процентов по вкладу № TAR-DS-2025-00028 от 20.06.2025 за период с 01-го по 31.07.25. Вкладчик Индивидуальный предприниматель Казэлектрожабдык,
23,04.08.25,2132692,"АО ""Фридом Банк Казахстан""",KSNVKZKA,Индивидуальный предприниматель Казэлектрожабдык,940730301895,KZ02551H600074599KZT,,"5 000 000,00",Референс: KN25804832747626. Выплата вклада по Договору № TAR-DS-2025-00028 от 20.06.2025. Вкладчик: Индивидуальный предприниматель Казэлектрожабдык,
24,04.08.25,90-000177,"АО ""ForteBank""",IRTYKZKA,"Филиал АО ""ForteBank"" в г. Тараз",061241005707,KZ499650000026780049,,"5 000 000,00","Референс: FB25804728731602. Прочие по разделу/ Возврат денежных средств п/п №10 от 04.08.25 г. указан не верный бин и счет получателя (710. Платежи за товары, за исключением недвижимости и товаров с КНП 711, 712 и 713. Трансформатор ТДН 16000/110, согл счета на оплату №6 от 23.12.2024г.)",
25,04.08.25,10,"АО ""Фридом Банк Казахстан""",IRTYKZKA,Товарищество с ограниченной ответственностью ANSAR RESOURCES,201140008469,KZ2496519F0008261704,"5 000 000,00",,"Референс: KN25804832772660. 710. Платежи за товары, за исключением недвижимости и товаров с КНП 711, 712 и 713. Трансформатор ТДН 16000/110, согл счета на оплату №6 от 23.12.2024г.",
26,05.08.25,11,"АО ""Фридом Банк Казахстан""",HSBKKZKX,Товарищество с ограниченной ответственностью ANSAR RESOURCES,201140008469,KZ346018871000165931,"5 000 000,00",,"Референс: KN25805834880849. Трансформатор ТДН 16000/110, согл счета на оплату №6 от 23.12.2024г.",
27,21.08.25,17978,"АО ""Фридом Банк Казахстан""",KSNVKZKA,"Филиал АО ""Фридом Банк Казахстан"" в г. Тараз",221241030834,KZ83551H149000004KZT,"2 000,00",,"Референс: KN25821872298219. Комиссия за операцию ""Подключение пакета обслуживания"" согласно тарифам банка, НДС 12% (214.29).",
28,25.08.25,13,"АО ""Фридом Банк Казахстан""",KKMFKZ2A,"""Қазақстан Республикасы Қаржы министрлігінің Мемлекеттік кірістер комитеті Жамбыл облысы бойынша мемлекеттік кірістер департаментінің Тараз қаласы бойынша мемлекеттік кірістер басқармасы"" республикалық мемлекеттік мекемесі",090440007304,KZ24070105KSN0000000,"990 000,00",,Референс: KN25825882281959. 911. Начисленные (исчисленные) и иные обязательства в бюджет,
29,25.08.25,3081521,"АО ""Фридом Банк Казахстан""",KSNVKZKA,"Филиал АО ""Фридом Банк Казахстан"" в г. Тараз",221241030834,KZ24551H149000011KZT,"1 880,82",,"Референс: KN25825882284584. Комиссия за операцию ""Простой перевод обычной срочности ЮЛ"" согласно тарифам банкаРасчетный документ № 14 от 25.08.25 на сумму 783 675.00 KZT, НДС не облагается.",
30,25.08.25,3077827,"АО ""Фридом Банк Казахстан""",KSNVKZKA,"Филиал АО ""Фридом Банк Казахстан"" в г. Тараз",221241030834,KZ24551H149000011KZT,"2 376,00",,"Референс: KN25825882281990. Комиссия за операцию ""Простой перевод обычной срочности ЮЛ"" согласно тарифам банкаРасчетный документ № 13 от 25.08.25 на сумму 990 000.00 KZT, НДС не облагается.",
31,25.08.25,14,"АО ""Фридом Банк Казахстан""",KKMFKZ2A,"""Қазақстан Республикасы Қаржы министрлігінің Мемлекеттік кірістер комитеті Жамбыл облысы бойынша мемлекеттік кірістер департаментінің Тараз қаласы бойынша мемлекеттік кірістер басқармасы"" республикалық мемлекеттік мекемесі",090440007304,KZ24070105KSN0000000,"783 675,00",,Референс: KN25825882284531. 911. Начисленные (исчисленные) и иные обязательства в бюджет. Соц налог,
32,25.08.25,3062546,"АО ""Фридом Банк Казахстан""",KSNVKZKA,Индивидуальный предприниматель Казэлектрожабдык,940730301895,KZ02551H600074599KZT,,"1 575 000,00",Референс: KN25825882271915. Выплата вклада по Договору № TAR-DS-2025-00028 от 20.06.2025. Вкладчик: Индивидуальный предприниматель Казэлектрожабдык,
33,02.09.25,883813,"АО ""Фридом Банк Казахстан""",KSNVKZKA,Индивидуальный предприниматель Казэлектрожабдык,940730301895,KZ96551H600074601KZT,,"23 237,50",Референс: KN25902900217258. Выплата процентов по вкладу № TAR-DS-2025-00028 от 20.06.2025 за период с 01-го по 31.08.25. Вкладчик Индивидуальный предприниматель Казэлектрожабдык,
34,23.09.25,000000004,"АО ""Фридом Банк Казахстан""",KSNVKZKA,Абди Мақсұтхан Ерғазыұлы,940730301895,KZ39551H600022259KZT,"250 000,00",,Референс: KN25923954280977. 342,
35,23.09.25,000000003,"АО ""Фридом Банк Казахстан""",HSBKKZKX,"Товарищество с ограниченной ответственностью ""ANSAR RESOURCES""",201140008469,KZ346018871000165931,"1 000 000,00",,"Референс: KN25923954277768. Платежи за товары, за исключением недвижимости и товаров с КНП 711, 712 и 713710 - Платежи за товары, за исключением недвижимости и товаров с КНП 711, 712 и 713",
36,23.09.25,18989,"АО ""Фридом Банк Казахстан""",KSNVKZKA,"Филиал АО ""Фридом Банк Казахстан"" в г. Тараз",221241030834,KZ83551H149000004KZT,"2 000,00",,"Референс: KN25923954156944. Комиссия за операцию ""Подключение пакета обслуживания"" согласно тарифам банка, НДС 12% (214.29).",
37,23.09.25,27,"АО ""Фридом Банк Казахстан""",KSNVKZKA,Индивидуальный предприниматель Казэлектрожабдык,940730301895,KZ02551H600074599KZT,,"285 000,00",Референс: KN25923954266124. Выплата вклада по Договору № TAR-DS-2025-00028 от 20.06.2025. Вкладчик: Индивидуальный предприниматель Казэлектрожабдык,
38,23.09.25,51,"АО ""Банк ""Bank RBK""",KINCKZKA,"ТОО ""Лаборатория энергосбережения""",060340000117,KZ1382119PXY10000001,,"20 000 000,00","Референс: GRS0323203173580. Возврат денежных средств, за не предоставленные услуги, согласно Счёта бн от 21.08.2024. Возврат средств за непредоставленные услуги, в том числе: покупка филиалами банков резидентов и филиалами банков-нерезидентов Республики Казахстан у клиентов остатков неиспользованных дорожных чеков",
