﻿page,date,amount,operation,details,clock_icon,amount_text
0,24.09.25,-150.0,Перевод,Лаура У.,False,"- 150,00 ₸"
0,22.09.25,-2157.0,Покупка,Супермаркет БаянСулу,False,"- 2 157,00 ₸"
0,22.09.25,-1800.0,Покупка,ТОО Oxymed,False,"- 1 800,00 ₸"
0,22.09.25,-70.0,Покупка,Avtobys. Оплата проезда по QR,False,"- 70,00 ₸"
0,21.09.25,-180.0,Покупка,Мурат Фарм Аптека  1,False,"- 180,00 ₸"
0,20.09.25,-3590.0,Покупка,Activ,False,"- 3 590,00 ₸"
0,19.09.25,-224300.0,Покупка,ТОО Kaspi Travel,False,"- 224 300,00 ₸"
0,19.09.25,-180088.0,Покупка,ТОО Kaspi Travel,False,"- 180 088,00 ₸"
0,17.09.25,-72.0,Покупка,Кофемолка,False,"- 72,00 ₸"
0,17.09.25,-250.0,Покупка,ИП Алтай,False,"- 250,00 ₸"
0,17.09.25,-70.0,Покупка,Avtobys. Оплата проезда по QR,False,"- 70,00 ₸"
0,17.09.25,200000.0,Пополнение,Нұрмұхаммед Ж.,False,"+ 200 000,00 ₸"
0,16.09.25,-4233.0,Покупка,Супермаркет БаянСулу,False,"- 4 233,00 ₸"
0,16.09.25,-70.0,Покупка,Avtobys. Оплата проезда по QR,False,"- 70,00 ₸"
0,16.09.25,-70.0,Покупка,Avtobys. Оплата проезда по QR,False,"- 70,00 ₸"
0,16.09.25,-70.0,Покупка,Avtobys. Оплата проезда по QR,False,"- 70,00 ₸"
0,16.09.25,-110.0,Покупка,Мурат Фарм Аптека  1,False,"- 110,00 ₸"
0,15.09.25,-70.0,Покупка,Global coffee yangi shahar,False,"- 70,00 ₸"
0,14.09.25,-350000.0,Перевод,На Kaspi Депозит,False,"- 350 000,00 ₸"
0,14.09.25,350000.0,Пополнение,Со своего Счета в Kaspi Pay,False,"+ 350 000,00 ₸"
0,12.09.25,-440000.0,Перевод,На Kaspi Депозит,False,"- 440 000,00 ₸"
1,12.09.25,440000.0,Пополнение,Со своего Счета в Kaspi Pay,False,"+ 440 000,00 ₸"
1,12.09.25,-1000.0,Перевод,Алмасбек Б.,False,"- 1 000,00 ₸"
1,12.09.25,-1410.0,Покупка,Супермаркет БаянСулу,False,"- 1 410,00 ₸"
1,12.09.25,-226000.0,Перевод,На Kaspi Депозит,False,"- 226 000,00 ₸"
1,12.09.25,230000.0,Пополнение,Со своего Счета в Kaspi Pay,False,"+ 230 000,00 ₸"
1,11.09.25,-1270.0,Перевод,Абдурахман А.,False,"- 1 270,00 ₸"
1,11.09.25,-580.0,Перевод,Адалат М.,False,"- 580,00 ₸"
1,11.09.25,-1300.0,Покупка,ТОО Oxymed,False,"- 1 300,00 ₸"
1,10.09.25,-500.0,Перевод,Лаура У.,False,"- 500,00 ₸"
1,09.09.25,-5599.0,Покупка,Услуги Қазақтелеком по лицевому счету,False,"- 5 599,00 ₸"
1,09.09.25,-3933.0,Покупка,ЕПД. Оңтүстік Жарық Транзит (Энергопоток),False,"- 3 933,00 ₸"
1,08.09.25,-500000.0,Перевод,На Kaspi Депозит,False,"- 500 000,00 ₸"
1,08.09.25,450000.0,Пополнение,Со своего Счета в Kaspi Pay,False,"+ 450 000,00 ₸"
1,07.09.25,300000.0,Пополнение,Нұрмұхаммед Ж.,False,"+ 300 000,00 ₸"
1,06.09.25,-1400.0,Перевод,Ерлан Ə.,False,"- 1 400,00 ₸"
1,06.09.25,-2180.0,Перевод,Рабиха Ш.,False,"- 2 180,00 ₸"
1,05.09.25,-970.0,Перевод,Алмасбек Б.,False,"- 970,00 ₸"
1,01.09.25,-5960.0,Перевод,Алибек Ж.,False,"- 5 960,00 ₸"
1,31.08.25,-500000.0,Перевод,На Kaspi Депозит,False,"- 500 000,00 ₸"
1,31.08.25,500000.0,Пополнение,Со своего Счета в Kaspi Pay,False,"+ 500 000,00 ₸"
1,31.08.25,-1000.0,Перевод,Рафия А.,False,"- 1 000,00 ₸"
1,30.08.25,-190.0,Перевод,Анаржан С.,False,"- 190,00 ₸"
1,29.08.25,-15515.0,Перевод,Əділхан А.,False,"- 15 515,00 ₸"
1,27.08.25,-1290.0,Перевод,Жупар Б.,False,"- 1 290,00 ₸"
1,27.08.25,-270.0,Перевод,Меруерт К.,False,"- 270,00 ₸"
1,26.08.25,-200.0,Перевод,Закия А.,False,"- 200,00 ₸"
1,24.08.25,-490.0,Перевод,Қайрат А.,False,"- 490,00 ₸"
1,19.08.25,3000.0,Пополнение,Eldiyar S.,False,"+ 3 000,00 ₸"
1,19.08.25,-800.0,Перевод,Нұрсұлтан Ө.,False,"- 800,00 ₸"
1,19.08.25,-900.0,Перевод,Eldiyar S.,False,"- 900,00 ₸"
1,18.08.25,-11640.0,Покупка,TAKHMINA,False,"- 11 640,00 ₸"
1,18.08.25,-15000.0,Покупка,TAKHMINA,False,"- 15 000,00 ₸"
1,16.08.25,-150.0,Перевод,Халифа А.,False,"- 150,00 ₸"
1,15.08.25,-70.0,Покупка,Avtobys. Оплата проезда по QR,False,"- 70,00 ₸"
1,15.08.25,-800.0,Перевод,Закия А.,False,"- 800,00 ₸"
1,14.08.25,-4395.0,Покупка,TAKHMINA,False,"- 4 395,00 ₸"
1,10.08.25,-1995.0,Разное,Оплата за годовое обслуживание,False,"- 1 995,00 ₸"
1,08.08.25,-1000000.0,Перевод,На Kaspi Депозит,False,"- 1 000 000,00 ₸"
1,08.08.25,500000.0,Пополнение,Со своего Счета в Kaspi Pay,False,"+ 500 000,00 ₸"
1,04.08.25,400000.0,Пополнение,Нұрмұхаммед Ж.,False,"+ 400 000,00 ₸"
1,03.08.25,-300000.0,Перевод,На Kaspi Депозит,False,"- 300 000,00 ₸"
1,30.07.25,-600000.0,Перевод,На Kaspi Депозит,False,"- 600 000,00 ₸"
1,30.07.25,600000.0,Пополнение,Со своего Счета в Kaspi Pay,False,"+ 600 000,00 ₸"
1,30.07.25,200000.0,Пополнение,Нұрмұхаммед Ж.,False,"+ 200 000,00 ₸"
1,30.07.25,-445.0,Перевод,Анапия П.,False,"- 445,00 ₸"
1,30.07.25,-100.0,Перевод,Эсмина Ю.,False,"- 100,00 ₸"
1,30.07.25,-200.0,Перевод,Асылбек Т.,False,"- 200,00 ₸"
2,30.07.25,-8500.0,Покупка,Обязательные пенсионные взносы,False,"- 8 500,00 ₸"
2,29.07.25,-300.0,Покупка,Парковка. Royal Plaza,False,"- 300,00 ₸"
2,29.07.25,-890.0,Перевод,Бакытжан О.,False,"- 890,00 ₸"
2,29.07.25,-1590.0,Перевод,Бакытжан О.,False,"- 1 590,00 ₸"
2,29.07.25,-5370.0,Перевод,Бакытжан О.,False,"- 5 370,00 ₸"
2,29.07.25,-300.0,Перевод,Абильда К.,False,"- 300,00 ₸"
2,29.07.25,-500.0,Перевод,Габитжан У.,False,"- 500,00 ₸"
2,29.07.25,-70.0,Покупка,Avtobys. Оплата проезда по QR,False,"- 70,00 ₸"
2,29.07.25,-200.0,Перевод,Лолахан С.,False,"- 200,00 ₸"
2,28.07.25,-5570.0,Перевод,Sarvinoz S.,False,"- 5 570,00 ₸"
2,27.07.25,-500000.0,Перевод,На Kaspi Депозит,False,"- 500 000,00 ₸"
2,27.07.25,500000.0,Пополнение,Со своего Счета в Kaspi Pay,False,"+ 500 000,00 ₸"
2,26.07.25,-6070.0,Перевод,Бакытжан О.,False,"- 6 070,00 ₸"
2,26.07.25,-350.0,Перевод,Наргила А.,False,"- 350,00 ₸"
2,24.07.25,-950.0,Перевод,Казима О.,False,"- 950,00 ₸"
2,24.07.25,-3900.0,Перевод,Ақжол Қ.,False,"- 3 900,00 ₸"
2,24.07.25,-3280.0,Перевод,Sarvinoz S.,False,"- 3 280,00 ₸"
2,24.07.25,-6460.0,Перевод,Sarvinoz S.,False,"- 6 460,00 ₸"
2,23.07.25,-5070.0,Перевод,Бакытжан О.,False,"- 5 070,00 ₸"
2,23.07.25,-375000.0,Перевод,На Kaspi Депозит,False,"- 375 000,00 ₸"
2,22.07.25,-3580.0,Перевод,Sarvinoz S.,False,"- 3 580,00 ₸"
2,22.07.25,-3620.0,Перевод,Айсулу Қ.,False,"- 3 620,00 ₸"
2,22.07.25,-350.0,Перевод,Наргила А.,False,"- 350,00 ₸"
2,21.07.25,-960.0,Перевод,Дияс Е.,False,"- 960,00 ₸"
2,21.07.25,-4280.0,Перевод,Sarvinoz S.,False,"- 4 280,00 ₸"
2,21.07.25,-3590.0,Покупка,Activ,False,"- 3 590,00 ₸"
2,21.07.25,-1338.8,Покупка,QAZAQGAZ AIMAQ Шымкент,False,"- 1 338,80 ₸"
2,21.07.25,-3156.6,Покупка,Водные Ресурсы-Маркетинг. Физические лица,False,"- 3 156,60 ₸"
2,21.07.25,-5599.0,Покупка,Услуги Қазақтелеком по лицевому счету,False,"- 5 599,00 ₸"
2,20.07.25,-400.0,Перевод,Улман Ж.,False,"- 400,00 ₸"
2,20.07.25,-830.0,Покупка,Бытовая химия,False,"- 830,00 ₸"
2,20.07.25,-60.0,Покупка,Saragul,False,"- 60,00 ₸"
2,19.07.25,-1338.8,Покупка,QAZAQGAZ AIMAQ Шымкент,False,"- 1 338,80 ₸"
2,19.07.25,-1120.0,Покупка,Овощной магазин,False,"- 1 120,00 ₸"
2,19.07.25,-700.0,Покупка,Макси Burger ( Янги Шахар),False,"- 700,00 ₸"
2,19.07.25,-500.0,Покупка,ИП Гаппаров,False,"- 500,00 ₸"
2,19.07.25,-590.0,Перевод,Жупар Б.,False,"- 590,00 ₸"
2,17.07.25,-9785.0,Покупка,Шайхана Каусар,False,"- 9 785,00 ₸"
2,17.07.25,450000.0,Пополнение,Со своего Счета в Kaspi Pay,False,"+ 450 000,00 ₸"
2,15.07.25,-300.0,Покупка,Парковка. ТРЦ Shymkent Plaza,False,"- 300,00 ₸"
2,11.07.25,-380.0,Перевод,Закия А.,False,"- 380,00 ₸"
2,08.07.25,200000.0,Пополнение,Нұрмұхаммед Ж.,False,"+ 200 000,00 ₸"
2,08.07.25,-380.0,Перевод,Закия А.,False,"- 380,00 ₸"
2,01.07.25,-2857000.0,Перевод,На Kaspi Депозит,False,"- 2 857 000,00 ₸"
2,01.07.25,1500000.0,Пополнение,С Kaspi Депозита,False,"+ 1 500 000,00 ₸"
2,01.07.25,1023000.0,Пополнение,Со своего Счета в Kaspi Pay,False,"+ 1 023 000,00 ₸"
2,30.06.25,200000.0,Пополнение,Нұрмұхаммед Ж.,False,"+ 200 000,00 ₸"
3,29.06.25,-5670.0,Перевод,Sarvinoz S.,False,"- 5 670,00 ₸"
3,28.06.25,-60.0,Покупка,Saragul,False,"- 60,00 ₸"
3,28.06.25,-3000.0,Перевод,Абдрахман А.,False,"- 3 000,00 ₸"
3,27.06.25,-255.0,Покупка,ИП РЫСДАУЛЕТОВА ШАЛХАР ЕРСАЙНОВНА,False,"- 255,00 ₸"
3,27.06.25,-8100.0,Покупка,ИП Нурмахан,False,"- 8 100,00 ₸"
3,26.06.25,-3890.0,Покупка,Супермаркет БаянСулу,False,"- 3 890,00 ₸"
3,26.06.25,-1600.0,Покупка,Фотосалон Ландыш,False,"- 1 600,00 ₸"
3,21.06.25,-600.0,Перевод,Ерлан Ə.,False,"- 600,00 ₸"
3,21.06.25,-60.0,Покупка,Saragul,False,"- 60,00 ₸"
3,21.06.25,-3590.0,Покупка,Activ,False,"- 3 590,00 ₸"
3,17.06.25,-5599.0,Покупка,Услуги Қазақтелеком по лицевому счету,False,"- 5 599,00 ₸"
3,17.06.25,-1380.0,Перевод,Закия А.,False,"- 1 380,00 ₸"
3,16.06.25,-500000.0,Перевод,На Kaspi Депозит,False,"- 500 000,00 ₸"
3,16.06.25,500000.0,Пополнение,Со своего Счета в Kaspi Pay,False,"+ 500 000,00 ₸"
3,15.06.25,-1000.0,Перевод,Жаханай И.,False,"- 1 000,00 ₸"
3,15.06.25,-250.0,Перевод,Максат А.,False,"- 250,00 ₸"
3,14.06.25,-860.0,Перевод,Халифа А.,False,"- 860,00 ₸"
3,14.06.25,-1570.0,Перевод,Ерлан Ə.,False,"- 1 570,00 ₸"
3,14.06.25,-400.0,Перевод,Жанат Ш.,False,"- 400,00 ₸"
3,13.06.25,-700.0,Перевод,Гульзада С.,False,"- 700,00 ₸"
3,13.06.25,-1130.0,Перевод,Закия А.,False,"- 1 130,00 ₸"
3,10.06.25,-278000.0,Перевод,На Kaspi Депозит,False,"- 278 000,00 ₸"
3,10.06.25,-1100.0,Перевод,Абдихалил Н.,False,"- 1 100,00 ₸"
3,09.06.25,-380.0,Перевод,Закия А.,False,"- 380,00 ₸"
3,08.06.25,-400.0,Перевод,Абдихалил Н.,False,"- 400,00 ₸"
3,07.06.25,200000.0,Пополнение,Нұрмұхаммед Ж.,False,"+ 200 000,00 ₸"
3,07.06.25,-2500.0,Перевод,Муханбетжан А.,False,"- 2 500,00 ₸"
3,05.06.25,-3100.0,Перевод,Мейіржан Ж.,False,"- 3 100,00 ₸"
3,04.06.25,-1000.0,Перевод,Закия А.,False,"- 1 000,00 ₸"
3,03.06.25,-1200.0,Перевод,Серик Е.,False,"- 1 200,00 ₸"
3,03.06.25,-450.0,Перевод,Закия А.,False,"- 450,00 ₸"
3,31.05.25,-1300.0,Перевод,Надира Н.,False,"- 1 300,00 ₸"
3,30.05.25,-2130.0,Перевод,Ханымша Ғ.,False,"- 2 130,00 ₸"
3,30.05.25,-1130.0,Перевод,Закия А.,False,"- 1 130,00 ₸"
3,30.05.25,-1000.0,Перевод,Куралай Б.,False,"- 1 000,00 ₸"
3,30.05.25,-1134000.0,Перевод,На Kaspi Депозит,False,"- 1 134 000,00 ₸"
3,30.05.25,1000000.0,Пополнение,Со своего Счета в Kaspi Pay,False,"+ 1 000 000,00 ₸"
3,28.05.25,-1000.0,Перевод,Закия А.,False,"- 1 000,00 ₸"
3,26.05.25,-750.0,Перевод,Айжан А.,False,"- 750,00 ₸"
3,25.05.25,-2900.0,Перевод,Нурбол О.,False,"- 2 900,00 ₸"
3,25.05.25,-2600.0,Перевод,Нурбол О.,False,"- 2 600,00 ₸"
3,24.05.25,-5000.0,Перевод,Рəтбек Н.,False,"- 5 000,00 ₸"
3,24.05.25,-790.0,Перевод,Жанна Е.,False,"- 790,00 ₸"
3,24.05.25,-350.0,Перевод,Камила М.,False,"- 350,00 ₸"
3,24.05.25,-1950.0,Перевод,Анаржан С.,False,"- 1 950,00 ₸"
3,23.05.25,-1000.0,Перевод,Кудабай Б.,False,"- 1 000,00 ₸"
3,23.05.25,-110.0,Перевод,Омангул А.,False,"- 110,00 ₸"
4,22.05.25,-310.0,Перевод,Юлдуз А.,False,"- 310,00 ₸"
4,20.05.25,-2450.0,Перевод,Гулшайым М.,False,"- 2 450,00 ₸"
4,18.05.25,-3000.0,Перевод,Али Т.,False,"- 3 000,00 ₸"
4,18.05.25,-250.0,Перевод,Лəззат Қ.,False,"- 250,00 ₸"
4,18.05.25,-460.0,Перевод,Yahyohon H.,False,"- 460,00 ₸"
4,18.05.25,-100.0,Перевод,Омангул А.,False,"- 100,00 ₸"
4,17.05.25,-350.0,Перевод,Наргила А.,False,"- 350,00 ₸"
4,17.05.25,-1950.0,Перевод,Закия А.,False,"- 1 950,00 ₸"
4,16.05.25,-890.0,Перевод,Базарбай С.,False,"- 890,00 ₸"
4,16.05.25,-300.0,Перевод,Гульзипа Н.,False,"- 300,00 ₸"
4,15.05.25,-1600.0,Перевод,Назипа Е.,False,"- 1 600,00 ₸"
4,13.05.25,-4400.0,Перевод,Нигара Р.,False,"- 4 400,00 ₸"
4,13.05.25,-300.0,Перевод,Гульзипа Н.,False,"- 300,00 ₸"
4,13.05.25,-100.0,Перевод,Омангул А.,False,"- 100,00 ₸"
4,12.05.25,-6000.0,Перевод,Нурболат Н.,False,"- 6 000,00 ₸"
4,12.05.25,-8000.0,Перевод,Марат Д.,False,"- 8 000,00 ₸"
4,12.05.25,-260.0,Перевод,Мубарак К.,False,"- 260,00 ₸"
4,12.05.25,-3470.0,Перевод,Қайрат А.,False,"- 3 470,00 ₸"
4,12.05.25,-350.0,Перевод,Наргила А.,False,"- 350,00 ₸"
4,11.05.25,-3000.0,Перевод,Анаржан С.,False,"- 3 000,00 ₸"
4,11.05.25,9400.0,Покупка,Tmins-kz,True,"+ 9 400,00 ₸"
4,10.05.25,-9400.0,Покупка,Tmins-kz,True,"- 9 400,00 ₸"
4,10.05.25,-2700.13,Покупка,Водные Ресурсы-Маркетинг. Физические лица,False,"- 2 700,13 ₸"
4,10.05.25,-240.0,Перевод,Жанна Е.,False,"- 240,00 ₸"
4,10.05.25,-1000.0,Перевод,Ханымша Ғ.,False,"- 1 000,00 ₸"
4,09.05.25,-17910.0,Покупка,Мурат Фарм Аптека  13,False,"- 17 910,00 ₸"
4,09.05.25,-9560.0,Покупка,Bozjyra,False,"- 9 560,00 ₸"
4,09.05.25,50000.0,Пополнение,Пернебек О.,False,"+ 50 000,00 ₸"
4,08.05.25,-1180.0,Перевод,Закия А.,False,"- 1 180,00 ₸"
4,07.05.25,-200.0,Перевод,Аскар Т.,False,"- 200,00 ₸"
4,07.05.25,-1200.0,Перевод,Nadzhibullo S.,False,"- 1 200,00 ₸"
4,07.05.25,-800.0,Перевод,Nadzhibullo S.,False,"- 800,00 ₸"
4,07.05.25,-500000.0,Перевод,На Kaspi Депозит,False,"- 500 000,00 ₸"
4,07.05.25,500000.0,Пополнение,Со своего Счета в Kaspi Pay,False,"+ 500 000,00 ₸"
4,07.05.25,360000.0,Пополнение,Нұрмұхаммед Ж.,False,"+ 360 000,00 ₸"
4,06.05.25,-1800.0,Перевод,Гулара Ж.,False,"- 1 800,00 ₸"
4,06.05.25,-980.0,Перевод,Гулшайым М.,False,"- 980,00 ₸"
4,04.05.25,-700.0,Перевод,Файзулла А.,False,"- 700,00 ₸"
4,04.05.25,-1650.0,Перевод,Жанна Е.,False,"- 1 650,00 ₸"
4,04.05.25,-220.0,Перевод,Гулбану А.,False,"- 220,00 ₸"
4,04.05.25,-1200.0,Перевод,Надира Н.,False,"- 1 200,00 ₸"
4,04.05.25,-215.0,Перевод,Анаржан С.,False,"- 215,00 ₸"
4,03.05.25,-430.0,Перевод,Анаржан С.,False,"- 430,00 ₸"
4,03.05.25,-1130.0,Перевод,Жанна Е.,False,"- 1 130,00 ₸"
4,03.05.25,-1000.0,Перевод,Абдихалил Н.,False,"- 1 000,00 ₸"
4,03.05.25,-2285.0,Перевод,Ханымша Ғ.,False,"- 2 285,00 ₸"
4,03.05.25,-700.0,Перевод,Наргила А.,False,"- 700,00 ₸"
5,02.05.25,-1000.0,Перевод,Гулара Ж.,False,"- 1 000,00 ₸"
5,30.04.25,-1000.0,Перевод,Зайидбек А.,False,"- 1 000,00 ₸"
5,30.04.25,-300.0,Перевод,Камила М.,False,"- 300,00 ₸"
5,29.04.25,-500.0,Перевод,Kulpunai M.,False,"- 500,00 ₸"
5,29.04.25,-500.0,Перевод,Kulpunai M.,False,"- 500,00 ₸"
5,29.04.25,-4500.0,Перевод,Туратбек Ж.,False,"- 4 500,00 ₸"
5,29.04.25,-1400.0,Перевод,Назипа Е.,False,"- 1 400,00 ₸"
5,28.04.25,-285.0,Перевод,Адалат М.,False,"- 285,00 ₸"
5,28.04.25,-3460.0,Перевод,Ханымша Ғ.,False,"- 3 460,00 ₸"
5,27.04.25,-1070.0,Перевод,Анаржан С.,False,"- 1 070,00 ₸"
5,27.04.25,-1700.0,Перевод,Карима А.,False,"- 1 700,00 ₸"
5,26.04.25,-1700.0,Перевод,Гульзада С.,False,"- 1 700,00 ₸"
5,26.04.25,-200.0,Перевод,Жанат О.,False,"- 200,00 ₸"
5,25.04.25,-1000.0,Перевод,Ерасыл Ж.,False,"- 1 000,00 ₸"
5,25.04.25,-5841.9,Покупка,Услуги Қазақтелеком по лицевому счету,False,"- 5 841,90 ₸"
5,23.04.25,-630.0,Перевод,Ақерке М.,False,"- 630,00 ₸"
5,23.04.25,-400.0,Перевод,Максат А.,False,"- 400,00 ₸"
5,21.04.25,-2000.0,Перевод,Ханымша Ғ.,False,"- 2 000,00 ₸"
5,21.04.25,-750.0,Перевод,Закия А.,False,"- 750,00 ₸"
5,20.04.25,-460.0,Перевод,Нуржамал С.,False,"- 460,00 ₸"
5,19.04.25,-350.0,Перевод,Гульзипа Н.,False,"- 350,00 ₸"
5,15.04.25,-7860.0,Перевод,Sarvinoz S.,False,"- 7 860,00 ₸"
5,13.04.25,-340.0,Покупка,Zerde #4,False,"- 340,00 ₸"
5,13.04.25,-1528.0,Покупка,EUROPHARMA,False,"- 1 528,00 ₸"
5,09.04.25,-1265.0,Перевод,Мейіржан Ж.,False,"- 1 265,00 ₸"
5,09.04.25,-260.0,Перевод,Мубарак К.,False,"- 260,00 ₸"
5,07.04.25,-29017.0,Перевод,Оплата Kaspi Red,False,"- 29 017,00 ₸"
5,06.04.25,300000.0,Пополнение,Нұрмұхаммед Ж.,False,"+ 300 000,00 ₸"
5,04.04.25,-1550.0,Перевод,Теймураз А.,False,"- 1 550,00 ₸"
5,04.04.25,-1140.0,Перевод,Диас У.,False,"- 1 140,00 ₸"
5,04.04.25,-530.0,Перевод,Жалгас М.,False,"- 530,00 ₸"
5,31.03.25,-1061440.0,Покупка,Налог на имущество,False,"- 1 061 440,00 ₸"
5,31.03.25,871000.0,Пополнение,Со своего Счета в Kaspi Pay,False,"+ 871 000,00 ₸"
5,31.03.25,50000.0,Пополнение,С Kaspi Депозита,False,"+ 50 000,00 ₸"
5,31.03.25,100000.0,Пополнение,С Kaspi Депозита,False,"+ 100 000,00 ₸"
5,29.03.25,-800.0,Покупка,Мини Маркет Дони,False,"- 800,00 ₸"
5,29.03.25,-350.0,Покупка,Майра,False,"- 350,00 ₸"
5,28.03.25,-650.0,Перевод,Дінмұхаммед А.,False,"- 650,00 ₸"
5,28.03.25,-400.0,Перевод,Закия А.,False,"- 400,00 ₸"
5,23.03.25,-3962.0,Покупка,ЕПД. Оңтүстік Жарық Транзит (Энергопоток),False,"- 3 962,00 ₸"
5,21.03.25,-300.0,Перевод,Сансызбай Т.,False,"- 300,00 ₸"
5,21.03.25,-3590.0,Покупка,Activ,False,"- 3 590,00 ₸"
5,20.03.25,-450.0,Перевод,Мейіржан Ж.,False,"- 450,00 ₸"
5,18.03.25,-320.0,Перевод,Гулшайым М.,False,"- 320,00 ₸"
5,18.03.25,-790.0,Перевод,Данагуль Б.,False,"- 790,00 ₸"
5,15.03.25,2000.0,Пополнение,Гулжанат А.,False,"+ 2 000,00 ₸"
5,15.03.25,-3245.0,Перевод,Қайрат А.,False,"- 3 245,00 ₸"
6,14.03.25,-29019.0,Перевод,Оплата Kaspi Red,False,"- 29 019,00 ₸"
6,14.03.25,-559053.9,Покупка,Оплата исполнительного производства,False,"- 559 053,90 ₸"
6,14.03.25,100000.0,Пополнение,Со своего Счета в Kaspi Pay,False,"+ 100 000,00 ₸"
6,14.03.25,400000.0,Пополнение,Жасулан Т.,False,"+ 400 000,00 ₸"
6,14.03.25,-300.0,Перевод,Қайрат А.,False,"- 300,00 ₸"
6,14.03.25,-400.0,Перевод,Закия А.,False,"- 400,00 ₸"
6,13.03.25,-400.0,Перевод,Жанна Е.,False,"- 400,00 ₸"
6,12.03.25,-100.0,Перевод,Жанат О.,False,"- 100,00 ₸"
6,11.03.25,-150.0,Перевод,Данагуль Б.,False,"- 150,00 ₸"
6,11.03.25,-785.0,Перевод,Гулшайым М.,False,"- 785,00 ₸"
6,10.03.25,-1530.0,Перевод,Қайрат А.,False,"- 1 530,00 ₸"
6,10.03.25,-1150.0,Перевод,Закия А.,False,"- 1 150,00 ₸"
6,09.03.25,-650.0,Перевод,Абдихалил Н.,False,"- 650,00 ₸"
6,09.03.25,-2065.0,Перевод,Багила С.,False,"- 2 065,00 ₸"
6,09.03.25,-1900.0,Перевод,Жанна Е.,False,"- 1 900,00 ₸"
6,07.03.25,50000.0,Пополнение,Айдын И.,False,"+ 50 000,00 ₸"
6,06.03.25,-1100.0,Перевод,Ханымша Ғ.,False,"- 1 100,00 ₸"
6,06.03.25,-1150.0,Перевод,Закия А.,False,"- 1 150,00 ₸"
6,05.03.25,-2000.0,Перевод,Закия А.,False,"- 2 000,00 ₸"
6,04.03.25,103000.0,Пополнение,Нұрмұхаммед Ж.,False,"+ 103 000,00 ₸"
6,04.03.25,-1500.0,Перевод,Aidar P.,False,"- 1 500,00 ₸"
6,03.03.25,-420.0,Перевод,Закия А.,False,"- 420,00 ₸"
6,03.03.25,-2545.0,Покупка,"""Жеміс-жидек"" дүкені",False,"- 2 545,00 ₸"
6,02.03.25,-100.0,Перевод,Омангул А.,False,"- 100,00 ₸"
6,02.03.25,-600.0,Перевод,Арапат Ж.,False,"- 600,00 ₸"
6,02.03.25,-1590.0,Перевод,Арапат Ж.,False,"- 1 590,00 ₸"
6,28.02.25,-1360.0,Перевод,Жанна Е.,False,"- 1 360,00 ₸"
6,27.02.25,-960.0,Перевод,Данагуль Б.,False,"- 960,00 ₸"
6,25.02.25,-750.0,Перевод,Закия А.,False,"- 750,00 ₸"
6,24.02.25,-600.0,Перевод,Закия А.,False,"- 600,00 ₸"
6,23.02.25,-10000.0,Покупка,АЗС Х-409,False,"- 10 000,00 ₸"
6,23.02.25,-1310.0,Перевод,Жанна Е.,False,"- 1 310,00 ₸"
6,23.02.25,-650.0,Перевод,Абдихалил Н.,False,"- 650,00 ₸"
6,22.02.25,-1370.0,Перевод,Жанна Е.,False,"- 1 370,00 ₸"
6,22.02.25,-2000.0,Перевод,Дариға И.,False,"- 2 000,00 ₸"
6,21.02.25,-5600.0,Перевод,Сафаргул Х.,False,"- 5 600,00 ₸"
6,21.02.25,-360.0,Перевод,Данагуль Б.,False,"- 360,00 ₸"
6,20.02.25,-330.0,Перевод,Жанат О.,False,"- 330,00 ₸"
6,20.02.25,-360.0,Перевод,Жанат О.,False,"- 360,00 ₸"
6,20.02.25,-700.0,Покупка,Мурат Фарм Аптека  1,False,"- 700,00 ₸"
6,20.02.25,-1360.0,Перевод,Жанат О.,False,"- 1 360,00 ₸"
6,20.02.25,-1000.0,Перевод,Закия А.,False,"- 1 000,00 ₸"
6,19.02.25,-1000.0,Перевод,Данагуль Б.,False,"- 1 000,00 ₸"
6,18.02.25,-1380.0,Перевод,Ханымша Ғ.,False,"- 1 380,00 ₸"
6,18.02.25,-400.0,Перевод,Закия А.,False,"- 400,00 ₸"
6,16.02.25,-1000.0,Перевод,Ануар А.,False,"- 1 000,00 ₸"
6,16.02.25,-1300.0,Перевод,Жанна Е.,False,"- 1 300,00 ₸"
7,16.02.25,-2155.0,Перевод,Анаржан С.,False,"- 2 155,00 ₸"
7,16.02.25,-26000.0,Перевод,Жанар Т.,False,"- 26 000,00 ₸"
7,14.02.25,-1440.0,Перевод,Ханымша Ғ.,False,"- 1 440,00 ₸"
7,14.02.25,-1195.0,Перевод,Закия А.,False,"- 1 195,00 ₸"
7,14.02.25,-1190.0,Покупка,Green Glow,False,"- 1 190,00 ₸"
7,13.02.25,-29019.0,Перевод,Оплата Kaspi Red,False,"- 29 019,00 ₸"
7,13.02.25,-830.0,Перевод,Айжамал С.,False,"- 830,00 ₸"
7,13.02.25,-1530.0,Покупка,"""Жеміс-жидек"" дүкені",False,"- 1 530,00 ₸"
7,12.02.25,-1540.0,Перевод,Ханымша Ғ.,False,"- 1 540,00 ₸"
7,12.02.25,-200.0,Перевод,Ханымша Ғ.,False,"- 200,00 ₸"
7,12.02.25,-860.0,Перевод,Жиенкул П.,False,"- 860,00 ₸"
7,12.02.25,-1800000.0,Перевод,Ержигит Ю.,False,"- 1 800 000,00 ₸"
7,12.02.25,1800000.0,Пополнение,С Kaspi Депозита,False,"+ 1 800 000,00 ₸"
7,11.02.25,-1000.0,Перевод,Закия А.,False,"- 1 000,00 ₸"
7,11.02.25,-950.0,Перевод,Ханымша Ғ.,False,"- 950,00 ₸"
7,10.02.25,-390000.0,Перевод,Айдана С.,False,"- 390 000,00 ₸"
7,10.02.25,-610000.0,Перевод,Айзада С.,False,"- 610 000,00 ₸"
7,10.02.25,1000000.0,Пополнение,С Kaspi Депозита,False,"+ 1 000 000,00 ₸"
7,09.02.25,-859.0,Покупка,Супермаркет Баян-Сулу,False,"- 859,00 ₸"
7,09.02.25,-1000.0,Перевод,Ануар А.,False,"- 1 000,00 ₸"
7,09.02.25,-1165.0,Перевод,Анаржан С.,False,"- 1 165,00 ₸"
7,08.02.25,-2500.0,Перевод,Муханбетжан А.,False,"- 2 500,00 ₸"
7,08.02.25,-2040.0,Перевод,Жанна Е.,False,"- 2 040,00 ₸"
7,08.02.25,-3475.0,Покупка,Maira,False,"- 3 475,00 ₸"
7,08.02.25,-1200.0,Перевод,Закия А.,False,"- 1 200,00 ₸"
7,05.02.25,-290000.0,Перевод,Жасулан А.,False,"- 290 000,00 ₸"
7,05.02.25,250000.0,Пополнение,Айдын И.,False,"+ 250 000,00 ₸"
7,05.02.25,-1600.0,Перевод,Карлыгаш А.,False,"- 1 600,00 ₸"
7,05.02.25,-3200.0,Перевод,Ханымша Ғ.,False,"- 3 200,00 ₸"
7,05.02.25,-150000.0,Перевод,Индира Б.,False,"- 150 000,00 ₸"
7,05.02.25,250000.0,Пополнение,С Kaspi Депозита,False,"+ 250 000,00 ₸"
7,05.02.25,-500000.0,Перевод,Багдаулет Б.,False,"- 500 000,00 ₸"
7,05.02.25,-500000.0,Перевод,Кайсар К.,False,"- 500 000,00 ₸"
7,05.02.25,1000000.0,Пополнение,С Kaspi Депозита,False,"+ 1 000 000,00 ₸"
7,04.02.25,-500000.0,Перевод,Маратбек К.,False,"- 500 000,00 ₸"
7,04.02.25,270000.0,Пополнение,Со своего Счета в Kaspi Pay,False,"+ 270 000,00 ₸"
7,04.02.25,-1000.0,Перевод,Ануар А.,False,"- 1 000,00 ₸"
7,04.02.25,-1340.0,Перевод,Жанна Е.,False,"- 1 340,00 ₸"
7,03.02.25,-1000000.0,Перевод,Джумагуль К.,False,"- 1 000 000,00 ₸"
7,03.02.25,1000000.0,Пополнение,С Kaspi Депозита,False,"+ 1 000 000,00 ₸"
7,02.02.25,-480.0,Перевод,Багила С.,False,"- 480,00 ₸"
7,02.02.25,-670.0,Перевод,Багила С.,False,"- 670,00 ₸"
7,02.02.25,-1500.0,Перевод,Жанна Е.,False,"- 1 500,00 ₸"
7,02.02.25,-100.0,Перевод,Сарагул Б.,False,"- 100,00 ₸"
7,28.01.25,250000.0,Пополнение,Нұрмұхаммед Ж.,False,"+ 250 000,00 ₸"
7,24.01.25,-3300.0,Перевод,Erlik D.,False,"- 3 300,00 ₸"
7,23.01.25,-1000.0,Перевод,Ануар А.,False,"- 1 000,00 ₸"
8,23.01.25,-200.0,Перевод,Габитжан У.,False,"- 200,00 ₸"
8,22.01.25,-5500.0,Перевод,Дулат К.,False,"- 5 500,00 ₸"
8,22.01.25,-965.0,Перевод,Қайрат А.,False,"- 965,00 ₸"
8,22.01.25,-1700.0,Перевод,Лина И.,False,"- 1 700,00 ₸"
8,21.01.25,-880.0,Перевод,Элмира Е.,False,"- 880,00 ₸"
8,21.01.25,-250.0,Перевод,Жанат О.,False,"- 250,00 ₸"
8,21.01.25,-1500.0,Перевод,Ханымша Ғ.,False,"- 1 500,00 ₸"
8,21.01.25,-1000.0,Перевод,Закия А.,False,"- 1 000,00 ₸"
8,20.01.25,-1500.0,Перевод,Алмасбек Б.,False,"- 1 500,00 ₸"
8,19.01.25,35000.0,Пополнение,Дархан А.,False,"+ 35 000,00 ₸"
8,19.01.25,-100.0,Перевод,Омангул А.,False,"- 100,00 ₸"
8,18.01.25,-1000.0,Перевод,Анаржан С.,False,"- 1 000,00 ₸"
8,18.01.25,-2500.0,Перевод,Шамама Н.,False,"- 2 500,00 ₸"
8,17.01.25,-450.0,Перевод,Ануар А.,False,"- 450,00 ₸"
8,17.01.25,-214000.0,Покупка,"ТОО""HT.KZ.Shymkent 3""",False,"- 214 000,00 ₸"
8,17.01.25,-2250.0,Перевод,Багила С.,False,"- 2 250,00 ₸"
8,17.01.25,-1600.0,Перевод,Жанна Е.,False,"- 1 600,00 ₸"
8,16.01.25,-4051.0,Покупка,Супермаркет Баян-Сулу,False,"- 4 051,00 ₸"
8,16.01.25,-1210.0,Перевод,Талатбек Б.,False,"- 1 210,00 ₸"
8,16.01.25,-1000000.0,Перевод,Джумагуль К.,False,"- 1 000 000,00 ₸"
8,16.01.25,1000000.0,Пополнение,С Kaspi Депозита,False,"+ 1 000 000,00 ₸"
8,14.01.25,-2000.0,Перевод,Назипа Е.,False,"- 2 000,00 ₸"
8,14.01.25,-255.0,Перевод,Қайрат А.,False,"- 255,00 ₸"
8,13.01.25,-2500.0,Перевод,Муханбетжан А.,False,"- 2 500,00 ₸"
8,12.01.25,-2000.0,Перевод,Багила С.,False,"- 2 000,00 ₸"
8,12.01.25,-200.0,Перевод,Жанна Б.,False,"- 200,00 ₸"
8,11.01.25,-1575.0,Перевод,Жанна Е.,False,"- 1 575,00 ₸"
8,10.01.25,-260.0,Перевод,Ирода И.,False,"- 260,00 ₸"
8,10.01.25,-1200.0,Перевод,Закия А.,False,"- 1 200,00 ₸"
8,09.01.25,-465.0,Перевод,Багила С.,False,"- 465,00 ₸"
8,07.01.25,-1690.0,Покупка,ТОО Өркен II Самал,False,"- 1 690,00 ₸"
8,07.01.25,-1120.0,Перевод,Багила С.,False,"- 1 120,00 ₸"
8,06.01.25,-560.0,Перевод,Гулбану Б.,False,"- 560,00 ₸"
8,06.01.25,-750.0,Перевод,Закия А.,False,"- 750,00 ₸"
8,06.01.25,-5000.0,Перевод,Жанар Т.,False,"- 5 000,00 ₸"
8,05.01.25,-1185.0,Перевод,Ерлан Ə.,False,"- 1 185,00 ₸"
8,04.01.25,-2375.0,Покупка,Мурат Фарм Аптека  1,False,"- 2 375,00 ₸"
8,04.01.25,-17309.0,Покупка,wokwok nursat,False,"- 17 309,00 ₸"
8,04.01.25,-1800.0,Перевод,Орынбай Д.,False,"- 1 800,00 ₸"
8,04.01.25,-2000.0,Перевод,Kamila S.,False,"- 2 000,00 ₸"
8,04.01.25,-3000.0,Перевод,Ербол У.,False,"- 3 000,00 ₸"
8,04.01.25,-200.0,Покупка,"Автостоянка, рынок Барыс",False,"- 200,00 ₸"
8,04.01.25,-29019.0,Перевод,Оплата Kaspi Red,False,"- 29 019,00 ₸"
8,03.01.25,-1800.0,Покупка,Мурат Фарм Аптека  1,False,"- 1 800,00 ₸"
8,03.01.25,-2460.0,Покупка,Мурат Фарм Аптека  1,False,"- 2 460,00 ₸"
8,03.01.25,-200.0,Покупка,"ТОО ""Oxy-med""",False,"- 200,00 ₸"
8,03.01.25,30000.0,Пополнение,Алияш Д.,False,"+ 30 000,00 ₸"
9,01.01.25,-1760.0,Покупка,Мурат Фарм Аптека  1,False,"- 1 760,00 ₸"
9,01.01.25,-515.0,Покупка,Мурат Фарм Аптека  1,False,"- 515,00 ₸"
9,01.01.25,-200.0,Покупка,"ТОО ""Oxy-med""",False,"- 200,00 ₸"
9,31.12.24,129000.0,Пополнение,Жандос К.,False,"+ 129 000,00 ₸"
9,31.12.24,-1000.0,Перевод,Жанкелди С.,False,"- 1 000,00 ₸"
9,31.12.24,-350.0,Покупка,Пак,False,"- 350,00 ₸"
9,31.12.24,-270.0,Покупка,Пак,False,"- 270,00 ₸"
9,31.12.24,-534.0,Перевод,Анаржан С.,False,"- 534,00 ₸"
9,31.12.24,-400.0,Перевод,Ерлан Ə.,False,"- 400,00 ₸"
9,31.12.24,36000.0,Пополнение,Ерлик К.,False,"+ 36 000,00 ₸"
9,30.12.24,-1000000.0,Перевод,Аякоз Т.,False,"- 1 000 000,00 ₸"
9,30.12.24,984000.0,Пополнение,Со своего Счета в Kaspi Pay,False,"+ 984 000,00 ₸"
9,30.12.24,-1500.0,Перевод,Алмасбек Б.,False,"- 1 500,00 ₸"
9,30.12.24,-600.0,Покупка,"""Жеміс-жидек"" дүкені",False,"- 600,00 ₸"
9,29.12.24,-100.0,Перевод,Багила С.,False,"- 100,00 ₸"
9,29.12.24,-840.0,Перевод,Ерлан Ə.,False,"- 840,00 ₸"
9,28.12.24,-1390.0,Покупка,Chefstar,False,"- 1 390,00 ₸"
9,28.12.24,-2000.0,Перевод,Гулсара К.,False,"- 2 000,00 ₸"
9,28.12.24,-140.0,Покупка,Ордабасы,False,"- 140,00 ₸"
9,28.12.24,-640.0,Перевод,Шолпанай Т.,False,"- 640,00 ₸"
9,28.12.24,-1035.0,Перевод,Ерлан Ə.,False,"- 1 035,00 ₸"
9,28.12.24,-830.0,Перевод,Зульфида Н.,False,"- 830,00 ₸"
9,28.12.24,-100.0,Перевод,Омангул А.,False,"- 100,00 ₸"
9,28.12.24,90000.0,Пополнение,Омар Д.,False,"+ 90 000,00 ₸"
9,27.12.24,-500.0,Перевод,Рахатилла А.,False,"- 500,00 ₸"
9,27.12.24,-1100.0,Перевод,Бахыт О.,False,"- 1 100,00 ₸"
9,27.12.24,-900.0,Перевод,Ерлан Ə.,False,"- 900,00 ₸"
9,27.12.24,-1000.0,Перевод,Закия А.,False,"- 1 000,00 ₸"
9,27.12.24,-1500.0,Перевод,Алмасбек Б.,False,"- 1 500,00 ₸"
9,26.12.24,-3245.0,Покупка,"""Жеміс-жидек"" дүкені",False,"- 3 245,00 ₸"
9,26.12.24,-260.0,Покупка,ИП Салибекова,False,"- 260,00 ₸"
9,25.12.24,-530.0,Покупка,Zerde #4,False,"- 530,00 ₸"
9,25.12.24,-646.0,Покупка,EUROPHARMA,False,"- 646,00 ₸"
9,25.12.24,60000.0,Пополнение,Ахмарал С.,False,"+ 60 000,00 ₸"
9,25.12.24,-635.0,Перевод,Ханымша Ғ.,False,"- 635,00 ₸"
9,25.12.24,-350.0,Перевод,Ханымша Ғ.,False,"- 350,00 ₸"
9,25.12.24,-750.0,Перевод,Закия А.,False,"- 750,00 ₸"
9,24.12.24,-995.0,Перевод,Жамила Т.,False,"- 995,00 ₸"
9,23.12.24,-440.0,Перевод,Майра Б.,False,"- 440,00 ₸"
9,22.12.24,-100.0,Перевод,Сауле И.,False,"- 100,00 ₸"
9,22.12.24,-880.0,Перевод,Багила С.,False,"- 880,00 ₸"
9,22.12.24,-535.0,Перевод,Анаржан С.,False,"- 535,00 ₸"
9,22.12.24,-1040.0,Перевод,Ерлан Ə.,False,"- 1 040,00 ₸"
9,21.12.24,-860.0,Перевод,Ерлан Ə.,False,"- 860,00 ₸"
9,21.12.24,-1065.0,Перевод,Гулбану Б.,False,"- 1 065,00 ₸"
9,20.12.24,-2380.0,Покупка,Супермаркет Баян-Сулу,False,"- 2 380,00 ₸"
9,20.12.24,-940.0,Перевод,Багила С.,False,"- 940,00 ₸"
10,19.12.24,-1110.0,Покупка,Maira,False,"- 1 110,00 ₸"
10,19.12.24,-1500.0,Перевод,Закия А.,False,"- 1 500,00 ₸"
10,19.12.24,-1890.0,Перевод,Қайрат А.,False,"- 1 890,00 ₸"
10,19.12.24,-420.0,Покупка,Maira,False,"- 420,00 ₸"
10,18.12.24,-580.0,Покупка,Maira,False,"- 580,00 ₸"
10,18.12.24,-580.0,Перевод,Закия А.,False,"- 580,00 ₸"
10,18.12.24,-1400.0,Покупка,Maira,False,"- 1 400,00 ₸"
10,18.12.24,-750.0,Перевод,Закия А.,False,"- 750,00 ₸"
10,17.12.24,-800.0,Покупка,Пак,False,"- 800,00 ₸"
10,17.12.24,-1000.0,Перевод,Ерлан Ə.,False,"- 1 000,00 ₸"
10,17.12.24,-70.0,Покупка,TOLEM. Оплата проезда по QR,False,"- 70,00 ₸"
10,15.12.24,-500.0,Перевод,Рəтбек Н.,False,"- 500,00 ₸"
10,15.12.24,-245.0,Покупка,Магазин,False,"- 245,00 ₸"
10,15.12.24,-750.0,Перевод,Закия А.,False,"- 750,00 ₸"
10,15.12.24,-70.0,Покупка,Avtobys. Оплата проезда по QR,False,"- 70,00 ₸"
10,15.12.24,-500.0,Покупка,Бактигул,False,"- 500,00 ₸"
10,15.12.24,-500.0,Покупка,Пак,False,"- 500,00 ₸"
10,15.12.24,-650.0,Перевод,Абдихалил Н.,False,"- 650,00 ₸"
10,15.12.24,-100.0,Перевод,Омангул А.,False,"- 100,00 ₸"
10,15.12.24,-345.0,Перевод,Шолпанай Т.,False,"- 345,00 ₸"
10,15.12.24,-70.0,Покупка,Avtobys. Оплата проезда по QR,False,"- 70,00 ₸"
10,14.12.24,-575.0,Покупка,Пак,False,"- 575,00 ₸"
10,14.12.24,-100.0,Перевод,Сарагул Б.,False,"- 100,00 ₸"
10,12.12.24,-1370.0,Покупка,"""Жеміс-жидек"" дүкені",False,"- 1 370,00 ₸"
10,12.12.24,-30000.0,Перевод,Нагима О.,False,"- 30 000,00 ₸"
10,12.12.24,-100.0,Перевод,Омангул А.,False,"- 100,00 ₸"
10,12.12.24,-22905.0,Перевод,Оплата Kaspi Кредита,False,"- 22 905,00 ₸"
10,12.12.24,-70.0,Покупка,Avtobys. Оплата проезда по QR,False,"- 70,00 ₸"
10,11.12.24,53000.0,Пополнение,Айткул К.,False,"+ 53 000,00 ₸"
10,11.12.24,-500.0,Перевод,Тоғжан Т.,False,"- 500,00 ₸"
10,11.12.24,-70.0,Покупка,TOLEM. Оплата проезда по QR,False,"- 70,00 ₸"
10,10.12.24,-70.0,Покупка,Avtobys. Оплата проезда по QR,False,"- 70,00 ₸"
10,09.12.24,-1270000.0,Перевод,Ахмарал С.,False,"- 1 270 000,00 ₸"
10,09.12.24,450000.0,Пополнение,С Kaspi Депозита,False,"+ 450 000,00 ₸"
10,09.12.24,800000.0,Пополнение,Со своего Счета в Kaspi Pay,False,"+ 800 000,00 ₸"
10,08.12.24,-1315.0,Перевод,Багила С.,False,"- 1 315,00 ₸"
10,07.12.24,-1506.33,Покупка,Водные Ресурсы-Маркетинг. Физические лица,False,"- 1 506,33 ₸"
10,07.12.24,-6000.0,Покупка,Услуги Қазақтелеком по лицевому счету,False,"- 6 000,00 ₸"
10,07.12.24,100000.0,Пополнение,Со своего Счета в Kaspi Pay,False,"+ 100 000,00 ₸"
10,07.12.24,-250.0,Перевод,Майра К.,False,"- 250,00 ₸"
10,07.12.24,-300.0,Перевод,Зульфида Н.,False,"- 300,00 ₸"
10,06.12.24,-1050.0,Перевод,Эльмира А.,False,"- 1 050,00 ₸"
10,06.12.24,-490.0,Перевод,Арапат Ж.,False,"- 490,00 ₸"
10,05.12.24,-2500.0,Перевод,Жасулан А.,False,"- 2 500,00 ₸"
10,04.12.24,-100.0,Перевод,Сарагул Б.,False,"- 100,00 ₸"
10,04.12.24,-3000.0,Перевод,Ханымша Ғ.,False,"- 3 000,00 ₸"
10,04.12.24,-750.0,Перевод,Закия А.,False,"- 750,00 ₸"
11,03.12.24,-700.0,Покупка,Мурат Фарм Аптека  32,False,"- 700,00 ₸"
11,03.12.24,-500.0,Перевод,Ыкыбал С.,False,"- 500,00 ₸"
11,03.12.24,-1390.0,Перевод,Багила С.,False,"- 1 390,00 ₸"
11,03.12.24,-500.0,Перевод,Азамат И.,False,"- 500,00 ₸"
11,03.12.24,-1000.0,Перевод,Алишер Е.,False,"- 1 000,00 ₸"
11,02.12.24,-350.0,Покупка,Мурат Фарм Аптека  1,False,"- 350,00 ₸"
11,02.12.24,-750.0,Перевод,Ханымша Ғ.,False,"- 750,00 ₸"
11,02.12.24,-885.0,Покупка,Maira,False,"- 885,00 ₸"
11,02.12.24,-2640.0,Перевод,Ханымша Ғ.,False,"- 2 640,00 ₸"
11,02.12.24,-400.0,Перевод,Закия А.,False,"- 400,00 ₸"
11,01.12.24,-700.0,Покупка,Мурат Фарм Аптека  9,False,"- 700,00 ₸"
11,01.12.24,-6270.0,Покупка,Мурат Фарм Аптека  9,False,"- 6 270,00 ₸"
11,01.12.24,-490.0,Перевод,Ақтолқын А.,False,"- 490,00 ₸"
11,01.12.24,-2780.0,Перевод,Ақтолқын А.,False,"- 2 780,00 ₸"
11,01.12.24,-4352.0,Покупка,ЕПД. Оңтүстік Жарық Транзит (Энергопоток),False,"- 4 352,00 ₸"
11,01.12.24,-8500.0,Покупка,Обязательные пенсионные взносы,False,"- 8 500,00 ₸"
11,01.12.24,-5950.0,Покупка,Взносы на обязательное соц.мед.страхование для ИП,False,"- 5 950,00 ₸"
11,01.12.24,-2975.0,Покупка,Cоциальные отчисления,False,"- 2 975,00 ₸"
11,30.11.24,-250.0,Покупка,Бытовая химия,False,"- 250,00 ₸"
11,30.11.24,-860.0,Перевод,Багила С.,False,"- 860,00 ₸"
11,30.11.24,-16.24,Покупка,Avtobys. Оплата проезда по QR,False,"- 16,24 ₸"
11,30.11.24,-350.0,Покупка,Мурат Фарм Аптека  1,False,"- 350,00 ₸"
11,30.11.24,-6330.0,Покупка,Мурат Фарм Аптека  1,False,"- 6 330,00 ₸"
11,29.11.24,-3530.0,Покупка,Мурат Фарм Аптека  9,False,"- 3 530,00 ₸"
11,29.11.24,-700.0,Покупка,Мурат Фарм Аптека  9,False,"- 700,00 ₸"
11,29.11.24,-420.0,Покупка,Maira,False,"- 420,00 ₸"
11,29.11.24,-980.0,Перевод,Ханымша Ғ.,False,"- 980,00 ₸"
11,27.11.24,-4014.0,Покупка,Aizhamal group,False,"- 4 014,00 ₸"
11,27.11.24,-1290.0,Покупка,"ТОО ""APPLE PHARMA""",False,"- 1 290,00 ₸"
11,27.11.24,-6000.0,Покупка,sezim ortalygy,False,"- 6 000,00 ₸"
11,27.11.24,-7761.0,Покупка,Aizhamal group,False,"- 7 761,00 ₸"
11,27.11.24,-3190.0,Перевод,Ханымша Ғ.,False,"- 3 190,00 ₸"
11,27.11.24,-1310.0,Покупка,Maira,False,"- 1 310,00 ₸"
11,27.11.24,-100.0,Перевод,Болат А.,False,"- 100,00 ₸"
11,27.11.24,-700.0,Перевод,Закия А.,False,"- 700,00 ₸"
11,27.11.24,66000.0,Пополнение,Молдир Н.,False,"+ 66 000,00 ₸"
11,27.11.24,-30000.0,Перевод,Жандос К.,False,"- 30 000,00 ₸"
11,26.11.24,-1000.0,Покупка,Taba nan,False,"- 1 000,00 ₸"
11,26.11.24,-985.0,Покупка,Magnum Cash&Carry,False,"- 985,00 ₸"
11,26.11.24,-8820.63,Покупка,Magnum Cash&Carry,False,"- 8 820,63 ₸"
11,26.11.24,-550.0,Перевод,Нуржан Т.,False,"- 550,00 ₸"
11,26.11.24,-3700.0,Покупка,Ип Абдиева,False,"- 3 700,00 ₸"
11,26.11.24,-550.0,Покупка,Пак,False,"- 550,00 ₸"
11,26.11.24,-100.0,Покупка,Бытовая химия,False,"- 100,00 ₸"
11,26.11.24,-38000.0,Перевод,Диана М.,False,"- 38 000,00 ₸"
11,26.11.24,-24000.0,Перевод,Диана М.,False,"- 24 000,00 ₸"
11,26.11.24,-100.0,Перевод,Омангул А.,False,"- 100,00 ₸"
12,25.11.24,-1000000.0,Перевод,Ахмарал С.,False,"- 1 000 000,00 ₸"
12,25.11.24,490000.0,Пополнение,Со своего Счета в Kaspi Pay,False,"+ 490 000,00 ₸"
12,25.11.24,-1150.0,Перевод,Закия А.,False,"- 1 150,00 ₸"
12,25.11.24,-900.0,Перевод,Ханымша Ғ.,False,"- 900,00 ₸"
12,24.11.24,-5665.0,Покупка,ЕПД. Оңтүстік Жарық Транзит (Энергопоток),False,"- 5 665,00 ₸"
12,24.11.24,-3510.89,Покупка,Водные Ресурсы-Маркетинг. Физические лица,False,"- 3 510,89 ₸"
12,24.11.24,-3607.71,Покупка,QAZAQGAZ AIMAQ Шымкент,False,"- 3 607,71 ₸"
12,24.11.24,-100.0,Перевод,Сарагул Б.,False,"- 100,00 ₸"
12,24.11.24,150000.0,Пополнение,Ержигит Ю.,False,"+ 150 000,00 ₸"
12,23.11.24,-15000.0,Перевод,Есбике Ш.,False,"- 15 000,00 ₸"
12,23.11.24,300000.0,Пополнение,Нұрмұхаммед Ж.,False,"+ 300 000,00 ₸"
12,22.11.24,15000.0,Пополнение,Служан К.,False,"+ 15 000,00 ₸"
12,22.11.24,20000.0,Пополнение,Халбиби М.,False,"+ 20 000,00 ₸"
12,22.11.24,10000.0,Пополнение,Меруерт М.,False,"+ 10 000,00 ₸"
12,22.11.24,30000.0,Пополнение,Динмухаммед Е.,False,"+ 30 000,00 ₸"
12,22.11.24,30000.0,Пополнение,Феликс О.,False,"+ 30 000,00 ₸"
12,22.11.24,35000.0,Пополнение,Ахмарал С.,False,"+ 35 000,00 ₸"
12,22.11.24,30000.0,Пополнение,Нурлан К.,False,"+ 30 000,00 ₸"
12,22.11.24,20000.0,Пополнение,Динмухаммед Е.,False,"+ 20 000,00 ₸"
12,22.11.24,-2000.0,Покупка,Восторг,False,"- 2 000,00 ₸"
12,22.11.24,-3500.0,Покупка,Восторг,False,"- 3 500,00 ₸"
12,22.11.24,-1200.0,Перевод,Екатерина Б.,False,"- 1 200,00 ₸"
12,21.11.24,-1400.0,Покупка,баня,False,"- 1 400,00 ₸"
12,20.11.24,-3590.0,Покупка,Activ,False,"- 3 590,00 ₸"
12,19.11.24,-445.0,Перевод,Нурболат М.,False,"- 445,00 ₸"
12,19.11.24,-1000.0,Покупка,Восторг,False,"- 1 000,00 ₸"
12,19.11.24,-200.0,Перевод,Алишер Е.,False,"- 200,00 ₸"
12,18.11.24,-1150.0,Перевод,Хайём Ш.,False,"- 1 150,00 ₸"
12,18.11.24,-530.0,Покупка,"""Жеміс-жидек"" дүкені",False,"- 530,00 ₸"
12,18.11.24,-100.0,Перевод,Сулухан У.,False,"- 100,00 ₸"
12,18.11.24,-2300.0,Перевод,Бақдəулет М.,False,"- 2 300,00 ₸"
12,18.11.24,-75000.0,Перевод,Медеу Д.,False,"- 75 000,00 ₸"
12,18.11.24,100000.0,Пополнение,Со своего Счета в Kaspi Pay,False,"+ 100 000,00 ₸"
12,18.11.24,-670.0,Перевод,Ханымша Ғ.,False,"- 670,00 ₸"
12,18.11.24,-400.0,Перевод,Закия А.,False,"- 400,00 ₸"
12,17.11.24,-25000.0,Покупка,Им Толепова,False,"- 25 000,00 ₸"
12,17.11.24,-380.0,Покупка,Супермаркет Баян-Сулу,False,"- 380,00 ₸"
12,17.11.24,-9000.0,Перевод,Шолпан Т.,False,"- 9 000,00 ₸"
12,17.11.24,-1790.0,Покупка,Chefstar,False,"- 1 790,00 ₸"
12,17.11.24,-3080.0,Покупка,Chefstar,False,"- 3 080,00 ₸"
12,17.11.24,-100.0,Перевод,Сарагул Б.,False,"- 100,00 ₸"
12,17.11.24,-400.0,Перевод,Зульфида Н.,False,"- 400,00 ₸"
12,17.11.24,-600.0,Покупка,Пак,False,"- 600,00 ₸"
12,17.11.24,-1600.0,Покупка,Бытовая химия,False,"- 1 600,00 ₸"
12,17.11.24,-930.0,Покупка,ТОО Өркен II Самал,False,"- 930,00 ₸"
12,17.11.24,-250.0,Перевод,Гульзипа Н.,False,"- 250,00 ₸"
12,17.11.24,-500.0,Перевод,Калдыбек М.,False,"- 500,00 ₸"
13,17.11.24,-1350.0,Перевод,Миержан К.,False,"- 1 350,00 ₸"
13,16.11.24,-12490.0,Покупка,Ispace Шымкент,False,"- 12 490,00 ₸"
13,16.11.24,-900.0,Перевод,Кубжан М.,False,"- 900,00 ₸"
13,16.11.24,-250.0,Покупка,Бытовая химия,False,"- 250,00 ₸"
13,16.11.24,-100.0,Перевод,Омангул А.,False,"- 100,00 ₸"
13,16.11.24,-40.59,Покупка,TOLEM. Оплата проезда по QR,False,"- 40,59 ₸"
13,15.11.24,-5000.0,Перевод,Бакытжан А.,False,"- 5 000,00 ₸"
13,15.11.24,-3500.0,Перевод,Gairatali K.,False,"- 3 500,00 ₸"
13,15.11.24,-200.0,Покупка,"Автостоянка, рынок Барыс",False,"- 200,00 ₸"
13,15.11.24,-485.0,Перевод,Перизат Н.,False,"- 485,00 ₸"
13,15.11.24,-1725.0,Перевод,Мырзатай Ж.,False,"- 1 725,00 ₸"
13,15.11.24,-600.0,Перевод,Шарипа Б.,False,"- 600,00 ₸"
13,15.11.24,-3000.0,Перевод,Гулмира С.,False,"- 3 000,00 ₸"
13,14.11.24,-950.0,Покупка,"""Жеміс-жидек"" дүкені",False,"- 950,00 ₸"
13,14.11.24,-5000.0,Покупка,Услуги Қазақтелеком по лицевому счету,False,"- 5 000,00 ₸"
13,13.11.24,-1680.0,Перевод,Майра Б.,False,"- 1 680,00 ₸"
13,13.11.24,-365.0,Перевод,Сажида А.,False,"- 365,00 ₸"
13,13.11.24,-725.0,Перевод,Гулбану Б.,False,"- 725,00 ₸"
13,13.11.24,-600.0,Перевод,Гулбану Б.,False,"- 600,00 ₸"
13,13.11.24,-495.0,Перевод,Сажида А.,False,"- 495,00 ₸"
13,12.11.24,-20000.0,Перевод,Жанар Т.,False,"- 20 000,00 ₸"
13,12.11.24,-200.0,Перевод,Гульзада К.,False,"- 200,00 ₸"
13,12.11.24,-63741.0,Перевод,Оплата Kaspi Кредита,False,"- 63 741,00 ₸"
13,12.11.24,-1080.0,Перевод,Қайрат А.,False,"- 1 080,00 ₸"
13,12.11.24,-790.0,Перевод,Қайрат А.,False,"- 790,00 ₸"
13,12.11.24,-1180.0,Перевод,Сажида А.,False,"- 1 180,00 ₸"
13,12.11.24,-2350.0,Перевод,Болат А.,False,"- 2 350,00 ₸"
13,12.11.24,-750.0,Перевод,Закия А.,False,"- 750,00 ₸"
13,12.11.24,-260.0,Перевод,Мубарак К.,False,"- 260,00 ₸"
13,11.11.24,-10000.0,Перевод,Тахир Н.,False,"- 10 000,00 ₸"
13,10.11.24,-5170.0,Покупка,Chefstar,False,"- 5 170,00 ₸"
13,09.11.24,-12144.0,Покупка,Bruno,False,"- 12 144,00 ₸"
13,09.11.24,-100.0,Покупка,ТЦ Rahima Plaza туалет,False,"- 100,00 ₸"
13,09.11.24,-675.0,Покупка,фрукты овощи,False,"- 675,00 ₸"
13,09.11.24,-1075.0,Перевод,Шолпанай Т.,False,"- 1 075,00 ₸"
13,09.11.24,-160.0,Покупка,Дилбар А,False,"- 160,00 ₸"
13,09.11.24,30000.0,Пополнение,Алияш Д.,False,"+ 30 000,00 ₸"
13,09.11.24,-100.0,Перевод,Гулзина И.,False,"- 100,00 ₸"
13,09.11.24,-200.0,Покупка,ТОО Өркен II Самал,False,"- 200,00 ₸"
13,08.11.24,-100.0,Перевод,Омангул А.,False,"- 100,00 ₸"
13,07.11.24,100000.0,Пополнение,Малибек Д.,False,"+ 100 000,00 ₸"
13,07.11.24,-66.94,Покупка,Avtobys. Оплата проезда по QR,False,"- 66,94 ₸"
13,05.11.24,-450.0,Перевод,Закия А.,False,"- 450,00 ₸"
13,05.11.24,-1080.0,Перевод,Закия А.,False,"- 1 080,00 ₸"
13,05.11.24,100000.0,Пополнение,Со своего Счета в Kaspi Pay,False,"+ 100 000,00 ₸"
13,05.11.24,-1395.0,Перевод,Ханымша Ғ.,False,"- 1 395,00 ₸"
13,04.11.24,-635.0,Перевод,Ханымша Ғ.,False,"- 635,00 ₸"
14,04.11.24,-740.0,Перевод,Майра Б.,False,"- 740,00 ₸"
14,04.11.24,-260.0,Перевод,Мубарак К.,False,"- 260,00 ₸"
14,03.11.24,-30000.0,Перевод,Ахмарал С.,False,"- 30 000,00 ₸"
14,03.11.24,-250.0,Перевод,Райхан С.,False,"- 250,00 ₸"
14,03.11.24,-345.0,Перевод,Анаржан С.,False,"- 345,00 ₸"
14,03.11.24,-820.0,Перевод,Ерлан Ə.,False,"- 820,00 ₸"
14,03.11.24,-1800.0,Перевод,Мейиржан Е.,False,"- 1 800,00 ₸"
14,03.11.24,-650.0,Перевод,Баргида М.,False,"- 650,00 ₸"
14,03.11.24,-2000.0,Перевод,Светлана А.,False,"- 2 000,00 ₸"
14,03.11.24,-2200.0,Перевод,Мунира Х.,False,"- 2 200,00 ₸"
14,03.11.24,-2100.0,Перевод,Майра С.,False,"- 2 100,00 ₸"
14,03.11.24,-200.0,Перевод,Данияр Н.,False,"- 200,00 ₸"
14,01.11.24,-2975.0,Покупка,Cоциальные отчисления,False,"- 2 975,00 ₸"
14,01.11.24,-5950.0,Покупка,Взносы на обязательное соц.мед.страхование для ИП,False,"- 5 950,00 ₸"
14,01.11.24,-8500.0,Покупка,Обязательные пенсионные взносы,False,"- 8 500,00 ₸"
14,01.11.24,50000.0,Пополнение,Со своего Счета в Kaspi Pay,False,"+ 50 000,00 ₸"
14,31.10.24,-1630.0,Покупка,SUPERMARKET BAYAN-SULU,False,"- 1 630,00 ₸"
14,31.10.24,-100.0,Перевод,Айгерим К.,False,"- 100,00 ₸"
14,31.10.24,-445.0,Перевод,Айгерим К.,False,"- 445,00 ₸"
14,31.10.24,-2200.0,Перевод,Айгерим К.,False,"- 2 200,00 ₸"
14,30.10.24,-10000.0,Перевод,Кадырхан К.,False,"- 10 000,00 ₸"
14,30.10.24,-4000.0,Перевод,Бағлан М.,False,"- 4 000,00 ₸"
14,30.10.24,-1350.0,Перевод,Ануар А.,False,"- 1 350,00 ₸"
14,29.10.24,-8500.0,Перевод,Əсел А.,False,"- 8 500,00 ₸"
14,29.10.24,-200.0,Покупка,Парковка. ТК «ALASH»,False,"- 200,00 ₸"
14,28.10.24,-1940.0,Покупка,Мурат Фарм Аптека  1,False,"- 1 940,00 ₸"
14,28.10.24,-2800.0,Перевод,Жасулан А.,False,"- 2 800,00 ₸"
14,27.10.24,-145860.0,Покупка,Kaspi Travel,False,"- 145 860,00 ₸"
14,27.10.24,100000.0,Пополнение,Со своего Счета в Kaspi Pay,False,"+ 100 000,00 ₸"
14,27.10.24,-1890.0,Покупка,CHEF STAR,False,"- 1 890,00 ₸"
14,27.10.24,-4370.0,Покупка,CHEF STAR,False,"- 4 370,00 ₸"
14,27.10.24,-100.0,Покупка,ТЦ Rahima Plaza туалет,False,"- 100,00 ₸"
14,27.10.24,-100.0,Перевод,Омангул А.,False,"- 100,00 ₸"
14,27.10.24,-600.0,Перевод,Гульзипа Н.,False,"- 600,00 ₸"
14,27.10.24,-68.14,Покупка,TOLEM. Оплата проезда по QR,False,"- 68,14 ₸"
14,26.10.24,-2940.0,Покупка,Takhmina,False,"- 2 940,00 ₸"
14,26.10.24,-570.0,Перевод,Ерлан Ə.,False,"- 570,00 ₸"
14,26.10.24,-200.0,Перевод,Зульфида Н.,False,"- 200,00 ₸"
14,26.10.24,-300.0,Перевод,Шолпанай Т.,False,"- 300,00 ₸"
14,26.10.24,-1190.0,Перевод,Багила С.,False,"- 1 190,00 ₸"
14,26.10.24,-1240.0,Покупка,овощ,False,"- 1 240,00 ₸"
14,25.10.24,-6172.0,Покупка,ЕПД. Оңтүстік Жарық Транзит (Энергопоток),False,"- 6 172,00 ₸"
14,25.10.24,-257000.0,Перевод,На Kaspi Депозит,False,"- 257 000,00 ₸"
14,25.10.24,268000.0,Пополнение,Со своего Счета в Kaspi Pay,False,"+ 268 000,00 ₸"
14,25.10.24,-62.59,Покупка,Avtobys. Оплата проезда по QR,False,"- 62,59 ₸"
14,24.10.24,-2800.0,Покупка,AMARANT Б. МОМЫШУЛЫ,False,"- 2 800,00 ₸"
14,24.10.24,-790.0,Покупка,Юг сити,False,"- 790,00 ₸"
15,24.10.24,-900.0,Перевод,Ануар А.,False,"- 900,00 ₸"
15,24.10.24,-200.0,Перевод,Арапат Ж.,False,"- 200,00 ₸"
15,24.10.24,-4350.0,Перевод,Baburbek B.,False,"- 4 350,00 ₸"
15,24.10.24,-200.0,Покупка,Парковка. ТК «ALASH»,False,"- 200,00 ₸"
15,24.10.24,-2000.0,Перевод,Тамара С.,False,"- 2 000,00 ₸"
15,24.10.24,-6650.0,Перевод,Мухагали Б.,False,"- 6 650,00 ₸"
15,24.10.24,-850.0,Перевод,Бақдəулет Ə.,False,"- 850,00 ₸"
15,24.10.24,-500.0,Перевод,Хуршида И.,False,"- 500,00 ₸"
15,24.10.24,-4800.0,Перевод,Айжарқын Ш.,False,"- 4 800,00 ₸"
15,23.10.24,-330.0,Покупка,Крыша,False,"- 330,00 ₸"
15,23.10.24,-8706.0,Покупка,IP DAYANA,False,"- 8 706,00 ₸"
15,23.10.24,-400.0,Перевод,Алишер К.,False,"- 400,00 ₸"
15,23.10.24,-700.0,Покупка,ТОО Өркен II Самал,False,"- 700,00 ₸"
15,23.10.24,-250.0,Перевод,Гульзипа Н.,False,"- 250,00 ₸"
15,23.10.24,-1100.0,Перевод,Анаржан С.,False,"- 1 100,00 ₸"
15,23.10.24,-650.0,Покупка,Пак,False,"- 650,00 ₸"
15,23.10.24,-70.0,Покупка,TOLEM. Оплата проезда по QR,False,"- 70,00 ₸"
15,23.10.24,-1500000.0,Перевод,Манзура М.,False,"- 1 500 000,00 ₸"
15,23.10.24,1100000.0,Пополнение,С Kaspi Депозита,False,"+ 1 100 000,00 ₸"
15,23.10.24,154000.0,Пополнение,Со своего Счета в Kaspi Pay,False,"+ 154 000,00 ₸"
15,23.10.24,-68.88,Покупка,Avtobys. Оплата проезда по QR,False,"- 68,88 ₸"
15,23.10.24,-3237.0,Покупка,SUPERMARKET BAYAN-SULU,False,"- 3 237,00 ₸"
15,23.10.24,-500.0,Покупка,Fotosalon Landysh,False,"- 500,00 ₸"
15,22.10.24,-900.0,Перевод,Ануар А.,False,"- 900,00 ₸"
15,22.10.24,-1420.0,Перевод,Қайрат А.,False,"- 1 420,00 ₸"
15,22.10.24,-750.0,Перевод,Закия А.,False,"- 750,00 ₸"
15,22.10.24,-1270.0,Покупка,SUPERMARKET BAYAN-SULU,False,"- 1 270,00 ₸"
15,21.10.24,-4370.0,Покупка,CHEF STAR,False,"- 4 370,00 ₸"
15,21.10.24,300000.0,Пополнение,Нұрмұхаммед Ж.,False,"+ 300 000,00 ₸"
15,20.10.24,-4000.0,Перевод,Бағлан М.,False,"- 4 000,00 ₸"
15,20.10.24,-38000.0,Перевод,Марат Ж.,False,"- 38 000,00 ₸"
15,20.10.24,100000.0,Пополнение,Со своего Счета в Kaspi Pay,False,"+ 100 000,00 ₸"
15,20.10.24,-370.0,Покупка,Activ,False,"- 370,00 ₸"
15,19.10.24,-750.0,Покупка,Бытовая химия,False,"- 750,00 ₸"
15,19.10.24,-2350.0,Перевод,Абдугаппар А.,False,"- 2 350,00 ₸"
15,19.10.24,-250.0,Перевод,Ардак Т.,False,"- 250,00 ₸"
15,19.10.24,-920.0,Перевод,Багила С.,False,"- 920,00 ₸"
15,19.10.24,-100.0,Перевод,Сарагул Б.,False,"- 100,00 ₸"
15,19.10.24,-1950000.0,Перевод,Манзура М.,False,"- 1 950 000,00 ₸"
15,19.10.24,1950000.0,Пополнение,С Kaspi Депозита,False,"+ 1 950 000,00 ₸"
15,19.10.24,-3562.08,Покупка,Activ,False,"- 3 562,08 ₸"
15,18.10.24,-9856.0,Покупка,Bruno,False,"- 9 856,00 ₸"
15,18.10.24,49000.0,Пополнение,Со своего Счета в Kaspi Pay,False,"+ 49 000,00 ₸"
15,18.10.24,-20000.0,Снятие,Банкомат Tamerlanovskoe shosse 4B,False,"- 20 000,00 ₸"
15,18.10.24,-385.0,Покупка,Maira,False,"- 385,00 ₸"
15,18.10.24,-15000.0,Снятие,Банкомат Tamerlanovskoe shosse 4B,False,"- 15 000,00 ₸"
15,17.10.24,-900.0,Перевод,Ануар А.,False,"- 900,00 ₸"
16,17.10.24,-1780.0,Перевод,Гулшайым М.,False,"- 1 780,00 ₸"
16,17.10.24,-8000.0,Покупка,ZERDE,False,"- 8 000,00 ₸"
16,16.10.24,-2210.0,Покупка,Takhmina,False,"- 2 210,00 ₸"
16,16.10.24,-995.0,Покупка,NES&#1110BE,False,"- 995,00 ₸"
16,16.10.24,-100.0,Перевод,Сарагул Б.,False,"- 100,00 ₸"
16,16.10.24,-3000.0,Перевод,Калдаркул А.,False,"- 3 000,00 ₸"
16,15.10.24,-2120.0,Покупка,TURAN,False,"- 2 120,00 ₸"
16,15.10.24,-2100.0,Перевод,Жасулан А.,False,"- 2 100,00 ₸"
16,15.10.24,-900.0,Перевод,Ануар А.,False,"- 900,00 ₸"
16,15.10.24,-63749.0,Перевод,Оплата Kaspi Кредита,False,"- 63 749,00 ₸"
16,15.10.24,94000.0,Пополнение,Со своего Счета в Kaspi Pay,False,"+ 94 000,00 ₸"
16,14.10.24,-180.0,Покупка,Takhmina,False,"- 180,00 ₸"
16,14.10.24,-2674.0,Покупка,Takhmina,False,"- 2 674,00 ₸"
16,14.10.24,-2980.0,Покупка,CHEF STAR,False,"- 2 980,00 ₸"
16,14.10.24,-800000.0,Перевод,Ахмарал С.,False,"- 800 000,00 ₸"
16,14.10.24,800000.0,Пополнение,С Kaspi Депозита,False,"+ 800 000,00 ₸"
16,14.10.24,-2000.0,Перевод,Ержигит Ю.,False,"- 2 000,00 ₸"
16,14.10.24,-700000.0,Перевод,Ахмарал С.,False,"- 700 000,00 ₸"
16,14.10.24,700000.0,Пополнение,Со своего Счета в Kaspi Pay,False,"+ 700 000,00 ₸"
16,13.10.24,-5267.0,Покупка,Bruno,False,"- 5 267,00 ₸"
16,13.10.24,-2000.0,Перевод,Жанкелди С.,False,"- 2 000,00 ₸"
16,13.10.24,-1000.0,Перевод,Элмира А.,False,"- 1 000,00 ₸"
16,13.10.24,-980.0,Покупка,Бытовая химия,False,"- 980,00 ₸"
16,13.10.24,-100.0,Перевод,Сарагул Б.,False,"- 100,00 ₸"
16,13.10.24,-5326.7,Покупка,Услуги Қазақтелеком по лицевому счету,False,"- 5 326,70 ₸"
16,12.10.24,-7200.0,Покупка,AMARANT MAMUSHYLY,False,"- 7 200,00 ₸"
16,12.10.24,-6950.0,Покупка,MURAT FARM APTEKA #1,False,"- 6 950,00 ₸"
16,12.10.24,-6260.0,Покупка,Chef Star,False,"- 6 260,00 ₸"
16,12.10.24,-330.0,Перевод,Багила С.,False,"- 330,00 ₸"
16,12.10.24,-590.0,Перевод,Багила С.,False,"- 590,00 ₸"
16,12.10.24,-95000.0,Перевод,Ахмарал С.,False,"- 95 000,00 ₸"
16,12.10.24,100000.0,Пополнение,Со своего Счета в Kaspi Pay,False,"+ 100 000,00 ₸"
16,12.10.24,-200.0,Перевод,Гульзада К.,False,"- 200,00 ₸"
16,12.10.24,-2000.0,Перевод,Аяулым М.,False,"- 2 000,00 ₸"
16,11.10.24,-50000.0,Перевод,Жандос К.,False,"- 50 000,00 ₸"
16,11.10.24,-900.0,Перевод,Ерлан Ə.,False,"- 900,00 ₸"
16,11.10.24,-1430.0,Перевод,Багила С.,False,"- 1 430,00 ₸"
16,11.10.24,-400.0,Покупка,Майра,False,"- 400,00 ₸"
16,11.10.24,-3975.0,Покупка,"ТОО ""APPLE PHARMA""",False,"- 3 975,00 ₸"
16,11.10.24,-2100.0,Покупка,"ТОО ""APPLE PHARMA""",False,"- 2 100,00 ₸"
16,11.10.24,-100.0,Перевод,Омангул А.,False,"- 100,00 ₸"
16,11.10.24,60000.0,Пополнение,С карты другого банка,False,"+ 60 000,00 ₸"
16,10.10.24,-1900.0,Перевод,Алияш Д.,False,"- 1 900,00 ₸"
16,09.10.24,-4415.0,Перевод,Асылжан А.,False,"- 4 415,00 ₸"
16,09.10.24,-2944.0,Покупка,Takhmina,False,"- 2 944,00 ₸"
16,09.10.24,-400.0,Перевод,Əсемай Т.,False,"- 400,00 ₸"
16,08.10.24,-9833.0,Покупка,"ИП ""BOPETAI""",False,"- 9 833,00 ₸"
17,08.10.24,-300.0,Перевод,Нұрлығали Ш.,False,"- 300,00 ₸"
17,07.10.24,-1152.0,Покупка,"ТОО ""APPLE PHARMA""",False,"- 1 152,00 ₸"
17,07.10.24,-580.0,Перевод,Қайрат А.,False,"- 580,00 ₸"
17,07.10.24,-700.0,Покупка,Maira,False,"- 700,00 ₸"
17,07.10.24,-260.0,Перевод,Мубарак К.,False,"- 260,00 ₸"
17,07.10.24,-750.0,Перевод,Закия А.,False,"- 750,00 ₸"
17,06.10.24,-1290.0,Покупка,"ТОО ""APPLE PHARMA""",False,"- 1 290,00 ₸"
17,06.10.24,-900.0,Покупка,Тайжанов,False,"- 900,00 ₸"
17,06.10.24,-900.0,Покупка,Тайжанов,False,"- 900,00 ₸"
17,06.10.24,-340.0,Покупка,ТОО Өркен II Самал,False,"- 340,00 ₸"
17,06.10.24,-1400.0,Перевод,Толкын С.,False,"- 1 400,00 ₸"
17,06.10.24,-300.0,Покупка,Дилбар А,False,"- 300,00 ₸"
17,06.10.24,-500.0,Перевод,Райхан С.,False,"- 500,00 ₸"
17,06.10.24,-100.0,Перевод,Сарагул Б.,False,"- 100,00 ₸"
17,06.10.24,-500.0,Перевод,Гульзипа Н.,False,"- 500,00 ₸"
17,06.10.24,-600.0,Перевод,Мөлдір С.,False,"- 600,00 ₸"
17,06.10.24,-200.0,Перевод,Үміт Қ.,False,"- 200,00 ₸"
17,05.10.24,-8705.0,Покупка,Bruno,False,"- 8 705,00 ₸"
17,05.10.24,-500.0,Перевод,Алишер К.,False,"- 500,00 ₸"
17,04.10.24,-4570.0,Перевод,Мадина Ф.,False,"- 4 570,00 ₸"
17,04.10.24,-9800.0,Покупка,AMARANT,False,"- 9 800,00 ₸"
17,04.10.24,-1000.0,Перевод,Элмира А.,False,"- 1 000,00 ₸"
17,03.10.24,-2090.0,Перевод,Гулиза М.,False,"- 2 090,00 ₸"
17,03.10.24,-2700.0,Перевод,Аружан Т.,False,"- 2 700,00 ₸"
17,03.10.24,-9700.0,Перевод,Бекжан С.,False,"- 9 700,00 ₸"
17,03.10.24,-5330.0,Перевод,Жанболат А.,False,"- 5 330,00 ₸"
17,03.10.24,-3700.0,Перевод,Шыңғыс Т.,False,"- 3 700,00 ₸"
17,03.10.24,-640.0,Покупка,Maira,False,"- 640,00 ₸"
17,02.10.24,-2000.0,Покупка,Taba nan,False,"- 2 000,00 ₸"
17,02.10.24,-4370.0,Покупка,Takhmina,False,"- 4 370,00 ₸"
17,02.10.24,-2400.0,Покупка,Бытовая химия,False,"- 2 400,00 ₸"
17,02.10.24,-2000.0,Перевод,Мохаммад Насир Ш.,False,"- 2 000,00 ₸"
17,02.10.24,-100.0,Перевод,Сарагул Б.,False,"- 100,00 ₸"
17,02.10.24,60000.0,Пополнение,С карты другого банка,False,"+ 60 000,00 ₸"
17,01.10.24,-240.0,Покупка,киев,False,"- 240,00 ₸"
17,01.10.24,-8370.0,Покупка,Мурат Фарм Аптека  1,False,"- 8 370,00 ₸"
17,01.10.24,-1570.0,Перевод,Арапат Ж.,False,"- 1 570,00 ₸"
17,01.10.24,-20000.0,Снятие,Банкомат Tamerlanovskoe shosse 21,False,"- 20 000,00 ₸"
17,30.09.24,-5004.0,Покупка,MAGAZIN TAHMINA,False,"- 5 004,00 ₸"
17,30.09.24,-2975.0,Покупка,Cоциальные отчисления,False,"- 2 975,00 ₸"
17,30.09.24,-8500.0,Покупка,Обязательные пенсионные взносы,False,"- 8 500,00 ₸"
17,30.09.24,-5950.0,Покупка,Взносы на обязательное соц.мед.страхование для ИП,False,"- 5 950,00 ₸"
17,30.09.24,-3220.0,Покупка,Супермаркет Баян-Сулу,False,"- 3 220,00 ₸"
17,30.09.24,-5510.0,Покупка,"ИП ""Альмахан""",False,"- 5 510,00 ₸"
17,30.09.24,-4200.0,Перевод,Шолпан Т.,False,"- 4 200,00 ₸"
17,30.09.24,-330.0,Покупка,Maira,False,"- 330,00 ₸"
17,30.09.24,-1755.0,Покупка,Maira,False,"- 1 755,00 ₸"
18,30.09.24,-1200.0,Перевод,Қайрат А.,False,"- 1 200,00 ₸"
18,28.09.24,-1800.0,Перевод,Кабибулла Т.,False,"- 1 800,00 ₸"
18,28.09.24,-3200.0,Покупка,Бытовая химия,False,"- 3 200,00 ₸"
18,28.09.24,-1500.0,Покупка,Пак,False,"- 1 500,00 ₸"
18,28.09.24,-965.0,Перевод,Арапат Ж.,False,"- 965,00 ₸"
18,28.09.24,-500.0,Перевод,Райхан С.,False,"- 500,00 ₸"
18,28.09.24,-11465.0,Покупка,De Pier,False,"- 11 465,00 ₸"
18,27.09.24,-5000.0,Перевод,Шарбат С.,False,"- 5 000,00 ₸"
18,27.09.24,-2800.0,Покупка,баня,False,"- 2 800,00 ₸"
18,27.09.24,-11000.0,Перевод,Мағжан Ж.,False,"- 11 000,00 ₸"
18,27.09.24,-1600.0,Покупка,Бегаим,False,"- 1 600,00 ₸"
18,27.09.24,-250.0,Перевод,Завре А.,False,"- 250,00 ₸"
18,27.09.24,-100.0,Покупка,Maira,False,"- 100,00 ₸"
18,27.09.24,-800.0,Перевод,Ханымша Ғ.,False,"- 800,00 ₸"
18,27.09.24,-260.0,Перевод,Мубарак К.,False,"- 260,00 ₸"
18,27.09.24,-800.0,Перевод,Закия А.,False,"- 800,00 ₸"
18,27.09.24,-2200.0,Покупка,Maira,False,"- 2 200,00 ₸"
18,26.09.24,-3267.0,Покупка,Gramad,False,"- 3 267,00 ₸"
18,26.09.24,-16445.0,Покупка,Мимино,False,"- 16 445,00 ₸"
18,26.09.24,-4000.0,Перевод,Жандос К.,False,"- 4 000,00 ₸"
18,26.09.24,200000.0,Пополнение,Акжол Н.,False,"+ 200 000,00 ₸"
18,26.09.24,-1165.0,Покупка,Urbibi market,False,"- 1 165,00 ₸"
18,26.09.24,-725.0,Перевод,Майра Б.,False,"- 725,00 ₸"
18,26.09.24,-1995.0,Перевод,Майра Б.,False,"- 1 995,00 ₸"
18,25.09.24,-200000.0,Перевод,На Kaspi Депозит,False,"- 200 000,00 ₸"
18,25.09.24,200000.0,Пополнение,Со своего Счета в Kaspi Pay,False,"+ 200 000,00 ₸"
18,25.09.24,-2530.0,Перевод,Майра Б.,False,"- 2 530,00 ₸"
18,25.09.24,-300.0,Перевод,Наргила А.,False,"- 300,00 ₸"
