﻿page,date,amount,operation,details,clock_icon,amount_text
0,28.08.25,50000.0,Пополнение,Арман И.,False,"+ 50 000,00 ₸"
0,28.08.25,50000.0,Пополнение,Акжаркын У.,False,"+ 50 000,00 ₸"
0,28.08.25,50000.0,Пополнение,Акмарал К.,False,"+ 50 000,00 ₸"
0,28.08.25,50000.0,Пополнение,Нурсулу К.,False,"+ 50 000,00 ₸"
0,27.08.25,-100000.0,Перевод,Алтынай Қ.,False,"- 100 000,00 ₸"
0,27.08.25,153000.0,Пополнение,Со своего Счета в Kaspi Pay,False,"+ 153 000,00 ₸"
0,26.08.25,-1020.0,Покупка,ИП Темирова,False,"- 1 020,00 ₸"
0,26.08.25,-60.0,Покупка,ИП КОЙБАКОВА,False,"- 60,00 ₸"
0,25.08.25,-1300.0,Покупка,ИП АлиНвр,False,"- 1 300,00 ₸"
0,25.08.25,-12000.0,Перевод,Алтынай Қ.,False,"- 12 000,00 ₸"
0,25.08.25,-1020.0,Покупка,ИП Темирова,False,"- 1 020,00 ₸"
0,23.08.25,-1030.0,Покупка,Альтаир,False,"- 1 030,00 ₸"
0,23.08.25,-2980.0,Покупка,Регион,False,"- 2 980,00 ₸"
0,23.08.25,-4000.0,Покупка,Баня,False,"- 4 000,00 ₸"
0,23.08.25,-20000.0,Перевод,Ерболат И.,False,"- 20 000,00 ₸"
0,23.08.25,50000.0,Пополнение,Со своего Счета в Kaspi Pay,False,"+ 50 000,00 ₸"
0,23.08.25,-1780.0,Покупка,SMALL,False,"- 1 780,00 ₸"
0,23.08.25,-2010.0,Покупка,Идея,False,"- 2 010,00 ₸"
0,22.08.25,-185.0,Покупка,ИП Темирова,False,"- 185,00 ₸"
0,22.08.25,-1560.0,Покупка,ИП Темирова,False,"- 1 560,00 ₸"
0,22.08.25,-2000.0,Покупка,"""Тоц Сауле""ТЦ",False,"- 2 000,00 ₸"
1,22.08.25,-200.0,Покупка,ИП КОЙБАКОВА,False,"- 200,00 ₸"
1,22.08.25,-945.0,Покупка,ТОЦ Кондитерский,False,"- 945,00 ₸"
1,22.08.25,-150.0,Покупка,ИП ИСМАГУЛОВА,False,"- 150,00 ₸"
1,22.08.25,-919.0,Покупка,SMALL,False,"- 919,00 ₸"
1,22.08.25,-550.0,Покупка,Биржа шашлыков,False,"- 550,00 ₸"
1,22.08.25,-700.0,Покупка,Домашняя кухня,False,"- 700,00 ₸"
1,22.08.25,-430.0,Покупка,Damu Pharma Экибастуз 1-касса,False,"- 430,00 ₸"
1,20.08.25,-7000.0,Покупка,Баянаульская  м,False,"- 7 000,00 ₸"
1,20.08.25,14000.0,Пополнение,Со своего Счета в Kaspi Pay,False,"+ 14 000,00 ₸"
1,20.08.25,-360.0,Покупка,ИП ЗАК,False,"- 360,00 ₸"
1,20.08.25,-3000.0,Покупка,Cottonlineekb,False,"- 3 000,00 ₸"
1,20.08.25,-4281.0,Перевод,Журсин А.,False,"- 4 281,00 ₸"
1,19.08.25,-30000.0,Перевод,Алтынай Қ.,False,"- 30 000,00 ₸"
1,19.08.25,-1200.0,Покупка,Магазин Сауле,False,"- 1 200,00 ₸"
1,19.08.25,-900.0,Покупка,Домашняя кухня,False,"- 900,00 ₸"
1,18.08.25,4000.0,Пополнение,Арсен А.,False,"+ 4 000,00 ₸"
1,17.08.25,-19776.0,Покупка,"Орехи, сухофрукты",False,"- 19 776,00 ₸"
1,17.08.25,-31484.0,Покупка,м Пчёлка,False,"- 31 484,00 ₸"
1,17.08.25,88000.0,Пополнение,Со своего Счета в Kaspi Pay,False,"+ 88 000,00 ₸"
1,17.08.25,-450.0,Перевод,Эльвира А.,False,"- 450,00 ₸"
1,16.08.25,-450.0,Покупка,Саламат,False,"- 450,00 ₸"
1,16.08.25,-1050.0,Покупка,Саламат,False,"- 1 050,00 ₸"
1,16.08.25,-1020.0,Покупка,ИП Темирова,False,"- 1 020,00 ₸"
1,16.08.25,7000.0,Пополнение,Со своего Счета в Kaspi Pay,False,"+ 7 000,00 ₸"
1,14.08.25,-1230.0,Покупка,АЗС 15,False,"- 1 230,00 ₸"
1,14.08.25,-2200.0,Покупка,АЗС 15,False,"- 2 200,00 ₸"
1,14.08.25,-500.0,Перевод,Айша Р.,False,"- 500,00 ₸"
1,12.08.25,-2000.0,Перевод,Джанболат М.,False,"- 2 000,00 ₸"
1,12.08.25,-5000.0,Перевод,Джанболат М.,False,"- 5 000,00 ₸"
1,12.08.25,9000.0,Пополнение,Со своего Счета в Kaspi Pay,False,"+ 9 000,00 ₸"
1,12.08.25,-3798.0,Покупка,ТС-1 GAS IMPEX,False,"- 3 798,00 ₸"
1,11.08.25,-520.0,Покупка,ИП Темирова,False,"- 520,00 ₸"
1,11.08.25,-1030.0,Покупка,RATIO,False,"- 1 030,00 ₸"
1,10.08.25,-230.0,Покупка,ИП Темирова,False,"- 230,00 ₸"
1,09.08.25,-1500.0,Покупка,Саламат,False,"- 1 500,00 ₸"
1,09.08.25,-2040.0,Покупка,ИП Низкоцен,False,"- 2 040,00 ₸"
1,09.08.25,-230.0,Покупка,ИП Темирова,False,"- 230,00 ₸"
1,09.08.25,-1020.0,Покупка,ИП Темирова,False,"- 1 020,00 ₸"
1,08.08.25,-4000.0,Покупка,Баня,False,"- 4 000,00 ₸"
1,08.08.25,-370.0,Покупка,ИП Козкина,False,"- 370,00 ₸"
1,07.08.25,-63705.0,Покупка,Налоги для ИП,False,"- 63 705,00 ₸"
1,07.08.25,-113300.0,Покупка,Налоги для ИП,False,"- 113 300,00 ₸"
1,07.08.25,180000.0,Пополнение,Со своего Счета в Kaspi Pay,False,"+ 180 000,00 ₸"
1,07.08.25,-1600.0,Покупка,ИП Темирова,False,"- 1 600,00 ₸"
1,06.08.25,-1250.0,Покупка,ИП Темирова,False,"- 1 250,00 ₸"
1,06.08.25,-1315.0,Покупка,"""Тоц Сауле""ТЦ",False,"- 1 315,00 ₸"
1,06.08.25,-88000.0,Перевод,Дінмухамед Ə.,False,"- 88 000,00 ₸"
2,06.08.25,100000.0,Пополнение,Со своего Счета в Kaspi Pay,False,"+ 100 000,00 ₸"
2,06.08.25,-3000.0,Покупка,ABU BRAND пошив одежды,False,"- 3 000,00 ₸"
2,06.08.25,-360.0,Покупка,Цех Гурман,False,"- 360,00 ₸"
2,05.08.25,-1020.0,Покупка,ИП Темирова,False,"- 1 020,00 ₸"
2,05.08.25,-250.0,Покупка,Торты от Алтын,False,"- 250,00 ₸"
2,05.08.25,-1020.0,Покупка,ИП Темирова,False,"- 1 020,00 ₸"
2,04.08.25,-50000.0,Перевод,Эмма Д.,False,"- 50 000,00 ₸"
2,04.08.25,29000.0,Пополнение,Со своего Счета в Kaspi Pay,False,"+ 29 000,00 ₸"
2,04.08.25,2220.0,Пополнение,Жанар Д.,False,"+ 2 220,00 ₸"
2,04.08.25,-2000.0,Перевод,Эльвира А.,False,"- 2 000,00 ₸"
2,04.08.25,-1030.0,Покупка,RATIO,False,"- 1 030,00 ₸"
2,03.08.25,-990.0,Покупка,Меруерт,False,"- 990,00 ₸"
2,03.08.25,-2570.0,Покупка,ИП Темирова,False,"- 2 570,00 ₸"
2,02.08.25,100.0,Пополнение,Самал Б.,False,"+ 100,00 ₸"
2,02.08.25,-198.0,Покупка,Налоги для ИП,False,"- 198,00 ₸"
2,02.08.25,-8500.0,Покупка,Обязательные пенсионные взносы,False,"- 8 500,00 ₸"
2,02.08.25,-5950.0,Покупка,Взносы на обязательное соц.мед.страхование для ИП,False,"- 5 950,00 ₸"
2,02.08.25,-4250.0,Покупка,Cоциальные отчисления,False,"- 4 250,00 ₸"
2,02.08.25,-8500.0,Покупка,Обязательные пенсионные взносы,False,"- 8 500,00 ₸"
2,02.08.25,-1700.0,Покупка,Отчисления и взносы на обязательное,False,"- 1 700,00 ₸"
2,02.08.25,-2550.0,Покупка,Отчисления и взносы на обязательное,False,"- 2 550,00 ₸"
2,02.08.25,-4250.0,Покупка,Cоциальные отчисления,False,"- 4 250,00 ₸"
2,02.08.25,-2125.0,Покупка,Обязательные Пенсионные Взносы Работодателя,False,"- 2 125,00 ₸"
2,02.08.25,70000.0,Пополнение,Со своего Счета в Kaspi Pay,False,"+ 70 000,00 ₸"
2,01.08.25,-19.84,Покупка,Долги по налогам,False,"- 19,84 ₸"
2,01.08.25,-728.0,Покупка,Долги по налогам,False,"- 728,00 ₸"
2,01.08.25,-230.0,Покупка,ИП Темирова,False,"- 230,00 ₸"
2,01.08.25,-1020.0,Покупка,ИП Темирова,False,"- 1 020,00 ₸"
2,01.08.25,-590.0,Покупка,"""Тоц Сауле""ТЦ",False,"- 590,00 ₸"
2,01.08.25,-1500.0,Покупка,Казахтелеком ОФД по лицевому счету,False,"- 1 500,00 ₸"
2,01.08.25,-11500.0,Покупка,Beeline Интернет дома,False,"- 11 500,00 ₸"
2,01.08.25,20000.0,Пополнение,Со своего Счета в Kaspi Pay,False,"+ 20 000,00 ₸"
2,31.07.25,-1020.0,Покупка,ИП Темирова,False,"- 1 020,00 ₸"
2,31.07.25,-1020.0,Покупка,ИП Темирова,False,"- 1 020,00 ₸"
2,30.07.25,-1350.0,Покупка,ИП КОЙБАКОВА,False,"- 1 350,00 ₸"
2,30.07.25,-250.0,Покупка,Торты от Алтын,False,"- 250,00 ₸"
2,30.07.25,-1020.0,Покупка,ИП Темирова,False,"- 1 020,00 ₸"
2,30.07.25,-190.0,Покупка,Продуктовый магазин,False,"- 190,00 ₸"
2,29.07.25,-1020.0,Покупка,ИП Темирова,False,"- 1 020,00 ₸"
2,28.07.25,-10000.0,Перевод,Нурсулу К.,False,"- 10 000,00 ₸"
2,28.07.25,15000.0,Пополнение,Со своего Счета в Kaspi Pay,False,"+ 15 000,00 ₸"
2,28.07.25,-1527.0,Перевод,Журсин А.,False,"- 1 527,00 ₸"
2,28.07.25,-1020.0,Покупка,ИП Темирова,False,"- 1 020,00 ₸"
2,28.07.25,-349.0,Покупка,ТОЦ Кондитерский,False,"- 349,00 ₸"
2,28.07.25,-10000.0,Перевод,Əсет К.,False,"- 10 000,00 ₸"
3,27.07.25,-3720.0,Перевод,Журсин А.,False,"- 3 720,00 ₸"
3,27.07.25,-1020.0,Покупка,ИП Темирова,False,"- 1 020,00 ₸"
3,27.07.25,-170.0,Покупка,тоц Сауле,False,"- 170,00 ₸"
3,27.07.25,-20000.0,Перевод,Куаныш К.,False,"- 20 000,00 ₸"
3,27.07.25,-190.0,Покупка,Продуктовый магазин,False,"- 190,00 ₸"
3,26.07.25,-2160.0,Покупка,Сауле,False,"- 2 160,00 ₸"
3,25.07.25,-200.0,Покупка,Продуктовый магазин,False,"- 200,00 ₸"
3,25.07.25,-265.0,Покупка,Сауле,False,"- 265,00 ₸"
3,25.07.25,-1020.0,Покупка,ИП Темирова,False,"- 1 020,00 ₸"
3,25.07.25,-190.0,Покупка,Продуктовый магазин,False,"- 190,00 ₸"
3,25.07.25,-9800.0,Покупка,EVEREST KAZAKHSTAN,False,"- 9 800,00 ₸"
3,24.07.25,-800.0,Покупка,EVEREST KAZAKHSTAN,False,"- 800,00 ₸"
3,24.07.25,-9000.0,Покупка,EVEREST KAZAKHSTAN,False,"- 9 000,00 ₸"
3,24.07.25,-1552.0,Покупка,Продуктовый магазин Мадина,False,"- 1 552,00 ₸"
3,24.07.25,-160.0,Покупка,ТОЦ Кондитерский,False,"- 160,00 ₸"
3,23.07.25,-1870.0,Покупка,ИП Темирова,False,"- 1 870,00 ₸"
3,23.07.25,-6500.0,Перевод,Бибигуль Д.,False,"- 6 500,00 ₸"
3,23.07.25,-190.0,Покупка,Продуктовый магазин,False,"- 190,00 ₸"
3,22.07.25,14349.0,Пополнение,Лаура М.,False,"+ 14 349,00 ₸"
3,22.07.25,-940.0,Перевод,Журсин А.,False,"- 940,00 ₸"
3,22.07.25,-1294.0,Покупка,Fix Price 1196,False,"- 1 294,00 ₸"
3,22.07.25,-190.0,Покупка,Продуктовый магазин,False,"- 190,00 ₸"
3,21.07.25,-3400.0,Перевод,Майра А.,False,"- 3 400,00 ₸"
3,21.07.25,-1565.0,Покупка,Сауле,False,"- 1 565,00 ₸"
3,21.07.25,-1290.0,Покупка,"""Тоц Сауле""ТЦ",False,"- 1 290,00 ₸"
3,21.07.25,-1440.0,Покупка,ИП Темирова,False,"- 1 440,00 ₸"
3,21.07.25,-1740.0,Покупка,Damu Pharma Экибастуз 1-касса,False,"- 1 740,00 ₸"
3,20.07.25,-190.0,Покупка,Продуктовый магазин,False,"- 190,00 ₸"
3,19.07.25,-960.0,Покупка,ИП Темирова,False,"- 960,00 ₸"
3,19.07.25,1920.0,Покупка,ИП Низкоцен,False,"+ 1 920,00 ₸"
3,19.07.25,-65000.0,Перевод,Əсет К.,False,"- 65 000,00 ₸"
3,19.07.25,100000.0,Пополнение,Со своего Счета в Kaspi Pay,False,"+ 100 000,00 ₸"
3,18.07.25,-20000.0,Перевод,Əсет К.,False,"- 20 000,00 ₸"
3,18.07.25,-21670.0,Покупка,ИП Низкоцен,False,"- 21 670,00 ₸"
3,18.07.25,-800.0,Покупка,Саламат,False,"- 800,00 ₸"
3,18.07.25,-20000.0,Перевод,Əсет К.,False,"- 20 000,00 ₸"
3,18.07.25,88000.0,Пополнение,Со своего Счета в Kaspi Pay,False,"+ 88 000,00 ₸"
3,18.07.25,-120000.0,Покупка,ProParts Астана,False,"- 120 000,00 ₸"
3,18.07.25,-10000.0,Перевод,Игорь В.,False,"- 10 000,00 ₸"
3,18.07.25,100000.0,Пополнение,Со своего Счета в Kaspi Pay,False,"+ 100 000,00 ₸"
3,18.07.25,-200.0,Покупка,Павильон хлеб Дружба,False,"- 200,00 ₸"
3,18.07.25,-960.0,Покупка,ИП Темирова,False,"- 960,00 ₸"
3,18.07.25,-190.0,Покупка,Продуктовый магазин,False,"- 190,00 ₸"
3,18.07.25,-20000.0,Перевод,Əсет К.,False,"- 20 000,00 ₸"
3,18.07.25,-700.0,Перевод,Анаргуль Х.,False,"- 700,00 ₸"
3,17.07.25,-10000.0,Перевод,Əсет К.,False,"- 10 000,00 ₸"
3,17.07.25,-25000.0,Перевод,Гульжанат А.,False,"- 25 000,00 ₸"
4,17.07.25,-3300.0,Покупка,Саламат,False,"- 3 300,00 ₸"
4,17.07.25,-295.0,Покупка,ТОЦ Кондитерский,False,"- 295,00 ₸"
4,17.07.25,-10000.0,Перевод,Əсет К.,False,"- 10 000,00 ₸"
4,16.07.25,-960.0,Покупка,ИП Темирова,False,"- 960,00 ₸"
4,16.07.25,-576.0,Покупка,Greenwich,False,"- 576,00 ₸"
4,16.07.25,-355.0,Покупка,SMALL,False,"- 355,00 ₸"
4,16.07.25,-355.0,Покупка,SMALL,False,"- 355,00 ₸"
4,16.07.25,-27650.0,Покупка,ИП ДАРХАН,False,"- 27 650,00 ₸"
4,16.07.25,-4575.0,Покупка,ZETA,False,"- 4 575,00 ₸"
4,16.07.25,-420.0,Покупка,Жибек Жолы,False,"- 420,00 ₸"
4,16.07.25,-450.0,Перевод,Эльвира А.,False,"- 450,00 ₸"
4,16.07.25,-280.0,Покупка,ИП АлиНвр,False,"- 280,00 ₸"
4,15.07.25,-580.0,Покупка,ИП Темирова,False,"- 580,00 ₸"
4,15.07.25,-960.0,Покупка,ИП Темирова,False,"- 960,00 ₸"
4,15.07.25,5380.0,Пополнение,Бозжигит Т.,False,"+ 5 380,00 ₸"
4,15.07.25,4500.0,Пополнение,Сандугаш А.,False,"+ 4 500,00 ₸"
4,14.07.25,-13073.0,Покупка,Greenwich,False,"- 13 073,00 ₸"
4,14.07.25,-960.0,Покупка,ИП Темирова,False,"- 960,00 ₸"
4,14.07.25,-300.0,Покупка,ИП АлиНвр,False,"- 300,00 ₸"
4,13.07.25,-1120.0,Покупка,ИП Темирова,False,"- 1 120,00 ₸"
4,12.07.25,700.0,Пополнение,Шолпан А.,False,"+ 700,00 ₸"
4,12.07.25,-1430.0,Покупка,ИП Кадуова,False,"- 1 430,00 ₸"
4,12.07.25,-960.0,Покупка,ИП Темирова,False,"- 960,00 ₸"
4,11.07.25,3668.0,Пополнение,Роза М.,False,"+ 3 668,00 ₸"
4,11.07.25,-2790.0,Покупка,Damu Pharma Экибастуз 1-касса,False,"- 2 790,00 ₸"
4,11.07.25,23000.0,Пополнение,Роза М.,False,"+ 23 000,00 ₸"
4,11.07.25,-10000.0,Пополнение,Возврат Айгерим А.,False,"- 10 000,00 ₸"
4,10.07.25,25000.0,Пополнение,Əсет К.,False,"+ 25 000,00 ₸"
4,10.07.25,10000.0,Пополнение,Айгерим А.,False,"+ 10 000,00 ₸"
4,10.07.25,-450.0,Перевод,Эльвира А.,False,"- 450,00 ₸"
4,10.07.25,-960.0,Покупка,ИП Темирова,False,"- 960,00 ₸"
4,10.07.25,-1550.0,Перевод,Жанар Д.,False,"- 1 550,00 ₸"
4,10.07.25,47500.0,Пополнение,Роза М.,False,"+ 47 500,00 ₸"
4,10.07.25,2725.0,Пополнение,Роза М.,False,"+ 2 725,00 ₸"
4,09.07.25,-1347.0,Покупка,Сауле,False,"- 1 347,00 ₸"
4,09.07.25,-960.0,Покупка,ИП Темирова,False,"- 960,00 ₸"
4,09.07.25,30000.0,Пополнение,Салтанат Ж.,False,"+ 30 000,00 ₸"
4,09.07.25,-120.0,Покупка,Продуктовый магазин,False,"- 120,00 ₸"
4,08.07.25,-30000.0,Перевод,Жанар Д.,False,"- 30 000,00 ₸"
4,08.07.25,-540.0,Покупка,ИП Темирова,False,"- 540,00 ₸"
4,08.07.25,-960.0,Покупка,ИП Темирова,False,"- 960,00 ₸"
4,07.07.25,8170.0,Пополнение,Алия Р.,False,"+ 8 170,00 ₸"
4,06.07.25,-2125.0,Покупка,Обязательные Пенсионные Взносы Работодателя,False,"- 2 125,00 ₸"
4,06.07.25,-198.0,Покупка,Налоги для ИП,False,"- 198,00 ₸"
4,06.07.25,-6000.0,Перевод,Ержан С.,False,"- 6 000,00 ₸"
4,06.07.25,-10000.0,Перевод,Саида К.,False,"- 10 000,00 ₸"
4,05.07.25,-6700.0,Покупка,Tele2,False,"- 6 700,00 ₸"
5,05.07.25,73000.0,Пополнение,Со своего Счета в Kaspi Pay,False,"+ 73 000,00 ₸"
5,04.07.25,-600.0,Покупка,Торты от Алтын,False,"- 600,00 ₸"
5,03.07.25,-960.0,Покупка,ИП Темирова,False,"- 960,00 ₸"
5,03.07.25,100.0,Пополнение,Владимир Т.,False,"+ 100,00 ₸"
5,03.07.25,-530.0,Покупка,ИП САДАНОВ,False,"- 530,00 ₸"
5,03.07.25,-190.0,Покупка,Продуктовый магазин,False,"- 190,00 ₸"
5,02.07.25,-3120.0,Покупка,ИП АрАй,False,"- 3 120,00 ₸"
5,02.07.25,-10000.0,Перевод,Жанар Д.,False,"- 10 000,00 ₸"
5,01.07.25,-100.0,Покупка,Avtobys. Оплата проезда по QR,False,"- 100,00 ₸"
5,01.07.25,-100.0,Покупка,Avtobys. Оплата проезда по QR,False,"- 100,00 ₸"
5,01.07.25,-350.0,Покупка,Саламат,False,"- 350,00 ₸"
5,30.06.25,-1500.0,Покупка,Казахтелеком ОФД по лицевому счету,False,"- 1 500,00 ₸"
5,30.06.25,-11500.0,Покупка,Beeline Интернет дома,False,"- 11 500,00 ₸"
5,29.06.25,-30000.0,Покупка,Отбасы банк. Пополнение депозита,False,"- 30 000,00 ₸"
5,29.06.25,-35000.0,Перевод,Куаныш К.,False,"- 35 000,00 ₸"
5,28.06.25,-20000.0,Перевод,Исатай И.,False,"- 20 000,00 ₸"
5,28.06.25,-5000.0,Перевод,Аяулым А.,False,"- 5 000,00 ₸"
5,28.06.25,-150000.0,Перевод,Аяулым А.,False,"- 150 000,00 ₸"
5,28.06.25,200000.0,Пополнение,Со своего Счета в Kaspi Pay,False,"+ 200 000,00 ₸"
5,28.06.25,-20000.0,Перевод,Саида К.,False,"- 20 000,00 ₸"
5,28.06.25,-1920.0,Покупка,максат,False,"- 1 920,00 ₸"
5,28.06.25,-190.0,Покупка,Продуктовый магазин,False,"- 190,00 ₸"
5,28.06.25,-2125.0,Покупка,Обязательные Пенсионные Взносы Работодателя,False,"- 2 125,00 ₸"
5,28.06.25,-4250.0,Покупка,Cоциальные отчисления,False,"- 4 250,00 ₸"
5,28.06.25,100000.0,Пополнение,Со своего Счета в Kaspi Pay,False,"+ 100 000,00 ₸"
5,28.06.25,-2550.0,Покупка,Отчисления и взносы на обязательное,False,"- 2 550,00 ₸"
5,28.06.25,-1700.0,Покупка,Отчисления и взносы на обязательное,False,"- 1 700,00 ₸"
5,28.06.25,-8500.0,Покупка,Обязательные пенсионные взносы,False,"- 8 500,00 ₸"
5,28.06.25,-4250.0,Покупка,Cоциальные отчисления,False,"- 4 250,00 ₸"
5,28.06.25,-5950.0,Покупка,Взносы на обязательное соц.мед.страхование для ИП,False,"- 5 950,00 ₸"
5,28.06.25,-8500.0,Покупка,Обязательные пенсионные взносы,False,"- 8 500,00 ₸"
5,27.06.25,-80000.0,Перевод,Куаныш К.,False,"- 80 000,00 ₸"
5,27.06.25,-750.0,Покупка,ИП САДАНОВ,False,"- 750,00 ₸"
5,27.06.25,-8000.0,Покупка,CenterVelo,False,"- 8 000,00 ₸"
5,27.06.25,-7200.0,Покупка,ИП Калашников С.Ю.,False,"- 7 200,00 ₸"
5,24.06.25,-1000.0,Покупка,Благотворительный фонд «Харекет»,False,"- 1 000,00 ₸"
5,24.06.25,-1845.0,Перевод,Журсин А.,False,"- 1 845,00 ₸"
5,24.06.25,-960.0,Покупка,ИП Темирова,False,"- 960,00 ₸"
5,24.06.25,-1050.0,Покупка,Торты от Алтын,False,"- 1 050,00 ₸"
5,23.06.25,-20000.0,Перевод,Алтынай Қ.,False,"- 20 000,00 ₸"
5,23.06.25,-480.0,Покупка,"""Тоц Сауле""ТЦ",False,"- 480,00 ₸"
5,23.06.25,-2425.0,Покупка,"""Тоц Сауле""ТЦ",False,"- 2 425,00 ₸"
5,22.06.25,156000.0,Пополнение,Со своего Счета в Kaspi Pay,False,"+ 156 000,00 ₸"
5,21.06.25,-3540.0,Покупка,Кафе Мармара,False,"- 3 540,00 ₸"
5,20.06.25,-960.0,Покупка,ИП Темирова,False,"- 960,00 ₸"
6,20.06.25,-1100.0,Перевод,Алмагуль С.,False,"- 1 100,00 ₸"
6,20.06.25,-625.0,Покупка,Сауле,False,"- 625,00 ₸"
6,20.06.25,-755.0,Покупка,Сауле,False,"- 755,00 ₸"
6,20.06.25,-1000.0,Покупка,Благотворительный фонд «Харекет»,False,"- 1 000,00 ₸"
6,20.06.25,-960.0,Покупка,ИП Темирова,False,"- 960,00 ₸"
6,19.06.25,-960.0,Покупка,ИП Темирова,False,"- 960,00 ₸"
6,19.06.25,-525.0,Покупка,ТОЦ Кондитерский,False,"- 525,00 ₸"
6,19.06.25,-34500.0,Перевод,Құндыз Т.,False,"- 34 500,00 ₸"
6,19.06.25,-190.0,Покупка,Продуктовый магазин,False,"- 190,00 ₸"
6,19.06.25,-250.0,Покупка,Домашняя кухня,False,"- 250,00 ₸"
6,18.06.25,-960.0,Покупка,ИП Темирова,False,"- 960,00 ₸"
6,18.06.25,-10000.0,Перевод,Майра А.,False,"- 10 000,00 ₸"
6,17.06.25,-1135.0,Покупка,ИП Темирова,False,"- 1 135,00 ₸"
6,17.06.25,-300.0,Покупка,ТОЦ Сауле мыломойка,False,"- 300,00 ₸"
6,17.06.25,3000.0,Пополнение,Асель А.,False,"+ 3 000,00 ₸"
6,16.06.25,-85.0,Покупка,ТОЦ Сауле мыломойка,False,"- 85,00 ₸"
6,16.06.25,-960.0,Покупка,ИП Темирова,False,"- 960,00 ₸"
6,15.06.25,-350.0,Покупка,ИП КОЙБАКОВА,False,"- 350,00 ₸"
6,15.06.25,-85.0,Покупка,ТОЦ Сауле мыломойка,False,"- 85,00 ₸"
6,15.06.25,-960.0,Покупка,ИП Темирова,False,"- 960,00 ₸"
6,15.06.25,-145.0,Покупка,Damu Pharma Экибастуз 1-касса,False,"- 145,00 ₸"
6,15.06.25,-3455.0,Покупка,Сауле,False,"- 3 455,00 ₸"
6,15.06.25,-355.0,Покупка,Сауле,False,"- 355,00 ₸"
6,15.06.25,-190.0,Покупка,Продуктовый магазин,False,"- 190,00 ₸"
6,14.06.25,-960.0,Покупка,ИП Темирова,False,"- 960,00 ₸"
6,14.06.25,180.0,Пополнение,Айгерим О.,False,"+ 180,00 ₸"
6,13.06.25,-960.0,Покупка,ИП Темирова,False,"- 960,00 ₸"
6,13.06.25,1400.0,Пополнение,Снежана Б.,False,"+ 1 400,00 ₸"
6,12.06.25,-1540.0,Покупка,Альтаир,False,"- 1 540,00 ₸"
6,12.06.25,-970.0,Покупка,ИП Темирова,False,"- 970,00 ₸"
6,12.06.25,-220.0,Покупка,Damu Pharma Экибастуз 1-касса,False,"- 220,00 ₸"
6,12.06.25,-960.0,Покупка,ИП Темирова,False,"- 960,00 ₸"
6,11.06.25,5000.0,Пополнение,Алтынай Қ.,False,"+ 5 000,00 ₸"
6,11.06.25,20000.0,Пополнение,Алтынай Қ.,False,"+ 20 000,00 ₸"
6,11.06.25,-960.0,Покупка,ИП Темирова,False,"- 960,00 ₸"
6,11.06.25,-25000.0,Перевод,Алтынай Қ.,False,"- 25 000,00 ₸"
6,10.06.25,-960.0,Покупка,ИП Темирова,False,"- 960,00 ₸"
6,09.06.25,-30000.0,Покупка,Отбасы банк. Пополнение депозита,False,"- 30 000,00 ₸"
6,09.06.25,-1240.0,Покупка,ИП Темирова,False,"- 1 240,00 ₸"
6,09.06.25,8500.0,Пополнение,Гульнар Б.,False,"+ 8 500,00 ₸"
6,08.06.25,-1000.0,Покупка,Благотворительный фонд «Харекет»,False,"- 1 000,00 ₸"
6,08.06.25,-960.0,Покупка,максат,False,"- 960,00 ₸"
6,07.06.25,-670.0,Покупка,ИП Темирова,False,"- 670,00 ₸"
6,07.06.25,-960.0,Покупка,ИП Темирова,False,"- 960,00 ₸"
6,07.06.25,-2700.0,Покупка,Сауле,False,"- 2 700,00 ₸"
6,07.06.25,-10000.0,Перевод,Саида К.,False,"- 10 000,00 ₸"
6,06.06.25,-300.0,Покупка,ИП Темирова,False,"- 300,00 ₸"
7,05.06.25,700.0,Пополнение,Баян А.,False,"+ 700,00 ₸"
7,05.06.25,20000.0,Пополнение,Баян А.,False,"+ 20 000,00 ₸"
7,05.06.25,-370.0,Покупка,ИП Темирова,False,"- 370,00 ₸"
7,03.06.25,-960.0,Покупка,ИП Темирова,False,"- 960,00 ₸"
7,03.06.25,-10000.0,Перевод,Əсем Ж.,False,"- 10 000,00 ₸"
7,02.06.25,-53000.0,Перевод,Куаныш К.,False,"- 53 000,00 ₸"
7,02.06.25,-1160.0,Покупка,ИП Темирова,False,"- 1 160,00 ₸"
7,02.06.25,-280.0,Покупка,тоц Сауле,False,"- 280,00 ₸"
7,02.06.25,12000.0,Пополнение,Кымбат Б.,False,"+ 12 000,00 ₸"
7,01.06.25,-30000.0,Покупка,Отбасы банк. Пополнение депозита,False,"- 30 000,00 ₸"
7,01.06.25,-1500.0,Покупка,Казахтелеком ОФД по лицевому счету,False,"- 1 500,00 ₸"
7,01.06.25,-20000.0,Перевод,Саида К.,False,"- 20 000,00 ₸"
7,31.05.25,-800.0,Покупка,ИП Темирова,False,"- 800,00 ₸"
7,31.05.25,-960.0,Покупка,ИП Темирова,False,"- 960,00 ₸"
7,31.05.25,-300.0,Покупка,ТОЦ Сауле мыломойка,False,"- 300,00 ₸"
7,31.05.25,-450.0,Перевод,Гульжанат А.,False,"- 450,00 ₸"
7,30.05.25,-1180.0,Покупка,ИП Темирова,False,"- 1 180,00 ₸"
7,30.05.25,-960.0,Покупка,ИП Темирова,False,"- 960,00 ₸"
7,29.05.25,60000.0,Пополнение,Казыбек К.,False,"+ 60 000,00 ₸"
7,29.05.25,-1215.0,Покупка,"""Тоц Сауле""ТЦ",False,"- 1 215,00 ₸"
7,28.05.25,-1160.0,Покупка,ИП Темирова,False,"- 1 160,00 ₸"
7,28.05.25,-392.0,Покупка,Damu Pharma Экибастуз 1-касса,False,"- 392,00 ₸"
7,28.05.25,-30000.0,Перевод,Куаныш К.,False,"- 30 000,00 ₸"
7,27.05.25,150000.0,Пополнение,Со своего Счета в Kaspi Pay,False,"+ 150 000,00 ₸"
7,27.05.25,-5000.0,Перевод,Акерке И.,False,"- 5 000,00 ₸"
7,27.05.25,-25000.0,Перевод,Алтынай Қ.,False,"- 25 000,00 ₸"
7,27.05.25,35000.0,Пополнение,Со своего Счета в Kaspi Pay,False,"+ 35 000,00 ₸"
7,27.05.25,-100.0,Покупка,Avtobys. Оплата проезда по QR,False,"- 100,00 ₸"
7,27.05.25,-100.0,Покупка,SharmShop,False,"- 100,00 ₸"
7,26.05.25,-198.0,Покупка,Налоги для ИП,False,"- 198,00 ₸"
7,26.05.25,-8500.0,Покупка,Обязательные пенсионные взносы,False,"- 8 500,00 ₸"
7,26.05.25,-5950.0,Покупка,Взносы на обязательное соц.мед.страхование для ИП,False,"- 5 950,00 ₸"
7,26.05.25,-4250.0,Покупка,Cоциальные отчисления,False,"- 4 250,00 ₸"
7,26.05.25,-8500.0,Покупка,Обязательные пенсионные взносы,False,"- 8 500,00 ₸"
7,26.05.25,-1700.0,Покупка,Отчисления и взносы на обязательное,False,"- 1 700,00 ₸"
7,26.05.25,-2550.0,Покупка,Отчисления и взносы на обязательное,False,"- 2 550,00 ₸"
7,26.05.25,-4250.0,Покупка,Cоциальные отчисления,False,"- 4 250,00 ₸"
7,26.05.25,-2125.0,Покупка,Обязательные Пенсионные Взносы Работодателя,False,"- 2 125,00 ₸"
7,26.05.25,38000.0,Пополнение,Со своего Счета в Kaspi Pay,False,"+ 38 000,00 ₸"
7,26.05.25,-960.0,Покупка,ИП Темирова,False,"- 960,00 ₸"
7,25.05.25,-29000.0,Покупка,Отбасы банк. Пополнение депозита,False,"- 29 000,00 ₸"
7,25.05.25,-255.0,Покупка,Сауле,False,"- 255,00 ₸"
7,24.05.25,-1135.0,Покупка,ИП Темирова,False,"- 1 135,00 ₸"
7,24.05.25,-1600.0,Перевод,Сара А.,False,"- 1 600,00 ₸"
7,24.05.25,-17400.0,Покупка,SAYATSHOP,False,"- 17 400,00 ₸"
8,23.05.25,-10000.0,Перевод,Райкул Н.,False,"- 10 000,00 ₸"
8,23.05.25,-4400.0,Покупка,Магазин Мария,False,"- 4 400,00 ₸"
8,23.05.25,-2000.0,Перевод,Медина А.,False,"- 2 000,00 ₸"
8,23.05.25,83000.0,Пополнение,Со своего Счета в Kaspi Pay,False,"+ 83 000,00 ₸"
8,20.05.25,-25000.0,Перевод,Куаныш К.,False,"- 25 000,00 ₸"
8,20.05.25,-960.0,Покупка,ИП Темирова,False,"- 960,00 ₸"
8,20.05.25,-11000.0,Покупка,Отбасы банк. Пополнение депозита,False,"- 11 000,00 ₸"
8,20.05.25,-1300.0,Перевод,Карлыгаш Н.,False,"- 1 300,00 ₸"
8,20.05.25,-18500.0,Перевод,Карлыгаш Н.,False,"- 18 500,00 ₸"
8,18.05.25,-1470.0,Покупка,"""Тоц Сауле""ТЦ",False,"- 1 470,00 ₸"
8,17.05.25,-1000.0,Перевод,Сауле К.,False,"- 1 000,00 ₸"
8,17.05.25,400.0,Пополнение,Роза М.,False,"+ 400,00 ₸"
8,17.05.25,600.0,Пополнение,Роза М.,False,"+ 600,00 ₸"
8,17.05.25,14610.0,Пополнение,Роза М.,False,"+ 14 610,00 ₸"
8,16.05.25,-1000.0,Покупка,Благотворительный фонд «Харекет»,False,"- 1 000,00 ₸"
8,16.05.25,-680.0,Покупка,Домашняя кухня,False,"- 680,00 ₸"
8,15.05.25,-960.0,Покупка,ИП Темирова,False,"- 960,00 ₸"
8,15.05.25,-615.0,Покупка,"""Тоц Сауле""ТЦ",False,"- 615,00 ₸"
8,15.05.25,-400.0,Перевод,Эльвира А.,False,"- 400,00 ₸"
8,14.05.25,-550.0,Покупка,Домашняя кухня,False,"- 550,00 ₸"
8,14.05.25,-960.0,Покупка,ИП Темирова,False,"- 960,00 ₸"
8,13.05.25,-1535.0,Перевод,Мұратəлі Б.,False,"- 1 535,00 ₸"
8,13.05.25,-960.0,Покупка,ИП Темирова,False,"- 960,00 ₸"
8,13.05.25,-150000.0,Перевод,Куаныш К.,False,"- 150 000,00 ₸"
8,13.05.25,150000.0,Пополнение,В Kaspi Банкомате,False,"+ 150 000,00 ₸"
8,12.05.25,-960.0,Покупка,ИП Темирова,False,"- 960,00 ₸"
8,12.05.25,-150.0,Покупка,Хоз товары,False,"- 150,00 ₸"
8,12.05.25,-250.0,Покупка,Торты от Алтын,False,"- 250,00 ₸"
8,12.05.25,-150.0,Перевод,Нұрайлы Ш.,False,"- 150,00 ₸"
8,11.05.25,53000.0,Пополнение,Со своего Счета в Kaspi Pay,False,"+ 53 000,00 ₸"
8,11.05.25,-20000.0,Перевод,Куаныш К.,False,"- 20 000,00 ₸"
8,11.05.25,20000.0,Пополнение,Со своего Счета в Kaspi Pay,False,"+ 20 000,00 ₸"
8,11.05.25,-240.0,Покупка,Damu Pharma Экибастуз 1-касса,False,"- 240,00 ₸"
8,09.05.25,-980.0,Покупка,RATIO,False,"- 980,00 ₸"
8,09.05.25,1200.0,Пополнение,Со своего Счета в Kaspi Pay,False,"+ 1 200,00 ₸"
8,07.05.25,-2080.0,Покупка,ИП Темирова,False,"- 2 080,00 ₸"
8,07.05.25,-1200.0,Перевод,Нұрайлы Ш.,False,"- 1 200,00 ₸"
8,06.05.25,-20000.0,Перевод,Əсет К.,False,"- 20 000,00 ₸"
8,06.05.25,20000.0,Пополнение,Со своего Счета в Kaspi Pay,False,"+ 20 000,00 ₸"
8,06.05.25,-10000.0,Перевод,Айдын А.,False,"- 10 000,00 ₸"
8,06.05.25,4500.0,Пополнение,Со своего Счета в Kaspi Pay,False,"+ 4 500,00 ₸"
8,06.05.25,-960.0,Покупка,ИП Темирова,False,"- 960,00 ₸"
8,05.05.25,-960.0,Покупка,ИП Темирова,False,"- 960,00 ₸"
8,05.05.25,-25000.0,Покупка,Fashionista,False,"- 25 000,00 ₸"
8,05.05.25,20000.0,Пополнение,Со своего Счета в Kaspi Pay,False,"+ 20 000,00 ₸"
8,04.05.25,-40000.0,Перевод,Джанболат М.,False,"- 40 000,00 ₸"
8,04.05.25,45000.0,Пополнение,Со своего Счета в Kaspi Pay,False,"+ 45 000,00 ₸"
9,03.05.25,-22429.0,Покупка,SQ PlOV,False,"- 22 429,00 ₸"
9,03.05.25,33000.0,Пополнение,Со своего Счета в Kaspi Pay,False,"+ 33 000,00 ₸"
9,03.05.25,-1720.0,Покупка,АЛЬМИРА,False,"- 1 720,00 ₸"
9,03.05.25,-1152.0,Покупка,АГЗС Экибастуз Омская,False,"- 1 152,00 ₸"
9,02.05.25,1000.0,Пополнение,Сауле М.,False,"+ 1 000,00 ₸"
9,02.05.25,-2000.0,Покупка,Молочный отдел,False,"- 2 000,00 ₸"
9,02.05.25,-4000.0,Покупка,Молочный отдел,False,"- 4 000,00 ₸"
9,02.05.25,-4700.0,Покупка,ИП Каныганова,False,"- 4 700,00 ₸"
9,30.04.25,-10000.0,Покупка,Отбасы банк. Пополнение депозита,False,"- 10 000,00 ₸"
9,30.04.25,-1500.0,Покупка,Казахтелеком ОФД по лицевому счету,False,"- 1 500,00 ₸"
9,30.04.25,-10500.0,Покупка,Жунисбай,False,"- 10 500,00 ₸"
9,30.04.25,-11500.0,Покупка,Beeline Интернет дома,False,"- 11 500,00 ₸"
9,30.04.25,-1135.0,Покупка,ИП Темирова,False,"- 1 135,00 ₸"
9,30.04.25,-300.0,Покупка,"ТОЦ Сауле, мыломойка",False,"- 300,00 ₸"
9,28.04.25,-198.0,Покупка,Налоги для ИП,False,"- 198,00 ₸"
9,28.04.25,-2125.0,Покупка,Обязательные Пенсионные Взносы Работодателя,False,"- 2 125,00 ₸"
9,28.04.25,-4250.0,Покупка,Cоциальные отчисления,False,"- 4 250,00 ₸"
9,28.04.25,-4250.0,Покупка,Cоциальные отчисления,False,"- 4 250,00 ₸"
9,28.04.25,-2550.0,Покупка,Отчисления и взносы на обязательное,False,"- 2 550,00 ₸"
9,28.04.25,-5950.0,Покупка,Взносы на обязательное соц.мед.страхование для ИП,False,"- 5 950,00 ₸"
9,28.04.25,-1700.0,Покупка,Отчисления и взносы на обязательное,False,"- 1 700,00 ₸"
9,28.04.25,57700.0,Пополнение,Со своего Счета в Kaspi Pay,False,"+ 57 700,00 ₸"
9,28.04.25,-1135.0,Покупка,ИП Темирова,False,"- 1 135,00 ₸"
9,28.04.25,-180.0,Покупка,ИП КОНАКПАЕВА,False,"- 180,00 ₸"
9,27.04.25,-30000.0,Перевод,Джанболат М.,False,"- 30 000,00 ₸"
9,27.04.25,43000.0,Пополнение,Со своего Счета в Kaspi Pay,False,"+ 43 000,00 ₸"
9,26.04.25,-9400.0,Перевод,Əсет К.,False,"- 9 400,00 ₸"
9,26.04.25,-1313.0,Перевод,Арыстанбек С.,False,"- 1 313,00 ₸"
9,25.04.25,-10000.0,Перевод,Саида К.,False,"- 10 000,00 ₸"
9,25.04.25,-960.0,Покупка,ИП Темирова,False,"- 960,00 ₸"
9,24.04.25,-5000.0,Перевод,Каирберды К.,False,"- 5 000,00 ₸"
9,24.04.25,-1215.0,Покупка,"""Тоц Сауле""ТЦ",False,"- 1 215,00 ₸"
9,24.04.25,-960.0,Покупка,ИП Темирова,False,"- 960,00 ₸"
9,24.04.25,-4000.0,Покупка,NUDE beauty salon,False,"- 4 000,00 ₸"
9,24.04.25,-960.0,Покупка,ИП Темирова,False,"- 960,00 ₸"
9,23.04.25,-960.0,Покупка,ИП Темирова,False,"- 960,00 ₸"
9,22.04.25,-5000.0,Перевод,Əсет К.,False,"- 5 000,00 ₸"
9,22.04.25,-8500.0,Покупка,Обязательные пенсионные взносы,False,"- 8 500,00 ₸"
9,22.04.25,-8500.0,Покупка,Обязательные пенсионные взносы,False,"- 8 500,00 ₸"
9,22.04.25,37000.0,Пополнение,Со своего Счета в Kaspi Pay,False,"+ 37 000,00 ₸"
9,22.04.25,-850.0,Покупка,Домашняя кухня,False,"- 850,00 ₸"
9,20.04.25,-25856.0,Перевод,Кайсар К.,False,"- 25 856,00 ₸"
9,20.04.25,24600.0,Пополнение,Со своего Счета в Kaspi Pay,False,"+ 24 600,00 ₸"
9,19.04.25,-960.0,Покупка,ИП Темирова,False,"- 960,00 ₸"
9,19.04.25,-190.0,Покупка,ИП Кульдуков,False,"- 190,00 ₸"
10,18.04.25,-1000.0,Перевод,Əсет К.,False,"- 1 000,00 ₸"
10,18.04.25,24000.0,Пополнение,Со своего Счета в Kaspi Pay,False,"+ 24 000,00 ₸"
10,17.04.25,-800.0,Покупка,ИП Темирова,False,"- 800,00 ₸"
10,17.04.25,-250.0,Перевод,Эльвира А.,False,"- 250,00 ₸"
10,17.04.25,-50000.0,Перевод,Саида К.,False,"- 50 000,00 ₸"
10,17.04.25,50000.0,Пополнение,В Kaspi Банкомате,False,"+ 50 000,00 ₸"
10,16.04.25,-20000.0,Перевод,Аманжол Б.,False,"- 20 000,00 ₸"
10,16.04.25,-960.0,Покупка,ИП Темирова,False,"- 960,00 ₸"
10,16.04.25,-380000.0,Перевод,Жанагул М.,False,"- 380 000,00 ₸"
10,16.04.25,122000.0,Пополнение,Со своего Счета в Kaspi Pay,False,"+ 122 000,00 ₸"
10,16.04.25,280000.0,Пополнение,В Kaspi Банкомате,False,"+ 280 000,00 ₸"
10,15.04.25,-1980.0,Покупка,ИП Темирова,False,"- 1 980,00 ₸"
10,15.04.25,-2500.0,Покупка,"ТОЦ Сауле, мыломойка",False,"- 2 500,00 ₸"
10,14.04.25,-20000.0,Перевод,Анеля Т.,False,"- 20 000,00 ₸"
10,14.04.25,-1920.0,Покупка,ИП Темирова,False,"- 1 920,00 ₸"
10,14.04.25,-50000.0,Перевод,Дамир С.,False,"- 50 000,00 ₸"
10,14.04.25,30000.0,Пополнение,Со своего Счета в Kaspi Pay,False,"+ 30 000,00 ₸"
10,12.04.25,-960.0,Покупка,ИП Темирова,False,"- 960,00 ₸"
10,12.04.25,-20625.0,Покупка,Coffee Boom,False,"- 20 625,00 ₸"
10,12.04.25,-960.0,Покупка,ИП Темирова,False,"- 960,00 ₸"
10,11.04.25,-1380.0,Покупка,Damu Pharma Экибастуз 1-касса,False,"- 1 380,00 ₸"
10,11.04.25,-1230.0,Покупка,Damu Pharma Экибастуз 1-касса,False,"- 1 230,00 ₸"
10,11.04.25,-1161.0,Покупка,"""Тоц Сауле""ТЦ",False,"- 1 161,00 ₸"
10,11.04.25,-960.0,Покупка,ИП Темирова,False,"- 960,00 ₸"
10,10.04.25,35800.0,Пополнение,Алия Б.,False,"+ 35 800,00 ₸"
10,10.04.25,-960.0,Покупка,ИП Темирова,False,"- 960,00 ₸"
10,09.04.25,-400.0,Покупка,ИП Темирова,False,"- 400,00 ₸"
10,09.04.25,-175.0,Покупка,ИП Темирова,False,"- 175,00 ₸"
10,09.04.25,-210.0,Покупка,ИП КОНАКПАЕВА,False,"- 210,00 ₸"
10,09.04.25,-1260.0,Покупка,ИП Темирова,False,"- 1 260,00 ₸"
10,08.04.25,-995.0,Покупка,"""Тоц Сауле""ТЦ",False,"- 995,00 ₸"
10,08.04.25,-960.0,Покупка,ИП Темирова,False,"- 960,00 ₸"
10,08.04.25,-70000.0,Покупка,Отбасы банк. Пополнение депозита,False,"- 70 000,00 ₸"
10,08.04.25,83600.0,Пополнение,Со своего Счета в Kaspi Pay,False,"+ 83 600,00 ₸"
10,07.04.25,-960.0,Покупка,ИП Темирова,False,"- 960,00 ₸"
10,05.04.25,-960.0,Покупка,ИП Темирова,False,"- 960,00 ₸"
10,05.04.25,-70000.0,Покупка,Отбасы банк. Пополнение депозита,False,"- 70 000,00 ₸"
10,05.04.25,-1500.0,Покупка,Казахтелеком ОФД по лицевому счету,False,"- 1 500,00 ₸"
10,05.04.25,74000.0,Пополнение,Со своего Счета в Kaspi Pay,False,"+ 74 000,00 ₸"
10,04.04.25,-175.0,Покупка,ИП Темирова,False,"- 175,00 ₸"
10,04.04.25,-960.0,Покупка,ИП Темирова,False,"- 960,00 ₸"
10,03.04.25,-960.0,Покупка,ИП Темирова,False,"- 960,00 ₸"
10,02.04.25,-220.0,Покупка,Damu Pharma Экибастуз 1-касса,False,"- 220,00 ₸"
10,02.04.25,-20000.0,Перевод,Алтынай Қ.,False,"- 20 000,00 ₸"
10,01.04.25,35000.0,Пополнение,Баян А.,False,"+ 35 000,00 ₸"
10,31.03.25,-11133.0,Покупка,Beeline Интернет дома,False,"- 11 133,00 ₸"
10,30.03.25,-5000.0,Перевод,Айнур Д.,False,"- 5 000,00 ₸"
11,30.03.25,29000.0,Пополнение,Со своего Счета в Kaspi Pay,False,"+ 29 000,00 ₸"
11,30.03.25,-2254.0,Покупка,ТС-1 GAS IMPEX,False,"- 2 254,00 ₸"
11,29.03.25,-2380.0,Покупка,"""Тоц Сауле""ТЦ",False,"- 2 380,00 ₸"
11,29.03.25,-500.0,Перевод,Бибигуль Д.,False,"- 500,00 ₸"
11,29.03.25,7900.0,Пополнение,Со своего Счета в Kaspi Pay,False,"+ 7 900,00 ₸"
11,28.03.25,100.0,Пополнение,Гульмира Т.,False,"+ 100,00 ₸"
11,28.03.25,-960.0,Покупка,ИП Темирова,False,"- 960,00 ₸"
11,28.03.25,-200000.0,Покупка,Отбасы банк. Пополнение депозита,False,"- 200 000,00 ₸"
11,28.03.25,200000.0,Пополнение,В Kaspi Банкомате,False,"+ 200 000,00 ₸"
11,27.03.25,-960.0,Покупка,ИП Темирова,False,"- 960,00 ₸"
11,26.03.25,-50000.0,Покупка,Отбасы банк. Пополнение депозита,False,"- 50 000,00 ₸"
11,26.03.25,50000.0,Пополнение,Со своего Счета в Kaspi Pay,False,"+ 50 000,00 ₸"
11,26.03.25,-1450.0,Покупка,"""Тоц Сауле""ТЦ",False,"- 1 450,00 ₸"
11,26.03.25,-960.0,Покупка,ИП Темирова,False,"- 960,00 ₸"
11,26.03.25,-100.0,Покупка,Avtobys. Оплата проезда по QR,False,"- 100,00 ₸"
11,26.03.25,-100.0,Покупка,Avtobys. Оплата проезда по QR,False,"- 100,00 ₸"
11,25.03.25,-960.0,Покупка,ИП Темирова,False,"- 960,00 ₸"
11,24.03.25,-960.0,Покупка,ИП Темирова,False,"- 960,00 ₸"
11,24.03.25,-50000.0,Покупка,Отбасы банк. Пополнение депозита,False,"- 50 000,00 ₸"
11,24.03.25,51600.0,Пополнение,Со своего Счета в Kaspi Pay,False,"+ 51 600,00 ₸"
11,24.03.25,3700.0,Пополнение,Марат О.,False,"+ 3 700,00 ₸"
11,23.03.25,-110.0,Покупка,Damu Pharma Экибастуз 1-касса,False,"- 110,00 ₸"
11,23.03.25,-960.0,Покупка,ИП Темирова,False,"- 960,00 ₸"
11,23.03.25,-3030.0,Покупка,ТОЦ Кондитерский,False,"- 3 030,00 ₸"
11,23.03.25,4950.0,Пополнение,Лаура М.,False,"+ 4 950,00 ₸"
11,22.03.25,-300000.0,Покупка,Отбасы банк. Пополнение депозита,False,"- 300 000,00 ₸"
11,22.03.25,-960.0,Покупка,ИП Темирова,False,"- 960,00 ₸"
11,22.03.25,300000.0,Пополнение,В Kaspi Банкомате,False,"+ 300 000,00 ₸"
11,21.03.25,-700.0,Перевод,Гүлмира М.,False,"- 700,00 ₸"
11,21.03.25,-960.0,Покупка,ИП Темирова,False,"- 960,00 ₸"
11,20.03.25,100.0,Пополнение,Асел Т.,False,"+ 100,00 ₸"
11,20.03.25,-960.0,Покупка,ИП Темирова,False,"- 960,00 ₸"
11,20.03.25,-1500.0,Покупка,Казахтелеком ОФД по лицевому счету,False,"- 1 500,00 ₸"
11,19.03.25,-960.0,Покупка,ИП Темирова,False,"- 960,00 ₸"
11,18.03.25,-7500.0,Перевод,Жалгас Р.,False,"- 7 500,00 ₸"
11,17.03.25,-70000.0,Покупка,Отбасы банк. Пополнение депозита,False,"- 70 000,00 ₸"
11,17.03.25,72234.0,Пополнение,Со своего Счета в Kaspi Pay,False,"+ 72 234,00 ₸"
11,17.03.25,-1460.0,Покупка,"""Тоц Сауле""ТЦ",False,"- 1 460,00 ₸"
11,17.03.25,-960.0,Покупка,ИП Темирова,False,"- 960,00 ₸"
11,16.03.25,-198.0,Покупка,Налоги для ИП,False,"- 198,00 ₸"
11,16.03.25,-1700.0,Покупка,Отчисления и взносы на обязательное,False,"- 1 700,00 ₸"
11,16.03.25,-8500.0,Покупка,Обязательные пенсионные взносы,False,"- 8 500,00 ₸"
11,16.03.25,-5950.0,Покупка,Взносы на обязательное соц.мед.страхование для ИП,False,"- 5 950,00 ₸"
11,16.03.25,-2550.0,Покупка,Отчисления и взносы на обязательное,False,"- 2 550,00 ₸"
11,16.03.25,-8500.0,Покупка,Обязательные пенсионные взносы,False,"- 8 500,00 ₸"
12,16.03.25,-4250.0,Покупка,Cоциальные отчисления,False,"- 4 250,00 ₸"
12,16.03.25,-4250.0,Покупка,Cоциальные отчисления,False,"- 4 250,00 ₸"
12,16.03.25,-2125.0,Покупка,Обязательные Пенсионные Взносы Работодателя,False,"- 2 125,00 ₸"
12,16.03.25,-53000.0,Покупка,Отбасы банк. Пополнение депозита,False,"- 53 000,00 ₸"
12,16.03.25,88000.0,Пополнение,Со своего Счета в Kaspi Pay,False,"+ 88 000,00 ₸"
12,15.03.25,-960.0,Покупка,ИП Темирова,False,"- 960,00 ₸"
12,15.03.25,-3780.0,Покупка,"ТОЦ Сауле, мыломойка",False,"- 3 780,00 ₸"
12,14.03.25,-910.0,Покупка,Damu Pharma Экибастуз 1-касса,False,"- 910,00 ₸"
12,14.03.25,-960.0,Покупка,ИП Темирова,False,"- 960,00 ₸"
12,14.03.25,-560.0,Покупка,тоц Сауле,False,"- 560,00 ₸"
12,14.03.25,15900.0,Пополнение,Алпыс Н.,False,"+ 15 900,00 ₸"
12,13.03.25,-960.0,Покупка,ИП Темирова,False,"- 960,00 ₸"
12,13.03.25,-140.0,Покупка,Сауле,False,"- 140,00 ₸"
12,12.03.25,155.0,Пополнение,Руслан Т.,False,"+ 155,00 ₸"
12,12.03.25,-20000.0,Перевод,Куаныш К.,False,"- 20 000,00 ₸"
12,12.03.25,20000.0,Пополнение,Со своего Счета в Kaspi Pay,False,"+ 20 000,00 ₸"
12,11.03.25,-50000.0,Покупка,Отбасы банк. Пополнение депозита,False,"- 50 000,00 ₸"
12,11.03.25,50000.0,Пополнение,Со своего Счета в Kaspi Pay,False,"+ 50 000,00 ₸"
12,11.03.25,-960.0,Покупка,ИП Темирова,False,"- 960,00 ₸"
12,10.03.25,-1135.0,Покупка,ИП Темирова,False,"- 1 135,00 ₸"
12,10.03.25,4000.0,Пополнение,Камал Н.,False,"+ 4 000,00 ₸"
12,10.03.25,-50000.0,Покупка,Отбасы банк. Пополнение депозита,False,"- 50 000,00 ₸"
12,08.03.25,8728.0,Пополнение,Наталья С.,False,"+ 8 728,00 ₸"
12,08.03.25,8000.0,Пополнение,Амандык К.,False,"+ 8 000,00 ₸"
12,08.03.25,5000.0,Пополнение,Жансулу И.,False,"+ 5 000,00 ₸"
12,08.03.25,-8800.0,Покупка,ИП Ханшайым,False,"- 8 800,00 ₸"
12,08.03.25,5000.0,Пополнение,Жанат К.,False,"+ 5 000,00 ₸"
12,08.03.25,-8050.0,Покупка,Хоз товары,False,"- 8 050,00 ₸"
12,08.03.25,-50000.0,Перевод,Саида К.,False,"- 50 000,00 ₸"
12,08.03.25,1000.0,Пополнение,Акмарал К.,False,"+ 1 000,00 ₸"
12,08.03.25,-20000.0,Перевод,Акерке И.,False,"- 20 000,00 ₸"
12,08.03.25,100000.0,Пополнение,Со своего Счета в Kaspi Pay,False,"+ 100 000,00 ₸"
12,07.03.25,-960.0,Покупка,ИП Темирова,False,"- 960,00 ₸"
12,07.03.25,-960.0,Покупка,ИП Темирова,False,"- 960,00 ₸"
12,06.03.25,400.0,Пополнение,Камила Т.,False,"+ 400,00 ₸"
12,06.03.25,-960.0,Покупка,ИП Темирова,False,"- 960,00 ₸"
12,05.03.25,-700.0,Перевод,Гулайым К.,False,"- 700,00 ₸"
12,05.03.25,2650.0,Пополнение,Бахтыгуль Ж.,False,"+ 2 650,00 ₸"
12,05.03.25,-960.0,Покупка,ИП Темирова,False,"- 960,00 ₸"
12,04.03.25,-1050.0,Покупка,"ТОЦ Сауле, мыломойка",False,"- 1 050,00 ₸"
12,03.03.25,-960.0,Покупка,ИП Темирова,False,"- 960,00 ₸"
12,03.03.25,-286.0,Покупка,ИП КОНАКПАЕВА,False,"- 286,00 ₸"
12,03.03.25,-960.0,Покупка,ИП Темирова,False,"- 960,00 ₸"
12,01.03.25,-20000.0,Перевод,Джанболат М.,False,"- 20 000,00 ₸"
12,28.02.25,-690.0,Покупка,Аппарат самообслуживания,False,"- 690,00 ₸"
12,27.02.25,-20000.0,Перевод,Куаныш К.,False,"- 20 000,00 ₸"
12,27.02.25,60000.0,Пополнение,Со своего Счета в Kaspi Pay,False,"+ 60 000,00 ₸"
13,27.02.25,-60000.0,Перевод,Куаныш К.,False,"- 60 000,00 ₸"
13,27.02.25,57000.0,Пополнение,Со своего Счета в Kaspi Pay,False,"+ 57 000,00 ₸"
13,27.02.25,-960.0,Покупка,ИП Темирова,False,"- 960,00 ₸"
13,26.02.25,-175.0,Покупка,ИП Темирова,False,"- 175,00 ₸"
13,26.02.25,-960.0,Покупка,ИП Темирова,False,"- 960,00 ₸"
13,25.02.25,5000.0,Пополнение,Рымкеш С.,False,"+ 5 000,00 ₸"
13,25.02.25,-1161.0,Покупка,ИП КОНАКПАЕВА,False,"- 1 161,00 ₸"
13,25.02.25,-396.0,Покупка,ИП КОНАКПАЕВА,False,"- 396,00 ₸"
13,24.02.25,-960.0,Покупка,ИП Темирова,False,"- 960,00 ₸"
13,24.02.25,-100000.0,Покупка,Отбасы банк. Пополнение депозита,False,"- 100 000,00 ₸"
13,24.02.25,100000.0,Пополнение,Со своего Счета в Kaspi Pay,False,"+ 100 000,00 ₸"
13,22.02.25,-7370.0,Перевод,Айнур Д.,False,"- 7 370,00 ₸"
13,21.02.25,-17737.0,Покупка,ДМ Экибастуз City Mall KZ,False,"- 17 737,00 ₸"
13,21.02.25,28000.0,Пополнение,Со своего Счета в Kaspi Pay,False,"+ 28 000,00 ₸"
13,21.02.25,-100.0,Покупка,Avtobys. Оплата проезда по QR,False,"- 100,00 ₸"
13,21.02.25,-100.0,Покупка,Avtobys. Оплата проезда по QR,False,"- 100,00 ₸"
13,20.02.25,-8800.0,Покупка,Neznayka,False,"- 8 800,00 ₸"
13,20.02.25,1000.0,Пополнение,Алия Б.,False,"+ 1 000,00 ₸"
13,20.02.25,-100000.0,Покупка,Отбасы банк. Пополнение депозита,False,"- 100 000,00 ₸"
13,20.02.25,100000.0,Пополнение,Со своего Счета в Kaspi Pay,False,"+ 100 000,00 ₸"
13,18.02.25,-960.0,Покупка,ИП Темирова,False,"- 960,00 ₸"
13,18.02.25,3000.0,Пополнение,Гульвира К.,False,"+ 3 000,00 ₸"
13,18.02.25,-1465.0,Покупка,"""Тоц Сауле""ТЦ",False,"- 1 465,00 ₸"
13,18.02.25,-290.0,Перевод,Райхан Г.,False,"- 290,00 ₸"
13,18.02.25,-336.0,Покупка,ИП КОНАКПАЕВА,False,"- 336,00 ₸"
13,17.02.25,-198.0,Покупка,Налоги для ИП,False,"- 198,00 ₸"
13,17.02.25,-2125.0,Покупка,Обязательные Пенсионные Взносы Работодателя,False,"- 2 125,00 ₸"
13,17.02.25,-4250.0,Покупка,Cоциальные отчисления,False,"- 4 250,00 ₸"
13,17.02.25,-4250.0,Покупка,Cоциальные отчисления,False,"- 4 250,00 ₸"
13,17.02.25,-2550.0,Покупка,Отчисления и взносы на обязательное,False,"- 2 550,00 ₸"
13,17.02.25,-5950.0,Покупка,Взносы на обязательное соц.мед.страхование для ИП,False,"- 5 950,00 ₸"
13,17.02.25,-8500.0,Покупка,Обязательные пенсионные взносы,False,"- 8 500,00 ₸"
13,17.02.25,-8500.0,Покупка,Обязательные пенсионные взносы,False,"- 8 500,00 ₸"
13,17.02.25,-1700.0,Покупка,Отчисления и взносы на обязательное,False,"- 1 700,00 ₸"
13,17.02.25,-1465.0,Покупка,ИП Темирова,False,"- 1 465,00 ₸"
13,15.02.25,-575.0,Покупка,ИП Темирова,False,"- 575,00 ₸"
13,15.02.25,-400.0,Перевод,Эльвира А.,False,"- 400,00 ₸"
13,15.02.25,40000.0,Пополнение,Алия Б.,False,"+ 40 000,00 ₸"
13,14.02.25,-50000.0,Перевод,Арман И.,False,"- 50 000,00 ₸"
13,14.02.25,60000.0,Пополнение,Со своего Счета в Kaspi Pay,False,"+ 60 000,00 ₸"
13,14.02.25,-960.0,Покупка,ИП Темирова,False,"- 960,00 ₸"
13,14.02.25,-350.0,Покупка,ИП КОНАКПАЕВА,False,"- 350,00 ₸"
13,13.02.25,-1135.0,Покупка,ИП Темирова,False,"- 1 135,00 ₸"
13,13.02.25,-1040.0,Покупка,Домашняя кухня,False,"- 1 040,00 ₸"
13,12.02.25,-1670.0,Покупка,ИП Темирова,False,"- 1 670,00 ₸"
14,11.02.25,2000.0,Пополнение,Берик А.,False,"+ 2 000,00 ₸"
14,10.02.25,-1576.0,Покупка,"""Тоц Сауле""ТЦ",False,"- 1 576,00 ₸"
14,09.02.25,-83000.0,Покупка,Отбасы банк. Пополнение депозита,False,"- 83 000,00 ₸"
14,09.02.25,36000.0,Пополнение,Со своего Счета в Kaspi Pay,False,"+ 36 000,00 ₸"
14,07.02.25,-960.0,Покупка,ИП Темирова,False,"- 960,00 ₸"
14,07.02.25,20700.0,Пополнение,Лаура М.,False,"+ 20 700,00 ₸"
14,06.02.25,-198.0,Покупка,Налоги для ИП,False,"- 198,00 ₸"
14,06.02.25,-1765.0,Покупка,ИП Темирова,False,"- 1 765,00 ₸"
14,06.02.25,11100.0,Пополнение,Лаура М.,False,"+ 11 100,00 ₸"
14,05.02.25,-960.0,Покупка,ИП Темирова,False,"- 960,00 ₸"
14,04.02.25,-20000.0,Перевод,Куаныш К.,False,"- 20 000,00 ₸"
14,04.02.25,-960.0,Покупка,ИП Темирова,False,"- 960,00 ₸"
14,04.02.25,-600.0,Покупка,"""Тоц Сауле""ТЦ",False,"- 600,00 ₸"
14,03.02.25,-1135.0,Покупка,ИП Темирова,False,"- 1 135,00 ₸"
14,03.02.25,-1180.0,Покупка,"ТОЦ Сауле, мыломойка",False,"- 1 180,00 ₸"
14,02.02.25,20000.0,Пополнение,Динара З.,False,"+ 20 000,00 ₸"
14,02.02.25,-2565.0,Перевод,Диляра К.,False,"- 2 565,00 ₸"
14,01.02.25,-1500.0,Покупка,Казахтелеком ОФД по лицевому счету,False,"- 1 500,00 ₸"
14,01.02.25,-1700.0,Покупка,Отчисления и взносы на обязательное,False,"- 1 700,00 ₸"
14,01.02.25,-8500.0,Покупка,Обязательные пенсионные взносы,False,"- 8 500,00 ₸"
14,01.02.25,-8500.0,Покупка,Обязательные пенсионные взносы,False,"- 8 500,00 ₸"
14,01.02.25,-5950.0,Покупка,Взносы на обязательное соц.мед.страхование для ИП,False,"- 5 950,00 ₸"
14,01.02.25,-2550.0,Покупка,Отчисления и взносы на обязательное,False,"- 2 550,00 ₸"
14,01.02.25,-4250.0,Покупка,Cоциальные отчисления,False,"- 4 250,00 ₸"
14,01.02.25,-4250.0,Покупка,Cоциальные отчисления,False,"- 4 250,00 ₸"
14,01.02.25,-2125.0,Покупка,Обязательные Пенсионные Взносы Работодателя,False,"- 2 125,00 ₸"
14,01.02.25,-400.0,Перевод,Гульжанат А.,False,"- 400,00 ₸"
14,31.01.25,-1680.0,Покупка,ИП КОНАКПАЕВА,False,"- 1 680,00 ₸"
14,30.01.25,-690.0,Покупка,Аппарат самообслуживания,False,"- 690,00 ₸"
14,30.01.25,-4400.0,Покупка,"ТОЦ Сауле, мыломойка",False,"- 4 400,00 ₸"
14,29.01.25,-610.0,Покупка,Damu Pharma Экибастуз 1-касса,False,"- 610,00 ₸"
14,29.01.25,-140.0,Покупка,ИП Темирова,False,"- 140,00 ₸"
14,29.01.25,-1920.0,Покупка,ИП Темирова,False,"- 1 920,00 ₸"
14,29.01.25,-3250.0,Покупка,"ТОЦ Сауле, мыломойка",False,"- 3 250,00 ₸"
14,28.01.25,-20000.0,Перевод,Куаныш К.,False,"- 20 000,00 ₸"
14,28.01.25,103000.0,Пополнение,Со своего Счета в Kaspi Pay,False,"+ 103 000,00 ₸"
14,27.01.25,-5000.0,Перевод,Куаныш К.,False,"- 5 000,00 ₸"
14,25.01.25,-96309.0,Покупка,Налоги для ИП,False,"- 96 309,00 ₸"
14,25.01.25,28000.0,Пополнение,Со своего Счета в Kaspi Pay,False,"+ 28 000,00 ₸"
14,25.01.25,-132100.0,Покупка,Налоги для ИП,False,"- 132 100,00 ₸"
14,25.01.25,1000.0,Пополнение,Анар Н.,False,"+ 1 000,00 ₸"
14,25.01.25,-960.0,Покупка,ИП Темирова,False,"- 960,00 ₸"
14,25.01.25,200000.0,Пополнение,В Kaspi Банкомате,False,"+ 200 000,00 ₸"
14,24.01.25,-500.0,Перевод,Марат К.,False,"- 500,00 ₸"
14,23.01.25,-26000.0,Покупка,Отбасы банк. Пополнение депозита,False,"- 26 000,00 ₸"
15,23.01.25,24100.0,Пополнение,Со своего Счета в Kaspi Pay,False,"+ 24 100,00 ₸"
15,23.01.25,-925.0,Покупка,"""Тоц Сауле""ТЦ",False,"- 925,00 ₸"
15,23.01.25,150.0,Пополнение,Дмитрий Б.,False,"+ 150,00 ₸"
15,22.01.25,-30000.0,Перевод,Куаныш К.,False,"- 30 000,00 ₸"
15,22.01.25,32000.0,Пополнение,Со своего Счета в Kaspi Pay,False,"+ 32 000,00 ₸"
15,21.01.25,-960.0,Покупка,ИП Темирова,False,"- 960,00 ₸"
15,21.01.25,2220.0,Пополнение,Жанат Б.,False,"+ 2 220,00 ₸"
15,21.01.25,-560.0,Покупка,Домашняя кухня,False,"- 560,00 ₸"
15,20.01.25,-175.0,Покупка,ИП Темирова,False,"- 175,00 ₸"
15,20.01.25,-20000.0,Перевод,Куаныш К.,False,"- 20 000,00 ₸"
15,20.01.25,20000.0,Пополнение,Со своего Счета в Kaspi Pay,False,"+ 20 000,00 ₸"
15,20.01.25,-1000.0,Перевод,Халбека Д.,False,"- 1 000,00 ₸"
15,20.01.25,-1000.0,Перевод,Халбека Д.,False,"- 1 000,00 ₸"
15,20.01.25,-1000.0,Перевод,Халбека Д.,False,"- 1 000,00 ₸"
15,20.01.25,-500.0,Перевод,Халбека Д.,False,"- 500,00 ₸"
15,20.01.25,-500.0,Перевод,Халбека Д.,False,"- 500,00 ₸"
15,18.01.25,-11000.0,Перевод,Куаныш К.,False,"- 11 000,00 ₸"
15,18.01.25,14000.0,Пополнение,Со своего Счета в Kaspi Pay,False,"+ 14 000,00 ₸"
15,17.01.25,-950.0,Покупка,ИП Темирова,False,"- 950,00 ₸"
15,17.01.25,7500.0,Пополнение,Кымбат Б.,False,"+ 7 500,00 ₸"
15,17.01.25,-400.0,Перевод,Эльвира А.,False,"- 400,00 ₸"
15,16.01.25,440.0,Пополнение,Райхан Г.,False,"+ 440,00 ₸"
15,16.01.25,-1260.0,Покупка,Домашняя кухня,False,"- 1 260,00 ₸"
15,15.01.25,-690.0,Покупка,Аппарат самообслуживания,False,"- 690,00 ₸"
15,15.01.25,-910.0,Покупка,ИП Темирова,False,"- 910,00 ₸"
15,14.01.25,-175.0,Покупка,ИП Темирова,False,"- 175,00 ₸"
15,14.01.25,-720.0,Покупка,Домашняя кухня,False,"- 720,00 ₸"
15,14.01.25,-910.0,Покупка,ИП Темирова,False,"- 910,00 ₸"
15,11.01.25,-50000.0,Покупка,Отбасы банк. Пополнение депозита,False,"- 50 000,00 ₸"
15,11.01.25,33200.0,Пополнение,Со своего Счета в Kaspi Pay,False,"+ 33 200,00 ₸"
15,11.01.25,7500.0,Пополнение,Тамила Ж.,False,"+ 7 500,00 ₸"
15,10.01.25,-1280.0,Покупка,ИП Темирова,False,"- 1 280,00 ₸"
15,10.01.25,5824.0,Пополнение,Лаура М.,False,"+ 5 824,00 ₸"
15,08.01.25,-910.0,Перевод,Асемгуль Д.,False,"- 910,00 ₸"
15,05.01.25,-4200.0,Перевод,Салтанат Б.,False,"- 4 200,00 ₸"
15,05.01.25,-1500.0,Покупка,Казахтелеком ОФД по лицевому счету,False,"- 1 500,00 ₸"
15,05.01.25,-231.0,Покупка,Налоги для ИП,False,"- 231,00 ₸"
15,05.01.25,-1275.0,Покупка,Обязательные Пенсионные Взносы Работодателя,False,"- 1 275,00 ₸"
15,05.01.25,-2975.0,Покупка,Cоциальные отчисления,False,"- 2 975,00 ₸"
15,05.01.25,-2975.0,Покупка,Cоциальные отчисления,False,"- 2 975,00 ₸"
15,05.01.25,-2550.0,Покупка,Отчисления и взносы на обязательное,False,"- 2 550,00 ₸"
15,05.01.25,-1700.0,Покупка,Отчисления и взносы на обязательное,False,"- 1 700,00 ₸"
15,05.01.25,-5950.0,Покупка,Взносы на обязательное соц.мед.страхование для ИП,False,"- 5 950,00 ₸"
15,05.01.25,-20000.0,Перевод,Куаныш К.,False,"- 20 000,00 ₸"
15,05.01.25,46500.0,Пополнение,Со своего Счета в Kaspi Pay,False,"+ 46 500,00 ₸"
16,31.12.24,-715.0,Покупка,Сауле,False,"- 715,00 ₸"
16,31.12.24,-930.0,Покупка,ИП Комлев,False,"- 930,00 ₸"
16,31.12.24,-8490.0,Покупка,Beeline Интернет дома,False,"- 8 490,00 ₸"
16,31.12.24,13000.0,Пополнение,Со своего Счета в Kaspi Pay,False,"+ 13 000,00 ₸"
16,30.12.24,-1600.0,Покупка,"""Тоц Сауле""ТЦ",False,"- 1 600,00 ₸"
16,30.12.24,-930.0,Покупка,ИП Комлев,False,"- 930,00 ₸"
16,30.12.24,2730.0,Пополнение,Оксана Б.,False,"+ 2 730,00 ₸"
16,29.12.24,3400.0,Пополнение,Оксана Б.,False,"+ 3 400,00 ₸"
16,29.12.24,-910.0,Перевод,Маржан Т.,False,"- 910,00 ₸"
16,29.12.24,1600.0,Пополнение,Со своего Счета в Kaspi Pay,False,"+ 1 600,00 ₸"
16,27.12.24,-10000.0,Перевод,Шынбай Қ.,False,"- 10 000,00 ₸"
16,26.12.24,-4000.0,Перевод,Гульмира М.,False,"- 4 000,00 ₸"
16,26.12.24,11700.0,Пополнение,Со своего Счета в Kaspi Pay,False,"+ 11 700,00 ₸"
16,26.12.24,-910.0,Перевод,Маржан Т.,False,"- 910,00 ₸"
16,25.12.24,-1125.0,Перевод,Маржан Т.,False,"- 1 125,00 ₸"
16,25.12.24,-910.0,Перевод,Маржан Т.,False,"- 910,00 ₸"
16,25.12.24,-30000.0,Перевод,Майра А.,False,"- 30 000,00 ₸"
16,24.12.24,-910.0,Перевод,Маржан Т.,False,"- 910,00 ₸"
16,24.12.24,-44000.0,Перевод,Сара И.,False,"- 44 000,00 ₸"
16,24.12.24,71100.0,Пополнение,Со своего Счета в Kaspi Pay,False,"+ 71 100,00 ₸"
16,24.12.24,-1400.0,Перевод,Айнур Д.,False,"- 1 400,00 ₸"
16,23.12.24,-910.0,Перевод,Маржан Т.,False,"- 910,00 ₸"
16,23.12.24,-28000.0,Перевод,Сара И.,False,"- 28 000,00 ₸"
16,23.12.24,37000.0,Пополнение,Со своего Счета в Kaspi Pay,False,"+ 37 000,00 ₸"
16,22.12.24,-910.0,Перевод,Маржан Т.,False,"- 910,00 ₸"
16,22.12.24,3200.0,Пополнение,Жасұлан М.,False,"+ 3 200,00 ₸"
16,22.12.24,500.0,Пополнение,Елена В.,False,"+ 500,00 ₸"
16,22.12.24,-8500.0,Покупка,Обязательные пенсионные взносы,False,"- 8 500,00 ₸"
16,22.12.24,-8500.0,Покупка,Обязательные пенсионные взносы,False,"- 8 500,00 ₸"
16,22.12.24,-50000.0,Покупка,Отбасы банк. Пополнение депозита,False,"- 50 000,00 ₸"
16,22.12.24,57000.0,Пополнение,Со своего Счета в Kaspi Pay,False,"+ 57 000,00 ₸"
16,21.12.24,-20000.0,Покупка,"ИП ""Зенова""",False,"- 20 000,00 ₸"
16,21.12.24,27600.0,Пополнение,Лаура М.,False,"+ 27 600,00 ₸"
16,21.12.24,-910.0,Перевод,Маржан Т.,False,"- 910,00 ₸"
16,19.12.24,-270.0,Покупка,"ТОЦ Сауле, мыломойка",False,"- 270,00 ₸"
16,19.12.24,-42000.0,Перевод,Сара И.,False,"- 42 000,00 ₸"
16,19.12.24,40000.0,Пополнение,Со своего Счета в Kaspi Pay,False,"+ 40 000,00 ₸"
16,18.12.24,-33600.0,Перевод,Сара И.,False,"- 33 600,00 ₸"
16,18.12.24,31000.0,Пополнение,Со своего Счета в Kaspi Pay,False,"+ 31 000,00 ₸"
16,18.12.24,-20000.0,Перевод,Куаныш К.,False,"- 20 000,00 ₸"
16,18.12.24,23000.0,Пополнение,Со своего Счета в Kaspi Pay,False,"+ 23 000,00 ₸"
16,17.12.24,-11280.0,Покупка,LC Waikiki,False,"- 11 280,00 ₸"
16,17.12.24,12000.0,Пополнение,Кымбат Б.,False,"+ 12 000,00 ₸"
16,16.12.24,-37500.0,Перевод,Сара И.,False,"- 37 500,00 ₸"
16,16.12.24,42000.0,Пополнение,Со своего Счета в Kaspi Pay,False,"+ 42 000,00 ₸"
16,15.12.24,-910.0,Перевод,Маржан Т.,False,"- 910,00 ₸"
16,15.12.24,-1800.0,Перевод,Эльвира А.,False,"- 1 800,00 ₸"
17,14.12.24,-910.0,Перевод,Маржан Т.,False,"- 910,00 ₸"
17,14.12.24,-50.0,Покупка,Activ,False,"- 50,00 ₸"
17,14.12.24,-7500.0,Покупка,ИП Бейсенбеков,False,"- 7 500,00 ₸"
17,14.12.24,-2500.0,Покупка,Activ,False,"- 2 500,00 ₸"
17,14.12.24,-16800.0,Покупка,Men's Shop,False,"- 16 800,00 ₸"
17,14.12.24,21000.0,Пополнение,Со своего Счета в Kaspi Pay,False,"+ 21 000,00 ₸"
17,14.12.24,-2500.0,Перевод,Эльвира А.,False,"- 2 500,00 ₸"
17,13.12.24,-910.0,Перевод,Маржан Т.,False,"- 910,00 ₸"
17,13.12.24,1625.0,Пополнение,Гульфия Г.,False,"+ 1 625,00 ₸"
17,12.12.24,-930.0,Покупка,ИП Комлев,False,"- 930,00 ₸"
17,11.12.24,-950.0,Перевод,Маржан Т.,False,"- 950,00 ₸"
17,11.12.24,-910.0,Перевод,Маржан Т.,False,"- 910,00 ₸"
17,11.12.24,-26000.0,Покупка,Отбасы банк. Пополнение депозита,False,"- 26 000,00 ₸"
17,11.12.24,33500.0,Пополнение,Со своего Счета в Kaspi Pay,False,"+ 33 500,00 ₸"
17,09.12.24,-1680.0,Перевод,Эльвира А.,False,"- 1 680,00 ₸"
17,09.12.24,-12200.0,Перевод,Айтжамал К.,False,"- 12 200,00 ₸"
17,09.12.24,-910.0,Перевод,Маржан Т.,False,"- 910,00 ₸"
17,08.12.24,7625.0,Пополнение,Майгуль М.,False,"+ 7 625,00 ₸"
17,08.12.24,-910.0,Покупка,ИП Козкина,False,"- 910,00 ₸"
17,08.12.24,1000.0,Пополнение,Камила И.,False,"+ 1 000,00 ₸"
17,07.12.24,-1300.0,Покупка,тоц Сауле,False,"- 1 300,00 ₸"
17,07.12.24,-910.0,Перевод,Маржан Т.,False,"- 910,00 ₸"
17,06.12.24,-940.0,Покупка,Домашняя кухня,False,"- 940,00 ₸"
17,06.12.24,8450.0,Пополнение,Меруерт Д.,False,"+ 8 450,00 ₸"
17,06.12.24,-910.0,Перевод,Маржан Т.,False,"- 910,00 ₸"
17,06.12.24,3000.0,Пополнение,Жаксылык С.,False,"+ 3 000,00 ₸"
17,05.12.24,-270.0,Покупка,"ТОЦ Сауле, мыломойка",False,"- 270,00 ₸"
17,05.12.24,1000.0,Пополнение,Алма Н.,False,"+ 1 000,00 ₸"
17,05.12.24,-20000.0,Покупка,"ИП ""Зенова""",False,"- 20 000,00 ₸"
17,05.12.24,19100.0,Пополнение,Со своего Счета в Kaspi Pay,False,"+ 19 100,00 ₸"
17,05.12.24,-910.0,Перевод,Маржан Т.,False,"- 910,00 ₸"
17,04.12.24,-1360.0,Перевод,Диляра К.,False,"- 1 360,00 ₸"
17,04.12.24,-910.0,Перевод,Маржан Т.,False,"- 910,00 ₸"
17,03.12.24,-220.0,Покупка,Домашняя кухня,False,"- 220,00 ₸"
17,03.12.24,-990.0,Покупка,Домашняя кухня,False,"- 990,00 ₸"
17,03.12.24,-910.0,Перевод,Маржан Т.,False,"- 910,00 ₸"
17,03.12.24,10000.0,Пополнение,Кабай А.,False,"+ 10 000,00 ₸"
17,02.12.24,-30000.0,Перевод,Казыбек К.,False,"- 30 000,00 ₸"
17,02.12.24,20700.0,Пополнение,Со своего Счета в Kaspi Pay,False,"+ 20 700,00 ₸"
17,02.12.24,4390.0,Пополнение,Айдар А.,False,"+ 4 390,00 ₸"
17,02.12.24,-930.0,Покупка,ИП Комлев,False,"- 930,00 ₸"
17,01.12.24,-1500.0,Покупка,Казахтелеком ОФД по лицевому счету,False,"- 1 500,00 ₸"
17,01.12.24,-14600.0,Покупка,Fishmania Ekibastuz,False,"- 14 600,00 ₸"
17,01.12.24,16000.0,Пополнение,Со своего Счета в Kaspi Pay,False,"+ 16 000,00 ₸"
17,01.12.24,-8490.0,Покупка,Beeline Интернет дома,False,"- 8 490,00 ₸"
17,29.11.24,-910.0,Перевод,Маржан Т.,False,"- 910,00 ₸"
17,29.11.24,-5000.0,Перевод,Эльвира А.,False,"- 5 000,00 ₸"
18,29.11.24,-231.0,Покупка,Налоги для ИП,False,"- 231,00 ₸"
18,29.11.24,-5950.0,Покупка,Взносы на обязательное соц.мед.страхование для ИП,False,"- 5 950,00 ₸"
18,29.11.24,-1700.0,Покупка,Отчисления и взносы на обязательное,False,"- 1 700,00 ₸"
18,29.11.24,-2550.0,Покупка,Отчисления и взносы на обязательное,False,"- 2 550,00 ₸"
18,29.11.24,-2975.0,Покупка,Cоциальные отчисления,False,"- 2 975,00 ₸"
18,29.11.24,-2975.0,Покупка,Cоциальные отчисления,False,"- 2 975,00 ₸"
18,29.11.24,-1275.0,Покупка,Обязательные Пенсионные Взносы Работодателя,False,"- 1 275,00 ₸"
18,29.11.24,-350.0,Перевод,Гульжанат А.,False,"- 350,00 ₸"
18,29.11.24,10000.0,Пополнение,Анар Н.,False,"+ 10 000,00 ₸"
18,28.11.24,-910.0,Перевод,Маржан Т.,False,"- 910,00 ₸"
18,27.11.24,-3078.0,Покупка,Damu Pharma Экибастуз 1-касса,False,"- 3 078,00 ₸"
18,27.11.24,-910.0,Перевод,Маржан Т.,False,"- 910,00 ₸"
18,27.11.24,-10000.0,Перевод,Райхан Г.,False,"- 10 000,00 ₸"
18,27.11.24,43000.0,Пополнение,Со своего Счета в Kaspi Pay,False,"+ 43 000,00 ₸"
18,26.11.24,-5000.0,Покупка,ARI LAB,False,"- 5 000,00 ₸"
18,26.11.24,6000.0,Пополнение,Со своего Счета в Kaspi Pay,False,"+ 6 000,00 ₸"
18,26.11.24,-500.0,Покупка,IL MIO GELATTO,False,"- 500,00 ₸"
18,26.11.24,-330.0,Покупка,KFC Ekibastuz,False,"- 330,00 ₸"
18,26.11.24,-6200.0,Покупка,KFC Ekibastuz,False,"- 6 200,00 ₸"
18,26.11.24,-5090.0,Покупка,PizzBurg,False,"- 5 090,00 ₸"
18,26.11.24,-17000.0,Перевод,Айтжамал К.,False,"- 17 000,00 ₸"
18,26.11.24,-930.0,Покупка,ИП Комлев,False,"- 930,00 ₸"
18,25.11.24,-500.0,Покупка,Саламат,False,"- 500,00 ₸"
18,25.11.24,9000.0,Пополнение,Айдар П.,False,"+ 9 000,00 ₸"
18,24.11.24,20000.0,Пополнение,Майра А.,False,"+ 20 000,00 ₸"
18,24.11.24,-25000.0,Перевод,Куаныш К.,False,"- 25 000,00 ₸"
18,23.11.24,-23000.0,Перевод,Диана А.,False,"- 23 000,00 ₸"
18,23.11.24,42000.0,Пополнение,Со своего Счета в Kaspi Pay,False,"+ 42 000,00 ₸"
18,23.11.24,-10000.0,Перевод,Арыстан К.,False,"- 10 000,00 ₸"
18,23.11.24,10000.0,Пополнение,Анар Н.,False,"+ 10 000,00 ₸"
18,23.11.24,-31710.0,Перевод,Сара К.,False,"- 31 710,00 ₸"
18,22.11.24,34800.0,Пополнение,Данибек К.,False,"+ 34 800,00 ₸"
18,22.11.24,-910.0,Перевод,Маржан Т.,False,"- 910,00 ₸"
18,21.11.24,-330.0,Перевод,Маржан Т.,False,"- 330,00 ₸"
18,21.11.24,-220.0,Покупка,Damu Pharma Экибастуз 1-касса,False,"- 220,00 ₸"
18,21.11.24,-910.0,Перевод,Маржан Т.,False,"- 910,00 ₸"
18,21.11.24,-8500.0,Покупка,Обязательные пенсионные взносы,False,"- 8 500,00 ₸"
18,21.11.24,-8500.0,Покупка,Обязательные пенсионные взносы,False,"- 8 500,00 ₸"
18,21.11.24,-200.0,Покупка,Домашняя кухня,False,"- 200,00 ₸"
18,21.11.24,-1420.0,Покупка,Домашняя кухня,False,"- 1 420,00 ₸"
18,20.11.24,-910.0,Перевод,Маржан Т.,False,"- 910,00 ₸"
18,20.11.24,-700.0,Покупка,ИП Раисова,False,"- 700,00 ₸"
18,20.11.24,-100000.0,Перевод,Куаныш К.,False,"- 100 000,00 ₸"
18,20.11.24,71000.0,Пополнение,Со своего Счета в Kaspi Pay,False,"+ 71 000,00 ₸"
18,19.11.24,-910.0,Перевод,Маржан Т.,False,"- 910,00 ₸"
19,18.11.24,-910.0,Перевод,Маржан Т.,False,"- 910,00 ₸"
19,17.11.24,-6790.0,Покупка,ДМ Экибастуз City Mall KZ,False,"- 6 790,00 ₸"
19,17.11.24,15500.0,Пополнение,Баян А.,False,"+ 15 500,00 ₸"
19,17.11.24,-1995.0,Разное,Оплата за годовое обслуживание,False,"- 1 995,00 ₸"
19,16.11.24,-4388.0,Покупка,Greenwich,False,"- 4 388,00 ₸"
19,16.11.24,-5000.0,Покупка,Sladkoeshka,False,"- 5 000,00 ₸"
19,16.11.24,8275.0,Пополнение,Ирина К.,False,"+ 8 275,00 ₸"
19,15.11.24,-10000.0,Перевод,Полат К.,False,"- 10 000,00 ₸"
19,15.11.24,-910.0,Перевод,Маржан Т.,False,"- 910,00 ₸"
19,14.11.24,-25000.0,Покупка,Отбасы банк. Пополнение депозита,False,"- 25 000,00 ₸"
19,14.11.24,-30000.0,Перевод,Куаныш К.,False,"- 30 000,00 ₸"
19,14.11.24,70000.0,Пополнение,Тамила Ж.,False,"+ 70 000,00 ₸"
19,14.11.24,-910.0,Перевод,Маржан Т.,False,"- 910,00 ₸"
19,14.11.24,4075.0,Пополнение,Ерполат Б.,False,"+ 4 075,00 ₸"
19,13.11.24,-910.0,Перевод,Маржан Т.,False,"- 910,00 ₸"
19,12.11.24,-930.0,Покупка,ИП Комлев,False,"- 930,00 ₸"
19,12.11.24,28000.0,Пополнение,Дана Қ.,False,"+ 28 000,00 ₸"
19,11.11.24,11100.0,Пополнение,Жайнагуль Ж.,False,"+ 11 100,00 ₸"
19,11.11.24,-930.0,Покупка,ИП Комлев,False,"- 930,00 ₸"
19,10.11.24,-10000.0,Перевод,Райхан Г.,False,"- 10 000,00 ₸"
19,10.11.24,10000.0,Пополнение,Со своего Счета в Kaspi Pay,False,"+ 10 000,00 ₸"
19,10.11.24,-330.0,Покупка,Damu Pharma Экибастуз 1-касса,False,"- 330,00 ₸"
19,10.11.24,-930.0,Покупка,ИП Комлев,False,"- 930,00 ₸"
19,09.11.24,-2975.0,Покупка,отдел Кус вкус,False,"- 2 975,00 ₸"
19,09.11.24,-1020.0,Покупка,"ТОЦ Сауле, мыломойка",False,"- 1 020,00 ₸"
19,09.11.24,-38000.0,Перевод,Аяулым А.,False,"- 38 000,00 ₸"
19,09.11.24,15000.0,Пополнение,Со своего Счета в Kaspi Pay,False,"+ 15 000,00 ₸"
19,07.11.24,-25000.0,Перевод,Джанболат М.,False,"- 25 000,00 ₸"
19,07.11.24,-1360.0,Перевод,Диляра К.,False,"- 1 360,00 ₸"
19,07.11.24,-930.0,Покупка,ИП Комлев,False,"- 930,00 ₸"
19,06.11.24,-1230.0,Покупка,ИП Комлев,False,"- 1 230,00 ₸"
19,05.11.24,-930.0,Покупка,ИП Комлев,False,"- 930,00 ₸"
19,05.11.24,12000.0,Пополнение,Сагнай Ж.,False,"+ 12 000,00 ₸"
19,05.11.24,3470.0,Пополнение,Сардорбек Р.,False,"+ 3 470,00 ₸"
19,05.11.24,-790.0,Покупка,Домашняя кухня,False,"- 790,00 ₸"
19,04.11.24,-200.0,Покупка,"ТОЦ Сауле, мыломойка",False,"- 200,00 ₸"
19,04.11.24,-810.0,Покупка,Домашняя кухня,False,"- 810,00 ₸"
19,02.11.24,-910.0,Покупка,ИП Козкина,False,"- 910,00 ₸"
19,02.11.24,-11195.0,Покупка,SMALL,False,"- 11 195,00 ₸"
19,02.11.24,-2299.0,Покупка,SMALL,False,"- 2 299,00 ₸"
19,02.11.24,-50000.0,Перевод,Куаныш К.,False,"- 50 000,00 ₸"
19,02.11.24,100000.0,Пополнение,В Kaspi Банкомате,False,"+ 100 000,00 ₸"
19,01.11.24,-930.0,Покупка,Альтаир,False,"- 930,00 ₸"
19,31.10.24,-1700.0,Перевод,Ботакөз Ш.,False,"- 1 700,00 ₸"
19,31.10.24,-930.0,Покупка,ИП Комлев,False,"- 930,00 ₸"
19,31.10.24,-30000.0,Перевод,Саида К.,False,"- 30 000,00 ₸"
19,31.10.24,40000.0,Пополнение,Со своего Счета в Kaspi Pay,False,"+ 40 000,00 ₸"
20,30.10.24,-1500.0,Покупка,Казахтелеком ОФД по лицевому счету,False,"- 1 500,00 ₸"
20,30.10.24,-8489.0,Покупка,Beeline Интернет дома,False,"- 8 489,00 ₸"
20,30.10.24,-930.0,Покупка,ИП Комлев,False,"- 930,00 ₸"
20,29.10.24,-25000.0,Покупка,Отбасы банк. Пополнение депозита,False,"- 25 000,00 ₸"
20,29.10.24,-231.0,Покупка,Налоги для ИП,False,"- 231,00 ₸"
20,29.10.24,-1275.0,Покупка,Обязательные Пенсионные Взносы Работодателя,False,"- 1 275,00 ₸"
20,29.10.24,-8500.0,Покупка,Обязательные пенсионные взносы,False,"- 8 500,00 ₸"
20,29.10.24,-8500.0,Покупка,Обязательные пенсионные взносы,False,"- 8 500,00 ₸"
20,29.10.24,-2975.0,Покупка,Cоциальные отчисления,False,"- 2 975,00 ₸"
20,29.10.24,-2975.0,Покупка,Cоциальные отчисления,False,"- 2 975,00 ₸"
20,29.10.24,-2550.0,Покупка,Отчисления и взносы на обязательное,False,"- 2 550,00 ₸"
20,29.10.24,-1700.0,Покупка,Отчисления и взносы на обязательное,False,"- 1 700,00 ₸"
20,29.10.24,-5950.0,Покупка,Взносы на обязательное соц.мед.страхование для ИП,False,"- 5 950,00 ₸"
20,29.10.24,80000.0,Пополнение,В Kaspi Банкомате,False,"+ 80 000,00 ₸"
20,29.10.24,-930.0,Покупка,ИП Комлев,False,"- 930,00 ₸"
20,28.10.24,-8521.0,Покупка,СК Alatau City Garant,False,"- 8 521,00 ₸"
20,28.10.24,-930.0,Покупка,ИП Комлев,False,"- 930,00 ₸"
20,27.10.24,4690.0,Пополнение,Гульбану М.,False,"+ 4 690,00 ₸"
20,27.10.24,-20000.0,Перевод,Саида К.,False,"- 20 000,00 ₸"
20,27.10.24,20000.0,Пополнение,Со своего Счета в Kaspi Pay,False,"+ 20 000,00 ₸"
20,26.10.24,-1350.0,Перевод,Жанель Р.,False,"- 1 350,00 ₸"
20,26.10.24,-930.0,Перевод,Маржан Т.,False,"- 930,00 ₸"
20,25.10.24,-62000.0,Перевод,Умит Ш.,False,"- 62 000,00 ₸"
20,24.10.24,-7840.0,Покупка,Damu Pharma Экибастуз 1-касса,False,"- 7 840,00 ₸"
20,24.10.24,-600.0,Перевод,Ахмет Е.,False,"- 600,00 ₸"
20,24.10.24,-930.0,Покупка,ИП Комлев,False,"- 930,00 ₸"
20,24.10.24,-30000.0,Перевод,Саида К.,False,"- 30 000,00 ₸"
20,24.10.24,-5000.0,Перевод,Джанболат М.,False,"- 5 000,00 ₸"
20,23.10.24,-1700.0,Перевод,Гулмира Ж.,False,"- 1 700,00 ₸"
20,23.10.24,-5000.0,Перевод,Диана А.,False,"- 5 000,00 ₸"
20,23.10.24,-930.0,Покупка,ИП Комлев,False,"- 930,00 ₸"
20,22.10.24,-20000.0,Перевод,Саида К.,False,"- 20 000,00 ₸"
20,22.10.24,-100.0,Покупка,Avtobys. Оплата проезда по QR,False,"- 100,00 ₸"
20,22.10.24,100000.0,Пополнение,Саида К.,False,"+ 100 000,00 ₸"
20,22.10.24,-100000.0,Перевод,Саида К.,False,"- 100 000,00 ₸"
20,22.10.24,55000.0,Пополнение,Со своего Счета в Kaspi Pay,False,"+ 55 000,00 ₸"
20,21.10.24,-930.0,Покупка,ИП Комлев,False,"- 930,00 ₸"
20,20.10.24,-20000.0,Перевод,Саида К.,False,"- 20 000,00 ₸"
20,20.10.24,100000.0,Пополнение,Со своего Счета в Kaspi Pay,False,"+ 100 000,00 ₸"
20,20.10.24,-930.0,Покупка,ИП Комлев,False,"- 930,00 ₸"
20,19.10.24,-930.0,Покупка,ИП Комлев,False,"- 930,00 ₸"
20,18.10.24,-930.0,Покупка,ИП Комлев,False,"- 930,00 ₸"
20,17.10.24,-10000.0,Перевод,Куаныш К.,False,"- 10 000,00 ₸"
20,17.10.24,-930.0,Покупка,ИП Комлев,False,"- 930,00 ₸"
20,16.10.24,-930.0,Покупка,ИП Комлев,False,"- 930,00 ₸"
21,16.10.24,-620.0,Покупка,Домашняя кухня,False,"- 620,00 ₸"
21,16.10.24,15350.0,Пополнение,Лаура М.,False,"+ 15 350,00 ₸"
21,15.10.24,-930.0,Покупка,ИП Комлев,False,"- 930,00 ₸"
21,14.10.24,-930.0,Покупка,ИП Комлев,False,"- 930,00 ₸"
21,14.10.24,8200.0,Пополнение,Мадина И.,False,"+ 8 200,00 ₸"
21,13.10.24,-15000.0,Перевод,Акерке И.,False,"- 15 000,00 ₸"
21,13.10.24,-930.0,Покупка,ИП Комлев,False,"- 930,00 ₸"
21,12.10.24,-2000.0,Перевод,Джанболат М.,False,"- 2 000,00 ₸"
21,12.10.24,-1100.0,Покупка,Мираль,False,"- 1 100,00 ₸"
21,12.10.24,-930.0,Перевод,Маржан Т.,False,"- 930,00 ₸"
21,12.10.24,-300000.0,Перевод,Жанагул М.,False,"- 300 000,00 ₸"
21,12.10.24,300000.0,Пополнение,Со своего Счета в Kaspi Pay,False,"+ 300 000,00 ₸"
21,12.10.24,2300.0,Пополнение,Самат Ш.,False,"+ 2 300,00 ₸"
21,11.10.24,-930.0,Покупка,ИП Комлев,False,"- 930,00 ₸"
21,10.10.24,-2100.0,Перевод,Гүлмира М.,False,"- 2 100,00 ₸"
21,10.10.24,-930.0,Покупка,ИП Комлев,False,"- 930,00 ₸"
21,10.10.24,1394.0,Пополнение,Рая Т.,False,"+ 1 394,00 ₸"
21,10.10.24,160.0,Пополнение,Анфиса С.,False,"+ 160,00 ₸"
21,09.10.24,16905.0,Пополнение,Райымбек Е.,False,"+ 16 905,00 ₸"
21,09.10.24,-930.0,Покупка,ИП Комлев,False,"- 930,00 ₸"
21,08.10.24,-7500.0,Перевод,Джанболат М.,False,"- 7 500,00 ₸"
21,08.10.24,-600.0,Покупка,Dilnaz_tattileri,False,"- 600,00 ₸"
21,08.10.24,6000.0,Пополнение,Казыбек К.,False,"+ 6 000,00 ₸"
21,08.10.24,-930.0,Покупка,ИП Комлев,False,"- 930,00 ₸"
21,08.10.24,8850.0,Пополнение,Куралай Б.,False,"+ 8 850,00 ₸"
21,07.10.24,-930.0,Покупка,ИП Комлев,False,"- 930,00 ₸"
21,06.10.24,-930.0,Покупка,ИП Комлев,False,"- 930,00 ₸"
21,06.10.24,-50000.0,Перевод,Куаныш К.,False,"- 50 000,00 ₸"
21,06.10.24,23000.0,Пополнение,Со своего Счета в Kaspi Pay,False,"+ 23 000,00 ₸"
21,05.10.24,-930.0,Покупка,ИП Комлев,False,"- 930,00 ₸"
21,04.10.24,-1500.0,Покупка,Казахтелеком ОФД по лицевому счету,False,"- 1 500,00 ₸"
21,04.10.24,-930.0,Покупка,ИП Комлев,False,"- 930,00 ₸"
21,03.10.24,-30.0,Покупка,Damu Pharma Экибастуз 1-касса,False,"- 30,00 ₸"
21,03.10.24,-1415.0,Покупка,Damu Pharma Экибастуз 1-касса,False,"- 1 415,00 ₸"
21,02.10.24,-930.0,Покупка,ИП Комлев,False,"- 930,00 ₸"
21,02.10.24,10000.0,Пополнение,Райхан Г.,False,"+ 10 000,00 ₸"
21,02.10.24,5000.0,Пополнение,Клара Т.,False,"+ 5 000,00 ₸"
21,02.10.24,-770.0,Покупка,Домашняя кухня,False,"- 770,00 ₸"
21,02.10.24,285.0,Пополнение,Марина Ф.,False,"+ 285,00 ₸"
21,01.10.24,-930.0,Покупка,ИП Комлев,False,"- 930,00 ₸"
21,01.10.24,-835.0,Покупка,Цех Гурман,False,"- 835,00 ₸"
21,01.10.24,-540.0,Покупка,"""Тоц Сауле""ТЦ",False,"- 540,00 ₸"
21,30.09.24,-8500.0,Перевод,Джанболат М.,False,"- 8 500,00 ₸"
21,30.09.24,-910.0,Покупка,ип Салтанат,False,"- 910,00 ₸"
21,30.09.24,-8500.0,Перевод,Амина Ж.,False,"- 8 500,00 ₸"
21,30.09.24,4500.0,Пополнение,Багадат Т.,False,"+ 4 500,00 ₸"
21,29.09.24,-2000.0,Перевод,Гүлмира М.,False,"- 2 000,00 ₸"
22,29.09.24,34000.0,Пополнение,Со своего Счета в Kaspi Pay,False,"+ 34 000,00 ₸"
22,29.09.24,-19107.0,Покупка,ДМ Нур-Султан Abu Dhabi Plaza KZ,False,"- 19 107,00 ₸"
22,29.09.24,-1930.0,Покупка,Coffee Park ADP,False,"- 1 930,00 ₸"
22,29.09.24,-8300.0,Покупка,Smile Kids,False,"- 8 300,00 ₸"
22,29.09.24,28000.0,Пополнение,Со своего Счета в Kaspi Pay,False,"+ 28 000,00 ₸"
22,28.09.24,-8500.0,Покупка,Kinder Land,False,"- 8 500,00 ₸"
22,27.09.24,-910.0,Покупка,ИП Комлев,False,"- 910,00 ₸"
22,26.09.24,-910.0,Покупка,ИП Комлев,False,"- 910,00 ₸"
22,25.09.24,-30000.0,Перевод,Əділет К.,False,"- 30 000,00 ₸"
22,25.09.24,21000.0,Пополнение,Со своего Счета в Kaspi Pay,False,"+ 21 000,00 ₸"
22,25.09.24,-910.0,Покупка,ИП Комлев,False,"- 910,00 ₸"
22,25.09.24,-670.0,Покупка,Домашняя кухня,False,"- 670,00 ₸"
22,24.09.24,8166.0,Пополнение,Лаура М.,False,"+ 8 166,00 ₸"
22,24.09.24,8385.0,Пополнение,Жанат А.,False,"+ 8 385,00 ₸"
22,24.09.24,-910.0,Покупка,ИП Комлев,False,"- 910,00 ₸"
22,23.09.24,-231.0,Покупка,Налоги для ИП,False,"- 231,00 ₸"
22,23.09.24,-1275.0,Покупка,Обязательные Пенсионные Взносы Работодателя,False,"- 1 275,00 ₸"
22,23.09.24,-5950.0,Покупка,Взносы на обязательное соц.мед.страхование для ИП,False,"- 5 950,00 ₸"
22,23.09.24,-1700.0,Покупка,Отчисления и взносы на обязательное,False,"- 1 700,00 ₸"
22,23.09.24,-2550.0,Покупка,Отчисления и взносы на обязательное,False,"- 2 550,00 ₸"
22,23.09.24,-2975.0,Покупка,Cоциальные отчисления,False,"- 2 975,00 ₸"
22,23.09.24,-2975.0,Покупка,Cоциальные отчисления,False,"- 2 975,00 ₸"
22,23.09.24,-8500.0,Покупка,Обязательные пенсионные взносы,False,"- 8 500,00 ₸"
22,23.09.24,-8500.0,Покупка,Обязательные пенсионные взносы,False,"- 8 500,00 ₸"
22,23.09.24,35000.0,Пополнение,Со своего Счета в Kaspi Pay,False,"+ 35 000,00 ₸"
22,23.09.24,-1320.0,Покупка,"""Тоц Сауле""ТЦ",False,"- 1 320,00 ₸"
22,23.09.24,1000.0,Пополнение,Жанар М.,False,"+ 1 000,00 ₸"
22,23.09.24,-910.0,Покупка,ИП Комлев,False,"- 910,00 ₸"
22,22.09.24,-10000.0,Перевод,Куаныш К.,False,"- 10 000,00 ₸"
22,22.09.24,100.0,Пополнение,Альбина К.,False,"+ 100,00 ₸"
22,22.09.24,-910.0,Покупка,ИП Комлев,False,"- 910,00 ₸"
22,21.09.24,-910.0,Покупка,ИП Комлев,False,"- 910,00 ₸"
22,20.09.24,-10000.0,Перевод,Куаныш К.,False,"- 10 000,00 ₸"
22,20.09.24,-910.0,Покупка,ИП Комлев,False,"- 910,00 ₸"
22,19.09.24,-350000.0,Перевод,Ғалия Б.,False,"- 350 000,00 ₸"
22,19.09.24,-100.0,Перевод,Сымбат Л.,False,"- 100,00 ₸"
22,19.09.24,-30000.0,Перевод,Гульжанат А.,False,"- 30 000,00 ₸"
22,19.09.24,390000.0,Пополнение,Со своего Счета в Kaspi Pay,False,"+ 390 000,00 ₸"
22,19.09.24,-910.0,Покупка,ИП Комлев,False,"- 910,00 ₸"
22,19.09.24,-10000.0,Перевод,Ғалия Б.,False,"- 10 000,00 ₸"
22,19.09.24,30000.0,Пополнение,Гульжанат А.,False,"+ 30 000,00 ₸"
22,18.09.24,-910.0,Покупка,ИП Комлев,False,"- 910,00 ₸"
22,18.09.24,-350.0,Покупка,Торты от Алтын,False,"- 350,00 ₸"
22,17.09.24,-700.0,Перевод,Индира О.,False,"- 700,00 ₸"
22,17.09.24,-910.0,Покупка,ИП Комлев,False,"- 910,00 ₸"
23,17.09.24,-640.0,Покупка,Домашняя кухня,False,"- 640,00 ₸"
23,17.09.24,2370.0,Пополнение,Индира Т.,False,"+ 2 370,00 ₸"
23,17.09.24,-20000.0,Перевод,Куаныш К.,False,"- 20 000,00 ₸"
23,16.09.24,-910.0,Покупка,ИП Комлев,False,"- 910,00 ₸"
23,16.09.24,-1250.0,Покупка,Домашняя кухня,False,"- 1 250,00 ₸"
23,15.09.24,-15400.0,Покупка,Отбасы банк. Пополнение депозита,False,"- 15 400,00 ₸"
23,15.09.24,-910.0,Покупка,ИП Комлев,False,"- 910,00 ₸"
23,14.09.24,-910.0,Покупка,ИП Комлев,False,"- 910,00 ₸"
23,13.09.24,-5000.0,Перевод,Анар Н.,False,"- 5 000,00 ₸"
23,13.09.24,5000.0,Пополнение,Мадина И.,False,"+ 5 000,00 ₸"
23,13.09.24,-1280.0,Покупка,Damu Pharma Экибастуз 1-касса,False,"- 1 280,00 ₸"
23,12.09.24,-290.0,Перевод,Рита Т.,False,"- 290,00 ₸"
23,11.09.24,48000.0,Пополнение,Алия Б.,False,"+ 48 000,00 ₸"
23,10.09.24,-970.0,Покупка,Домашняя кухня,False,"- 970,00 ₸"
23,09.09.24,-1400.0,Покупка,"ТОЦ Сауле, мыломойка",False,"- 1 400,00 ₸"
23,09.09.24,-1170.0,Покупка,ИП Комлев,False,"- 1 170,00 ₸"
23,09.09.24,-600.0,Покупка,Хоз товары,False,"- 600,00 ₸"
23,08.09.24,-910.0,Покупка,ИП Комлев,False,"- 910,00 ₸"
23,08.09.24,-320.0,Перевод,Татьяна К.,False,"- 320,00 ₸"
23,08.09.24,-50000.0,Перевод,Куаныш К.,False,"- 50 000,00 ₸"
23,08.09.24,30000.0,Пополнение,Со своего Счета в Kaspi Pay,False,"+ 30 000,00 ₸"
23,07.09.24,-910.0,Покупка,ИП Комлев,False,"- 910,00 ₸"
23,07.09.24,13000.0,Пополнение,Кымбат Б.,False,"+ 13 000,00 ₸"
23,06.09.24,-900.0,Покупка,SMALL,False,"- 900,00 ₸"
23,06.09.24,-68000.0,Покупка,Men's Shop,False,"- 68 000,00 ₸"
23,06.09.24,25000.0,Пополнение,Со своего Счета в Kaspi Pay,False,"+ 25 000,00 ₸"
23,06.09.24,-910.0,Покупка,ИП Комлев,False,"- 910,00 ₸"
23,05.09.24,-480.0,Покупка,Damu Pharma Экибастуз 1-касса,False,"- 480,00 ₸"
23,05.09.24,-4355.0,Покупка,Damu Pharma Экибастуз 1-касса,False,"- 4 355,00 ₸"
23,04.09.24,-990.0,Перевод,Бахтыгуль Ж.,False,"- 990,00 ₸"
23,04.09.24,9185.0,Пополнение,Бахтыгуль Ж.,False,"+ 9 185,00 ₸"
23,04.09.24,-5000.0,Перевод,Мадина Ш.,False,"- 5 000,00 ₸"
23,04.09.24,41000.0,Пополнение,Со своего Счета в Kaspi Pay,False,"+ 41 000,00 ₸"
23,04.09.24,11750.0,Пополнение,Лаура М.,False,"+ 11 750,00 ₸"
23,03.09.24,-1350.0,Покупка,Damu Pharma Экибастуз 1-касса,False,"- 1 350,00 ₸"
23,03.09.24,-3500.0,Перевод,Айнур Д.,False,"- 3 500,00 ₸"
23,03.09.24,11400.0,Пополнение,Со своего Счета в Kaspi Pay,False,"+ 11 400,00 ₸"
23,02.09.24,-910.0,Покупка,ИП Комлев,False,"- 910,00 ₸"
23,02.09.24,-1890.0,Покупка,"""Тоц Сауле""ТЦ",False,"- 1 890,00 ₸"
23,01.09.24,-910.0,Покупка,ИП Комлев,False,"- 910,00 ₸"
23,30.08.24,-1500.0,Покупка,Казахтелеком ОФД по лицевому счету,False,"- 1 500,00 ₸"
23,30.08.24,-8490.0,Покупка,Beeline Интернет дома,False,"- 8 490,00 ₸"
23,30.08.24,15000.0,Пополнение,Со своего Счета в Kaspi Pay,False,"+ 15 000,00 ₸"
23,30.08.24,-170.0,Покупка,Damu Pharma Экибастуз 1-касса,False,"- 170,00 ₸"
23,29.08.24,-19.0,Покупка,Мираль,False,"- 19,00 ₸"
