﻿page,date,amount,operation,details,clock_icon,amount_text
0,03.09.25,-300.0,Перевод,Саябек С.,False,"- 300,00 ₸"
0,03.09.25,-60000.0,Перевод,Əсел А.,False,"- 60 000,00 ₸"
0,03.09.25,-15000.0,Перевод,Айгүл С.,False,"- 15 000,00 ₸"
0,03.09.25,100000.0,Пополнение,В Kaspi Банкомате,False,"+ 100 000,00 ₸"
0,02.09.25,-300.0,Покупка,Меруерт,False,"- 300,00 ₸"
0,02.09.25,-30000.0,Перевод,Сара С.,False,"- 30 000,00 ₸"
0,02.09.25,30000.0,Пополнение,Нұржас М.,False,"+ 30 000,00 ₸"
0,31.08.25,-3500.0,Перевод,Раузат А.,False,"- 3 500,00 ₸"
0,31.08.25,-3500.0,Покупка,DIVA,False,"- 3 500,00 ₸"
0,31.08.25,-200.0,Перевод,Бекдана З.,False,"- 200,00 ₸"
0,29.08.25,-311.03,Покупка,QAZAQGAZ AIMAQ Тараз,False,"- 311,03 ₸"
0,29.08.25,-25000.0,Перевод,Сара С.,False,"- 25 000,00 ₸"
0,29.08.25,10000.0,Пополнение,В Kaspi Банкомате,False,"+ 10 000,00 ₸"
0,29.08.25,20000.0,Пополнение,В Kaspi Банкомате,False,"+ 20 000,00 ₸"
0,29.08.25,-2000.0,Перевод,Валера М.,False,"- 2 000,00 ₸"
0,29.08.25,-250.0,Покупка,Али Шер,False,"- 250,00 ₸"
0,26.08.25,-700.0,Перевод,Гани А.,False,"- 700,00 ₸"
0,26.08.25,-500.0,Перевод,Ербол З.,False,"- 500,00 ₸"
0,26.08.25,-100.0,Покупка,TulparCard. Оплата проезда по QR,False,"- 100,00 ₸"
0,26.08.25,-500.0,Перевод,Жаксыбек И.,False,"- 500,00 ₸"
0,26.08.25,-700.0,Перевод,Марат С.,False,"- 700,00 ₸"
1,26.08.25,4000.0,Пополнение,Саябек С.,False,"+ 4 000,00 ₸"
1,24.08.25,-3400.0,Перевод,Айжан М.,False,"- 3 400,00 ₸"
1,24.08.25,5000.0,Пополнение,Саябек С.,False,"+ 5 000,00 ₸"
1,24.08.25,-160.0,Перевод,Куваншбек А.,False,"- 160,00 ₸"
1,24.08.25,-300.0,Покупка,Ип наурзкулова,False,"- 300,00 ₸"
1,24.08.25,-500.0,Перевод,Муратхан Е.,False,"- 500,00 ₸"
1,22.08.25,-1550.0,Перевод,Салтанат Т.,False,"- 1 550,00 ₸"
1,22.08.25,-2300.0,Перевод,Дархан Т.,False,"- 2 300,00 ₸"
1,22.08.25,-100.0,Перевод,Дина К.,False,"- 100,00 ₸"
1,22.08.25,5000.0,Пополнение,Гулнара М.,False,"+ 5 000,00 ₸"
1,22.08.25,225.0,Пополнение,В кассе Казпочты,False,"+ 225,00 ₸"
1,22.08.25,-10000.0,Перевод,Аружан Ж.,False,"- 10 000,00 ₸"
1,22.08.25,-2000.0,Перевод,Данияр М.,False,"- 2 000,00 ₸"
1,22.08.25,13450.0,Пополнение,Каримберген Ж.,False,"+ 13 450,00 ₸"
1,18.08.25,-150000.0,Снятие,Банкомат Alma,False,"- 150 000,00 ₸"
1,18.08.25,150000.0,Пополнение,Əсел А.,False,"+ 150 000,00 ₸"
1,18.08.25,-1000.0,Перевод,Муратбай С.,False,"- 1 000,00 ₸"
1,17.08.25,-1090.0,Покупка,МЕР,False,"- 1 090,00 ₸"
1,17.08.25,-8520.0,Перевод,Куваншбек А.,False,"- 8 520,00 ₸"
1,17.08.25,10000.0,Пополнение,Əсел А.,False,"+ 10 000,00 ₸"
1,17.08.25,-70.0,Покупка,Ип Махашева,False,"- 70,00 ₸"
1,17.08.25,-500.0,Перевод,Азиза А.,False,"- 500,00 ₸"
1,17.08.25,-500.0,Перевод,Абдигали У.,False,"- 500,00 ₸"
1,15.08.25,-14600.0,Перевод,Салима И.,False,"- 14 600,00 ₸"
1,15.08.25,14000.0,Пополнение,С Kaspi Депозита,False,"+ 14 000,00 ₸"
1,15.08.25,-983.0,Покупка,Оплата услуг АвтоЦОН по QR,False,"- 983,00 ₸"
1,15.08.25,-4915.0,Покупка,Оплата услуг АвтоЦОН по QR,False,"- 4 915,00 ₸"
1,14.08.25,-100.0,Покупка,Индира,False,"- 100,00 ₸"
1,14.08.25,-100.0,Перевод,Куат Б.,False,"- 100,00 ₸"
1,14.08.25,-60000.0,Перевод,Мадина К.,False,"- 60 000,00 ₸"
1,14.08.25,20000.0,Пополнение,В Kaspi Банкомате,False,"+ 20 000,00 ₸"
1,14.08.25,-220.0,Перевод,Гулшод Р.,False,"- 220,00 ₸"
1,14.08.25,-100.0,Перевод,Куат Б.,False,"- 100,00 ₸"
1,14.08.25,-52000.0,Перевод,Казбек Б.,False,"- 52 000,00 ₸"
1,13.08.25,-200000.0,Перевод,Ғабиден С.,False,"- 200 000,00 ₸"
1,13.08.25,300000.0,Пополнение,Кредит Наличными,False,"+ 300 000,00 ₸"
1,13.08.25,-2000.0,Покупка,ТОО Ак кайын,False,"- 2 000,00 ₸"
1,12.08.25,-1150.0,Перевод,Матлуба И.,False,"- 1 150,00 ₸"
1,12.08.25,-3900.0,Перевод,Куваншбек А.,False,"- 3 900,00 ₸"
1,11.08.25,-1.31,Покупка,Долги по налогам,False,"- 1,31 ₸"
1,11.08.25,-7160.0,Покупка,Аптека Садыхан,False,"- 7 160,00 ₸"
1,11.08.25,-370.0,Покупка,Аптека САНЖАР,False,"- 370,00 ₸"
1,11.08.25,-630.0,Покупка,Аптека САНЖАР,False,"- 630,00 ₸"
1,10.08.25,-494.0,Покупка,Вкусная корзинка,False,"- 494,00 ₸"
1,10.08.25,-200.0,Покупка,Аппарат самообслуживания,False,"- 200,00 ₸"
1,09.08.25,-20000.0,Перевод,Алтын У.,False,"- 20 000,00 ₸"
1,09.08.25,500.0,Пополнение,Руслан А.,False,"+ 500,00 ₸"
2,08.08.25,-150.0,Перевод,Акзира А.,False,"- 150,00 ₸"
2,08.08.25,-55949.0,Перевод,Оплата Kaspi Кредита,False,"- 55 949,00 ₸"
2,08.08.25,-15000.0,Перевод,Шолпан С.,False,"- 15 000,00 ₸"
2,08.08.25,89510.0,Пополнение,Пенсия/пособие,False,"+ 89 510,00 ₸"
2,07.08.25,-1385.0,Перевод,Матлуба И.,False,"- 1 385,00 ₸"
2,07.08.25,15000.0,Пополнение,Алтын У.,False,"+ 15 000,00 ₸"
2,07.08.25,-17860.0,Перевод,Каримберген Ж.,False,"- 17 860,00 ₸"
2,06.08.25,22000.0,Пополнение,Гульсим А.,False,"+ 22 000,00 ₸"
2,06.08.25,-600.0,Перевод,Сара С.,False,"- 600,00 ₸"
2,02.08.25,600.0,Пополнение,Индира Е.,False,"+ 600,00 ₸"
2,28.07.25,-1000.0,Покупка,Магазин,False,"- 1 000,00 ₸"
2,27.07.25,-20000.0,Перевод,Айгүл С.,False,"- 20 000,00 ₸"
2,27.07.25,15000.0,Пополнение,Əсел А.,False,"+ 15 000,00 ₸"
2,27.07.25,-500.0,Перевод,Руслан Ж.,False,"- 500,00 ₸"
2,27.07.25,-1200.0,Перевод,Роза О.,False,"- 1 200,00 ₸"
2,27.07.25,-800.0,Покупка,Магазин,False,"- 800,00 ₸"
2,27.07.25,-350.0,Перевод,Перизат С.,False,"- 350,00 ₸"
2,27.07.25,-3000.0,Перевод,Айжан М.,False,"- 3 000,00 ₸"
2,27.07.25,-15000.0,Перевод,Айжан М.,False,"- 15 000,00 ₸"
2,27.07.25,20000.0,Пополнение,Айгүл С.,False,"+ 20 000,00 ₸"
2,27.07.25,-10000.0,Перевод,Аружан Ж.,False,"- 10 000,00 ₸"
2,27.07.25,-3500.0,Перевод,Раузат А.,False,"- 3 500,00 ₸"
2,25.07.25,-18000.0,Перевод,Айгүл С.,False,"- 18 000,00 ₸"
2,25.07.25,-1620.0,Перевод,Дамира Н.,False,"- 1 620,00 ₸"
2,25.07.25,-6000.0,Перевод,Жанар С.,False,"- 6 000,00 ₸"
2,24.07.25,-214.26,Покупка,ИЦ-Тараз,False,"- 214,26 ₸"
2,24.07.25,-7400.0,Покупка,ЖЭС. Физические лица,False,"- 7 400,00 ₸"
2,24.07.25,-400.0,Перевод,Төлеби Ж.,False,"- 400,00 ₸"
2,24.07.25,-110000.0,Снятие,Банкомат Korzinka,False,"- 110 000,00 ₸"
2,24.07.25,110000.0,Пополнение,С карты другого банка,False,"+ 110 000,00 ₸"
2,24.07.25,10000.0,Пополнение,Бекзада Ж.,False,"+ 10 000,00 ₸"
2,24.07.25,20000.0,Пополнение,Гульбайра У.,False,"+ 20 000,00 ₸"
2,23.07.25,10000.0,Пополнение,Мөлдір С.,False,"+ 10 000,00 ₸"
2,23.07.25,-6750.0,Перевод,Ахылбек С.,False,"- 6 750,00 ₸"
2,23.07.25,-10000.0,Перевод,Жанар С.,False,"- 10 000,00 ₸"
2,23.07.25,30000.0,Пополнение,Айгүл С.,False,"+ 30 000,00 ₸"
2,23.07.25,-4500.0,Перевод,Аинур К.,False,"- 4 500,00 ₸"
2,23.07.25,-1.25,Покупка,Долги по налогам,False,"- 1,25 ₸"
2,23.07.25,-15.0,Покупка,Долги по налогам,False,"- 15,00 ₸"
2,23.07.25,-15.0,Покупка,Долги по налогам,False,"- 15,00 ₸"
2,23.07.25,-2000.0,Перевод,Дархан Т.,False,"- 2 000,00 ₸"
2,22.07.25,-1721000.0,Перевод,Саябек С.,False,"- 1 721 000,00 ₸"
2,22.07.25,1721000.0,Пополнение,С Kaspi Депозита,False,"+ 1 721 000,00 ₸"
2,22.07.25,-1400.0,Перевод,Гулнара М.,False,"- 1 400,00 ₸"
2,22.07.25,-1900.0,Покупка,ДАУРЕН,False,"- 1 900,00 ₸"
2,22.07.25,-4500.0,Перевод,Нургали Д.,False,"- 4 500,00 ₸"
2,22.07.25,-4000.0,Перевод,Эдуард Б.,False,"- 4 000,00 ₸"
3,22.07.25,-1000.0,Покупка,Арман,False,"- 1 000,00 ₸"
3,21.07.25,-30000.0,Перевод,Айгүл С.,False,"- 30 000,00 ₸"
3,21.07.25,-10000.0,Перевод,Салтанат А.,False,"- 10 000,00 ₸"
3,20.07.25,60000.0,Пополнение,Раихан Ю.,False,"+ 60 000,00 ₸"
3,15.07.25,-3000.0,Покупка,NURSULTAN,False,"- 3 000,00 ₸"
3,15.07.25,-3000.0,Перевод,Айнур М.,False,"- 3 000,00 ₸"
3,14.07.25,-3750.0,Перевод,Мөлдір С.,False,"- 3 750,00 ₸"
3,14.07.25,-1650.0,Перевод,Тайжан У.,False,"- 1 650,00 ₸"
3,12.07.25,-1600.0,Перевод,Сакен О.,False,"- 1 600,00 ₸"
3,12.07.25,10000.0,Пополнение,Айгүл С.,False,"+ 10 000,00 ₸"
3,11.07.25,-2000.0,Покупка,MANSUR,False,"- 2 000,00 ₸"
3,11.07.25,-55000.0,Перевод,Жанар С.,False,"- 55 000,00 ₸"
3,11.07.25,60000.0,Пополнение,С Kaspi Депозита,False,"+ 60 000,00 ₸"
3,11.07.25,-190000.0,Перевод,На Kaspi Депозит,False,"- 190 000,00 ₸"
3,11.07.25,-3100.0,Покупка,MANSUR,False,"- 3 100,00 ₸"
3,10.07.25,-8700.0,Перевод,Ахылбек С.,False,"- 8 700,00 ₸"
3,10.07.25,25000.0,Пополнение,Айгүл С.,False,"+ 25 000,00 ₸"
3,10.07.25,-1836.95,Покупка,QAZAQGAZ AIMAQ Тараз,False,"- 1 836,95 ₸"
3,10.07.25,-2000.0,Покупка,Магазин,False,"- 2 000,00 ₸"
3,09.07.25,-8000.0,Перевод,Ментай К.,False,"- 8 000,00 ₸"
3,09.07.25,-700.0,Перевод,Багила Б.,False,"- 700,00 ₸"
3,09.07.25,-3300.0,Перевод,Жандос Е.,False,"- 3 300,00 ₸"
3,09.07.25,-300.0,Перевод,Жаңагүл М.,False,"- 300,00 ₸"
3,09.07.25,-7870.0,Перевод,Тайжан У.,False,"- 7 870,00 ₸"
3,09.07.25,-2000.0,Перевод,Багила З.,False,"- 2 000,00 ₸"
3,08.07.25,350.0,Пополнение,Қадырбек Қ.,False,"+ 350,00 ₸"
3,08.07.25,-55949.0,Перевод,Оплата Kaspi Кредита,False,"- 55 949,00 ₸"
3,08.07.25,89510.0,Пополнение,Пенсия/пособие,False,"+ 89 510,00 ₸"
3,07.07.25,-5000.0,Перевод,Сауле К.,False,"- 5 000,00 ₸"
3,07.07.25,-10000.0,Перевод,Мөлдір С.,False,"- 10 000,00 ₸"
3,06.07.25,-20000.0,Перевод,Галмат Д.,False,"- 20 000,00 ₸"
3,06.07.25,-35000.0,Перевод,Айгүл С.,False,"- 35 000,00 ₸"
3,06.07.25,-930.0,Покупка,Gulnaz,False,"- 930,00 ₸"
3,06.07.25,30000.0,Пополнение,Гульбану О.,False,"+ 30 000,00 ₸"
3,05.07.25,50000.0,Пополнение,Жансамал Н.,False,"+ 50 000,00 ₸"
3,05.07.25,40000.0,Пополнение,Зульфия Т.,False,"+ 40 000,00 ₸"
3,05.07.25,25000.0,Пополнение,Рахимжан Н.,False,"+ 25 000,00 ₸"
3,05.07.25,20000.0,Пополнение,Марзия Б.,False,"+ 20 000,00 ₸"
3,05.07.25,25000.0,Пополнение,Еркежан А.,False,"+ 25 000,00 ₸"
3,05.07.25,50000.0,Пополнение,Асет С.,False,"+ 50 000,00 ₸"
3,05.07.25,-200000.0,Перевод,Ғабиден С.,False,"- 200 000,00 ₸"
3,05.07.25,130000.0,Пополнение,С Kaspi Депозита,False,"+ 130 000,00 ₸"
3,05.07.25,20000.0,Пополнение,Марьяш Б.,False,"+ 20 000,00 ₸"
3,05.07.25,20000.0,Пополнение,Лаура Н.,False,"+ 20 000,00 ₸"
3,05.07.25,30000.0,Пополнение,Алмакуль Т.,False,"+ 30 000,00 ₸"
3,05.07.25,-30000.0,Перевод,Ғабиден С.,False,"- 30 000,00 ₸"
3,05.07.25,30000.0,Пополнение,С Kaspi Депозита,False,"+ 30 000,00 ₸"
4,05.07.25,-30000.0,Перевод,Айгүл С.,False,"- 30 000,00 ₸"
4,05.07.25,30000.0,Пополнение,С Kaspi Депозита,False,"+ 30 000,00 ₸"
4,04.07.25,-86300.0,Перевод,Сандугаш Т.,False,"- 86 300,00 ₸"
4,04.07.25,81000.0,Пополнение,С Kaspi Депозита,False,"+ 81 000,00 ₸"
4,04.07.25,-430000.0,Перевод,На Kaspi Депозит,False,"- 430 000,00 ₸"
4,04.07.25,430000.0,Пополнение,Əсел А.,False,"+ 430 000,00 ₸"
4,02.07.25,5300.0,Пополнение,Сара С.,False,"+ 5 300,00 ₸"
4,01.07.25,-500.0,Перевод,Марат С.,False,"- 500,00 ₸"
4,01.07.25,500.0,Пополнение,Сара С.,False,"+ 500,00 ₸"
4,01.07.25,-5000.0,Перевод,Марзия Б.,False,"- 5 000,00 ₸"
4,01.07.25,5000.0,Пополнение,Айгүл С.,False,"+ 5 000,00 ₸"
4,30.06.25,-1200.0,Перевод,Мөлдір С.,False,"- 1 200,00 ₸"
4,29.06.25,-2530.0,Перевод,Набира М.,False,"- 2 530,00 ₸"
4,29.06.25,2900.0,Пополнение,Ертолқын Н.,False,"+ 2 900,00 ₸"
4,29.06.25,-3000.0,Перевод,Жанар С.,False,"- 3 000,00 ₸"
4,29.06.25,-50000.0,Перевод,Айгүл С.,False,"- 50 000,00 ₸"
4,29.06.25,10000.0,Пополнение,С Kaspi Депозита,False,"+ 10 000,00 ₸"
4,29.06.25,-250000.0,Перевод,На Kaspi Депозит,False,"- 250 000,00 ₸"
4,28.06.25,-10000.0,Перевод,Сара С.,False,"- 10 000,00 ₸"
4,27.06.25,-450.0,Перевод,Меруерт О.,False,"- 450,00 ₸"
4,26.06.25,-1654.58,Покупка,QAZAQGAZ AIMAQ Тараз,False,"- 1 654,58 ₸"
4,26.06.25,-4600.0,Перевод,Айжан Ж.,False,"- 4 600,00 ₸"
4,26.06.25,8000.0,Пополнение,Саябек С.,False,"+ 8 000,00 ₸"
4,25.06.25,300.0,Пополнение,Гулнора А.,False,"+ 300,00 ₸"
4,25.06.25,10000.0,Пополнение,Райса Ж.,False,"+ 10 000,00 ₸"
4,25.06.25,385.0,Пополнение,Нурипа Е.,False,"+ 385,00 ₸"
4,25.06.25,-400.0,Перевод,Меирбек К.,False,"- 400,00 ₸"
4,25.06.25,91000.0,Пополнение,В Kaspi Банкомате,False,"+ 91 000,00 ₸"
4,25.06.25,201000.0,Пополнение,В Kaspi Банкомате,False,"+ 201 000,00 ₸"
4,24.06.25,-1000.0,Перевод,Нурипа Е.,False,"- 1 000,00 ₸"
4,24.06.25,-4000.0,Перевод,Айгүл С.,False,"- 4 000,00 ₸"
4,24.06.25,-500000.0,Перевод,На Kaspi Депозит,False,"- 500 000,00 ₸"
4,24.06.25,320200.0,Пополнение,С карты другого банка,False,"+ 320 200,00 ₸"
4,21.06.25,-10000.0,Перевод,Мөлдір С.,False,"- 10 000,00 ₸"
4,21.06.25,500.0,Пополнение,Ерсұлтан Ж.,False,"+ 500,00 ₸"
4,21.06.25,20000.0,Пополнение,Саябек С.,False,"+ 20 000,00 ₸"
4,21.06.25,-15000.0,Перевод,Бекдана З.,False,"- 15 000,00 ₸"
4,20.06.25,-11000.0,Перевод,Ахылбек С.,False,"- 11 000,00 ₸"
4,20.06.25,500.0,Пополнение,Салтанат К.,False,"+ 500,00 ₸"
4,20.06.25,50000.0,Пополнение,Саябек С.,False,"+ 50 000,00 ₸"
4,20.06.25,150000.0,Пополнение,Саябек С.,False,"+ 150 000,00 ₸"
4,18.06.25,-110000.0,Перевод,Айгүл С.,False,"- 110 000,00 ₸"
4,18.06.25,110000.0,Пополнение,С Kaspi Депозита,False,"+ 110 000,00 ₸"
4,16.06.25,-5000.0,Перевод,Кульзипа Е.,False,"- 5 000,00 ₸"
4,16.06.25,5000.0,Пополнение,Əсел А.,False,"+ 5 000,00 ₸"
4,16.06.25,-150.0,Перевод,Серик Т.,False,"- 150,00 ₸"
4,15.06.25,-200000.0,Перевод,Айгүл С.,False,"- 200 000,00 ₸"
5,15.06.25,199800.0,Пополнение,С Kaspi Депозита,False,"+ 199 800,00 ₸"
5,15.06.25,200.0,Пополнение,С Kaspi Депозита,False,"+ 200,00 ₸"
5,13.06.25,-220000.0,Перевод,Айгүл С.,False,"- 220 000,00 ₸"
5,13.06.25,220000.0,Пополнение,Саябек С.,False,"+ 220 000,00 ₸"
5,12.06.25,-250000.0,Перевод,Əсел А.,False,"- 250 000,00 ₸"
5,12.06.25,-12000.0,Перевод,Бекзада Ж.,False,"- 12 000,00 ₸"
5,12.06.25,260000.0,Пополнение,С Kaspi Депозита,False,"+ 260 000,00 ₸"
5,11.06.25,-135000.0,Перевод,Əсел А.,False,"- 135 000,00 ₸"
5,11.06.25,135000.0,Пополнение,Берик К.,False,"+ 135 000,00 ₸"
5,10.06.25,-800000.0,Перевод,На Kaspi Депозит,False,"- 800 000,00 ₸"
5,10.06.25,-550.0,Перевод,Роза О.,False,"- 550,00 ₸"
5,10.06.25,160000.0,Пополнение,Саябек С.,False,"+ 160 000,00 ₸"
5,09.06.25,35000.0,Пополнение,Лескул К.,False,"+ 35 000,00 ₸"
5,09.06.25,-55949.0,Перевод,Оплата Kaspi Кредита,False,"- 55 949,00 ₸"
5,09.06.25,510000.0,Пополнение,В Kaspi Банкомате,False,"+ 510 000,00 ₸"
5,09.06.25,89510.0,Пополнение,Пенсия/пособие,False,"+ 89 510,00 ₸"
5,08.06.25,-550.0,Покупка,BAQYT,False,"- 550,00 ₸"
5,07.06.25,30000.0,Пополнение,Саябек С.,False,"+ 30 000,00 ₸"
5,05.06.25,30000.0,Пополнение,Лескул К.,False,"+ 30 000,00 ₸"
5,04.06.25,-5000.0,Перевод,Сара С.,False,"- 5 000,00 ₸"
5,04.06.25,-200000.0,Перевод,Айгуль А.,False,"- 200 000,00 ₸"
5,03.06.25,-150.0,Перевод,Кенжекуль С.,False,"- 150,00 ₸"
5,03.06.25,-6000.0,Перевод,Галина Ф.,False,"- 6 000,00 ₸"
5,03.06.25,-10000.0,Перевод,Мөлдір С.,False,"- 10 000,00 ₸"
5,03.06.25,-25000.0,Перевод,Айкөркем М.,False,"- 25 000,00 ₸"
5,03.06.25,250000.0,Пополнение,С Kaspi Депозита,False,"+ 250 000,00 ₸"
5,02.06.25,-200.0,Перевод,Сейдилда О.,False,"- 200,00 ₸"
5,30.05.25,-4000.0,Перевод,Нургул Е.,False,"- 4 000,00 ₸"
5,30.05.25,5000.0,Пополнение,Əсел А.,False,"+ 5 000,00 ₸"
5,28.05.25,-1800.0,Перевод,Жанерке С.,False,"- 1 800,00 ₸"
5,27.05.25,-1988.36,Покупка,QAZAQGAZ AIMAQ Тараз,False,"- 1 988,36 ₸"
5,27.05.25,-1045.0,Разное,Комиссия за снятие наличных сверх лимита,False,"- 1 045,00 ₸"
5,27.05.25,-410000.0,Снятие,Банкомат Yubileynyy,False,"- 410 000,00 ₸"
5,27.05.25,410000.0,Пополнение,С Kaspi Депозита,False,"+ 410 000,00 ₸"
5,26.05.25,500.0,Пополнение,Іңкəр К.,False,"+ 500,00 ₸"
5,26.05.25,1000.0,Пополнение,Шынайы Ө.,False,"+ 1 000,00 ₸"
5,26.05.25,-3300.0,Перевод,Айжан М.,False,"- 3 300,00 ₸"
5,26.05.25,-300.0,Перевод,Дарикуль С.,False,"- 300,00 ₸"
5,25.05.25,6000.0,Пополнение,Назерке Т.,False,"+ 6 000,00 ₸"
5,24.05.25,-1000.0,Перевод,Мухтар С.,False,"- 1 000,00 ₸"
5,24.05.25,-770.0,Перевод,Нургали А.,False,"- 770,00 ₸"
5,24.05.25,2000.0,Пополнение,Айгүл С.,False,"+ 2 000,00 ₸"
5,22.05.25,-10000.0,Перевод,Аружан Ж.,False,"- 10 000,00 ₸"
5,22.05.25,-14620.0,Перевод,Мөлдір С.,False,"- 14 620,00 ₸"
5,22.05.25,-100000.0,Перевод,На Kaspi Депозит,False,"- 100 000,00 ₸"
5,22.05.25,125000.0,Пополнение,С карты другого банка,False,"+ 125 000,00 ₸"
5,21.05.25,-10000.0,Перевод,Забира А.,False,"- 10 000,00 ₸"
6,21.05.25,10000.0,Пополнение,Айгүл С.,False,"+ 10 000,00 ₸"
6,20.05.25,-3000.0,Перевод,Айдана О.,False,"- 3 000,00 ₸"
6,20.05.25,3000.0,Пополнение,С Kaspi Депозита,False,"+ 3 000,00 ₸"
6,19.05.25,-500.0,Перевод,Муратхан Е.,False,"- 500,00 ₸"
6,19.05.25,-500.0,Перевод,Муратхан Е.,False,"- 500,00 ₸"
6,17.05.25,1300.0,Пополнение,Ахылбек С.,False,"+ 1 300,00 ₸"
6,15.05.25,-700.0,Перевод,Айжан Ж.,False,"- 700,00 ₸"
6,15.05.25,500.0,Пополнение,Сара С.,False,"+ 500,00 ₸"
6,13.05.25,-20000.0,Перевод,Дарига Д.,False,"- 20 000,00 ₸"
6,13.05.25,17000.0,Пополнение,Гульсим А.,False,"+ 17 000,00 ₸"
6,12.05.25,-5000.0,Перевод,Жанар С.,False,"- 5 000,00 ₸"
6,11.05.25,-10000.0,Перевод,Замира Ш.,False,"- 10 000,00 ₸"
6,10.05.25,-15000.0,Перевод,Алтын У.,False,"- 15 000,00 ₸"
6,10.05.25,33000.0,Пополнение,С карты другого банка,False,"+ 33 000,00 ₸"
6,10.05.25,-2000.0,Перевод,Айдос А.,False,"- 2 000,00 ₸"
6,09.05.25,-28325.0,Перевод,Алия Б.,False,"- 28 325,00 ₸"
6,09.05.25,20000.0,Пополнение,С карты другого банка,False,"+ 20 000,00 ₸"
6,09.05.25,-22800.0,Перевод,Галина Ф.,False,"- 22 800,00 ₸"
6,09.05.25,-2500.0,Перевод,Дамира К.,False,"- 2 500,00 ₸"
6,08.05.25,-18000.0,Перевод,Арман Қ.,False,"- 18 000,00 ₸"
6,08.05.25,-4685.0,Перевод,Айнур Ж.,False,"- 4 685,00 ₸"
6,08.05.25,500.0,Пополнение,Гулнара З.,False,"+ 500,00 ₸"
6,08.05.25,500.0,Пополнение,Нұрислам О.,False,"+ 500,00 ₸"
6,08.05.25,-32116.0,Перевод,Оплата Kaspi Кредита,False,"- 32 116,00 ₸"
6,08.05.25,-100.0,Покупка,BAQYT,False,"- 100,00 ₸"
6,08.05.25,89510.0,Пополнение,Пенсия/пособие,False,"+ 89 510,00 ₸"
6,07.05.25,-400000.0,Перевод,Əсел А.,False,"- 400 000,00 ₸"
6,07.05.25,400000.0,Пополнение,С Kaspi Депозита,False,"+ 400 000,00 ₸"
6,06.05.25,200.0,Пополнение,Ахылбек С.,False,"+ 200,00 ₸"
6,05.05.25,-10000.0,Перевод,Гульбайра У.,False,"- 10 000,00 ₸"
6,05.05.25,2000.0,Пополнение,Жанар С.,False,"+ 2 000,00 ₸"
6,05.05.25,-260.0,Покупка,MANSUR,False,"- 260,00 ₸"
6,05.05.25,-3000.0,Перевод,Саябек С.,False,"- 3 000,00 ₸"
6,05.05.25,10000.0,Пополнение,В Kaspi Банкомате,False,"+ 10 000,00 ₸"
6,05.05.25,-100.0,Перевод,Айдана Т.,False,"- 100,00 ₸"
6,04.05.25,-1620.0,Покупка,Zerde #131,False,"- 1 620,00 ₸"
6,04.05.25,3000.0,Пополнение,Бауыржан И.,False,"+ 3 000,00 ₸"
6,03.05.25,-2300.0,Перевод,Қадырбек Қ.,False,"- 2 300,00 ₸"
6,03.05.25,-1150.0,Покупка,350 Магазин,False,"- 1 150,00 ₸"
6,03.05.25,-1900.0,Покупка,ДАУРЕН,False,"- 1 900,00 ₸"
6,03.05.25,-1380.0,Покупка,Аптека,False,"- 1 380,00 ₸"
6,03.05.25,-10000.0,Перевод,Дарига Д.,False,"- 10 000,00 ₸"
6,03.05.25,-500.0,Покупка,ДАУРЕН,False,"- 500,00 ₸"
6,03.05.25,1000.0,Пополнение,Хасиет Т.,False,"+ 1 000,00 ₸"
6,02.05.25,-2700.0,Перевод,Ренат А.,False,"- 2 700,00 ₸"
6,01.05.25,-500.0,Перевод,Руслан Ж.,False,"- 500,00 ₸"
6,01.05.25,-1500.0,Перевод,Мерует У.,False,"- 1 500,00 ₸"
7,01.05.25,-250.0,Перевод,Айгуль С.,False,"- 250,00 ₸"
7,01.05.25,-2600.0,Перевод,Лескул К.,False,"- 2 600,00 ₸"
7,01.05.25,3900.0,Пополнение,Бахыткуль К.,False,"+ 3 900,00 ₸"
7,01.05.25,-9500.0,Перевод,Ұлбосын Ш.,False,"- 9 500,00 ₸"
7,01.05.25,-500.0,Перевод,Ермек М.,False,"- 500,00 ₸"
7,01.05.25,30000.0,Пополнение,Гульнара С.,False,"+ 30 000,00 ₸"
7,27.04.25,-400.0,Перевод,Александр М.,False,"- 400,00 ₸"
7,27.04.25,400.0,Пополнение,Саябек С.,False,"+ 400,00 ₸"
7,27.04.25,-3300.0,Перевод,Гульбану С.,False,"- 3 300,00 ₸"
7,27.04.25,-3000.0,Покупка,350 Магазин,False,"- 3 000,00 ₸"
7,27.04.25,-3000.0,Перевод,Дана Д.,False,"- 3 000,00 ₸"
7,27.04.25,-1000.0,Перевод,Бекзат Б.,False,"- 1 000,00 ₸"
7,27.04.25,10240.0,Пополнение,Əсел А.,False,"+ 10 240,00 ₸"
7,25.04.25,-2400.0,Перевод,Шынарым Ə.,False,"- 2 400,00 ₸"
7,25.04.25,2000.0,Пополнение,Саябек С.,False,"+ 2 000,00 ₸"
7,25.04.25,-150.0,Перевод,Кульзипа С.,False,"- 150,00 ₸"
7,25.04.25,-300.0,Перевод,Дильфуза Н.,False,"- 300,00 ₸"
7,22.04.25,-10000.0,Перевод,Саябек С.,False,"- 10 000,00 ₸"
7,22.04.25,-150.0,Перевод,Омаралы Ш.,False,"- 150,00 ₸"
7,21.04.25,-35000.0,Перевод,Бахыткуль К.,False,"- 35 000,00 ₸"
7,21.04.25,15000.0,Пополнение,Айдана С.,False,"+ 15 000,00 ₸"
7,21.04.25,-16000.0,Перевод,Айдана С.,False,"- 16 000,00 ₸"
7,21.04.25,47000.0,Пополнение,Гулнара М.,False,"+ 47 000,00 ₸"
7,20.04.25,-16800.0,Перевод,Айгүл С.,False,"- 16 800,00 ₸"
7,20.04.25,16000.0,Пополнение,Айдана С.,False,"+ 16 000,00 ₸"
7,18.04.25,-152.0,Разное,Комиссия за снятие наличных сверх лимита,False,"- 152,00 ₸"
7,18.04.25,-16000.0,Снятие,Банкомат Meruert,False,"- 16 000,00 ₸"
7,18.04.25,2000.0,Пополнение,Айгүл С.,False,"+ 2 000,00 ₸"
7,18.04.25,15000.0,Пополнение,Айгүл С.,False,"+ 15 000,00 ₸"
7,18.04.25,-250.0,Перевод,Муратхан Е.,False,"- 250,00 ₸"
7,17.04.25,-300000.0,Снятие,Банкомат Otdelenie Kaspi.kz,False,"- 300 000,00 ₸"
7,17.04.25,300000.0,Пополнение,Ғабиден С.,False,"+ 300 000,00 ₸"
7,17.04.25,-100.0,Покупка,TulparCard. Оплата проезда по QR,False,"- 100,00 ₸"
7,17.04.25,-430000.0,Перевод,На Kaspi Депозит,False,"- 430 000,00 ₸"
7,17.04.25,428850.0,Пополнение,Гульнара С.,False,"+ 428 850,00 ₸"
7,17.04.25,-30000.0,Перевод,Саябек С.,False,"- 30 000,00 ₸"
7,16.04.25,30000.0,Пополнение,Айдана С.,False,"+ 30 000,00 ₸"
7,16.04.25,-350.0,Перевод,Зылиха Т.,False,"- 350,00 ₸"
7,16.04.25,-1720.0,Перевод,Зылиха Т.,False,"- 1 720,00 ₸"
7,16.04.25,-220.0,Перевод,Рано Г.,False,"- 220,00 ₸"
7,16.04.25,-2000.0,Перевод,Айша Б.,False,"- 2 000,00 ₸"
7,16.04.25,-660.0,Покупка,19810911m,False,"- 660,00 ₸"
7,16.04.25,5000.0,Пополнение,Аскар М.,False,"+ 5 000,00 ₸"
7,16.04.25,-400.0,Перевод,Гулшат Б.,False,"- 400,00 ₸"
7,16.04.25,-400.0,Перевод,Гулшат И.,False,"- 400,00 ₸"
7,15.04.25,1200.0,Пополнение,Ахылбек С.,False,"+ 1 200,00 ₸"
7,15.04.25,-30000.0,Перевод,Нурсулу З.,False,"- 30 000,00 ₸"
8,15.04.25,20000.0,Пополнение,Гаухар А.,False,"+ 20 000,00 ₸"
8,14.04.25,-2200.0,Перевод,Нұршуақ К.,False,"- 2 200,00 ₸"
8,14.04.25,-1695.0,Перевод,Серик М.,False,"- 1 695,00 ₸"
8,14.04.25,-5323.0,Покупка,Вкусная корзинка,False,"- 5 323,00 ₸"
8,13.04.25,20000.0,Пополнение,Айгүл С.,False,"+ 20 000,00 ₸"
8,10.04.25,-32110.0,Перевод,Оплата Kaspi Кредита,False,"- 32 110,00 ₸"
8,10.04.25,32000.0,Пополнение,Нурсулу З.,False,"+ 32 000,00 ₸"
8,09.04.25,-15000.0,Перевод,Сания Ə.,False,"- 15 000,00 ₸"
8,09.04.25,15000.0,Пополнение,Мөлдір С.,False,"+ 15 000,00 ₸"
8,08.04.25,200.0,Пополнение,Жансая Қ.,False,"+ 200,00 ₸"
8,08.04.25,-386000.0,Перевод,На Kaspi Депозит,False,"- 386 000,00 ₸"
8,08.04.25,89510.0,Пополнение,Пенсия/пособие,False,"+ 89 510,00 ₸"
8,07.04.25,-2000.0,Перевод,Ербол У.,False,"- 2 000,00 ₸"
8,07.04.25,-1500.0,Перевод,Тамара Ж.,False,"- 1 500,00 ₸"
8,06.04.25,-480.0,Покупка,Ип Ақнар,False,"- 480,00 ₸"
8,06.04.25,-500.0,Перевод,Рамазан Т.,False,"- 500,00 ₸"
8,06.04.25,-350.0,Перевод,Перизат С.,False,"- 350,00 ₸"
8,06.04.25,-2000.0,Перевод,Гулнара М.,False,"- 2 000,00 ₸"
8,06.04.25,-500.0,Перевод,Абдигали У.,False,"- 500,00 ₸"
8,04.04.25,-3000.0,Перевод,Эдуард Б.,False,"- 3 000,00 ₸"
8,04.04.25,500.0,Пополнение,Жазира Ж.,False,"+ 500,00 ₸"
8,04.04.25,500.0,Пополнение,Бибікүл О.,False,"+ 500,00 ₸"
8,03.04.25,-15000.0,Перевод,Айдана С.,False,"- 15 000,00 ₸"
8,02.04.25,-1200.0,Покупка,ИП МАМЫШЕВА,False,"- 1 200,00 ₸"
8,02.04.25,-530.0,Перевод,Куваншбек А.,False,"- 530,00 ₸"
8,02.04.25,-50000.0,Перевод,Сара С.,False,"- 50 000,00 ₸"
8,02.04.25,372293.0,Пополнение,Гульнара С.,False,"+ 372 293,00 ₸"
8,30.03.25,250.0,Пополнение,Ордабай Б.,False,"+ 250,00 ₸"
8,29.03.25,-2000.0,Покупка,ЕЛТАУ,False,"- 2 000,00 ₸"
8,28.03.25,-1000.0,Перевод,Мөлдір С.,False,"- 1 000,00 ₸"
8,28.03.25,-27934.94,Покупка,QAZAQGAZ AIMAQ Тараз,False,"- 27 934,94 ₸"
8,28.03.25,30000.0,Пополнение,Сара С.,False,"+ 30 000,00 ₸"
8,28.03.25,-1300.0,Перевод,Еркин Б.,False,"- 1 300,00 ₸"
8,27.03.25,-1530.0,Перевод,Джаркинкуль К.,False,"- 1 530,00 ₸"
8,27.03.25,-3000.0,Перевод,Роза А.,False,"- 3 000,00 ₸"
8,27.03.25,400.0,Пополнение,Жазира С.,False,"+ 400,00 ₸"
8,26.03.25,-10000.0,Перевод,Саябек С.,False,"- 10 000,00 ₸"
8,26.03.25,10000.0,Пополнение,В Kaspi Банкомате,False,"+ 10 000,00 ₸"
8,26.03.25,500.0,Пополнение,Айман О.,False,"+ 500,00 ₸"
8,26.03.25,-2037.0,Перевод,Оплата Kaspi Кредита,False,"- 2 037,00 ₸"
8,26.03.25,1000.0,Пополнение,Ұлжалғас Ə.,False,"+ 1 000,00 ₸"
8,25.03.25,-17800.0,Перевод,Ахылбек С.,False,"- 17 800,00 ₸"
8,24.03.25,-857.04,Покупка,ИЦ-Тараз,False,"- 857,04 ₸"
8,24.03.25,-14569.0,Покупка,Налог на транспорт,False,"- 14 569,00 ₸"
8,24.03.25,-2200.0,Перевод,Ұлан Ж.,False,"- 2 200,00 ₸"
8,24.03.25,-2300.0,Покупка,ИП Салем,False,"- 2 300,00 ₸"
8,24.03.25,-15000.0,Перевод,Жангил И.,False,"- 15 000,00 ₸"
9,24.03.25,35000.0,Пополнение,Айжан М.,False,"+ 35 000,00 ₸"
9,24.03.25,-11400.0,Перевод,Роза Б.,False,"- 11 400,00 ₸"
9,24.03.25,-2820.0,Перевод,Джаркинкуль К.,False,"- 2 820,00 ₸"
9,24.03.25,35000.0,Пополнение,Лескул К.,False,"+ 35 000,00 ₸"
9,21.03.25,1500.0,Пополнение,Айнура К.,False,"+ 1 500,00 ₸"
9,21.03.25,-1235.0,Разное,Комиссия за снятие наличных сверх лимита,False,"- 1 235,00 ₸"
9,21.03.25,-270000.0,Снятие,Банкомат Korzinka,False,"- 270 000,00 ₸"
9,21.03.25,273000.0,Пополнение,С карты другого банка,False,"+ 273 000,00 ₸"
9,21.03.25,-370.0,Перевод,Əсел М.,False,"- 370,00 ₸"
9,19.03.25,-3000.0,Перевод,Ботагоз Н.,False,"- 3 000,00 ₸"
9,19.03.25,-1500.0,Перевод,Шынарым Ə.,False,"- 1 500,00 ₸"
9,18.03.25,-1550.0,Перевод,Роза О.,False,"- 1 550,00 ₸"
9,18.03.25,-800.0,Перевод,Матлуба И.,False,"- 800,00 ₸"
9,18.03.25,-160000.0,Снятие,Банкомат Korzinka,False,"- 160 000,00 ₸"
9,18.03.25,-1918.0,Покупка,Вкусная корзинка,False,"- 1 918,00 ₸"
9,18.03.25,-13069.0,Покупка,Ип Илесов,False,"- 13 069,00 ₸"
9,18.03.25,-400.0,Перевод,Бек С.,False,"- 400,00 ₸"
9,18.03.25,-28000.0,Покупка,Турция,False,"- 28 000,00 ₸"
9,18.03.25,-36500.0,Перевод,Жанерке М.,False,"- 36 500,00 ₸"
9,18.03.25,-5000.0,Перевод,Эдуард Б.,False,"- 5 000,00 ₸"
9,18.03.25,-3500.0,Перевод,Раузат А.,False,"- 3 500,00 ₸"
9,18.03.25,-500.0,Перевод,Малик А.,False,"- 500,00 ₸"
9,17.03.25,-700.0,Перевод,Ахылбек С.,False,"- 700,00 ₸"
9,17.03.25,-100000.0,Перевод,Сара С.,False,"- 100 000,00 ₸"
9,17.03.25,34630.0,Пополнение,Гульнара С.,False,"+ 34 630,00 ₸"
9,17.03.25,318560.0,Пополнение,Гульнара С.,False,"+ 318 560,00 ₸"
9,16.03.25,-80000.0,Перевод,Сара С.,False,"- 80 000,00 ₸"
9,16.03.25,80000.0,Пополнение,Сара С.,False,"+ 80 000,00 ₸"
9,15.03.25,-2000.0,Перевод,Дарига Д.,False,"- 2 000,00 ₸"
9,15.03.25,-6550.0,Перевод,Гулнара М.,False,"- 6 550,00 ₸"
9,14.03.25,-10000.0,Перевод,Саябек С.,False,"- 10 000,00 ₸"
9,14.03.25,-760.0,Покупка,Меруерт,False,"- 760,00 ₸"
9,13.03.25,-1300.0,Перевод,Нұршуақ К.,False,"- 1 300,00 ₸"
9,12.03.25,-2000.0,Перевод,Гүлжахан Қ.,False,"- 2 000,00 ₸"
9,12.03.25,-5000.0,Перевод,Саябек С.,False,"- 5 000,00 ₸"
9,12.03.25,-13000.0,Перевод,Саябек С.,False,"- 13 000,00 ₸"
9,12.03.25,-500.0,Покупка,Аппарат самообслуживания,False,"- 500,00 ₸"
9,11.03.25,-13500.0,Перевод,Əзімбек А.,False,"- 13 500,00 ₸"
9,11.03.25,50000.0,Пополнение,Сара С.,False,"+ 50 000,00 ₸"
9,10.03.25,-3457.0,Покупка,Вкусная корзинка,False,"- 3 457,00 ₸"
9,10.03.25,-20000.0,Перевод,Ольга М.,False,"- 20 000,00 ₸"
9,09.03.25,-2800.0,Перевод,Нұршуақ К.,False,"- 2 800,00 ₸"
9,09.03.25,-35400.0,Перевод,Ахылбек С.,False,"- 35 400,00 ₸"
9,07.03.25,5000.0,Пополнение,Канатбек Н.,False,"+ 5 000,00 ₸"
9,07.03.25,-82509.0,Перевод,Оплата Kaspi Кредита,False,"- 82 509,00 ₸"
9,07.03.25,89510.0,Пополнение,Пенсия/пособие,False,"+ 89 510,00 ₸"
9,06.03.25,22000.0,Пополнение,Саябек С.,False,"+ 22 000,00 ₸"
10,04.03.25,-540.0,Покупка,MANSUR,False,"- 540,00 ₸"
10,04.03.25,10000.0,Пополнение,Гульсим А.,False,"+ 10 000,00 ₸"
10,04.03.25,-6000.0,Перевод,Жамбыл Ш.,False,"- 6 000,00 ₸"
10,04.03.25,-3000.0,Перевод,Мадина Н.,False,"- 3 000,00 ₸"
10,04.03.25,-1800.0,Перевод,Нуран М.,False,"- 1 800,00 ₸"
10,04.03.25,-3000.0,Перевод,Дарига Д.,False,"- 3 000,00 ₸"
10,04.03.25,25000.0,Пополнение,Айдана С.,False,"+ 25 000,00 ₸"
10,03.03.25,1400.0,Пополнение,Ахылбек С.,False,"+ 1 400,00 ₸"
10,03.03.25,-1355.0,Перевод,Тайжан У.,False,"- 1 355,00 ₸"
10,03.03.25,3600.0,Пополнение,Əсел А.,False,"+ 3 600,00 ₸"
10,02.03.25,-2500.0,Перевод,Куатбек Т.,False,"- 2 500,00 ₸"
10,02.03.25,13000.0,Пополнение,Айдана С.,False,"+ 13 000,00 ₸"
10,28.02.25,-3500.0,Перевод,Раузат А.,False,"- 3 500,00 ₸"
10,28.02.25,-2500.0,Перевод,Эдуард Б.,False,"- 2 500,00 ₸"
10,26.02.25,-2000.0,Перевод,Дарига Д.,False,"- 2 000,00 ₸"
10,26.02.25,-5689.69,Покупка,ЖЭС. Физические лица,False,"- 5 689,69 ₸"
10,26.02.25,-1200.0,Перевод,Айжамал Ж.,False,"- 1 200,00 ₸"
10,26.02.25,15000.0,Пополнение,Раихан Ю.,False,"+ 15 000,00 ₸"
10,24.02.25,-3000.0,Перевод,Дарига Д.,False,"- 3 000,00 ₸"
10,24.02.25,4000.0,Пополнение,Саябек С.,False,"+ 4 000,00 ₸"
10,24.02.25,-10000.0,Перевод,Жанар С.,False,"- 10 000,00 ₸"
10,24.02.25,10000.0,Пополнение,Билял З.,False,"+ 10 000,00 ₸"
10,23.02.25,-2500.0,Перевод,Аксулу Н.,False,"- 2 500,00 ₸"
10,23.02.25,-150.0,Перевод,Жаңагүл М.,False,"- 150,00 ₸"
10,23.02.25,3000.0,Пополнение,Саябек С.,False,"+ 3 000,00 ₸"
10,21.02.25,-70000.0,Перевод,Лескул К.,False,"- 70 000,00 ₸"
10,21.02.25,70000.0,Пополнение,Нурсулу З.,False,"+ 70 000,00 ₸"
10,20.02.25,-2000.0,Перевод,Кристина Ш.,False,"- 2 000,00 ₸"
10,19.02.25,-2612.5,Разное,Комиссия за снятие наличных сверх лимита,False,"- 2 612,50 ₸"
10,19.02.25,-275000.0,Снятие,Банкомат Korzinka,False,"- 275 000,00 ₸"
10,19.02.25,-300.0,Перевод,Жаңагүл М.,False,"- 300,00 ₸"
10,18.02.25,280170.0,Пополнение,Гульнара С.,False,"+ 280 170,00 ₸"
10,17.02.25,-2000.0,Перевод,Дарига Д.,False,"- 2 000,00 ₸"
10,15.02.25,-3000.0,Перевод,Светлана Е.,False,"- 3 000,00 ₸"
10,15.02.25,-300.0,Покупка,Продуктовый магазин - Жасыл,False,"- 300,00 ₸"
10,15.02.25,-95.0,Разное,Комиссия за снятие наличных сверх лимита,False,"- 95,00 ₸"
10,15.02.25,-10000.0,Снятие,Банкомат Zhasyl,False,"- 10 000,00 ₸"
10,15.02.25,-3000.0,Перевод,Кристина Ш.,False,"- 3 000,00 ₸"
10,13.02.25,-4000.0,Перевод,Мөлдір С.,False,"- 4 000,00 ₸"
10,13.02.25,-4000.0,Перевод,Дарига Д.,False,"- 4 000,00 ₸"
10,13.02.25,-300.0,Перевод,Tolib U.,False,"- 300,00 ₸"
10,13.02.25,-2200.0,Перевод,Самат С.,False,"- 2 200,00 ₸"
10,13.02.25,-1260.0,Покупка,Айдана,False,"- 1 260,00 ₸"
10,13.02.25,-500.0,Покупка,ИП Искакова А.Б,False,"- 500,00 ₸"
10,12.02.25,20000.0,Пополнение,Сара С.,False,"+ 20 000,00 ₸"
10,12.02.25,-10500.0,Перевод,Саят М.,False,"- 10 500,00 ₸"
10,12.02.25,-6800.0,Перевод,Тайжан У.,False,"- 6 800,00 ₸"
11,11.02.25,-20000.0,Перевод,Сара С.,False,"- 20 000,00 ₸"
11,11.02.25,-3000.0,Покупка,Gazprom AZS # 302,False,"- 3 000,00 ₸"
11,10.02.25,-5000.0,Перевод,Гульсим А.,False,"- 5 000,00 ₸"
11,10.02.25,-8000.0,Перевод,Ғабиден С.,False,"- 8 000,00 ₸"
11,10.02.25,-14000.0,Перевод,Фанил С.,False,"- 14 000,00 ₸"
11,09.02.25,-500.0,Перевод,Индира Т.,False,"- 500,00 ₸"
11,09.02.25,-9830.0,Покупка,Штрафы по ИИН,False,"- 9 830,00 ₸"
11,08.02.25,-2009.0,Перевод,Оплата Kaspi Кредита,False,"- 2 009,00 ₸"
11,07.02.25,89510.0,Пополнение,Пенсия/пособие,False,"+ 89 510,00 ₸"
11,06.02.25,300.0,Пополнение,Сайлаубек С.,False,"+ 300,00 ₸"
11,05.02.25,-332.5,Разное,Комиссия за снятие наличных сверх лимита,False,"- 332,50 ₸"
11,05.02.25,-335000.0,Снятие,Банкомат Korzinka,False,"- 335 000,00 ₸"
11,05.02.25,-16000.0,Перевод,Ұлан Ж.,False,"- 16 000,00 ₸"
11,05.02.25,-10900.0,Перевод,Татьяна Ж.,False,"- 10 900,00 ₸"
11,05.02.25,-9515.0,Покупка,Касым Фарм,False,"- 9 515,00 ₸"
11,04.02.25,365870.0,Пополнение,Гульнара С.,False,"+ 365 870,00 ₸"
11,04.02.25,-1750.0,Покупка,Меруерт,False,"- 1 750,00 ₸"
11,03.02.25,4500.0,Пополнение,Əсел А.,False,"+ 4 500,00 ₸"
11,02.02.25,-30000.0,Перевод,Нұрдəулет У.,False,"- 30 000,00 ₸"
11,01.02.25,-3850.0,Покупка,TOY-TOI,False,"- 3 850,00 ₸"
11,01.02.25,-15050.0,Покупка,TOY-TOI,False,"- 15 050,00 ₸"
11,01.02.25,50000.0,Пополнение,Раихан Ю.,False,"+ 50 000,00 ₸"
11,31.01.25,-2500.0,Покупка,Арнур,False,"- 2 500,00 ₸"
11,31.01.25,5000.0,Пополнение,Əсел А.,False,"+ 5 000,00 ₸"
11,30.01.25,-2000.0,Перевод,Багила Б.,False,"- 2 000,00 ₸"
11,29.01.25,-31186.48,Покупка,QAZAQGAZ AIMAQ Тараз,False,"- 31 186,48 ₸"
11,28.01.25,-3000.0,Перевод,Алия С.,False,"- 3 000,00 ₸"
11,28.01.25,-2000.0,Перевод,Мерует У.,False,"- 2 000,00 ₸"
11,28.01.25,-295.0,Покупка,Джантилеуова,False,"- 295,00 ₸"
11,28.01.25,-1350.0,Перевод,Роза О.,False,"- 1 350,00 ₸"
11,28.01.25,40000.0,Пополнение,Саябек С.,False,"+ 40 000,00 ₸"
11,26.01.25,-3500.0,Перевод,Индира Т.,False,"- 3 500,00 ₸"
11,25.01.25,-500.0,Покупка,Kazyna салон,False,"- 500,00 ₸"
11,25.01.25,-2000.0,Покупка,Kazyna салон,False,"- 2 000,00 ₸"
11,25.01.25,-77300.0,Перевод,Оплата Kaspi Кредита,False,"- 77 300,00 ₸"
11,25.01.25,77300.0,Пополнение,Айгүл С.,False,"+ 77 300,00 ₸"
11,25.01.25,-100000.0,Перевод,Мадина С.,False,"- 100 000,00 ₸"
11,25.01.25,100000.0,Пополнение,В Kaspi Терминале,False,"+ 100 000,00 ₸"
11,24.01.25,-500.0,Перевод,Данеш Ж.,False,"- 500,00 ₸"
11,24.01.25,600.0,Пополнение,Мадияр Қ.,False,"+ 600,00 ₸"
11,24.01.25,600.0,Пополнение,Светлана Т.,False,"+ 600,00 ₸"
11,24.01.25,600.0,Пополнение,Кенжекул Е.,False,"+ 600,00 ₸"
11,24.01.25,-500.0,Перевод,Раузат А.,False,"- 500,00 ₸"
11,20.01.25,-600.0,Перевод,Диана О.,False,"- 600,00 ₸"
11,18.01.25,-5000.0,Покупка,Gazprom AZS # 302,False,"- 5 000,00 ₸"
11,18.01.25,500.0,Пополнение,Торғын Б.,False,"+ 500,00 ₸"
11,17.01.25,10000.0,Пополнение,Раихан Ю.,False,"+ 10 000,00 ₸"
12,16.01.25,-500.0,Перевод,Алибек А.,False,"- 500,00 ₸"
12,16.01.25,-1700.5,Разное,Комиссия за снятие наличных сверх лимита,False,"- 1 700,50 ₸"
12,16.01.25,-285000.0,Снятие,Банкомат Islam,False,"- 285 000,00 ₸"
12,16.01.25,-2080.0,Покупка,ИП. Ершова  Н.Н.,False,"- 2 080,00 ₸"
12,15.01.25,288030.0,Пополнение,Гульнара С.,False,"+ 288 030,00 ₸"
12,14.01.25,1500.0,Пополнение,Мөлдір С.,False,"+ 1 500,00 ₸"
12,11.01.25,-200000.0,Перевод,Оплата Kaspi Кредита,False,"- 200 000,00 ₸"
12,11.01.25,200000.0,Пополнение,С карты другого банка,False,"+ 200 000,00 ₸"
12,11.01.25,-194000.0,Снятие,Банкомат Vkusnaya korzinka,False,"- 194 000,00 ₸"
12,11.01.25,-750.0,Перевод,Рамазан Т.,False,"- 750,00 ₸"
12,10.01.25,-60000.0,Перевод,Саябек С.,False,"- 60 000,00 ₸"
12,10.01.25,-1280.0,Покупка,Молдир,False,"- 1 280,00 ₸"
12,10.01.25,1000.0,Пополнение,Мирас Ж.,False,"+ 1 000,00 ₸"
12,10.01.25,500.0,Пополнение,Үміт И.,False,"+ 500,00 ₸"
12,10.01.25,500.0,Пополнение,Диана О.,False,"+ 500,00 ₸"
12,10.01.25,-1800.0,Покупка,350 Магазин,False,"- 1 800,00 ₸"
12,10.01.25,-10300.0,Покупка,ИП Салем,False,"- 10 300,00 ₸"
12,10.01.25,-1500.0,Перевод,Жаркынай Б.,False,"- 1 500,00 ₸"
12,10.01.25,-2000.0,Перевод,Жанерке С.,False,"- 2 000,00 ₸"
12,10.01.25,-87000.0,Перевод,Бегасил Т.,False,"- 87 000,00 ₸"
12,10.01.25,-1300.0,Покупка,ItT SETVICE,False,"- 1 300,00 ₸"
12,10.01.25,-10000.0,Перевод,Саябек С.,False,"- 10 000,00 ₸"
12,10.01.25,-2200.0,Покупка,ItT SETVICE,False,"- 2 200,00 ₸"
12,10.01.25,-500.0,Перевод,Мухамеджан Б.,False,"- 500,00 ₸"
12,10.01.25,-500.0,Перевод,Сапарғали Т.,False,"- 500,00 ₸"
12,10.01.25,70000.0,Пополнение,Айгүл С.,False,"+ 70 000,00 ₸"
12,09.01.25,-2000.0,Перевод,Айдана Б.,False,"- 2 000,00 ₸"
12,09.01.25,-300.0,Перевод,Багила Б.,False,"- 300,00 ₸"
12,09.01.25,200000.0,Пополнение,Жаксыгуль Д.,False,"+ 200 000,00 ₸"
12,09.01.25,10000.0,Пополнение,Мадияр И.,False,"+ 10 000,00 ₸"
12,08.01.25,89510.0,Пополнение,Пенсия/пособие,False,"+ 89 510,00 ₸"
12,07.01.25,-10000.0,Перевод,Мадияр И.,False,"- 10 000,00 ₸"
12,07.01.25,-5000.0,Перевод,Карамат З.,False,"- 5 000,00 ₸"
12,06.01.25,-31000.0,Перевод,Айгүл С.,False,"- 31 000,00 ₸"
12,06.01.25,-152000.0,Перевод,Жанар С.,False,"- 152 000,00 ₸"
12,05.01.25,-14508.0,Перевод,Оплата Kaspi Кредита,False,"- 14 508,00 ₸"
12,05.01.25,-353977.0,Перевод,Оплата Kaspi Кредита,False,"- 353 977,00 ₸"
12,05.01.25,500.0,Пополнение,С карты другого банка,False,"+ 500,00 ₸"
12,05.01.25,50500.0,Пополнение,С карты другого банка,False,"+ 50 500,00 ₸"
12,05.01.25,19800.0,Пополнение,С карты другого банка,False,"+ 19 800,00 ₸"
12,05.01.25,329000.0,Пополнение,С карты другого банка,False,"+ 329 000,00 ₸"
12,05.01.25,-5000.0,Покупка,Gazprom AZS # 302,False,"- 5 000,00 ₸"
12,05.01.25,500.0,Пополнение,Бауыржан С.,False,"+ 500,00 ₸"
12,05.01.25,-3000.0,Перевод,Кристина Ш.,False,"- 3 000,00 ₸"
12,05.01.25,58000.0,Пополнение,Саябек С.,False,"+ 58 000,00 ₸"
12,05.01.25,-4000.0,Перевод,Дарига Д.,False,"- 4 000,00 ₸"
12,05.01.25,70000.0,Пополнение,Айгүл С.,False,"+ 70 000,00 ₸"
13,04.01.25,36500.0,Пополнение,Айгүл С.,False,"+ 36 500,00 ₸"
13,04.01.25,-100.0,Перевод,Базаргул К.,False,"- 100,00 ₸"
13,04.01.25,17000.0,Пополнение,Саябек С.,False,"+ 17 000,00 ₸"
13,04.01.25,-1000.0,Перевод,Айгул Б.,False,"- 1 000,00 ₸"
13,03.01.25,-1000.0,Перевод,Айдана С.,False,"- 1 000,00 ₸"
13,03.01.25,-130.0,Перевод,Айдана О.,False,"- 130,00 ₸"
13,03.01.25,-70000.0,Перевод,Саябек С.,False,"- 70 000,00 ₸"
13,03.01.25,70000.0,Пополнение,Айгүл С.,False,"+ 70 000,00 ₸"
13,03.01.25,150.0,Пополнение,Нуридин Ж.,False,"+ 150,00 ₸"
13,31.12.24,-10000.0,Перевод,Сания Ə.,False,"- 10 000,00 ₸"
13,31.12.24,10000.0,Пополнение,Саябек С.,False,"+ 10 000,00 ₸"
13,31.12.24,-2375.0,Разное,Комиссия за снятие наличных сверх лимита,False,"- 2 375,00 ₸"
13,31.12.24,-250000.0,Снятие,Банкомат Usenova 44B,False,"- 250 000,00 ₸"
13,30.12.24,254495.0,Пополнение,Марат Е.,False,"+ 254 495,00 ₸"
13,30.12.24,-840.0,Перевод,Гульбайра У.,False,"- 840,00 ₸"
13,29.12.24,-1200.0,Перевод,Акмарал А.,False,"- 1 200,00 ₸"
13,29.12.24,-500.0,Перевод,Раузат А.,False,"- 500,00 ₸"
13,29.12.24,-2500.0,Перевод,Кристина Ш.,False,"- 2 500,00 ₸"
13,29.12.24,-90000.0,Перевод,Калия И.,False,"- 90 000,00 ₸"
13,29.12.24,14000.0,Пополнение,Саябек С.,False,"+ 14 000,00 ₸"
13,28.12.24,-100.0,Покупка,Activ,False,"- 100,00 ₸"
13,27.12.24,-6000.0,Перевод,Талгат Т.,False,"- 6 000,00 ₸"
13,27.12.24,-65000.0,Перевод,Пернекул А.,False,"- 65 000,00 ₸"
13,27.12.24,80000.0,Пополнение,Саябек С.,False,"+ 80 000,00 ₸"
13,27.12.24,70000.0,Пополнение,Айгүл С.,False,"+ 70 000,00 ₸"
13,26.12.24,-780.0,Перевод,Лескул И.,False,"- 780,00 ₸"
13,26.12.24,-750.0,Перевод,Тайжан У.,False,"- 750,00 ₸"
13,25.12.24,-20000.0,Перевод,Гульзахира К.,False,"- 20 000,00 ₸"
13,25.12.24,-1500.0,Перевод,Марат С.,False,"- 1 500,00 ₸"
13,25.12.24,25000.0,Пополнение,Раихан Ю.,False,"+ 25 000,00 ₸"
13,25.12.24,-960.0,Перевод,Тайжан У.,False,"- 960,00 ₸"
13,24.12.24,-350.0,Покупка,Баня Санжар,False,"- 350,00 ₸"
13,24.12.24,2000.0,Пополнение,Ғабиден С.,False,"+ 2 000,00 ₸"
13,24.12.24,-1500.0,Покупка,Баня Санжар,False,"- 1 500,00 ₸"
13,24.12.24,-500.0,Перевод,Бекдана З.,False,"- 500,00 ₸"
13,24.12.24,-3910.0,Покупка,Zerde #131,False,"- 3 910,00 ₸"
13,24.12.24,-5000.0,Покупка,Gazprom AZS # 302,False,"- 5 000,00 ₸"
13,24.12.24,10000.0,Пополнение,Айгүл С.,False,"+ 10 000,00 ₸"
13,24.12.24,400.0,Пополнение,Алма И.,False,"+ 400,00 ₸"
13,24.12.24,300.0,Пополнение,Мəдина С.,False,"+ 300,00 ₸"
13,23.12.24,-100.0,Перевод,Бакытжан Ш.,False,"- 100,00 ₸"
13,23.12.24,-100.0,Перевод,Роза С.,False,"- 100,00 ₸"
13,23.12.24,-10000.0,Перевод,Жанар С.,False,"- 10 000,00 ₸"
13,23.12.24,10000.0,Пополнение,Ғабиден С.,False,"+ 10 000,00 ₸"
13,23.12.24,-500.0,Перевод,Руслан Ж.,False,"- 500,00 ₸"
13,22.12.24,1000.0,Пополнение,Саябек С.,False,"+ 1 000,00 ₸"
13,19.12.24,-1900.0,Перевод,Индира Т.,False,"- 1 900,00 ₸"
14,19.12.24,-100.0,Покупка,MANSUR,False,"- 100,00 ₸"
14,19.12.24,-1450.0,Перевод,Перизат С.,False,"- 1 450,00 ₸"
14,19.12.24,-960.0,Покупка,Джантилеуова,False,"- 960,00 ₸"
14,19.12.24,-1295.0,Покупка,Касым Фарм,False,"- 1 295,00 ₸"
14,19.12.24,-1800.0,Покупка,Шерали,False,"- 1 800,00 ₸"
14,18.12.24,-5060.25,Покупка,ЖЭС. Физические лица,False,"- 5 060,25 ₸"
14,18.12.24,-20660.69,Покупка,QAZAQGAZ AIMAQ Тараз,False,"- 20 660,69 ₸"
14,18.12.24,33000.0,Пополнение,Марат Е.,False,"+ 33 000,00 ₸"
14,18.12.24,-25000.0,Перевод,Медет Ш.,False,"- 25 000,00 ₸"
14,18.12.24,25000.0,Пополнение,Раихан Ю.,False,"+ 25 000,00 ₸"
14,18.12.24,-1330.0,Разное,Комиссия за снятие наличных сверх лимита,False,"- 1 330,00 ₸"
14,18.12.24,-140000.0,Снятие,Банкомат B. Usenova 44A,False,"- 140 000,00 ₸"
14,18.12.24,-25000.0,Перевод,Жанар С.,False,"- 25 000,00 ₸"
14,18.12.24,-4827.0,Покупка,Аптека Садыхан,False,"- 4 827,00 ₸"
14,18.12.24,40000.0,Пополнение,Айгүл С.,False,"+ 40 000,00 ₸"
14,18.12.24,-75000.0,Перевод,Нұрдəулет У.,False,"- 75 000,00 ₸"
14,17.12.24,-55000.0,Перевод,Айгүл С.,False,"- 55 000,00 ₸"
14,17.12.24,261325.0,Пополнение,Марат Е.,False,"+ 261 325,00 ₸"
14,17.12.24,-3900.0,Перевод,Нурсулу З.,False,"- 3 900,00 ₸"
14,17.12.24,-1000.0,Перевод,Аида Ө.,False,"- 1 000,00 ₸"
14,17.12.24,-3467.0,Покупка,Вкусная корзинка,False,"- 3 467,00 ₸"
14,17.12.24,-7000.0,Перевод,Марзия Б.,False,"- 7 000,00 ₸"
14,16.12.24,-35000.0,Перевод,Бахыткуль К.,False,"- 35 000,00 ₸"
14,16.12.24,50000.0,Пополнение,Нурсулу З.,False,"+ 50 000,00 ₸"
14,13.12.24,-40000.0,Перевод,Саябек С.,False,"- 40 000,00 ₸"
14,13.12.24,40000.0,Пополнение,В Kaspi Терминале,False,"+ 40 000,00 ₸"
14,12.12.24,-100.0,Покупка,Қаратас,False,"- 100,00 ₸"
14,12.12.24,500.0,Пополнение,Гулвира А.,False,"+ 500,00 ₸"
14,09.12.24,-700.0,Перевод,Əзімбек А.,False,"- 700,00 ₸"
14,09.12.24,-18000.0,Перевод,Дамир Е.,False,"- 18 000,00 ₸"
14,09.12.24,-28.5,Разное,Комиссия за снятие наличных сверх лимита,False,"- 28,50 ₸"
14,09.12.24,-13000.0,Снятие,Банкомат B. Usenova 44A,False,"- 13 000,00 ₸"
14,09.12.24,-270000.0,Снятие,Банкомат B. Usenova 44A,False,"- 270 000,00 ₸"
14,09.12.24,230000.0,Пополнение,Саябек С.,False,"+ 230 000,00 ₸"
14,09.12.24,30000.0,Пополнение,Жанар С.,False,"+ 30 000,00 ₸"
14,07.12.24,-5000.0,Покупка,Gazprom AZS # 302,False,"- 5 000,00 ₸"
14,06.12.24,1000.0,Пополнение,Лаззат А.,False,"+ 1 000,00 ₸"
14,05.12.24,-59952.0,Перевод,Оплата Kaspi Кредита,False,"- 59 952,00 ₸"
14,05.12.24,-5110.0,Покупка,ИП. Ершова  Н.Н.,False,"- 5 110,00 ₸"
14,05.12.24,-4000.0,Перевод,Дана Д.,False,"- 4 000,00 ₸"
14,05.12.24,-150.0,Покупка,ИП Салем,False,"- 150,00 ₸"
14,05.12.24,-2750.0,Перевод,Досмұхан С.,False,"- 2 750,00 ₸"
14,05.12.24,30000.0,Пополнение,Айдана С.,False,"+ 30 000,00 ₸"
14,05.12.24,-500.0,Покупка,авто запчасть,False,"- 500,00 ₸"
14,05.12.24,5000.0,Пополнение,Айгүл С.,False,"+ 5 000,00 ₸"
14,05.12.24,-600.0,Покупка,ИП Искакова А.Б,False,"- 600,00 ₸"
14,05.12.24,-800.0,Покупка,Лесбаева,False,"- 800,00 ₸"
15,05.12.24,-2500.0,Перевод,Улпан М.,False,"- 2 500,00 ₸"
15,05.12.24,82497.0,Пополнение,Пенсия/пособие,False,"+ 82 497,00 ₸"
15,05.12.24,-5000.0,Перевод,Жанерке С.,False,"- 5 000,00 ₸"
15,05.12.24,-5000.0,Снятие,Банкомат Rysbek Batyra b/n,False,"- 5 000,00 ₸"
15,05.12.24,-15000.0,Снятие,Банкомат Rysbek Batyra b/n,False,"- 15 000,00 ₸"
15,04.12.24,-3000.0,Перевод,Гульбайра У.,False,"- 3 000,00 ₸"
15,03.12.24,-8000.0,Перевод,Салтанат А.,False,"- 8 000,00 ₸"
15,03.12.24,-140000.0,Перевод,Саябек С.,False,"- 140 000,00 ₸"
15,03.12.24,-8000.0,Перевод,Айгул Д.,False,"- 8 000,00 ₸"
15,03.12.24,-2000.0,Перевод,Марзия Б.,False,"- 2 000,00 ₸"
15,03.12.24,-1180.0,Перевод,Салима М.,False,"- 1 180,00 ₸"
15,03.12.24,-750.0,Перевод,Карлыгаш Б.,False,"- 750,00 ₸"
15,03.12.24,192205.0,Пополнение,Марат Е.,False,"+ 192 205,00 ₸"
15,27.11.24,-100.0,Покупка,Мир одежды и обуви,False,"- 100,00 ₸"
15,26.11.24,-10000.0,Перевод,Гульжан М.,False,"- 10 000,00 ₸"
15,26.11.24,1500.0,Пополнение,Сара С.,False,"+ 1 500,00 ₸"
15,26.11.24,8500.0,Пополнение,Раихан Ю.,False,"+ 8 500,00 ₸"
15,25.11.24,-4000.0,Перевод,Гульжан М.,False,"- 4 000,00 ₸"
15,25.11.24,-7967.95,Покупка,QAZAQGAZ AIMAQ Тараз,False,"- 7 967,95 ₸"
15,25.11.24,-3253.02,Покупка,ЖЭС. Физические лица,False,"- 3 253,02 ₸"
15,25.11.24,-1285.56,Покупка,ИЦ-Тараз,False,"- 1 285,56 ₸"
15,25.11.24,-2790.0,Покупка,Activ,False,"- 2 790,00 ₸"
15,25.11.24,-100.0,Покупка,Activ,False,"- 100,00 ₸"
15,25.11.24,17000.0,Пополнение,Гульсим А.,False,"+ 17 000,00 ₸"
15,24.11.24,-100.0,Покупка,Activ,False,"- 100,00 ₸"
15,22.11.24,-5000.0,Перевод,Жангил И.,False,"- 5 000,00 ₸"
15,22.11.24,-300.0,Покупка,Шерали,False,"- 300,00 ₸"
15,22.11.24,-1860.0,Перевод,Айнур Ж.,False,"- 1 860,00 ₸"
15,22.11.24,-1000.0,Перевод,Наргиза Ө.,False,"- 1 000,00 ₸"
15,22.11.24,-100.0,Перевод,Кунимай А.,False,"- 100,00 ₸"
15,22.11.24,-3244.0,Покупка,Вкусная корзинка,False,"- 3 244,00 ₸"
15,22.11.24,-3500.0,Перевод,Раузат А.,False,"- 3 500,00 ₸"
15,22.11.24,-7140.0,Перевод,Зоя Л.,False,"- 7 140,00 ₸"
15,22.11.24,-1500.0,Перевод,Кунимай А.,False,"- 1 500,00 ₸"
15,21.11.24,-20000.0,Перевод,Арайлым А.,False,"- 20 000,00 ₸"
15,21.11.24,-1879.0,Покупка,Вкусная корзинка,False,"- 1 879,00 ₸"
15,21.11.24,-100.0,Перевод,Бекзада Ж.,False,"- 100,00 ₸"
15,20.11.24,-10000.0,Перевод,Рабига Н.,False,"- 10 000,00 ₸"
15,20.11.24,-2400.0,Перевод,Сағыныш Қ.,False,"- 2 400,00 ₸"
15,20.11.24,1000.0,Пополнение,Айнур Б.,False,"+ 1 000,00 ₸"
15,20.11.24,-200.0,Перевод,Габит К.,False,"- 200,00 ₸"
15,19.11.24,-500.0,Перевод,Кенжекуль С.,False,"- 500,00 ₸"
15,18.11.24,-5000.0,Перевод,Дина Н.,False,"- 5 000,00 ₸"
15,18.11.24,-5296.0,Покупка,Вкусная корзинка,False,"- 5 296,00 ₸"
15,18.11.24,-24750.0,Перевод,Перизат С.,False,"- 24 750,00 ₸"
15,17.11.24,95375.0,Пополнение,Марат Е.,False,"+ 95 375,00 ₸"
15,15.11.24,-920.0,Перевод,Нурсулу З.,False,"- 920,00 ₸"
16,14.11.24,-420.0,Перевод,Тайжан У.,False,"- 420,00 ₸"
16,13.11.24,800.0,Пополнение,Айжан М.,False,"+ 800,00 ₸"
16,13.11.24,-339.0,Покупка,Вкусная корзинка,False,"- 339,00 ₸"
16,13.11.24,-85.0,Покупка,TulparCard. Оплата проезда по QR,False,"- 85,00 ₸"
16,13.11.24,-1000.0,Покупка,Садақаңыз қабыл болсын,False,"- 1 000,00 ₸"
16,12.11.24,500.0,Пополнение,Асқар К.,False,"+ 500,00 ₸"
16,12.11.24,1000.0,Пополнение,Мирас Қ.,False,"+ 1 000,00 ₸"
16,11.11.24,800.0,Пополнение,Айнур К.,False,"+ 800,00 ₸"
16,09.11.24,-2000.0,Перевод,Нұрдəулет У.,False,"- 2 000,00 ₸"
16,08.11.24,-100.0,Перевод,Адак М.,False,"- 100,00 ₸"
16,08.11.24,-10000.0,Перевод,Айгүл С.,False,"- 10 000,00 ₸"
16,08.11.24,-125848.0,Перевод,Оплата Kaspi Кредита,False,"- 125 848,00 ₸"
16,08.11.24,10000.0,Пополнение,В Kaspi Банкомате,False,"+ 10 000,00 ₸"
16,08.11.24,100000.0,Пополнение,В Kaspi Банкомате,False,"+ 100 000,00 ₸"
16,08.11.24,25000.0,Пополнение,Айдана С.,False,"+ 25 000,00 ₸"
16,06.11.24,-470.0,Перевод,Кенжекуль К.,False,"- 470,00 ₸"
16,06.11.24,-175000.0,Снятие,Банкомат B. Usenova 33,False,"- 175 000,00 ₸"
16,06.11.24,-1000.0,Перевод,Кунимай А.,False,"- 1 000,00 ₸"
16,06.11.24,-1000.0,Перевод,Кунимай А.,False,"- 1 000,00 ₸"
16,05.11.24,-10000.0,Перевод,Гульжан М.,False,"- 10 000,00 ₸"
16,05.11.24,-750.0,Перевод,Жансая Н.,False,"- 750,00 ₸"
16,05.11.24,82497.0,Пополнение,Пенсия/пособие,False,"+ 82 497,00 ₸"
16,05.11.24,-800.0,Перевод,Сапарғали Т.,False,"- 800,00 ₸"
16,02.11.24,-635.0,Перевод,Лаззат С.,False,"- 635,00 ₸"
16,02.11.24,-3000.0,Перевод,Дариха Б.,False,"- 3 000,00 ₸"
16,02.11.24,-1930.0,Перевод,Ерлан С.,False,"- 1 930,00 ₸"
16,02.11.24,-600.0,Перевод,Людмила Б.,False,"- 600,00 ₸"
16,31.10.24,115590.0,Пополнение,Марат Е.,False,"+ 115 590,00 ₸"
16,30.10.24,-600.0,Перевод,Гульбайра У.,False,"- 600,00 ₸"
16,29.10.24,-1000.0,Перевод,Саябек С.,False,"- 1 000,00 ₸"
16,28.10.24,1000.0,Пополнение,Саябек С.,False,"+ 1 000,00 ₸"
16,28.10.24,-4000.0,Перевод,Марзия Б.,False,"- 4 000,00 ₸"
16,25.10.24,1800.0,Пополнение,Лиза Т.,False,"+ 1 800,00 ₸"
16,25.10.24,-1000.0,Покупка,Экспресс,False,"- 1 000,00 ₸"
16,25.10.24,-31000.0,Перевод,Нелли С.,False,"- 31 000,00 ₸"
16,25.10.24,5000.0,Пополнение,Əсел А.,False,"+ 5 000,00 ₸"
16,25.10.24,-2500.0,Перевод,Галия Д.,False,"- 2 500,00 ₸"
16,24.10.24,-5000.0,Покупка,Gazprom AZS # 302,False,"- 5 000,00 ₸"
16,24.10.24,35000.0,Пополнение,Раихан Ю.,False,"+ 35 000,00 ₸"
16,24.10.24,-800.0,Перевод,Жанерке Ө.,False,"- 800,00 ₸"
16,24.10.24,-7000.0,Перевод,Асел Т.,False,"- 7 000,00 ₸"
16,24.10.24,-700.0,Перевод,Нуржигит У.,False,"- 700,00 ₸"
16,23.10.24,-1000.0,Перевод,Гулвира А.,False,"- 1 000,00 ₸"
16,23.10.24,-100.0,Перевод,Саябек С.,False,"- 100,00 ₸"
16,22.10.24,-109000.0,Перевод,Бек Б.,False,"- 109 000,00 ₸"
16,22.10.24,-9000.0,Перевод,Гульбану О.,False,"- 9 000,00 ₸"
16,22.10.24,-1700.0,Перевод,Тайжан У.,False,"- 1 700,00 ₸"
17,22.10.24,-2300.0,Перевод,Меруерт М.,False,"- 2 300,00 ₸"
17,22.10.24,33000.0,Пополнение,С карты другого банка,False,"+ 33 000,00 ₸"
17,22.10.24,-100000.0,Перевод,Сара С.,False,"- 100 000,00 ₸"
17,22.10.24,200000.0,Пополнение,С карты другого банка,False,"+ 200 000,00 ₸"
17,20.10.24,-20000.0,Перевод,Мадина С.,False,"- 20 000,00 ₸"
17,20.10.24,3000.0,Пополнение,Əсел А.,False,"+ 3 000,00 ₸"
17,20.10.24,7500.0,Пополнение,Раихан Ю.,False,"+ 7 500,00 ₸"
17,20.10.24,-1070.0,Перевод,Гулбарахан Р.,False,"- 1 070,00 ₸"
17,17.10.24,-7730.0,Перевод,Кенжекуль С.,False,"- 7 730,00 ₸"
17,17.10.24,-5000.0,Перевод,Нұрдəулет У.,False,"- 5 000,00 ₸"
17,17.10.24,-35000.0,Перевод,Айгүл С.,False,"- 35 000,00 ₸"
17,17.10.24,-15000.0,Перевод,Саябек С.,False,"- 15 000,00 ₸"
17,16.10.24,500.0,Пополнение,Эльвира А.,False,"+ 500,00 ₸"
17,16.10.24,200.0,Пополнение,Ақбота Қ.,False,"+ 200,00 ₸"
17,16.10.24,-2000.0,Перевод,Алтынкүл Ж.,False,"- 2 000,00 ₸"
17,16.10.24,-5000.0,Покупка,Gazprom AZS # 302,False,"- 5 000,00 ₸"
17,16.10.24,-1500.0,Перевод,Дарига С.,False,"- 1 500,00 ₸"
17,16.10.24,-1375.0,Покупка,Ип.Шадиев,False,"- 1 375,00 ₸"
17,16.10.24,-1730.0,Перевод,Милана Г.,False,"- 1 730,00 ₸"
17,16.10.24,-2700.0,Покупка,Svetlana,False,"- 2 700,00 ₸"
17,16.10.24,-400.0,Перевод,Василий Г.,False,"- 400,00 ₸"
17,16.10.24,-3050.0,Перевод,Ойбек А.,False,"- 3 050,00 ₸"
17,16.10.24,-4600.0,Перевод,Алиби Ж.,False,"- 4 600,00 ₸"
17,15.10.24,94870.0,Пополнение,Марат Е.,False,"+ 94 870,00 ₸"
17,15.10.24,1000.0,Пополнение,Саябек С.,False,"+ 1 000,00 ₸"
17,13.10.24,-50000.0,Перевод,Багила Б.,False,"- 50 000,00 ₸"
17,13.10.24,-300.0,Перевод,Зылиха Т.,False,"- 300,00 ₸"
17,12.10.24,50000.0,Пополнение,Жанар С.,False,"+ 50 000,00 ₸"
17,12.10.24,-100.0,Перевод,Зивар С.,False,"- 100,00 ₸"
17,12.10.24,-2500.0,Перевод,Раузат А.,False,"- 2 500,00 ₸"
17,12.10.24,-500.0,Перевод,Сапарғали Т.,False,"- 500,00 ₸"
17,11.10.24,-2010.0,Перевод,Бауыржан А.,False,"- 2 010,00 ₸"
17,11.10.24,-10000.0,Снятие,Банкомат B. Usenova 44A,False,"- 10 000,00 ₸"
17,11.10.24,-260000.0,Снятие,Банкомат B. Usenova 33,False,"- 260 000,00 ₸"
17,11.10.24,100000.0,Пополнение,Сара С.,False,"+ 100 000,00 ₸"
17,11.10.24,50000.0,Пополнение,Жанар С.,False,"+ 50 000,00 ₸"
17,10.10.24,-1000.0,Перевод,Мерует У.,False,"- 1 000,00 ₸"
17,10.10.24,-60000.0,Перевод,Саябек С.,False,"- 60 000,00 ₸"
17,10.10.24,90000.0,Пополнение,В Kaspi Банкомате,False,"+ 90 000,00 ₸"
17,10.10.24,-2000.0,Перевод,Айжан М.,False,"- 2 000,00 ₸"
17,10.10.24,25000.0,Пополнение,Айжан М.,False,"+ 25 000,00 ₸"
17,10.10.24,-4000.0,Перевод,Кристина Ш.,False,"- 4 000,00 ₸"
17,10.10.24,-100.0,Перевод,Зивар С.,False,"- 100,00 ₸"
17,10.10.24,-1100.0,Перевод,Медина А.,False,"- 1 100,00 ₸"
17,10.10.24,-500.0,Перевод,Рамазан Т.,False,"- 500,00 ₸"
17,09.10.24,-2285.0,Перевод,Тайжан У.,False,"- 2 285,00 ₸"
17,08.10.24,-500.0,Перевод,Жарас Ж.,False,"- 500,00 ₸"
18,08.10.24,10000.0,Пополнение,Сара С.,False,"+ 10 000,00 ₸"
18,08.10.24,-3000.0,Перевод,Гулбарахан Р.,False,"- 3 000,00 ₸"
18,08.10.24,20000.0,Пополнение,Айдана С.,False,"+ 20 000,00 ₸"
18,08.10.24,-27700.0,Перевод,Манзира С.,False,"- 27 700,00 ₸"
18,08.10.24,82497.0,Пополнение,Пенсия/пособие,False,"+ 82 497,00 ₸"
18,07.10.24,-150.0,Перевод,Кенжекуль С.,False,"- 150,00 ₸"
18,04.10.24,-500.0,Перевод,Рамазан Т.,False,"- 500,00 ₸"
18,04.10.24,300.0,Пополнение,С Kaspi Депозита,False,"+ 300,00 ₸"
18,04.10.24,-450.0,Перевод,Серик Д.,False,"- 450,00 ₸"
18,04.10.24,-2000.0,Перевод,Айжан Ж.,False,"- 2 000,00 ₸"
18,04.10.24,2000.0,Пополнение,Сара С.,False,"+ 2 000,00 ₸"
18,04.10.24,-450.0,Перевод,Серик Д.,False,"- 450,00 ₸"
18,04.10.24,-25000.0,Перевод,Лескул К.,False,"- 25 000,00 ₸"
18,04.10.24,-450.0,Перевод,Каршыга К.,False,"- 450,00 ₸"
18,04.10.24,-1500.0,Перевод,Рамазан Т.,False,"- 1 500,00 ₸"
18,03.10.24,-25000.0,Перевод,Асия Р.,False,"- 25 000,00 ₸"
18,02.10.24,-500.0,Перевод,Марат С.,False,"- 500,00 ₸"
18,02.10.24,-500.0,Перевод,Талгат Т.,False,"- 500,00 ₸"
18,01.10.24,-150.0,Перевод,Камиля У.,False,"- 150,00 ₸"
18,01.10.24,-1500.0,Перевод,Шынарым Ə.,False,"- 1 500,00 ₸"
18,01.10.24,-5000.0,Покупка,ERK Oil,False,"- 5 000,00 ₸"
18,01.10.24,-2040.0,Перевод,Айнур Ж.,False,"- 2 040,00 ₸"
18,01.10.24,-500.0,Перевод,Азиза А.,False,"- 500,00 ₸"
18,01.10.24,-1600.0,Перевод,Роза О.,False,"- 1 600,00 ₸"
18,01.10.24,-6000.0,Покупка,ИП Салем,False,"- 6 000,00 ₸"
18,01.10.24,-8500.0,Перевод,Бауржан Т.,False,"- 8 500,00 ₸"
18,01.10.24,-1820.0,Покупка,ItT SETVICE,False,"- 1 820,00 ₸"
18,01.10.24,-21000.0,Перевод,Фариза С.,False,"- 21 000,00 ₸"
18,01.10.24,-40000.0,Перевод,Раихан Ю.,False,"- 40 000,00 ₸"
18,30.09.24,136900.0,Пополнение,Марат Е.,False,"+ 136 900,00 ₸"
18,30.09.24,-2200.0,Перевод,Досмұхан С.,False,"- 2 200,00 ₸"
18,30.09.24,500.0,Пополнение,Мəдина Б.,False,"+ 500,00 ₸"
18,28.09.24,-1970.0,Перевод,Тайжан У.,False,"- 1 970,00 ₸"
18,28.09.24,-300.0,Перевод,Ордабай Б.,False,"- 300,00 ₸"
18,27.09.24,-1100.0,Перевод,Досмұхан С.,False,"- 1 100,00 ₸"
18,27.09.24,10000.0,Пополнение,С карты другого банка,False,"+ 10 000,00 ₸"
18,27.09.24,150.0,Пополнение,Липа Х.,False,"+ 150,00 ₸"
18,27.09.24,-5000.0,Перевод,Жанерке С.,False,"- 5 000,00 ₸"
18,27.09.24,-7000.0,Перевод,Айжан М.,False,"- 7 000,00 ₸"
18,26.09.24,-5000.0,Покупка,Gazprom AZS # 302,False,"- 5 000,00 ₸"
18,26.09.24,-1000.0,Перевод,Анар О.,False,"- 1 000,00 ₸"
18,26.09.24,-85.0,Покупка,TulparCard. Оплата проезда по QR,False,"- 85,00 ₸"
18,26.09.24,-6000.0,Перевод,Саябек С.,False,"- 6 000,00 ₸"
18,26.09.24,-12000.0,Перевод,Саябек С.,False,"- 12 000,00 ₸"
18,25.09.24,-1200.0,Перевод,Бакыткул А.,False,"- 1 200,00 ₸"
18,25.09.24,-10000.0,Перевод,Салтанат А.,False,"- 10 000,00 ₸"
18,25.09.24,-1000.0,Перевод,Лаззат А.,False,"- 1 000,00 ₸"
19,25.09.24,-1630.0,Перевод,Кунимай А.,False,"- 1 630,00 ₸"
19,25.09.24,50000.0,Пополнение,С карты другого банка,False,"+ 50 000,00 ₸"
19,24.09.24,-35000.0,Перевод,Бахыткуль К.,False,"- 35 000,00 ₸"
19,24.09.24,35000.0,Пополнение,Раихан Ю.,False,"+ 35 000,00 ₸"
19,21.09.24,-240.0,Перевод,Анар О.,False,"- 240,00 ₸"
19,19.09.24,-500.0,Перевод,Абдигали У.,False,"- 500,00 ₸"
19,19.09.24,-1010.0,Перевод,Карлыгаш Б.,False,"- 1 010,00 ₸"
19,19.09.24,1700.0,Пополнение,Сара С.,False,"+ 1 700,00 ₸"
19,19.09.24,-500.0,Перевод,Ербол А.,False,"- 500,00 ₸"
19,18.09.24,-6000.0,Перевод,Нагима А.,False,"- 6 000,00 ₸"
19,18.09.24,-1500.0,Перевод,Алия М.,False,"- 1 500,00 ₸"
19,18.09.24,-20000.0,Перевод,Манзира С.,False,"- 20 000,00 ₸"
19,18.09.24,-3000.0,Перевод,Куляш Т.,False,"- 3 000,00 ₸"
19,18.09.24,20000.0,Пополнение,Сара С.,False,"+ 20 000,00 ₸"
19,17.09.24,-1350.0,Перевод,Роза О.,False,"- 1 350,00 ₸"
19,17.09.24,-500.0,Перевод,Галымжан Р.,False,"- 500,00 ₸"
19,17.09.24,-250.0,Покупка,Гулнара магазин,False,"- 250,00 ₸"
19,17.09.24,-1550.0,Перевод,Роза Т.,False,"- 1 550,00 ₸"
19,17.09.24,-400.0,Перевод,Баймуханбет Т.,False,"- 400,00 ₸"
19,17.09.24,-116264.0,Перевод,Оплата Kaspi Кредита,False,"- 116 264,00 ₸"
19,17.09.24,131550.0,Пополнение,Гульнара С.,False,"+ 131 550,00 ₸"
19,15.09.24,-500.0,Покупка,Activ,False,"- 500,00 ₸"
19,14.09.24,-3600.0,Перевод,Кульшат К.,False,"- 3 600,00 ₸"
19,14.09.24,-10000.0,Перевод,Габит С.,False,"- 10 000,00 ₸"
19,14.09.24,10000.0,Пополнение,Əсел А.,False,"+ 10 000,00 ₸"
19,13.09.24,-6500.0,Перевод,Лескул И.,False,"- 6 500,00 ₸"
19,13.09.24,10000.0,Пополнение,Айгүл С.,False,"+ 10 000,00 ₸"
19,13.09.24,-500.0,Перевод,Тойшибай Ж.,False,"- 500,00 ₸"
19,13.09.24,-30.0,Покупка,Арман,False,"- 30,00 ₸"
19,13.09.24,-25.0,Покупка,!ПЕРДЕЛЕР ƏЛЕМІ.АЛИЯ.,False,"- 25,00 ₸"
19,13.09.24,-600.0,Перевод,Гульмира К.,False,"- 600,00 ₸"
19,12.09.24,-13000.0,Перевод,Əсел А.,False,"- 13 000,00 ₸"
19,11.09.24,-2000.0,Перевод,Сабит К.,False,"- 2 000,00 ₸"
19,11.09.24,-5500.0,Перевод,Асилай А.,False,"- 5 500,00 ₸"
19,11.09.24,300.0,Пополнение,Азиза А.,False,"+ 300,00 ₸"
19,11.09.24,-620000.0,Перевод,Айгуль С.,False,"- 620 000,00 ₸"
19,11.09.24,-1000.0,Снятие,Банкомат Usenova 44B,False,"- 1 000,00 ₸"
19,11.09.24,-70000.0,Перевод,Разия К.,False,"- 70 000,00 ₸"
19,11.09.24,-300000.0,Перевод,Назира Б.,False,"- 300 000,00 ₸"
19,10.09.24,500000.0,Пополнение,Айгүл С.,False,"+ 500 000,00 ₸"
19,10.09.24,500000.0,Пополнение,Кредит для ИП,False,"+ 500 000,00 ₸"
19,09.09.24,-2200.0,Перевод,Рамазан Т.,False,"- 2 200,00 ₸"
19,09.09.24,-100000.0,Перевод,Саябек С.,False,"- 100 000,00 ₸"
19,09.09.24,-2640.0,Перевод,Досмұхан С.,False,"- 2 640,00 ₸"
19,09.09.24,-1136.01,Покупка,QAZAQGAZ AIMAQ Тараз,False,"- 1 136,01 ₸"
19,09.09.24,82497.0,Пополнение,Пенсия/пособие,False,"+ 82 497,00 ₸"
19,08.09.24,-1995.0,Разное,Оплата за годовое обслуживание,False,"- 1 995,00 ₸"
20,07.09.24,-8100.0,Перевод,Манзира С.,False,"- 8 100,00 ₸"
20,06.09.24,-600.0,Перевод,Нұрдəулет У.,False,"- 600,00 ₸"
20,04.09.24,39000.0,Пополнение,Саябек С.,False,"+ 39 000,00 ₸"
20,04.09.24,-45060.0,Покупка,Zerde #131,False,"- 45 060,00 ₸"
20,04.09.24,-3000.0,Перевод,Жанаргүл А.,False,"- 3 000,00 ₸"
20,04.09.24,-1700.0,Покупка,Аптека САНЖАР,False,"- 1 700,00 ₸"
20,04.09.24,-5000.0,Покупка,Gazprom AZS # 302,False,"- 5 000,00 ₸"
20,03.09.24,10000.0,Пополнение,Бекзада Ж.,False,"+ 10 000,00 ₸"
