﻿page,date,amount,operation,details,clock_icon,amount_text
0,01.10.25,-2000.0,Перевод,Тлеудес Б.,False,"- 2 000,00 ₸"
0,30.09.25,-800000.0,Перевод,На Kaspi Депозит,False,"- 800 000,00 ₸"
0,30.09.25,650000.0,Пополнение,В Kaspi Банкомате,False,"+ 650 000,00 ₸"
0,30.09.25,-20000.0,Перевод,Акерке Б.,False,"- 20 000,00 ₸"
0,30.09.25,-2500.0,Покупка,Две палки дробь один,False,"- 2 500,00 ₸"
0,30.09.25,-60000.0,Покупка,Две палки дробь один,False,"- 60 000,00 ₸"
0,30.09.25,-600.0,Покупка,ИП Аргинтаева,False,"- 600,00 ₸"
0,30.09.25,-820.0,Покупка,ИП Аргинтаева,False,"- 820,00 ₸"
0,30.09.25,-10000.0,Перевод,Шалкар М.,False,"- 10 000,00 ₸"
0,30.09.25,-9399.0,Покупка,Fix Price,False,"- 9 399,00 ₸"
0,29.09.25,-100.0,Покупка,Две палки дробь один,False,"- 100,00 ₸"
0,29.09.25,-23340.0,Покупка,Две палки дробь один,False,"- 23 340,00 ₸"
0,29.09.25,-2500.0,Покупка,Две палки дробь один,False,"- 2 500,00 ₸"
0,29.09.25,260000.0,Пополнение,В Kaspi Банкомате,False,"+ 260 000,00 ₸"
1,29.09.25,-350.0,Покупка,FIT KLASS,False,"- 350,00 ₸"
1,29.09.25,-2000.0,Покупка,ИП Крупин,False,"- 2 000,00 ₸"
1,28.09.25,-1000.0,Перевод,Макпал Ш.,False,"- 1 000,00 ₸"
1,28.09.25,30000.0,Пополнение,Бикамал М.,False,"+ 30 000,00 ₸"
1,26.09.25,-1000.0,Покупка,ип Классова М,False,"- 1 000,00 ₸"
1,26.09.25,-19800.0,Покупка,FIT KLASS,False,"- 19 800,00 ₸"
1,26.09.25,-20000.0,Покупка,Отбасы банк. Пополнение депозита,False,"- 20 000,00 ₸"
1,26.09.25,-2000.0,,Покупка Благотворительный фонд «Харекет»,False,"- 2 000,00 ₸"
1,26.09.25,-500.0,Перевод,Ерсултан Т.,False,"- 500,00 ₸"
1,26.09.25,-13000.0,Перевод,Мадина С.,False,"- 13 000,00 ₸"
1,25.09.25,-6100.0,,Покупка Аэропорт 2,False,"- 6 100,00 ₸"
1,25.09.25,-2780.0,,Покупка ИП Кожахметова,False,"- 2 780,00 ₸"
1,25.09.25,-2860.0,,"Покупка GRAND HOTEL ""TIEN-SHAN""",False,"- 2 860,00 ₸"
1,25.09.25,-440.0,,Покупка Минимаркет,False,"- 440,00 ₸"
1,25.09.25,-12922.0,,Покупка АО «ЛОТТЕ Рахат»  2,False,"- 12 922,00 ₸"
1,24.09.25,-440.0,,Покупка Miras Store 2,False,"- 440,00 ₸"
1,24.09.25,-1700.0,,Покупка Maximarket,False,"- 1 700,00 ₸"
1,24.09.25,-1125.0,,Покупка Holiday,False,"- 1 125,00 ₸"
1,24.09.25,-4640.0,,Покупка Ильбисинов Арман Чаймарданович,False,"- 4 640,00 ₸"
1,24.09.25,-834.0,,Покупка SMALL,False,"- 834,00 ₸"
1,24.09.25,-1220.0,,Покупка SMALL,False,"- 1 220,00 ₸"
1,24.09.25,-550000.0,,Покупка Школа Системных Решений,False,"- 550 000,00 ₸"
1,24.09.25,500000.0,Пополнение,С Kaspi Депозита,False,"+ 500 000,00 ₸"
1,23.09.25,-4805.0,,Покупка Мельница,False,"- 4 805,00 ₸"
1,23.09.25,-23000.0,Перевод,Людмила К.,False,"- 23 000,00 ₸"
1,23.09.25,-52688.0,Перевод,Людмила К.,False,"- 52 688,00 ₸"
1,23.09.25,-2870.0,,"Покупка GRAND HOTEL ""TIEN-SHAN""",False,"- 2 870,00 ₸"
1,23.09.25,-1520.0,,Покупка BeerBarStore,False,"- 1 520,00 ₸"
1,22.09.25,-10000.0,Перевод,Лейла Б.,False,"- 10 000,00 ₸"
1,22.09.25,-75000.0,Перевод,Арай А.,False,"- 75 000,00 ₸"
1,21.09.25,-144572.0,,Покупка ТОО Kaspi Travel,False,"- 144 572,00 ₸"
1,20.09.25,-31500.0,Перевод,Лейла Б.,False,"- 31 500,00 ₸"
1,20.09.25,-3590.0,,Покупка Altel,False,"- 3 590,00 ₸"
1,19.09.25,-4300.0,Перевод,Айым А.,False,"- 4 300,00 ₸"
1,19.09.25,500000.0,Пополнение,В Kaspi Банкомате,False,"+ 500 000,00 ₸"
2,15.09.25,-199600.0,Перевод,Райгуль А.,False,"- 199 600,00 ₸"
2,15.09.25,200000.0,Пополнение,С Kaspi Депозита,False,"+ 200 000,00 ₸"
2,15.09.25,-10000.0,,Покупка Helios,False,"- 10 000,00 ₸"
2,14.09.25,-200000.0,Перевод,Шалкар М.,False,"- 200 000,00 ₸"
2,14.09.25,-850.0,,Покупка Аптека,False,"- 850,00 ₸"
2,14.09.25,-1260.0,Перевод,Қыдырəлі Ж.,False,"- 1 260,00 ₸"
2,14.09.25,-4000.0,,Покупка Рынок Дос-Нар,False,"- 4 000,00 ₸"
2,14.09.25,-29530.0,,"Покупка ТОО ""ДНС КАЗАХСТАН""",False,"- 29 530,00 ₸"
2,13.09.25,-200000.0,Перевод,На Kaspi Депозит,False,"- 200 000,00 ₸"
2,13.09.25,100000.0,Пополнение,С Kaspi Депозита,False,"+ 100 000,00 ₸"
2,13.09.25,100000.0,Пополнение,Арай А.,False,"+ 100 000,00 ₸"
2,13.09.25,-810000.0,Перевод,На Kaspi Депозит,False,"- 810 000,00 ₸"
2,13.09.25,-295000.0,Перевод,На Kaspi Депозит,False,"- 295 000,00 ₸"
2,13.09.25,810000.0,Пополнение,В Kaspi Банкомате,False,"+ 810 000,00 ₸"
2,13.09.25,295000.0,Пополнение,В Kaspi Банкомате,False,"+ 295 000,00 ₸"
2,13.09.25,246000.0,Пополнение,В Kaspi Банкомате,False,"+ 246 000,00 ₸"
2,13.09.25,-6037.0,,Покупка Оскемен Водоканал. Физические лица,False,"- 6 037,00 ₸"
2,13.09.25,6000.0,Пополнение,С Kaspi Депозита,False,"+ 6 000,00 ₸"
2,13.09.25,-5000.0,,Покупка Отбасы банк. Пополнение депозита,False,"- 5 000,00 ₸"
2,13.09.25,-5000.0,,Покупка Отбасы банк. Пополнение депозита,False,"- 5 000,00 ₸"
2,13.09.25,10000.0,Пополнение,С Kaspi Депозита,False,"+ 10 000,00 ₸"
2,12.09.25,-100000.0,Перевод,Шалкар М.,False,"- 100 000,00 ₸"
2,12.09.25,100000.0,Пополнение,С Kaspi Депозита,False,"+ 100 000,00 ₸"
2,12.09.25,-9965.0,,Покупка Фреш маркет,False,"- 9 965,00 ₸"
2,12.09.25,10000.0,Пополнение,С Kaspi Депозита,False,"+ 10 000,00 ₸"
2,12.09.25,-15000.0,,Покупка ТОО Оценочная компания Лидер,False,"- 15 000,00 ₸"
2,12.09.25,15000.0,Пополнение,С Kaspi Депозита,False,"+ 15 000,00 ₸"
2,12.09.25,-30000.0,,Покупка Назарбаева 50,False,"- 30 000,00 ₸"
2,12.09.25,26000.0,Пополнение,С Kaspi Депозита,False,"+ 26 000,00 ₸"
2,11.09.25,-70000.0,Перевод,Акерке Б.,False,"- 70 000,00 ₸"
2,11.09.25,65000.0,Пополнение,С Kaspi Депозита,False,"+ 65 000,00 ₸"
2,11.09.25,-5443.55,,Покупка CLARITYCHECK.COM/US,False,"- 5 443,55 ₸"
2,11.09.25,-20000.0,Перевод,Шалкар М.,False,"- 20 000,00 ₸"
3,11.09.25,-272.45,,Покупка CLARITYCHECK.COM/US,False,"- 272,45 ₸"
3,11.09.25,-272.45,,Покупка CLARITYCHECK.COM/US,False,"- 272,45 ₸"
3,11.09.25,-450000.0,Перевод,На Kaspi Депозит,False,"- 450 000,00 ₸"
3,11.09.25,-30000.0,Перевод,Лаура А.,False,"- 30 000,00 ₸"
3,11.09.25,-4995.0,,Покупка ИП РУСАКОВИЧ СОФЬЯ ДАМИРОВНА,False,"- 4 995,00 ₸"
3,11.09.25,300000.0,Пополнение,В Kaspi Банкомате,False,"+ 300 000,00 ₸"
3,11.09.25,-28895.0,Перевод,Алексей С.,False,"- 28 895,00 ₸"
3,11.09.25,-291.0,,Покупка Мызы 8 офис 224,False,"- 291,00 ₸"
3,10.09.25,248897.0,Пополнение,Зарплата,False,"+ 248 897,00 ₸"
3,10.09.25,-19749.0,,Покупка F - 118 Усть-Каменогорск,False,"- 19 749,00 ₸"
3,10.09.25,5000.0,Пополнение,С Kaspi Депозита,False,"+ 5 000,00 ₸"
3,10.09.25,15000.0,Пополнение,С Kaspi Депозита,False,"+ 15 000,00 ₸"
3,09.09.25,-17000.0,Перевод,Акерке Б.,False,"- 17 000,00 ₸"
3,09.09.25,16000.0,Пополнение,С Kaspi Депозита,False,"+ 16 000,00 ₸"
3,09.09.25,-177640.0,Перевод,Райгуль А.,False,"- 177 640,00 ₸"
3,09.09.25,177000.0,Пополнение,С Kaspi Депозита,False,"+ 177 000,00 ₸"
3,08.09.25,-11450.0,,Покупка 12 Месяцев-ВОСТОК,False,"- 11 450,00 ₸"
3,08.09.25,12000.0,Пополнение,С Kaspi Депозита,False,"+ 12 000,00 ₸"
3,07.09.25,-5000.0,Перевод,Шалкар М.,False,"- 5 000,00 ₸"
3,07.09.25,5000.0,Пополнение,С Kaspi Депозита,False,"+ 5 000,00 ₸"
3,06.09.25,-6000.0,Перевод,Шалкар М.,False,"- 6 000,00 ₸"
3,06.09.25,5000.0,Пополнение,С Kaspi Депозита,False,"+ 5 000,00 ₸"
3,05.09.25,-100000.0,,Покупка Greenway,False,"- 100 000,00 ₸"
3,05.09.25,40000.0,Пополнение,С Kaspi Депозита,False,"+ 40 000,00 ₸"
3,05.09.25,-16800.0,,Покупка ИП Харабора,False,"- 16 800,00 ₸"
3,04.09.25,78000.0,Пополнение,В Kaspi Банкомате,False,"+ 78 000,00 ₸"
3,04.09.25,-25000.0,,Покупка ИП Харабора,False,"- 25 000,00 ₸"
3,04.09.25,25000.0,Пополнение,С Kaspi Депозита,False,"+ 25 000,00 ₸"
3,04.09.25,-50000.0,,Покупка Французский Дом,False,"- 50 000,00 ₸"
3,04.09.25,50000.0,Пополнение,С Kaspi Депозита,False,"+ 50 000,00 ₸"
3,04.09.25,-51740.0,,Покупка 12 Месяцев-ВОСТОК,False,"- 51 740,00 ₸"
3,04.09.25,2000.0,Пополнение,С Kaspi Депозита,False,"+ 2 000,00 ₸"
3,03.09.25,50000.0,Пополнение,Анар Б.,False,"+ 50 000,00 ₸"
4,03.09.25,-50000.0,,Покупка ИП Харабора,False,"- 50 000,00 ₸"
4,03.09.25,50000.0,Пополнение,С Kaspi Депозита,False,"+ 50 000,00 ₸"
4,03.09.25,-2360.0,,"Покупка Усть-Каменогорский филиал ТОО ""Гелиос"" АЗС  3",False,"- 2 360,00 ₸"
4,03.09.25,3000.0,Пополнение,С Kaspi Депозита,False,"+ 3 000,00 ₸"
4,03.09.25,-3500.0,,Покупка Altel,False,"- 3 500,00 ₸"
4,03.09.25,300.0,Пополнение,С Kaspi Депозита,False,"+ 300,00 ₸"
4,02.09.25,-102000.0,Перевод,На Kaspi Депозит,False,"- 102 000,00 ₸"
4,02.09.25,101500.0,Пополнение,В Kaspi Банкомате,False,"+ 101 500,00 ₸"
4,02.09.25,-42000.0,Перевод,Акерке Б.,False,"- 42 000,00 ₸"
4,02.09.25,42000.0,Пополнение,С Kaspi Депозита,False,"+ 42 000,00 ₸"
4,02.09.25,-240.0,,Покупка ИП КАЛОШИНА ЮЛИЯ НИКОЛАЕВНА,False,"- 240,00 ₸"
4,01.09.25,-210000.0,Перевод,Лейла Б.,False,"- 210 000,00 ₸"
4,01.09.25,60000.0,Пополнение,С Kaspi Депозита,False,"+ 60 000,00 ₸"
4,01.09.25,-10000.0,Перевод,Арай А.,False,"- 10 000,00 ₸"
4,01.09.25,80000.0,Пополнение,Шалкар М.,False,"+ 80 000,00 ₸"
4,31.08.25,-100000.0,Перевод,Шалкар М.,False,"- 100 000,00 ₸"
4,31.08.25,-2925.0,,Покупка Павильон 8/1,False,"- 2 925,00 ₸"
4,31.08.25,-6500.0,,Покупка ИП АМАНБАЕВА Ш.Б.,False,"- 6 500,00 ₸"
4,30.08.25,-23898.0,,"Покупка ТОО ""KZ Sleep Market"" (КЗ Слип Маркет)",False,"- 23 898,00 ₸"
4,30.08.25,-23352.0,,"Покупка ТОО ""KZ Sleep Market"" (КЗ Слип Маркет)",False,"- 23 352,00 ₸"
4,30.08.25,-267337.0,,"Покупка ТОО ""KZ Sleep Market"" (КЗ Слип Маркет)",False,"- 267 337,00 ₸"
4,30.08.25,-69600.0,,Покупка Nota Bene,False,"- 69 600,00 ₸"
4,30.08.25,-235.0,,"Покупка ТОО ""ҮМІТ-ФАРМ ПЛЮС""",False,"- 235,00 ₸"
4,30.08.25,552000.0,Пополнение,В Kaspi Банкомате,False,"+ 552 000,00 ₸"
4,28.08.25,-6000.0,Перевод,Лариса У.,False,"- 6 000,00 ₸"
4,27.08.25,-19800.0,,Покупка FIT KLASS,False,"- 19 800,00 ₸"
4,26.08.25,-15000.0,Перевод,Шалкар М.,False,"- 15 000,00 ₸"
4,26.08.25,36300.0,Пополнение,Арай А.,False,"+ 36 300,00 ₸"
4,26.08.25,30000.0,Пополнение,Арай А.,False,"+ 30 000,00 ₸"
4,25.08.25,-400.0,,Покупка Iskender mangal,False,"- 400,00 ₸"
4,24.08.25,-15000.0,Перевод,Шалкар М.,False,"- 15 000,00 ₸"
4,24.08.25,15000.0,Пополнение,С Kaspi Депозита,False,"+ 15 000,00 ₸"
4,24.08.25,-76000.0,Перевод,Шалкар М.,False,"- 76 000,00 ₸"
4,24.08.25,76000.0,Пополнение,С Kaspi Депозита,False,"+ 76 000,00 ₸"
4,21.08.25,-15000.0,Перевод,Шалкар М.,False,"- 15 000,00 ₸"
4,21.08.25,15000.0,Пополнение,С Kaspi Депозита,False,"+ 15 000,00 ₸"
5,20.08.25,-1200.0,,Покупка Оскемен Водоканал. Физические лица,False,"- 1 200,00 ₸"
5,20.08.25,-3590.0,,Покупка Altel,False,"- 3 590,00 ₸"
5,20.08.25,4000.0,Пополнение,С Kaspi Депозита,False,"+ 4 000,00 ₸"
5,19.08.25,-14250.0,Перевод,Альбина К.,False,"- 14 250,00 ₸"
5,19.08.25,6000.0,Пополнение,С Kaspi Депозита,False,"+ 6 000,00 ₸"
5,18.08.25,-95000.0,Перевод,Айым А.,False,"- 95 000,00 ₸"
5,18.08.25,90000.0,Пополнение,С Kaspi Депозита,False,"+ 90 000,00 ₸"
5,18.08.25,-3000.0,Перевод,Гульнара Ж.,False,"- 3 000,00 ₸"
5,18.08.25,-3925.0,,Покупка Павильон Алтай,False,"- 3 925,00 ₸"
5,17.08.25,-1570.0,,"Покупка Усть-Каменогорский филиал ТОО ""Гелиос"" АЗС  12",False,"- 1 570,00 ₸"
5,17.08.25,-1920.0,,"Покупка Усть-Каменогорский филиал ТОО ""Гелиос"" АЗС  12",False,"- 1 920,00 ₸"
5,17.08.25,-610.0,,"Покупка Усть-Каменогорский филиал ТОО ""Гелиос"" АЗС  12",False,"- 610,00 ₸"
5,17.08.25,5000.0,Пополнение,Лейла Б.,False,"+ 5 000,00 ₸"
5,16.08.25,-26960.0,,"Покупка ИП ""ЧАЯХМЕТОВ Т.""",False,"- 26 960,00 ₸"
5,15.08.25,-1500.0,,Покупка ИП.КƏУСАР,False,"- 1 500,00 ₸"
5,15.08.25,-500.0,,Покупка Kofe,False,"- 500,00 ₸"
5,15.08.25,-1000.0,,Покупка Kofe,False,"- 1 000,00 ₸"
5,15.08.25,3000.0,Пополнение,Айгул Т.,False,"+ 3 000,00 ₸"
5,15.08.25,-3000.0,Перевод,Аяулым С.,False,"- 3 000,00 ₸"
5,15.08.25,-10000.0,Перевод,Шалкар М.,False,"- 10 000,00 ₸"
5,15.08.25,-2500.0,Перевод,Алихан О.,False,"- 2 500,00 ₸"
5,15.08.25,-63000.0,Перевод,Айым А.,False,"- 63 000,00 ₸"
5,15.08.25,-20000.0,Перевод,Лейла Б.,False,"- 20 000,00 ₸"
5,15.08.25,-18000.0,Перевод,Лейла Б.,False,"- 18 000,00 ₸"
5,14.08.25,-1500.0,,Покупка ИП РЗАЕВА,False,"- 1 500,00 ₸"
5,14.08.25,-10000.0,,Покупка ЕРКЕБҰЛАН,False,"- 10 000,00 ₸"
5,14.08.25,-3000.0,Перевод,Ыбырай Р.,False,"- 3 000,00 ₸"
5,14.08.25,-3000.0,Перевод,Бауыржан Т.,False,"- 3 000,00 ₸"
5,14.08.25,-2000.0,,Покупка ИП ARUSOUL,False,"- 2 000,00 ₸"
5,14.08.25,-3000.0,Перевод,Інкəр А.,False,"- 3 000,00 ₸"
5,13.08.25,-1600.0,,Покупка Loft,False,"- 1 600,00 ₸"
5,13.08.25,-300000.0,Перевод,На Kaspi Депозит,False,"- 300 000,00 ₸"
5,13.08.25,-120000.0,Перевод,Шалкар М.,False,"- 120 000,00 ₸"
5,13.08.25,-65000.0,Перевод,Муқағали А.,False,"- 65 000,00 ₸"
5,13.08.25,-1000.0,,Покупка Kofe,False,"- 1 000,00 ₸"
6,13.08.25,-1000.0,,Покупка Kofe,False,"- 1 000,00 ₸"
6,13.08.25,-2000.0,,Покупка ИП ARUSOUL,False,"- 2 000,00 ₸"
6,12.08.25,-1755.0,,"Покупка ТОО ""КП-ТОРГ""",False,"- 1 755,00 ₸"
6,12.08.25,330000.0,Пополнение,В Kaspi Банкомате,False,"+ 330 000,00 ₸"
6,12.08.25,315000.0,Пополнение,В Kaspi Банкомате,False,"+ 315 000,00 ₸"
6,11.08.25,-215000.0,Перевод,Майра М.,False,"- 215 000,00 ₸"
6,11.08.25,248897.0,Пополнение,Зарплата,False,"+ 248 897,00 ₸"
6,09.08.25,-3800.0,Перевод,Арай А.,False,"- 3 800,00 ₸"
6,09.08.25,4000.0,Пополнение,С Kaspi Депозита,False,"+ 4 000,00 ₸"
6,09.08.25,-7100.0,,Покупка Терминал Б,False,"- 7 100,00 ₸"
6,08.08.25,-2000.0,Перевод,Бекен К.,False,"- 2 000,00 ₸"
6,08.08.25,-2000.0,Перевод,На Kaspi Депозит,False,"- 2 000,00 ₸"
6,08.08.25,-550000.0,Перевод,На Kaspi Депозит,False,"- 550 000,00 ₸"
6,08.08.25,561000.0,Пополнение,В Kaspi Банкомате,False,"+ 561 000,00 ₸"
6,08.08.25,-38500.0,,Покупка Almatybuket_uka,False,"- 38 500,00 ₸"
6,08.08.25,31000.0,Пополнение,С Kaspi Депозита,False,"+ 31 000,00 ₸"
6,08.08.25,-100000.0,Перевод,Гульжан А.,False,"- 100 000,00 ₸"
6,08.08.25,80000.0,Пополнение,С Kaspi Депозита,False,"+ 80 000,00 ₸"
6,07.08.25,-282774.0,,Покупка Metro,False,"- 282 774,00 ₸"
6,06.08.25,300000.0,Пополнение,Талгат Д.,False,"+ 300 000,00 ₸"
6,05.08.25,-450000.0,,Покупка Школа Системных Решений,False,"- 450 000,00 ₸"
6,05.08.25,90000.0,Пополнение,С Kaspi Депозита,False,"+ 90 000,00 ₸"
6,05.08.25,-10000.0,Перевод,Акерке Б.,False,"- 10 000,00 ₸"
6,04.08.25,-71690.14,,Покупка Zbooni DMCC,False,"- 71 690,14 ₸"
6,04.08.25,450000.0,Пополнение,С Kaspi Депозита,False,"+ 450 000,00 ₸"
6,01.08.25,-1500.0,Перевод,Лейла Б.,False,"- 1 500,00 ₸"
6,31.07.25,-1300.0,,Покупка АРОМАТ,False,"- 1 300,00 ₸"
6,31.07.25,-3100.0,Перевод,Айым А.,False,"- 3 100,00 ₸"
6,31.07.25,-2400.0,,Покупка магазин НАН,False,"- 2 400,00 ₸"
6,31.07.25,5150.0,Пополнение,Айым А.,False,"+ 5 150,00 ₸"
6,31.07.25,-90.0,,Покупка SATURN,False,"- 90,00 ₸"
6,29.07.25,-840.0,,Покупка kincarre,False,"- 840,00 ₸"
6,29.07.25,-1199.0,,Покупка Рынок Дос-Нар,False,"- 1 199,00 ₸"
6,29.07.25,-3000.0,Перевод,Шалкар М.,False,"- 3 000,00 ₸"
7,29.07.25,-1144.0,,Покупка Fix Price 1110,False,"- 1 144,00 ₸"
7,28.07.25,-5000.0,,Покупка Отбасы банк. Пополнение депозита,False,"- 5 000,00 ₸"
7,28.07.25,-5000.0,,Покупка Отбасы банк. Пополнение депозита,False,"- 5 000,00 ₸"
7,28.07.25,-150000.0,Перевод,На Kaspi Депозит,False,"- 150 000,00 ₸"
7,28.07.25,-10000.0,Перевод,Айым А.,False,"- 10 000,00 ₸"
7,27.07.25,-23040.0,,Покупка Meloman/Marwin,False,"- 23 040,00 ₸"
7,27.07.25,-3200.0,,Покупка ЧИКЕН БУМ РИВЕР,False,"- 3 200,00 ₸"
7,27.07.25,-13200.0,,Покупка Bahandi,False,"- 13 200,00 ₸"
7,27.07.25,-9566.0,,Покупка FLO,False,"- 9 566,00 ₸"
7,25.07.25,230000.0,Пополнение,В Kaspi Банкомате,False,"+ 230 000,00 ₸"
7,25.07.25,-100000.0,Перевод,Акерке Б.,False,"- 100 000,00 ₸"
7,25.07.25,100000.0,Пополнение,С Kaspi Депозита,False,"+ 100 000,00 ₸"
7,23.07.25,-19800.0,,Покупка FIT KLASS,False,"- 19 800,00 ₸"
7,23.07.25,20000.0,Пополнение,С Kaspi Депозита,False,"+ 20 000,00 ₸"
7,22.07.25,-2500.0,Перевод,Айым А.,False,"- 2 500,00 ₸"
7,22.07.25,2500.0,Пополнение,С Kaspi Депозита,False,"+ 2 500,00 ₸"
7,20.07.25,-150000.0,Перевод,Нургуль А.,False,"- 150 000,00 ₸"
7,20.07.25,150000.0,Пополнение,С Kaspi Депозита,False,"+ 150 000,00 ₸"
7,20.07.25,-3590.0,,Покупка Altel,False,"- 3 590,00 ₸"
7,20.07.25,2500.0,Пополнение,С Kaspi Депозита,False,"+ 2 500,00 ₸"
7,19.07.25,-20000.0,Перевод,Шалкар М.,False,"- 20 000,00 ₸"
7,19.07.25,20000.0,Пополнение,С Kaspi Депозита,False,"+ 20 000,00 ₸"
7,18.07.25,-255000.0,Перевод,На Kaspi Депозит,False,"- 255 000,00 ₸"
7,18.07.25,255500.0,Пополнение,В Kaspi Банкомате,False,"+ 255 500,00 ₸"
7,18.07.25,-1000.0,,Покупка 12 Месяцев-ВОСТОК,False,"- 1 000,00 ₸"
7,18.07.25,1000.0,Пополнение,С Kaspi Депозита,False,"+ 1 000,00 ₸"
7,18.07.25,-52769.0,,Покупка 12 Месяцев-ВОСТОК,False,"- 52 769,00 ₸"
7,18.07.25,50000.0,Пополнение,С Kaspi Депозита,False,"+ 50 000,00 ₸"
7,17.07.25,-50000.0,Перевод,Арай А.,False,"- 50 000,00 ₸"
7,17.07.25,50000.0,Пополнение,С Kaspi Депозита,False,"+ 50 000,00 ₸"
7,17.07.25,-500.0,Перевод,Шалкар М.,False,"- 500,00 ₸"
7,17.07.25,-9000.0,Перевод,Марат С.,False,"- 9 000,00 ₸"
7,17.07.25,10000.0,Пополнение,С Kaspi Депозита,False,"+ 10 000,00 ₸"
7,17.07.25,-13000.0,Перевод,Шалкар М.,False,"- 13 000,00 ₸"
7,17.07.25,-5000.0,Перевод,Шалкар М.,False,"- 5 000,00 ₸"
8,17.07.25,-30000.0,Перевод,На Kaspi Депозит,False,"- 30 000,00 ₸"
8,17.07.25,-15000.0,,Покупка 1 этаж Оля,False,"- 15 000,00 ₸"
8,16.07.25,-1795.0,,Покупка Минимаркет Кабанбай батыра,False,"- 1 795,00 ₸"
8,16.07.25,30000.0,Пополнение,Бикамал М.,False,"+ 30 000,00 ₸"
8,16.07.25,-700000.0,,Покупка ИП АРАПОВА Г.С.,False,"- 700 000,00 ₸"
8,16.07.25,550000.0,Пополнение,С Kaspi Депозита,False,"+ 550 000,00 ₸"
8,16.07.25,-6200.0,,"Покупка ТОО ""ТОО SK CONSULTING GROUP""",False,"- 6 200,00 ₸"
8,15.07.25,-1160.0,,Покупка Магазин продукты,False,"- 1 160,00 ₸"
8,14.07.25,-10000.0,Перевод,Шалкар М.,False,"- 10 000,00 ₸"
8,14.07.25,-200000.0,Перевод,На Kaspi Депозит,False,"- 200 000,00 ₸"
8,14.07.25,-55000.0,Перевод,Шалкар М.,False,"- 55 000,00 ₸"
8,14.07.25,460000.0,Пополнение,В Kaspi Банкомате,False,"+ 460 000,00 ₸"
8,14.07.25,-12000.0,,Покупка ИП Харабора,False,"- 12 000,00 ₸"
8,14.07.25,12000.0,Пополнение,С Kaspi Депозита,False,"+ 12 000,00 ₸"
8,14.07.25,-17000.0,,Покупка Almatybuket_uka,False,"- 17 000,00 ₸"
8,14.07.25,15000.0,Пополнение,С Kaspi Депозита,False,"+ 15 000,00 ₸"
8,13.07.25,-7990.0,,Покупка Altel,False,"- 7 990,00 ₸"
8,13.07.25,5000.0,Пополнение,С Kaspi Депозита,False,"+ 5 000,00 ₸"
8,13.07.25,-3746.0,,Покупка Павильон Мерей,False,"- 3 746,00 ₸"
8,12.07.25,-3614.0,,Покупка FERMERCITY,False,"- 3 614,00 ₸"
8,12.07.25,-10800.0,,Покупка FERMERCITY,False,"- 10 800,00 ₸"
8,12.07.25,-5850.0,,Покупка ИП Сатекова,False,"- 5 850,00 ₸"
8,12.07.25,-50000.0,Перевод,Мадина К.,False,"- 50 000,00 ₸"
8,11.07.25,-8640.0,,Покупка АЗС «Алтайская»,False,"- 8 640,00 ₸"
8,11.07.25,-100000.0,Перевод,На Kaspi Депозит,False,"- 100 000,00 ₸"
8,11.07.25,85000.0,Пополнение,В Kaspi Банкомате,False,"+ 85 000,00 ₸"
8,10.07.25,2500.0,Пополнение,Марат С.,False,"+ 2 500,00 ₸"
8,10.07.25,-149000.0,Перевод,Жаннұр С.,False,"- 149 000,00 ₸"
8,10.07.25,248897.0,Пополнение,Зарплата,False,"+ 248 897,00 ₸"
8,10.07.25,-8750.0,,Покупка Ука-4 Казахстан 72,False,"- 8 750,00 ₸"
8,10.07.25,9000.0,Пополнение,С Kaspi Депозита,False,"+ 9 000,00 ₸"
8,09.07.25,-4900.0,,Покупка Zerde #409,False,"- 4 900,00 ₸"
8,09.07.25,2000.0,Пополнение,С Kaspi Депозита,False,"+ 2 000,00 ₸"
8,06.07.25,-180000.0,Перевод,На Kaspi Депозит,False,"- 180 000,00 ₸"
8,06.07.25,-3900.0,,Покупка Отдел,False,"- 3 900,00 ₸"
8,06.07.25,187000.0,Пополнение,В Kaspi Терминале,False,"+ 187 000,00 ₸"
9,05.07.25,-20000.0,Перевод,Бикамал М.,False,"- 20 000,00 ₸"
9,05.07.25,20000.0,Пополнение,С Kaspi Депозита,False,"+ 20 000,00 ₸"
9,03.07.25,-204100.0,Перевод,Арай А.,False,"- 204 100,00 ₸"
9,03.07.25,204000.0,Пополнение,С Kaspi Депозита,False,"+ 204 000,00 ₸"
9,03.07.25,-30000.0,Перевод,Айым А.,False,"- 30 000,00 ₸"
9,03.07.25,30000.0,Пополнение,С Kaspi Депозита,False,"+ 30 000,00 ₸"
9,02.07.25,-1763.0,,Покупка Аманат,False,"- 1 763,00 ₸"
9,02.07.25,1500.0,Пополнение,С Kaspi Депозита,False,"+ 1 500,00 ₸"
9,02.07.25,-500.0,,Покупка ИП ЧУЙКОВ В.Д,False,"- 500,00 ₸"
9,02.07.25,500.0,Пополнение,С Kaspi Депозита,False,"+ 500,00 ₸"
9,30.06.25,-5000.0,,Покупка Отбасы банк. Пополнение депозита,False,"- 5 000,00 ₸"
9,30.06.25,-5000.0,,Покупка Отбасы банк. Пополнение депозита,False,"- 5 000,00 ₸"
9,30.06.25,10000.0,Пополнение,Шалкар М.,False,"+ 10 000,00 ₸"
9,30.06.25,-250000.0,Перевод,На Kaspi Депозит,False,"- 250 000,00 ₸"
9,30.06.25,250000.0,Пополнение,В Kaspi Банкомате,False,"+ 250 000,00 ₸"
9,30.06.25,-67000.0,Перевод,На Kaspi Депозит,False,"- 67 000,00 ₸"
9,30.06.25,-800.0,,Покупка 1 этаж Оля,False,"- 800,00 ₸"
9,30.06.25,-10000.0,,Покупка 1 этаж Оля,False,"- 10 000,00 ₸"
9,30.06.25,-2264.0,,Покупка A-STORE,False,"- 2 264,00 ₸"
9,30.06.25,-220000.0,Перевод,Шалкар М.,False,"- 220 000,00 ₸"
9,30.06.25,300000.0,Пополнение,В Kaspi Банкомате,False,"+ 300 000,00 ₸"
9,29.06.25,-25.0,,Покупка Одноразовая посуда,False,"- 25,00 ₸"
9,29.06.25,-560.0,,Покупка Рынок Дос-Нар,False,"- 560,00 ₸"
9,28.06.25,-1000.0,,Покупка EAST SMILE,False,"- 1 000,00 ₸"
9,28.06.25,-6820.0,Перевод,Айым А.,False,"- 6 820,00 ₸"
9,28.06.25,-3100.0,Перевод,Айым А.,False,"- 3 100,00 ₸"
9,28.06.25,10000.0,Пополнение,С Kaspi Депозита,False,"+ 10 000,00 ₸"
9,28.06.25,-305.0,,Покупка Налог на имущество,False,"- 305,00 ₸"
9,27.06.25,-34500.0,Перевод,Манарбек Ж.,False,"- 34 500,00 ₸"
9,27.06.25,-1190.0,,Покупка Вкус Маркет,False,"- 1 190,00 ₸"
9,27.06.25,-5177.0,,Покупка Fix Price 1110,False,"- 5 177,00 ₸"
9,27.06.25,-440000.0,,"Покупка ТОО ""АЛТАЙ VIP-ТРЭВЕЛ""",False,"- 440 000,00 ₸"
9,27.06.25,300000.0,Пополнение,С Kaspi Депозита,False,"+ 300 000,00 ₸"
9,26.06.25,-30000.0,Перевод,Лəззат М.,False,"- 30 000,00 ₸"
9,26.06.25,-80000.0,Перевод,На Kaspi Депозит,False,"- 80 000,00 ₸"
10,26.06.25,-10000.0,Перевод,Лейла Б.,False,"- 10 000,00 ₸"
10,26.06.25,-7161.0,,Покупка Fix Price,False,"- 7 161,00 ₸"
10,26.06.25,295000.0,Пополнение,В Kaspi Банкомате,False,"+ 295 000,00 ₸"
10,26.06.25,15000.0,Пополнение,В Kaspi Банкомате,False,"+ 15 000,00 ₸"
10,25.06.25,-30000.0,,Покупка East smile,False,"- 30 000,00 ₸"
10,25.06.25,30000.0,Пополнение,С Kaspi Депозита,False,"+ 30 000,00 ₸"
10,25.06.25,-21700.0,,Покупка АЗС «Алтайская»,False,"- 21 700,00 ₸"
10,25.06.25,22000.0,Пополнение,С Kaspi Депозита,False,"+ 22 000,00 ₸"
10,25.06.25,-8200.0,,Покупка Хеппи,False,"- 8 200,00 ₸"
10,25.06.25,8000.0,Пополнение,С Kaspi Депозита,False,"+ 8 000,00 ₸"
10,24.06.25,-6700.0,,Покупка Хеппи,False,"- 6 700,00 ₸"
10,24.06.25,6700.0,Пополнение,С Kaspi Депозита,False,"+ 6 700,00 ₸"
10,23.06.25,-430.0,,Покупка магазин Росинка,False,"- 430,00 ₸"
10,23.06.25,-5745.0,,Покупка Фреш маркет,False,"- 5 745,00 ₸"
10,23.06.25,6000.0,Пополнение,С Kaspi Депозита,False,"+ 6 000,00 ₸"
10,23.06.25,-5000.0,,Покупка МЕДИЦИНСКИЙ ЦЕНТР КЛИНИКА,False,"- 5 000,00 ₸"
10,23.06.25,5000.0,Пополнение,С Kaspi Депозита,False,"+ 5 000,00 ₸"
10,23.06.25,-4500.0,,Покупка Барбер,False,"- 4 500,00 ₸"
10,23.06.25,4500.0,Пополнение,С Kaspi Депозита,False,"+ 4 500,00 ₸"
10,23.06.25,-12000.0,,Покупка МЕДИЦИНСКИЙ ЦЕНТР КЛИНИКА,False,"- 12 000,00 ₸"
10,23.06.25,12000.0,Пополнение,С Kaspi Депозита,False,"+ 12 000,00 ₸"
10,23.06.25,-34500.0,Перевод,Манарбек Ж.,False,"- 34 500,00 ₸"
10,23.06.25,34000.0,Пополнение,С Kaspi Депозита,False,"+ 34 000,00 ₸"
10,22.06.25,-12700.0,,Покупка ИП Трофимов Николай Фёдорович,False,"- 12 700,00 ₸"
10,22.06.25,5000.0,Пополнение,С Kaspi Депозита,False,"+ 5 000,00 ₸"
10,22.06.25,-3290.0,,Покупка Ел Енбек выездная Т,False,"- 3 290,00 ₸"
10,22.06.25,-600.0,,Покупка ТД Тулпар,False,"- 600,00 ₸"
10,21.06.25,-6680.0,,"Покупка ИП ""Керимов А. И.""",False,"- 6 680,00 ₸"
10,21.06.25,-2499.0,,Покупка Fix Price 1140,False,"- 2 499,00 ₸"
10,21.06.25,-350.0,Перевод,Асем С.,False,"- 350,00 ₸"
10,21.06.25,-1820.0,Перевод,Асем С.,False,"- 1 820,00 ₸"
10,21.06.25,-360.0,,Покупка Zerde #409,False,"- 360,00 ₸"
10,21.06.25,-875.0,,"Покупка Аптека Кабанбай батыра, 49",False,"- 875,00 ₸"
10,21.06.25,-24000.0,,Покупка East smile,False,"- 24 000,00 ₸"
10,20.06.25,-5190.0,,"Покупка ИП ""Керимов А. И.""",False,"- 5 190,00 ₸"
11,20.06.25,-20000.0,,Покупка Almatybuket,False,"- 20 000,00 ₸"
11,19.06.25,-660.0,,Покупка магазин Росинка,False,"- 660,00 ₸"
11,19.06.25,-710.0,,Покупка магазин Росинка,False,"- 710,00 ₸"
11,19.06.25,-25200.0,,Покупка FIT KLASS,False,"- 25 200,00 ₸"
11,19.06.25,100000.0,Пополнение,В Kaspi Банкомате,False,"+ 100 000,00 ₸"
11,19.06.25,-10500.0,,Покупка AuraLuxeKz,False,"- 10 500,00 ₸"
11,19.06.25,11000.0,Пополнение,С Kaspi Депозита,False,"+ 11 000,00 ₸"
11,18.06.25,-3000.0,,Покупка Altel,False,"- 3 000,00 ₸"
11,18.06.25,2000.0,Пополнение,С Kaspi Депозита,False,"+ 2 000,00 ₸"
11,15.06.25,-18000.0,,Покупка Beeline,False,"- 18 000,00 ₸"
11,15.06.25,16000.0,Пополнение,С Kaspi Депозита,False,"+ 16 000,00 ₸"
11,14.06.25,-25000.0,Перевод,Лейла Б.,False,"- 25 000,00 ₸"
11,14.06.25,25000.0,Пополнение,С Kaspi Депозита,False,"+ 25 000,00 ₸"
11,14.06.25,-51000.0,Перевод,Лейла Б.,False,"- 51 000,00 ₸"
11,14.06.25,20000.0,Пополнение,С Kaspi Депозита,False,"+ 20 000,00 ₸"
11,14.06.25,-4260.0,,"Покупка ИП ""Керимов А. И.""",False,"- 4 260,00 ₸"
11,14.06.25,-8320.0,,Покупка Болашақ Меновное 2,False,"- 8 320,00 ₸"
11,14.06.25,-350000.0,Перевод,На Kaspi Депозит,False,"- 350 000,00 ₸"
11,14.06.25,380000.0,Пополнение,В Kaspi Банкомате,False,"+ 380 000,00 ₸"
11,14.06.25,-930.0,,Покупка ИП ЖАКУПОВА ЛАЗЗАТ,False,"- 930,00 ₸"
11,12.06.25,-1200.0,,Покупка Болашақ Меновное 2,False,"- 1 200,00 ₸"
11,12.06.25,-1800.0,,Покупка Altel,False,"- 1 800,00 ₸"
11,11.06.25,-30000.0,Перевод,На Kaspi Депозит,False,"- 30 000,00 ₸"
11,11.06.25,-100000.0,Перевод,На Kaspi Депозит,False,"- 100 000,00 ₸"
11,11.06.25,-6000.0,,Покупка Altel,False,"- 6 000,00 ₸"
11,10.06.25,-3500.0,,Покупка luck,False,"- 3 500,00 ₸"
11,10.06.25,-81000.0,,Покупка Офис 220,False,"- 81 000,00 ₸"
11,10.06.25,-8640.0,,Покупка Beauty Empire,False,"- 8 640,00 ₸"
11,10.06.25,248897.0,Пополнение,Зарплата,False,"+ 248 897,00 ₸"
11,09.06.25,-6500.0,,Покупка Аптека,False,"- 6 500,00 ₸"
11,09.06.25,6000.0,Пополнение,С Kaspi Депозита,False,"+ 6 000,00 ₸"
11,07.06.25,-31200.0,,Покупка Фреш маркет,False,"- 31 200,00 ₸"
11,07.06.25,32000.0,Пополнение,С Kaspi Депозита,False,"+ 32 000,00 ₸"
11,07.06.25,-40000.0,Перевод,Нуржан Ж.,False,"- 40 000,00 ₸"
11,07.06.25,40000.0,Пополнение,В Kaspi Терминале,False,"+ 40 000,00 ₸"
12,06.06.25,-25000.0,Покупка,Greenway,False,"- 25 000,00 ₸"
12,06.06.25,25000.0,Пополнение,С Kaspi Депозита,False,"+ 25 000,00 ₸"
12,06.06.25,-5030.0,Покупка,Ип Камелханова,False,"- 5 030,00 ₸"
12,06.06.25,1000.0,Пополнение,С Kaspi Депозита,False,"+ 1 000,00 ₸"
12,06.06.25,-3705.0,Покупка,ИП Кремлева,False,"- 3 705,00 ₸"
12,05.06.25,-100000.0,Перевод,На Kaspi Депозит,False,"- 100 000,00 ₸"
12,05.06.25,-32190.0,Перевод,Акерке Б.,False,"- 32 190,00 ₸"
12,05.06.25,-3500.0,Перевод,Мадина С.,False,"- 3 500,00 ₸"
12,05.06.25,-20950.0,Перевод,Мадина С.,False,"- 20 950,00 ₸"
12,04.06.25,-6600.0,Перевод,Мадина С.,False,"- 6 600,00 ₸"
12,04.06.25,120000.0,Пополнение,В Kaspi Банкомате,False,"+ 120 000,00 ₸"
12,04.06.25,-10000.0,Перевод,Лейла Б.,False,"- 10 000,00 ₸"
12,04.06.25,60000.0,Пополнение,Арай А.,False,"+ 60 000,00 ₸"
12,03.06.25,-1500.0,Покупка,Фреш маркет,False,"- 1 500,00 ₸"
12,03.06.25,-3368.0,Покупка,Фреш маркет,False,"- 3 368,00 ₸"
12,03.06.25,5000.0,Пополнение,С Kaspi Депозита,False,"+ 5 000,00 ₸"
12,01.06.25,-9220.0,Покупка,Greenway,False,"- 9 220,00 ₸"
12,01.06.25,3000.0,Пополнение,С Kaspi Депозита,False,"+ 3 000,00 ₸"
12,01.06.25,-9893.0,Покупка,Комфорт,False,"- 9 893,00 ₸"
12,01.06.25,15000.0,Пополнение,С Kaspi Депозита,False,"+ 15 000,00 ₸"
12,01.06.25,-1080.0,Покупка,Детские товары,False,"- 1 080,00 ₸"
12,31.05.25,-5000.0,Покупка,Отбасы банк. Пополнение депозита,False,"- 5 000,00 ₸"
12,31.05.25,-5000.0,Покупка,Отбасы банк. Пополнение депозита,False,"- 5 000,00 ₸"
12,31.05.25,-31800.0,Перевод,Мадина С.,False,"- 31 800,00 ₸"
12,31.05.25,15000.0,Пополнение,С Kaspi Депозита,False,"+ 15 000,00 ₸"
12,31.05.25,20000.0,Пополнение,Бикамал М.,False,"+ 20 000,00 ₸"
12,30.05.25,-610.0,Покупка,Рынок Дос-Нар,False,"- 610,00 ₸"
12,30.05.25,-40000.0,Перевод,Шалкар М.,False,"- 40 000,00 ₸"
12,30.05.25,40000.0,Пополнение,Арай А.,False,"+ 40 000,00 ₸"
12,30.05.25,-540.0,Покупка,ИП АКАЕВА,False,"- 540,00 ₸"
12,30.05.25,-4515.0,Перевод,Дина Ч.,False,"- 4 515,00 ₸"
12,30.05.25,7000.0,Покупка,Неаполь,True,"+ 7 000,00 ₸"
12,30.05.25,7799.0,Покупка,Неаполь,True,"+ 7 799,00 ₸"
12,30.05.25,-1000.0,Покупка,Аппарат самообслуживания,False,"- 1 000,00 ₸"
12,29.05.25,-7799.0,Покупка,Неаполь,True,"- 7 799,00 ₸"
12,29.05.25,10000.0,Пополнение,С Kaspi Депозита,False,"+ 10 000,00 ₸"
12,29.05.25,-7000.0,Покупка,Неаполь,True,"- 7 000,00 ₸"
12,29.05.25,-335.0,Покупка,ТОО ЕвроАзияФарм,False,"- 335,00 ₸"
13,29.05.25,-490000.0,Перевод,На Kaspi Депозит,False,"- 490 000,00 ₸"
13,29.05.25,100000.0,Пополнение,В Kaspi Банкомате,False,"+ 100 000,00 ₸"
13,28.05.25,-3000.0,Перевод,Лейла Б.,False,"- 3 000,00 ₸"
13,28.05.25,95000.0,Пополнение,В Kaspi Банкомате,False,"+ 95 000,00 ₸"
13,28.05.25,-610.0,Покупка,Павильон,False,"- 610,00 ₸"
13,28.05.25,-12000.0,Перевод,Лаура А.,False,"- 12 000,00 ₸"
13,27.05.25,300000.0,Пополнение,Айдос А.,False,"+ 300 000,00 ₸"
13,27.05.25,-2340.0,,Покупка duken JANA-НОВЫЙ,False,"- 2 340,00 ₸"
13,27.05.25,20000.0,Пополнение,В Kaspi Терминале,False,"+ 20 000,00 ₸"
13,27.05.25,-4180.0,,"Покупка Усть-Каменогорский филиал ТОО ""Гелиос"" АЗС  7",False,"- 4 180,00 ₸"
13,27.05.25,3000.0,Пополнение,С Kaspi Депозита,False,"+ 3 000,00 ₸"
13,26.05.25,-1170.0,Перевод,Макпал Ш.,False,"- 1 170,00 ₸"
13,26.05.25,-200000.0,,Покупка Аквапарк Сатпаева,False,"- 200 000,00 ₸"
13,26.05.25,6000.0,Пополнение,Арай А.,False,"+ 6 000,00 ₸"
13,26.05.25,194000.0,Пополнение,В Kaspi Банкомате,False,"+ 194 000,00 ₸"
13,25.05.25,-1000.0,Перевод,Қуаныш Е.,False,"- 1 000,00 ₸"
13,24.05.25,-2290.0,,Покупка Магазин Нуржан,False,"- 2 290,00 ₸"
13,24.05.25,-2000.0,Перевод,Марат С.,False,"- 2 000,00 ₸"
13,23.05.25,-5500.0,,Покупка Кристина,False,"- 5 500,00 ₸"
13,22.05.25,-7500.0,Перевод,Лаура А.,False,"- 7 500,00 ₸"
13,21.05.25,21000.0,Пополнение,Арай А.,False,"+ 21 000,00 ₸"
13,21.05.25,-1000.0,Перевод,Алтынай Б.,False,"- 1 000,00 ₸"
13,21.05.25,-21000.0,,Покупка Торт фреш,False,"- 21 000,00 ₸"
13,21.05.25,20000.0,Пополнение,С Kaspi Депозита,False,"+ 20 000,00 ₸"
13,21.05.25,-5600.0,,Покупка фрешмаркет,False,"- 5 600,00 ₸"
13,18.05.25,-319980.0,,"Покупка ТОО ""ДНС КАЗАХСТАН""",False,"- 319 980,00 ₸"
13,18.05.25,210000.0,Пополнение,С Kaspi Депозита,False,"+ 210 000,00 ₸"
13,18.05.25,-27000.0,Перевод,Лейла Б.,False,"- 27 000,00 ₸"
13,18.05.25,-700.0,,Покупка Altel,False,"- 700,00 ₸"
13,18.05.25,-2690.0,,Покупка Altel,False,"- 2 690,00 ₸"
13,12.05.25,-310.0,,Покупка Оскемен Водоканал. Физические лица,False,"- 310,00 ₸"
13,12.05.25,-2690.0,,Покупка Altel,False,"- 2 690,00 ₸"
13,12.05.25,151200.0,Пополнение,Зарплата,False,"+ 151 200,00 ₸"
13,11.05.25,-100.0,,Покупка Мед Алтайский Казахстан 31,False,"- 100,00 ₸"
13,10.05.25,-165.0,,"Покупка ТОО "" Еврофарм""",False,"- 165,00 ₸"
14,10.05.25,-155.0,,"Покупка ТОО "" Еврофарм""",False,"- 155,00 ₸"
14,09.05.25,-1000.0,Перевод,Турсунгазы Ж.,False,"- 1 000,00 ₸"
14,08.05.25,-9050.0,,Покупка Greenway,False,"- 9 050,00 ₸"
14,08.05.25,9000.0,Пополнение,С Kaspi Депозита,False,"+ 9 000,00 ₸"
14,07.05.25,-20000.0,Перевод,Муратбек К.,False,"- 20 000,00 ₸"
14,07.05.25,20000.0,Пополнение,С Kaspi Депозита,False,"+ 20 000,00 ₸"
14,07.05.25,-600.0,,Покупка FIT KLASS,False,"- 600,00 ₸"
14,07.05.25,-9240.0,Перевод,Айым А.,False,"- 9 240,00 ₸"
14,07.05.25,10000.0,Пополнение,С Kaspi Депозита,False,"+ 10 000,00 ₸"
14,07.05.25,-3100.0,Перевод,Айым А.,False,"- 3 100,00 ₸"
14,06.05.25,-10000.0,Перевод,Ерасыл Т.,False,"- 10 000,00 ₸"
14,06.05.25,10000.0,Пополнение,С Kaspi Депозита,False,"+ 10 000,00 ₸"
14,06.05.25,-1790.0,,Покупка duken JANA-НОВЫЙ,False,"- 1 790,00 ₸"
14,06.05.25,-10000.0,Перевод,Сабитхан К.,False,"- 10 000,00 ₸"
14,06.05.25,-10000.0,Перевод,Адильжан К.,False,"- 10 000,00 ₸"
14,06.05.25,20000.0,Пополнение,С Kaspi Депозита,False,"+ 20 000,00 ₸"
14,06.05.25,-30000.0,Перевод,На Kaspi Депозит,False,"- 30 000,00 ₸"
14,06.05.25,30000.0,Пополнение,Бикамал М.,False,"+ 30 000,00 ₸"
14,06.05.25,-8000.0,Перевод,Шалкар М.,False,"- 8 000,00 ₸"
14,05.05.25,-2000.0,Перевод,Арай А.,False,"- 2 000,00 ₸"
14,05.05.25,-19500.0,Перевод,Қымбат Ш.,False,"- 19 500,00 ₸"
14,05.05.25,19500.0,Пополнение,Акбота М.,False,"+ 19 500,00 ₸"
14,04.05.25,-40000.0,Перевод,Лейла Б.,False,"- 40 000,00 ₸"
14,04.05.25,-6800.0,,Покупка Beyosa Усть-Каменогорск,False,"- 6 800,00 ₸"
14,04.05.25,-3480.0,,Покупка A-STORE,False,"- 3 480,00 ₸"
14,03.05.25,-20000.0,Перевод,Лаура А.,False,"- 20 000,00 ₸"
14,03.05.25,-5435.0,,Покупка duken JANA-НОВЫЙ,False,"- 5 435,00 ₸"
14,02.05.25,-2779.0,,Покупка Fix Price 1167,False,"- 2 779,00 ₸"
14,02.05.25,-11764.0,,Покупка Колмакова,False,"- 11 764,00 ₸"
14,02.05.25,-14400.0,,Покупка FIT KLASS,False,"- 14 400,00 ₸"
14,02.05.25,-9000.0,Перевод,Лейла Б.,False,"- 9 000,00 ₸"
14,02.05.25,-1500.0,Перевод,Акбота М.,False,"- 1 500,00 ₸"
14,01.05.25,50000.0,Пополнение,Арман К.,False,"+ 50 000,00 ₸"
14,01.05.25,55000.0,Пополнение,Шалкар М.,False,"+ 55 000,00 ₸"
14,01.05.25,25000.0,Пополнение,Бикамал М.,False,"+ 25 000,00 ₸"
15,01.05.25,-1500.0,,Покупка Фреш маркет,False,"- 1 500,00 ₸"
15,01.05.25,-5000.0,Перевод,Шалкар М.,False,"- 5 000,00 ₸"
15,30.04.25,-50000.0,Перевод,Шалкар М.,False,"- 50 000,00 ₸"
15,30.04.25,50000.0,Пополнение,С Kaspi Депозита,False,"+ 50 000,00 ₸"
15,29.04.25,-3336.0,,Покупка магазин НАН,False,"- 3 336,00 ₸"
15,29.04.25,-300.0,,Покупка Павильон,False,"- 300,00 ₸"
15,28.04.25,-40000.0,Перевод,Шалкар М.,False,"- 40 000,00 ₸"
15,28.04.25,40000.0,Пополнение,С Kaspi Депозита,False,"+ 40 000,00 ₸"
15,28.04.25,-1848.0,,Покупка Оскемен Водоканал. Физические лица,False,"- 1 848,00 ₸"
15,28.04.25,-5000.0,,Покупка Отбасы банк. Пополнение депозита,False,"- 5 000,00 ₸"
15,28.04.25,-5000.0,,Покупка Отбасы банк. Пополнение депозита,False,"- 5 000,00 ₸"
15,28.04.25,-32400.0,Перевод,Григорий Н.,False,"- 32 400,00 ₸"
15,27.04.25,-870.0,,Покупка duken JANA-НОВЫЙ,False,"- 870,00 ₸"
15,27.04.25,-1130.0,,Покупка duken JANA-НОВЫЙ,False,"- 1 130,00 ₸"
15,27.04.25,-2320.0,,Покупка Вкус Маркет,False,"- 2 320,00 ₸"
15,26.04.25,-830.0,,Покупка Волна,False,"- 830,00 ₸"
15,26.04.25,-14672.0,,Покупка Лосось 1 Назарбаева 29,False,"- 14 672,00 ₸"
15,26.04.25,-25200.0,,Покупка FIT KLASS,False,"- 25 200,00 ₸"
15,26.04.25,-200000.0,Перевод,На Kaspi Депозит,False,"- 200 000,00 ₸"
15,26.04.25,300000.0,Пополнение,В Kaspi Банкомате,False,"+ 300 000,00 ₸"
15,25.04.25,-6000.0,,Покупка Altel,False,"- 6 000,00 ₸"
15,24.04.25,-3700.0,Перевод,Айым А.,False,"- 3 700,00 ₸"
15,24.04.25,-80000.0,Перевод,На Kaspi Депозит,False,"- 80 000,00 ₸"
15,24.04.25,-19270.0,,Покупка GREENWAYSTART.KZ,False,"- 19 270,00 ₸"
15,24.04.25,-399.0,,Покупка Fix Price,False,"- 399,00 ₸"
15,24.04.25,-500000.0,Перевод,На Kaspi Депозит,False,"- 500 000,00 ₸"
15,24.04.25,610000.0,Пополнение,В Kaspi Банкомате,False,"+ 610 000,00 ₸"
15,23.04.25,-20000.0,Перевод,Арай А.,False,"- 20 000,00 ₸"
15,23.04.25,20000.0,Пополнение,С Kaspi Депозита,False,"+ 20 000,00 ₸"
15,23.04.25,-2000.0,Перевод,Айым А.,False,"- 2 000,00 ₸"
15,23.04.25,2000.0,Пополнение,С Kaspi Депозита,False,"+ 2 000,00 ₸"
15,23.04.25,-10000.0,Перевод,Шалкар М.,False,"- 10 000,00 ₸"
15,23.04.25,10000.0,Пополнение,С Kaspi Депозита,False,"+ 10 000,00 ₸"
15,21.04.25,-8100.0,Перевод,Григорий Н.,False,"- 8 100,00 ₸"
15,21.04.25,2000.0,Пополнение,С Kaspi Депозита,False,"+ 2 000,00 ₸"
16,19.04.25,-20000.0,Перевод,Лаура А.,False,"- 20 000,00 ₸"
16,19.04.25,-20000.0,Перевод,Шалкар М.,False,"- 20 000,00 ₸"
16,18.04.25,-100000.0,Перевод,На Kaspi Депозит,False,"- 100 000,00 ₸"
16,18.04.25,-14500.0,Перевод,Айым А.,False,"- 14 500,00 ₸"
16,18.04.25,160000.0,Пополнение,В Kaspi Банкомате,False,"+ 160 000,00 ₸"
16,18.04.25,-500.0,Перевод,Найля Т.,False,"- 500,00 ₸"
16,17.04.25,-2690.0,,Покупка Altel,False,"- 2 690,00 ₸"
16,16.04.25,-1000.0,Перевод,Данил Н.,False,"- 1 000,00 ₸"
16,16.04.25,-500.0,,Покупка АРОМАТ,False,"- 500,00 ₸"
16,16.04.25,5000.0,Пополнение,С Kaspi Депозита,False,"+ 5 000,00 ₸"
16,16.04.25,-500.0,,Покупка ONAY. Пополнение баланса,False,"- 500,00 ₸"
16,15.04.25,-500.0,Перевод,Найля Т.,False,"- 500,00 ₸"
16,15.04.25,-280.0,,Покупка ТОО SK Consulting Group,False,"- 280,00 ₸"
16,14.04.25,-23000.0,Перевод,Лейла Б.,False,"- 23 000,00 ₸"
16,14.04.25,23000.0,Пополнение,С Kaspi Депозита,False,"+ 23 000,00 ₸"
16,14.04.25,-650.0,,Покупка F-113 Усть-Каменогорск,False,"- 650,00 ₸"
16,14.04.25,-350.0,,Покупка FIT KLASS,False,"- 350,00 ₸"
16,14.04.25,-35000.0,Перевод,Шалкар М.,False,"- 35 000,00 ₸"
16,14.04.25,25000.0,Пополнение,С Kaspi Депозита,False,"+ 25 000,00 ₸"
16,12.04.25,-6000.0,,Покупка Барбершоп SAL VA,False,"- 6 000,00 ₸"
16,12.04.25,-57000.0,Перевод,Судаба С.,False,"- 57 000,00 ₸"
16,12.04.25,-1830.0,,Покупка Павильон Алтай,False,"- 1 830,00 ₸"
16,12.04.25,-4779.0,,Покупка Fix-Price 1157,False,"- 4 779,00 ₸"
16,12.04.25,-1500.0,,Покупка Аллё,False,"- 1 500,00 ₸"
16,12.04.25,-500.0,,Покупка Островок_ТД «Тамирлан»,False,"- 500,00 ₸"
16,12.04.25,-14000.0,,Покупка KINGSPORT,False,"- 14 000,00 ₸"
16,12.04.25,-3000.0,Перевод,Айым А.,False,"- 3 000,00 ₸"
16,12.04.25,-19000.0,Перевод,Айым А.,False,"- 19 000,00 ₸"
16,11.04.25,100000.0,Пополнение,Лейла Б.,False,"+ 100 000,00 ₸"
16,11.04.25,-1600.0,Перевод,Жулдыз А.,False,"- 1 600,00 ₸"
16,11.04.25,-3240.0,Перевод,Жулдыз А.,False,"- 3 240,00 ₸"
16,11.04.25,-9030.0,,"Покупка Усть-Каменогорский филиал ТОО ""Гелиос"" АЗС  8",False,"- 9 030,00 ₸"
16,11.04.25,-10000.0,Перевод,Сабитхан К.,False,"- 10 000,00 ₸"
16,11.04.25,-5000.0,Перевод,Лейла Б.,False,"- 5 000,00 ₸"
16,10.04.25,-1000.0,Перевод,Аягүл К.,False,"- 1 000,00 ₸"
16,10.04.25,-200000.0,Перевод,На Kaspi Депозит,False,"- 200 000,00 ₸"
17,10.04.25,248897.0,Пополнение,Зарплата,False,"+ 248 897,00 ₸"
17,09.04.25,-9939.48,,Покупка Аптека Гедеон Рихтер 1,False,"- 9 939,48 ₸"
17,09.04.25,10000.0,Пополнение,С Kaspi Депозита,False,"+ 10 000,00 ₸"
17,08.04.25,-20000.0,Перевод,Лейла Б.,False,"- 20 000,00 ₸"
17,08.04.25,20000.0,Пополнение,С Kaspi Депозита,False,"+ 20 000,00 ₸"
17,06.04.25,-20152.0,,Покупка Колмакова,False,"- 20 152,00 ₸"
17,06.04.25,20000.0,Пополнение,С Kaspi Депозита,False,"+ 20 000,00 ₸"
17,06.04.25,-1243.0,Покупка,Оскемен Водоканал. Физические лица,False,"- 1 243,00 ₸"
17,06.04.25,-2690.0,Покупка,Altel,False,"- 2 690,00 ₸"
17,05.04.25,-20000.0,Перевод,Лаура А.,False,"- 20 000,00 ₸"
17,05.04.25,20000.0,Пополнение,С Kaspi Депозита,False,"+ 20 000,00 ₸"
17,05.04.25,-600.0,Покупка,ТОО КОРВИНТ,False,"- 600,00 ₸"
17,05.04.25,-5000.0,Покупка,Фреш маркет,False,"- 5 000,00 ₸"
17,04.04.25,-20047.0,Покупка,АЗС «Алтайская»,False,"- 20 047,00 ₸"
17,01.04.25,30000.0,Пополнение,С Kaspi Депозита,False,"+ 30 000,00 ₸"
17,29.03.25,-24000.0,Покупка,Kaspi Travel,False,"- 24 000,00 ₸"
17,29.03.25,24000.0,Пополнение,Арай А.,False,"+ 24 000,00 ₸"
17,29.03.25,-20000.0,Перевод,Лаура А.,False,"- 20 000,00 ₸"
17,29.03.25,20000.0,Пополнение,С Kaspi Депозита,False,"+ 20 000,00 ₸"
17,29.03.25,-20000.0,Перевод,Арай А.,False,"- 20 000,00 ₸"
17,29.03.25,-70000.0,Перевод,Шалкар М.,False,"- 70 000,00 ₸"
17,29.03.25,90000.0,Пополнение,С Kaspi Депозита,False,"+ 90 000,00 ₸"
17,28.03.25,-5000.0,Перевод,Шалкар М.,False,"- 5 000,00 ₸"
17,27.03.25,-390000.0,Перевод,На Kaspi Депозит,False,"- 390 000,00 ₸"
17,27.03.25,-4210.0,Покупка,Алем,False,"- 4 210,00 ₸"
17,27.03.25,395000.0,Пополнение,В Kaspi Банкомате,False,"+ 395 000,00 ₸"
17,27.03.25,-1000.0,Покупка,Общественный фонд  «Өмірге сен»,False,"- 1 000,00 ₸"
17,27.03.25,5170.0,Пополнение,Ирина К.,False,"+ 5 170,00 ₸"
17,27.03.25,-196296.0,Покупка,Kaspi Travel,False,"- 196 296,00 ₸"
17,27.03.25,167000.0,Пополнение,С Kaspi Депозита,False,"+ 167 000,00 ₸"
17,27.03.25,-580.0,Покупка,Фреш маркет,False,"- 580,00 ₸"
17,26.03.25,-1000.0,Покупка,Общественный фонд  «Өмірге сен»,False,"- 1 000,00 ₸"
17,25.03.25,-2397.42,Покупка,Налог на транспорт,False,"- 2 397,42 ₸"
17,25.03.25,-6000.0,Покупка,Altel,False,"- 6 000,00 ₸"
17,25.03.25,-8944.0,Покупка,"Усть-Каменогорский филиал ТОО ""Гелиос"" АЗС  3",False,"- 8 944,00 ₸"
17,25.03.25,-9060.0,Покупка,Амирханова,False,"- 9 060,00 ₸"
17,25.03.25,-539036.0,Покупка,AVIATA,False,"- 539 036,00 ₸"
18,25.03.25,10000.0,Пополнение,С Kaspi Депозита,False,"+ 10 000,00 ₸"
18,25.03.25,570000.0,Пополнение,С Kaspi Депозита,False,"+ 570 000,00 ₸"
18,25.03.25,13.0,Покупка,AVIATA,True,"+ 13,00 ₸"
18,25.03.25,-13.0,Покупка,AVIATA,True,"- 13,00 ₸"
18,24.03.25,-11600.0,Покупка,аптека Оптомед,False,"- 11 600,00 ₸"
18,24.03.25,-5000.0,Покупка,Лена 3 этаж,False,"- 5 000,00 ₸"
18,24.03.25,30000.0,Пополнение,В Kaspi Терминале,False,"+ 30 000,00 ₸"
18,24.03.25,-60000.0,Перевод,Бактгуль Б.,False,"- 60 000,00 ₸"
18,24.03.25,60000.0,Пополнение,Арай А.,False,"+ 60 000,00 ₸"
18,24.03.25,-5170.0,Покупка,ТД Алем,False,"- 5 170,00 ₸"
18,21.03.25,-1500.0,Покупка,Фреш маркет,False,"- 1 500,00 ₸"
18,21.03.25,-8636.0,Покупка,АЗС F-427 «КазМунайГаз»,False,"- 8 636,00 ₸"
18,20.03.25,-5000.0,Перевод,Шалкар М.,False,"- 5 000,00 ₸"
18,20.03.25,-1000.0,Перевод,Шалкар М.,False,"- 1 000,00 ₸"
18,20.03.25,-25000.0,Перевод,Шалкар М.,False,"- 25 000,00 ₸"
18,20.03.25,-8500.0,Перевод,Айзат К.,False,"- 8 500,00 ₸"
18,20.03.25,8500.0,Пополнение,Айзат К.,False,"+ 8 500,00 ₸"
18,20.03.25,-3685.0,,Покупка ИП АЛМА,False,"- 3 685,00 ₸"
18,19.03.25,-5000.0,,Покупка FIT KLASS,False,"- 5 000,00 ₸"
18,19.03.25,-29500.0,Перевод,Мадина С.,False,"- 29 500,00 ₸"
18,19.03.25,-1740.0,,Покупка Кристина,False,"- 1 740,00 ₸"
18,19.03.25,-3050.0,,Покупка Одноразовая посуда,False,"- 3 050,00 ₸"
18,18.03.25,9560.0,Пополнение,Айзат К.,False,"+ 9 560,00 ₸"
18,18.03.25,-5000.0,Перевод,На Kaspi Депозит,False,"- 5 000,00 ₸"
18,18.03.25,-200000.0,Перевод,На Kaspi Депозит,False,"- 200 000,00 ₸"
18,18.03.25,-20000.0,Перевод,Болат К.,False,"- 20 000,00 ₸"
18,18.03.25,302000.0,Пополнение,В Kaspi Банкомате,False,"+ 302 000,00 ₸"
18,17.03.25,-50000.0,Перевод,Акерке Б.,False,"- 50 000,00 ₸"
18,17.03.25,-7500.0,Перевод,Владислав П.,False,"- 7 500,00 ₸"
18,17.03.25,62500.0,Пополнение,Виктория К.,False,"+ 62 500,00 ₸"
18,17.03.25,-257144.0,,Покупка Kaspi Travel,False,"- 257 144,00 ₸"
18,17.03.25,160000.0,Пополнение,С Kaspi Депозита,False,"+ 160 000,00 ₸"
18,17.03.25,50000.0,Пополнение,Арман К.,False,"+ 50 000,00 ₸"
18,17.03.25,-2690.0,,Покупка Altel,False,"- 2 690,00 ₸"
18,16.03.25,-5140.0,,Покупка Beeline,False,"- 5 140,00 ₸"
18,16.03.25,-8390.0,,Покупка CITY CENTER,False,"- 8 390,00 ₸"
19,16.03.25,63000.0,Пополнение,В Kaspi Терминале,False,"+ 63 000,00 ₸"
19,16.03.25,-48000.0,Перевод,Диляра Н.,False,"- 48 000,00 ₸"
19,15.03.25,-1000.0,Перевод,Сержан К.,False,"- 1 000,00 ₸"
19,14.03.25,-32000.0,Перевод,Лейла Б.,False,"- 32 000,00 ₸"
19,14.03.25,-700.0,,Покупка FIT KLASS,False,"- 700,00 ₸"
19,14.03.25,-15000.0,Перевод,Нуржан Ж.,False,"- 15 000,00 ₸"
19,14.03.25,-7700.0,Перевод,Григорий Н.,False,"- 7 700,00 ₸"
19,14.03.25,-13900.0,Перевод,Григорий Н.,False,"- 13 900,00 ₸"
19,14.03.25,-200000.0,Перевод,Шалкар М.,False,"- 200 000,00 ₸"
19,14.03.25,310000.0,Пополнение,В Kaspi Банкомате,False,"+ 310 000,00 ₸"
19,13.03.25,-1640.0,,Покупка Кристина,False,"- 1 640,00 ₸"
19,12.03.25,-15000.0,Перевод,Шалкар М.,False,"- 15 000,00 ₸"
19,12.03.25,-20000.0,Перевод,Лаура А.,False,"- 20 000,00 ₸"
19,11.03.25,-6935.0,,Покупка Caravan алко,False,"- 6 935,00 ₸"
19,11.03.25,-7160.0,,Покупка Мустафа,False,"- 7 160,00 ₸"
19,11.03.25,-105.0,Перевод,Шұғыла Ж.,False,"- 105,00 ₸"
19,11.03.25,-2795.0,Перевод,Шұғыла Ж.,False,"- 2 795,00 ₸"
19,11.03.25,-20000.0,,Покупка Крапива flowers,False,"- 20 000,00 ₸"
19,11.03.25,12940.0,Пополнение,Айзат К.,False,"+ 12 940,00 ₸"
19,09.03.25,-5410.0,,Покупка ИП Трофимов Николай Фёдорович,False,"- 5 410,00 ₸"
19,09.03.25,-6000.0,,Покупка ТД Аружан,False,"- 6 000,00 ₸"
19,09.03.25,-200000.0,Перевод,На Kaspi Депозит,False,"- 200 000,00 ₸"
19,08.03.25,-2000.0,,Покупка Beeline,False,"- 2 000,00 ₸"
19,08.03.25,-93000.0,,Покупка Metro,False,"- 93 000,00 ₸"
19,08.03.25,-10000.0,Перевод,Лейла Б.,False,"- 10 000,00 ₸"
19,08.03.25,-20000.0,Перевод,Бикамал М.,False,"- 20 000,00 ₸"
19,07.03.25,85000.0,Пополнение,Шалкар М.,False,"+ 85 000,00 ₸"
19,07.03.25,236225.0,Пополнение,Зарплата,False,"+ 236 225,00 ₸"
19,06.03.25,-1000.0,Перевод,Найля Т.,False,"- 1 000,00 ₸"
19,06.03.25,-720.0,,Покупка Павильон,False,"- 720,00 ₸"
19,05.03.25,-3372.0,,Покупка Ускорение изготовления документов,False,"- 3 372,00 ₸"
19,05.03.25,-31456.0,,Покупка Госпошлина за получение документов,False,"- 31 456,00 ₸"
19,05.03.25,-73300.0,Перевод,Айгул Т.,False,"- 73 300,00 ₸"
19,05.03.25,15900.0,Пополнение,Əділет М.,False,"+ 15 900,00 ₸"
19,04.03.25,-18660.0,Перевод,Шұғыла Ж.,False,"- 18 660,00 ₸"
20,04.03.25,1150.0,Пополнение,Алия А.,False,"+ 1 150,00 ₸"
20,04.03.25,-12940.0,Перевод,Шұғыла Ж.,False,"- 12 940,00 ₸"
20,04.03.25,-15000.0,Перевод,Шалкар М.,False,"- 15 000,00 ₸"
20,04.03.25,-1500.0,Перевод,Молдир Р.,False,"- 1 500,00 ₸"
20,04.03.25,-1000.0,Перевод,Макпал Ш.,False,"- 1 000,00 ₸"
20,04.03.25,-30000.0,,Покупка Утепова 7,False,"- 30 000,00 ₸"
20,04.03.25,-825.0,,Покупка Павильон,False,"- 825,00 ₸"
20,03.03.25,-10000.0,Перевод,Лейла Б.,False,"- 10 000,00 ₸"
20,03.03.25,-1000.0,Перевод,Сая Е.,False,"- 1 000,00 ₸"
20,03.03.25,-12600.0,,Покупка FIT KLASS,False,"- 12 600,00 ₸"
20,03.03.25,-5000.0,,Покупка Отбасы банк. Пополнение депозита,False,"- 5 000,00 ₸"
20,03.03.25,-5000.0,,Покупка Отбасы банк. Пополнение депозита,False,"- 5 000,00 ₸"
20,03.03.25,-500.0,Перевод,Найля Т.,False,"- 500,00 ₸"
20,03.03.25,-2690.0,,Покупка Altel,False,"- 2 690,00 ₸"
20,02.03.25,-1636.0,,Покупка duken JANA-НОВЫЙ,False,"- 1 636,00 ₸"
20,02.03.25,210000.0,Пополнение,В Kaspi Терминале,False,"+ 210 000,00 ₸"
20,02.03.25,-10000.0,Перевод,Гульнара Ж.,False,"- 10 000,00 ₸"
20,01.03.25,-4730.0,,Покупка Минимаркет Кабанбай батыра,False,"- 4 730,00 ₸"
20,01.03.25,-50000.0,Перевод,Арман К.,False,"- 50 000,00 ₸"
20,28.02.25,-3100.0,,Покупка Туба магазин,False,"- 3 100,00 ₸"
20,28.02.25,-7500.0,,Покупка Туба магазин,False,"- 7 500,00 ₸"
20,27.02.25,-1140.0,,Покупка Ел Енбек выездная Т,False,"- 1 140,00 ₸"
20,27.02.25,-14250.0,,Покупка Лосось N1,False,"- 14 250,00 ₸"
20,27.02.25,-176.0,,Покупка Павильон на Космической,False,"- 176,00 ₸"
20,26.02.25,-2000.0,Перевод,Алмагуль Н.,False,"- 2 000,00 ₸"
20,25.02.25,-8000.0,Перевод,Лейла Б.,False,"- 8 000,00 ₸"
20,25.02.25,-63000.0,Перевод,На Kaspi Депозит,False,"- 63 000,00 ₸"
20,25.02.25,251000.0,Пополнение,В Kaspi Терминале,False,"+ 251 000,00 ₸"
20,24.02.25,-32000.0,,Покупка Назарбаева,False,"- 32 000,00 ₸"
20,24.02.25,32000.0,Пополнение,С Kaspi Депозита,False,"+ 32 000,00 ₸"
20,24.02.25,-30550.0,,Покупка Назарбаева,False,"- 30 550,00 ₸"
20,24.02.25,30000.0,Пополнение,С Kaspi Депозита,False,"+ 30 000,00 ₸"
20,23.02.25,-15000.0,Перевод,На Kaspi Депозит,False,"- 15 000,00 ₸"
20,23.02.25,-300000.0,Перевод,На Kaspi Депозит,False,"- 300 000,00 ₸"
20,23.02.25,314500.0,Пополнение,В Kaspi Терминале,False,"+ 314 500,00 ₸"
20,22.02.25,-83508.0,,Покупка Kaspi Travel,False,"- 83 508,00 ₸"
21,22.02.25,84000.0,Пополнение,С Kaspi Депозита,False,"+ 84 000,00 ₸"
21,22.02.25,-86286.0,,Покупка Kaspi Travel,False,"- 86 286,00 ₸"
21,22.02.25,87000.0,Пополнение,С Kaspi Депозита,False,"+ 87 000,00 ₸"
21,22.02.25,-144756.0,,Покупка Kaspi Travel,False,"- 144 756,00 ₸"
21,22.02.25,125000.0,Пополнение,С Kaspi Депозита,False,"+ 125 000,00 ₸"
21,21.02.25,-21000.0,Перевод,Арай А.,False,"- 21 000,00 ₸"
21,21.02.25,40000.0,Пополнение,Арман К.,False,"+ 40 000,00 ₸"
21,21.02.25,-15000.0,Перевод,Шалкар М.,False,"- 15 000,00 ₸"
21,21.02.25,15000.0,Пополнение,С Kaspi Депозита,False,"+ 15 000,00 ₸"
21,21.02.25,-40000.0,Перевод,Арман К.,False,"- 40 000,00 ₸"
21,21.02.25,1000.0,Пополнение,Арай А.,False,"+ 1 000,00 ₸"
21,21.02.25,20000.0,Пополнение,Арай А.,False,"+ 20 000,00 ₸"
21,20.02.25,-120.0,,Покупка Павильон,False,"- 120,00 ₸"
21,20.02.25,-600.0,,Покупка Павильон,False,"- 600,00 ₸"
21,19.02.25,-6000.0,,Покупка Beeline,False,"- 6 000,00 ₸"
21,19.02.25,-5000.0,,Покупка FIT KLASS,False,"- 5 000,00 ₸"
21,19.02.25,-1310.0,,Покупка La Central,False,"- 1 310,00 ₸"
21,19.02.25,-6000.0,,Покупка Altel,False,"- 6 000,00 ₸"
21,19.02.25,-20000.0,Перевод,Лаура А.,False,"- 20 000,00 ₸"
21,19.02.25,-1500000.0,Перевод,На Kaspi Депозит,False,"- 1 500 000,00 ₸"
21,19.02.25,1000000.0,Пополнение,В Kaspi Банкомате,False,"+ 1 000 000,00 ₸"
21,19.02.25,500000.0,Пополнение,В Kaspi Банкомате,False,"+ 500 000,00 ₸"
21,19.02.25,-7800.0,,Покупка ЕВРОМЕД,False,"- 7 800,00 ₸"
21,18.02.25,-2800.0,,Покупка Zerde #401,False,"- 2 800,00 ₸"
21,18.02.25,-10430.0,,Покупка аптека Оптомед,False,"- 10 430,00 ₸"
21,18.02.25,-40785.0,Перевод,Лейла Б.,False,"- 40 785,00 ₸"
21,18.02.25,-8725.0,,Покупка ИП Кремлева,False,"- 8 725,00 ₸"
21,18.02.25,-2940.0,,Покупка Ип Камелханова,False,"- 2 940,00 ₸"
21,18.02.25,-3100.0,Перевод,Айым А.,False,"- 3 100,00 ₸"
21,18.02.25,-9885.0,,"Покупка ТОО ""Еврофарм""",False,"- 9 885,00 ₸"
21,18.02.25,-8000.0,,Покупка ЕВРОМЕД,False,"- 8 000,00 ₸"
21,17.02.25,7500.0,Пополнение,Людмила Ч.,False,"+ 7 500,00 ₸"
21,17.02.25,-15563.0,Перевод,Арман К.,False,"- 15 563,00 ₸"
21,17.02.25,-10000.0,Перевод,Арман К.,False,"- 10 000,00 ₸"
21,17.02.25,170000.0,Пополнение,В Kaspi Банкомате,False,"+ 170 000,00 ₸"
22,14.02.25,-94000.0,Перевод,Шалкар М.,False,"- 94 000,00 ₸"
22,14.02.25,20000.0,Пополнение,Арман К.,False,"+ 20 000,00 ₸"
22,14.02.25,35000.0,Пополнение,В Kaspi Банкомате,False,"+ 35 000,00 ₸"
22,14.02.25,-2850.0,,Покупка Artlunch,False,"- 2 850,00 ₸"
22,14.02.25,-30000.0,Перевод,Ерасыл Т.,False,"- 30 000,00 ₸"
22,14.02.25,-13980.0,,Покупка ИП Даулетпаева Н,False,"- 13 980,00 ₸"
22,14.02.25,-200.0,,Покупка ИП Аскар,False,"- 200,00 ₸"
22,14.02.25,-1230.0,,Покупка Анара,False,"- 1 230,00 ₸"
22,14.02.25,-1740.0,,Покупка UniMarket,False,"- 1 740,00 ₸"
22,14.02.25,-10780.0,,Покупка Manga_kafe,False,"- 10 780,00 ₸"
22,14.02.25,-1200.0,,Покупка Роза,False,"- 1 200,00 ₸"
22,14.02.25,-10000.0,Перевод,Арман К.,False,"- 10 000,00 ₸"
22,14.02.25,-3790.0,,Покупка Азық-түлік дүкені,False,"- 3 790,00 ₸"
22,14.02.25,-20000.0,Перевод,Ерасыл Т.,False,"- 20 000,00 ₸"
22,14.02.25,-2690.0,,Покупка Altel,False,"- 2 690,00 ₸"
22,13.02.25,-8000.0,,Покупка Оскемен Водоканал. Физические лица,False,"- 8 000,00 ₸"
22,13.02.25,-47000.0,Перевод,Людмила Ч.,False,"- 47 000,00 ₸"
22,13.02.25,100000.0,Пополнение,Гульдана А.,False,"+ 100 000,00 ₸"
22,13.02.25,-3000.0,Перевод,Акерке А.,False,"- 3 000,00 ₸"
22,13.02.25,-19295.0,,Покупка Lorina_pefume,False,"- 19 295,00 ₸"
22,13.02.25,-2500.0,Перевод,Наталья С.,False,"- 2 500,00 ₸"
22,13.02.25,-5000.0,Перевод,Лейла Б.,False,"- 5 000,00 ₸"
22,12.02.25,-8400.0,Перевод,Арай Қ.,False,"- 8 400,00 ₸"
22,12.02.25,-139298.0,,Покупка Kaspi Travel,False,"- 139 298,00 ₸"
22,11.02.25,90000.0,Пополнение,Шалкар М.,False,"+ 90 000,00 ₸"
22,11.02.25,-43800.0,,Покупка Корпус 1 доп точки,False,"- 43 800,00 ₸"
22,11.02.25,-29000.0,Перевод,Vladislav K.,False,"- 29 000,00 ₸"
22,10.02.25,248897.0,Пополнение,Зарплата,False,"+ 248 897,00 ₸"
22,10.02.25,-207.0,,Покупка ТТ ГД,False,"- 207,00 ₸"
22,10.02.25,-6000.0,Перевод,Лейла Б.,False,"- 6 000,00 ₸"
22,09.02.25,-3491.0,,Покупка ТОО Тобон,False,"- 3 491,00 ₸"
22,09.02.25,-2100.0,,Покупка ТОО Тобон,False,"- 2 100,00 ₸"
22,09.02.25,-6816.0,,Покупка ТОО Тобон,False,"- 6 816,00 ₸"
22,09.02.25,-2250.0,Перевод,Еділ Т.,False,"- 2 250,00 ₸"
22,08.02.25,-1305.0,,"Покупка ТОО ""SUNNI""",False,"- 1 305,00 ₸"
23,08.02.25,-420.0,,Покупка Павильон на Космической,False,"- 420,00 ₸"
23,08.02.25,-20000.0,Перевод,Лаура А.,False,"- 20 000,00 ₸"
23,07.02.25,-1000.0,Перевод,Ерхана А.,False,"- 1 000,00 ₸"
23,07.02.25,-35000.0,Перевод,Зарина Ж.,False,"- 35 000,00 ₸"
23,06.02.25,-350000.0,Перевод,Арман К.,False,"- 350 000,00 ₸"
23,06.02.25,345000.0,Пополнение,В Kaspi Банкомате,False,"+ 345 000,00 ₸"
23,06.02.25,-8090.0,,Покупка ТТ ГД,False,"- 8 090,00 ₸"
23,05.02.25,-9442.0,,Покупка АЗС-102,False,"- 9 442,00 ₸"
23,03.02.25,100000.0,Пополнение,В Kaspi Банкомате,False,"+ 100 000,00 ₸"
23,03.02.25,-21600.0,Перевод,Григорий Н.,False,"- 21 600,00 ₸"
23,03.02.25,-150.0,,Покупка Mandarino,False,"- 150,00 ₸"
23,03.02.25,-4446.0,,Покупка Минимаркет Кабанбай батыра,False,"- 4 446,00 ₸"
23,03.02.25,-5000.0,Перевод,Лейла Б.,False,"- 5 000,00 ₸"
23,02.02.25,-9227.0,,Покупка F - 118 Усть-Каменогорск,False,"- 9 227,00 ₸"
23,02.02.25,-18000.0,Перевод,Валентин В.,False,"- 18 000,00 ₸"
23,01.02.25,-20000.0,Перевод,Лаура А.,False,"- 20 000,00 ₸"
23,31.01.25,-5000.0,Перевод,Шалкар М.,False,"- 5 000,00 ₸"
23,30.01.25,-5000.0,Перевод,Лейла Б.,False,"- 5 000,00 ₸"
23,29.01.25,-14000.0,,Покупка FIT KLASS,False,"- 14 000,00 ₸"
23,29.01.25,-8993.0,,Покупка АЗС-102,False,"- 8 993,00 ₸"
23,29.01.25,20000.0,Пополнение,Шалкар М.,False,"+ 20 000,00 ₸"
23,29.01.25,-20000.0,Перевод,Шалкар М.,False,"- 20 000,00 ₸"
23,28.01.25,-5000.0,,Покупка Отбасы банк. Пополнение депозита,False,"- 5 000,00 ₸"
23,28.01.25,-5000.0,,Покупка Отбасы банк. Пополнение депозита,False,"- 5 000,00 ₸"
23,28.01.25,-58680.0,Перевод,Рахат Т.,False,"- 58 680,00 ₸"
23,28.01.25,-8611.0,,Покупка forel.vko,False,"- 8 611,00 ₸"
23,28.01.25,-4115.0,,Покупка ТОО SK Consulting Group,False,"- 4 115,00 ₸"
23,28.01.25,-4025.0,,Покупка ТТ ГД,False,"- 4 025,00 ₸"
23,27.01.25,-20000.0,Перевод,Бикамал М.,False,"- 20 000,00 ₸"
23,27.01.25,-8000.0,,Покупка ЕВРОМЕД,False,"- 8 000,00 ₸"
23,26.01.25,-2805.0,Перевод,Камажай Б.,False,"- 2 805,00 ₸"
23,26.01.25,-880.0,,Покупка Павильон Алтай,False,"- 880,00 ₸"
23,26.01.25,200000.0,Пополнение,В Kaspi Терминале,False,"+ 200 000,00 ₸"
23,26.01.25,-21000.0,Перевод,Лейла Б.,False,"- 21 000,00 ₸"
23,26.01.25,-6635.0,,Покупка ТОО SK Consulting Group,False,"- 6 635,00 ₸"
24,26.01.25,-7788.0,,Покупка ТТ ГД,False,"- 7 788,00 ₸"
24,25.01.25,-120000.0,Перевод,Рахат Т.,False,"- 120 000,00 ₸"
24,24.01.25,-5400.0,,Покупка Старт 2,False,"- 5 400,00 ₸"
24,24.01.25,11000.0,Пополнение,Арай А.,False,"+ 11 000,00 ₸"
24,24.01.25,-11000.0,Перевод,Арай А.,False,"- 11 000,00 ₸"
24,23.01.25,-20950.0,,Покупка GREENWAYSTART.KZ,False,"- 20 950,00 ₸"
24,23.01.25,-1115.0,,"Покупка Усть-Каменогорский филиал ТОО ""Гелиос"" АЗС  8",False,"- 1 115,00 ₸"
24,22.01.25,-5000.0,Перевод,Диляра Н.,False,"- 5 000,00 ₸"
24,22.01.25,-2150.0,,Покупка ИП Аргинтаева,False,"- 2 150,00 ₸"
24,22.01.25,-6453.0,,Покупка Fix Price,False,"- 6 453,00 ₸"
24,22.01.25,-5100.0,,Покупка Zerde #401,False,"- 5 100,00 ₸"
24,22.01.25,-2480.0,,Покупка Ауэзова 11,False,"- 2 480,00 ₸"
24,22.01.25,-20000.0,Перевод,Лейла Б.,False,"- 20 000,00 ₸"
24,20.01.25,-310.0,,"Покупка магазин ""Росинка""",False,"- 310,00 ₸"
24,20.01.25,-10800.0,Перевод,Григорий Н.,False,"- 10 800,00 ₸"
24,20.01.25,-14880.0,,Покупка аптека Оптомед,False,"- 14 880,00 ₸"
24,19.01.25,-3420.0,,Покупка Павильон Алтай,False,"- 3 420,00 ₸"
24,18.01.25,-1250.0,,Покупка Кристина,False,"- 1 250,00 ₸"
24,18.01.25,-15040.0,,Покупка Zoo Vita,False,"- 15 040,00 ₸"
24,18.01.25,-33100.0,Перевод,Фатима А.,False,"- 33 100,00 ₸"
24,18.01.25,-5000.0,,Покупка ип Верба,False,"- 5 000,00 ₸"
24,18.01.25,-20000.0,Перевод,Лаура А.,False,"- 20 000,00 ₸"
24,18.01.25,-15000.0,,Снятие Банкомат Valentina,False,"- 15 000,00 ₸"
24,18.01.25,-1000.0,,Покупка Akihabara,False,"- 1 000,00 ₸"
24,17.01.25,-1540.0,,Покупка Солнечный,False,"- 1 540,00 ₸"
24,17.01.25,-3400.0,,Покупка нижнее бельё,False,"- 3 400,00 ₸"
24,17.01.25,-300.0,,Покупка Канц.товары,False,"- 300,00 ₸"
24,17.01.25,-3602.0,,Покупка Fix Price,False,"- 3 602,00 ₸"
24,16.01.25,-5763.0,,Покупка La Central,False,"- 5 763,00 ₸"
24,15.01.25,-5000.0,,Покупка магазин НАН,False,"- 5 000,00 ₸"
24,15.01.25,-460.0,,Покупка Рынок Дос-Нар,False,"- 460,00 ₸"
24,14.01.25,-200000.0,Перевод,Шалкар М.,False,"- 200 000,00 ₸"
24,14.01.25,-6000.0,,Покупка Altel,False,"- 6 000,00 ₸"
24,14.01.25,-30000.0,Перевод,Николай И.,False,"- 30 000,00 ₸"
24,14.01.25,-50000.0,Перевод,Бикамал М.,False,"- 50 000,00 ₸"
24,14.01.25,-6500.0,Перевод,Мадина С.,False,"- 6 500,00 ₸"
25,14.01.25,3450.0,Пополнение,Арай А.,False,"+ 3 450,00 ₸"
25,14.01.25,17000.0,Пополнение,Арай А.,False,"+ 17 000,00 ₸"
25,14.01.25,-3825.0,,Покупка АЗС-102,False,"- 3 825,00 ₸"
25,14.01.25,-100.0,,Покупка Altel,False,"- 100,00 ₸"
25,14.01.25,-2690.0,,Покупка Altel,False,"- 2 690,00 ₸"
25,13.01.25,-14500.0,Перевод,Рахат Т.,False,"- 14 500,00 ₸"
25,13.01.25,-5000.0,Перевод,Арай А.,False,"- 5 000,00 ₸"
25,12.01.25,5000.0,Пополнение,Арай А.,False,"+ 5 000,00 ₸"
25,12.01.25,-3450.0,,Покупка Appetite,False,"- 3 450,00 ₸"
25,12.01.25,-17000.0,,Покупка Appetite,False,"- 17 000,00 ₸"
25,12.01.25,-2430.0,,Покупка Торговая точка Назарбаева 87,False,"- 2 430,00 ₸"
25,11.01.25,-30000.0,Перевод,Николай И.,False,"- 30 000,00 ₸"
25,11.01.25,500000.0,Пополнение,В Kaspi Банкомате,False,"+ 500 000,00 ₸"
25,11.01.25,-500.0,Перевод,Арай А.,False,"- 500,00 ₸"
25,10.01.25,-20000.0,Перевод,Арай А.,False,"- 20 000,00 ₸"
25,10.01.25,14500.0,Пополнение,Рахат Т.,False,"+ 14 500,00 ₸"
25,10.01.25,-5700.0,Перевод,Диляра Н.,False,"- 5 700,00 ₸"
25,10.01.25,248207.0,Пополнение,Зарплата,False,"+ 248 207,00 ₸"
25,09.01.25,-12000.0,Перевод,Шалкар М.,False,"- 12 000,00 ₸"
25,08.01.25,-2000.0,Перевод,Olga A.,False,"- 2 000,00 ₸"
25,07.01.25,-4890.0,,Покупка аптека Оптомед,False,"- 4 890,00 ₸"
25,07.01.25,-11180.0,,Покупка аптека Оптомед,False,"- 11 180,00 ₸"
25,07.01.25,-10000.0,Перевод,Шалкар М.,False,"- 10 000,00 ₸"
25,06.01.25,-3280.0,,Покупка АРОМАТ,False,"- 3 280,00 ₸"
25,06.01.25,-280.0,,"Покупка Игрушки склад, 0 этаж",False,"- 280,00 ₸"
25,06.01.25,-800.0,,Покупка Мини маркет «Алан»,False,"- 800,00 ₸"
25,06.01.25,-5381.0,,Покупка Магазин Арзан сити,False,"- 5 381,00 ₸"
25,06.01.25,-8757.0,Перевод,Алтай С.,False,"- 8 757,00 ₸"
25,06.01.25,-9678.0,,Покупка F - 118 Усть-Каменогорск,False,"- 9 678,00 ₸"
25,05.01.25,-545.0,,Покупка Продуктовый 24 ч,False,"- 545,00 ₸"
25,05.01.25,-2800.0,,Покупка Попкорн бар,False,"- 2 800,00 ₸"
25,05.01.25,-6500.0,,"Покупка ТОО ""ЭНТАЗИС МОНОЛИТ""",False,"- 6 500,00 ₸"
25,05.01.25,-13300.0,,Покупка кинокасса,False,"- 13 300,00 ₸"
25,04.01.25,-2260.0,,Покупка IVUSHKA,False,"- 2 260,00 ₸"
25,04.01.25,-2900.0,,Покупка Нурфарм Плюс,False,"- 2 900,00 ₸"
26,04.01.25,-5000.0,,Покупка 1 этаж Оля,False,"- 5 000,00 ₸"
26,04.01.25,-11000.0,Перевод,Мадина С.,False,"- 11 000,00 ₸"
26,04.01.25,3000.0,Пополнение,Арай А.,False,"+ 3 000,00 ₸"
26,04.01.25,-10250.0,,Покупка аптека Оптомед,False,"- 10 250,00 ₸"
26,04.01.25,102500.0,Пополнение,В Kaspi Банкомате,False,"+ 102 500,00 ₸"
26,03.01.25,-1470.0,,Покупка Павильон Алтай,False,"- 1 470,00 ₸"
26,02.01.25,6000.0,Пополнение,Арай А.,False,"+ 6 000,00 ₸"
26,02.01.25,12500.0,Пополнение,Арай А.,False,"+ 12 500,00 ₸"
26,02.01.25,-6000.0,,Покупка Beeline,False,"- 6 000,00 ₸"
26,02.01.25,-10000.0,Перевод,Шалкар М.,False,"- 10 000,00 ₸"
26,02.01.25,-1240.0,,Покупка Кристина,False,"- 1 240,00 ₸"
26,01.01.25,-11050.0,,"Покупка Ука5, Победы 10",False,"- 11 050,00 ₸"
26,31.12.24,-10000.0,Перевод,Шалкар М.,False,"- 10 000,00 ₸"
26,31.12.24,-20000.0,Перевод,Шалкар М.,False,"- 20 000,00 ₸"
26,31.12.24,50000.0,Пополнение,В Kaspi Терминале,False,"+ 50 000,00 ₸"
26,31.12.24,-10000.0,Перевод,Адильжан К.,False,"- 10 000,00 ₸"
26,31.12.24,-10000.0,Перевод,Шалкар М.,False,"- 10 000,00 ₸"
26,30.12.24,8000.0,Пополнение,Ирина К.,False,"+ 8 000,00 ₸"
26,30.12.24,6000.0,Пополнение,Арай А.,False,"+ 6 000,00 ₸"
26,30.12.24,-6000.0,Перевод,Алёна И.,False,"- 6 000,00 ₸"
26,30.12.24,-3150.0,,Покупка Фреш маркет,False,"- 3 150,00 ₸"
26,29.12.24,-10000.0,Перевод,Сабитхан К.,False,"- 10 000,00 ₸"
26,29.12.24,-3290.0,,Покупка Beeline,False,"- 3 290,00 ₸"
26,29.12.24,-5000.0,,Покупка Оскемен Водоканал. Физические лица,False,"- 5 000,00 ₸"
26,29.12.24,-2690.0,,Покупка Altel,False,"- 2 690,00 ₸"
26,29.12.24,-5000.0,,Покупка Отбасы банк. Пополнение депозита,False,"- 5 000,00 ₸"
26,29.12.24,-5000.0,,Покупка Отбасы банк. Пополнение депозита,False,"- 5 000,00 ₸"
26,29.12.24,60000.0,Пополнение,Арай А.,False,"+ 60 000,00 ₸"
26,28.12.24,-67000.0,Перевод,Шалкар М.,False,"- 67 000,00 ₸"
26,28.12.24,70000.0,Пополнение,Арман К.,False,"+ 70 000,00 ₸"
26,27.12.24,-200.0,,Покупка Оскемен Водоканал. Физические лица,False,"- 200,00 ₸"
26,26.12.24,-1000.0,Перевод,Алия А.,False,"- 1 000,00 ₸"
26,24.12.24,-600.0,Перевод,Макпал Ш.,False,"- 600,00 ₸"
26,24.12.24,-16000.0,Перевод,Арай А.,False,"- 16 000,00 ₸"
26,24.12.24,-6000.0,Перевод,Лейла Б.,False,"- 6 000,00 ₸"
27,24.12.24,20000.0,Пополнение,В Kaspi Банкомате,False,"+ 20 000,00 ₸"
27,24.12.24,-1000.0,Перевод,Алия А.,False,"- 1 000,00 ₸"
27,23.12.24,-16000.0,,Покупка FIT KLASS,False,"- 16 000,00 ₸"
27,23.12.24,16000.0,Пополнение,Арай А.,False,"+ 16 000,00 ₸"
27,22.12.24,-1320.0,,Покупка ТОО КОРВИНТ,False,"- 1 320,00 ₸"
27,22.12.24,-3342.0,,Покупка A-STORE,False,"- 3 342,00 ₸"
27,20.12.24,-10000.0,Перевод,Лейла Б.,False,"- 10 000,00 ₸"
27,18.12.24,10000.0,Пополнение,Шалкар М.,False,"+ 10 000,00 ₸"
27,18.12.24,-55.0,,"Покупка ТОО "" Еврофарм""",False,"- 55,00 ₸"
27,18.12.24,-10000.0,Перевод,Адильжан К.,False,"- 10 000,00 ₸"
27,17.12.24,-52050.0,,Покупка Офис 220,False,"- 52 050,00 ₸"
27,16.12.24,-485542.0,,Покупка МЕЧТА МАРКЕТ,False,"- 485 542,00 ₸"
27,16.12.24,490000.0,Пополнение,Рахат Т.,False,"+ 490 000,00 ₸"
27,15.12.24,-500.0,Перевод,Алия А.,False,"- 500,00 ₸"
27,15.12.24,-4000.0,Перевод,Əділет М.,False,"- 4 000,00 ₸"
27,15.12.24,-1000.0,Перевод,Əділет М.,False,"- 1 000,00 ₸"
27,15.12.24,-10000.0,Перевод,Адильжан К.,False,"- 10 000,00 ₸"
27,14.12.24,-3900.0,,Покупка Игрушки Оптовка (8/1),False,"- 3 900,00 ₸"
27,14.12.24,5168.0,Пополнение,Рахат Т.,False,"+ 5 168,00 ₸"
27,14.12.24,-244000.0,Перевод,Шалкар М.,False,"- 244 000,00 ₸"
27,14.12.24,100000.0,Пополнение,В Kaspi Банкомате,False,"+ 100 000,00 ₸"
27,14.12.24,100000.0,Пополнение,В Kaspi Банкомате,False,"+ 100 000,00 ₸"
27,14.12.24,-500.0,,Покупка Altel,False,"- 500,00 ₸"
27,14.12.24,-5530.0,,Покупка нотариус Рахимжанов Е.О.,False,"- 5 530,00 ₸"
27,14.12.24,-2690.0,,Покупка Altel,False,"- 2 690,00 ₸"
27,13.12.24,-100.0,,Покупка FIT KLASS,False,"- 100,00 ₸"
27,13.12.24,-2000.0,,Покупка Beeline,False,"- 2 000,00 ₸"
27,12.12.24,-30137.0,,Покупка ТОО SK Consulting Group,False,"- 30 137,00 ₸"
27,12.12.24,-21600.0,Перевод,Григорий Н.,False,"- 21 600,00 ₸"
27,12.12.24,-4000.0,,Покупка Зелёная волна,False,"- 4 000,00 ₸"
27,12.12.24,-20000.0,Перевод,Арай А.,False,"- 20 000,00 ₸"
27,11.12.24,-5168.0,,Покупка Нотариус Ермекбаева,False,"- 5 168,00 ₸"
27,11.12.24,-6000.0,,Покупка Altel,False,"- 6 000,00 ₸"
27,11.12.24,-10041.0,,Покупка АЗС-112,False,"- 10 041,00 ₸"
27,11.12.24,-5000.0,Перевод,Лейла Б.,False,"- 5 000,00 ₸"
28,11.12.24,-14153.0,Перевод,Оплата Kaspi Кредита,False,"- 14 153,00 ₸"
28,11.12.24,60000.0,Пополнение,Шалкар М.,False,"+ 60 000,00 ₸"
28,10.12.24,-1000.0,,Покупка ИП Малтугелова Г.Т.,False,"- 1 000,00 ₸"
28,10.12.24,-1220.0,Перевод,Татьяна К.,False,"- 1 220,00 ₸"
28,10.12.24,9230.0,Пополнение,Рахат Т.,False,"+ 9 230,00 ₸"
28,10.12.24,-9230.0,,Покупка Нотариус Сейтканова,False,"- 9 230,00 ₸"
28,10.12.24,-35000.0,Перевод,Рахат Т.,False,"- 35 000,00 ₸"
28,10.12.24,-20000.0,Перевод,Арман К.,False,"- 20 000,00 ₸"
28,10.12.24,248207.0,Пополнение,Зарплата,False,"+ 248 207,00 ₸"
28,09.12.24,-35000.0,Перевод,Анар С.,False,"- 35 000,00 ₸"
28,09.12.24,35000.0,Пополнение,Рахат Т.,False,"+ 35 000,00 ₸"
28,07.12.24,-20000.0,Перевод,Лаура А.,False,"- 20 000,00 ₸"
28,07.12.24,20000.0,Пополнение,Арман К.,False,"+ 20 000,00 ₸"
28,07.12.24,-795.0,,"Покупка ТОО "" Еврофарм""",False,"- 795,00 ₸"
28,07.12.24,2000.0,Пополнение,Арай А.,False,"+ 2 000,00 ₸"
28,05.12.24,-8000.0,,Покупка Фреш маркет,False,"- 8 000,00 ₸"
28,05.12.24,8000.0,Пополнение,Мадина С.,False,"+ 8 000,00 ₸"
28,04.12.24,-750.0,Перевод,Динара К.,False,"- 750,00 ₸"
28,02.12.24,-3000.0,Перевод,Шалкар М.,False,"- 3 000,00 ₸"
28,01.12.24,-17500.0,,Покупка Бала парк Оскемен,False,"- 17 500,00 ₸"
28,30.11.24,-128.0,,Покупка Фреш маркет,False,"- 128,00 ₸"
28,30.11.24,-4040.0,,"Покупка АЗС ""Новаторов""",False,"- 4 040,00 ₸"
28,30.11.24,-18920.0,,Покупка Meloman/Marwin,False,"- 18 920,00 ₸"
28,30.11.24,-6900.0,,Покупка ШапоМания,False,"- 6 900,00 ₸"
28,30.11.24,-10132.0,,Покупка Meloman/Marwin,False,"- 10 132,00 ₸"
28,29.11.24,-10000.0,Перевод,Лейла Б.,False,"- 10 000,00 ₸"
28,29.11.24,-350.0,,Покупка FIT KLASS,False,"- 350,00 ₸"
28,29.11.24,-20000.0,Перевод,Арай А.,False,"- 20 000,00 ₸"
28,29.11.24,-2540.0,,Покупка МЕГАСТРОЙ,False,"- 2 540,00 ₸"
28,29.11.24,-2500.0,,Покупка МЕГАСТРОЙ,False,"- 2 500,00 ₸"
28,29.11.24,-5000.0,Перевод,Лейла Б.,False,"- 5 000,00 ₸"
28,29.11.24,30000.0,Пополнение,Лейла Б.,False,"+ 30 000,00 ₸"
28,28.11.24,-8800.0,,Покупка Доснар,False,"- 8 800,00 ₸"
28,28.11.24,-15000.0,Перевод,Шалкар М.,False,"- 15 000,00 ₸"
28,28.11.24,-5000.0,Перевод,Шалкар М.,False,"- 5 000,00 ₸"
28,28.11.24,9230.0,Пополнение,Рахат Т.,False,"+ 9 230,00 ₸"
29,27.11.24,-250.0,,Покупка ырысбек жаңылған,False,"- 250,00 ₸"
29,27.11.24,-10200.0,,Покупка ИП Потапенко Г.Н(110),False,"- 10 200,00 ₸"
29,27.11.24,-1548.0,,Покупка Fix Price,False,"- 1 548,00 ₸"
29,27.11.24,90000.0,Пополнение,В Kaspi Банкомате,False,"+ 90 000,00 ₸"
29,27.11.24,-14167.0,Перевод,Оплата Kaspi Кредита,False,"- 14 167,00 ₸"
29,27.11.24,15000.0,Пополнение,В Kaspi Банкомате,False,"+ 15 000,00 ₸"
29,27.11.24,-5000.0,Перевод,Лейла Б.,False,"- 5 000,00 ₸"
29,25.11.24,-18460.0,,Покупка Штрафы по ИИН,False,"- 18 460,00 ₸"
29,25.11.24,-2000.0,Перевод,Лейла Б.,False,"- 2 000,00 ₸"
29,23.11.24,-1600.0,,Покупка маг. Элит.,False,"- 1 600,00 ₸"
29,23.11.24,-9230.0,,Покупка Нотариус Сейтканова,False,"- 9 230,00 ₸"
29,23.11.24,-7490.0,Перевод,Рахат Т.,False,"- 7 490,00 ₸"
29,23.11.24,-5400.0,Перевод,Григорий Н.,False,"- 5 400,00 ₸"
29,23.11.24,-1190.0,,Покупка Канц.товары,False,"- 1 190,00 ₸"
29,22.11.24,-14400.0,,Покупка FIT KLASS,False,"- 14 400,00 ₸"
29,22.11.24,70000.0,Пополнение,В Kaspi Банкомате,False,"+ 70 000,00 ₸"
29,21.11.24,-2200.0,,Покупка ВИАЛЬ,False,"- 2 200,00 ₸"
29,20.11.24,-5990.0,,Покупка Beeline,False,"- 5 990,00 ₸"
29,20.11.24,-5000.0,Перевод,Лейла Б.,False,"- 5 000,00 ₸"
29,18.11.24,-240.0,,Покупка A-STORE,False,"- 240,00 ₸"
29,17.11.24,-500.0,,Покупка Фреш маркет,False,"- 500,00 ₸"
29,17.11.24,-5000.0,Перевод,Шалкар М.,False,"- 5 000,00 ₸"
29,16.11.24,-1800.0,,Покупка Овощи,False,"- 1 800,00 ₸"
29,15.11.24,-9225.0,,Покупка F-113 Усть-Каменогорск,False,"- 9 225,00 ₸"
29,15.11.24,-240.0,,Покупка Фреш маркет,False,"- 240,00 ₸"
29,15.11.24,17490.0,Пополнение,Арайлым Р.,False,"+ 17 490,00 ₸"
29,15.11.24,-4490.0,Перевод,Камила С.,False,"- 4 490,00 ₸"
29,15.11.24,-6000.0,,Покупка Торт фреш,False,"- 6 000,00 ₸"
29,15.11.24,-11664.0,Перевод,Владислав П.,False,"- 11 664,00 ₸"
29,14.11.24,-60.0,,Покупка 1000 мелочей,False,"- 60,00 ₸"
29,14.11.24,-210.0,,Покупка ИП Калошина,False,"- 210,00 ₸"
29,14.11.24,-9230.0,,Покупка Штрафы по ИИН,False,"- 9 230,00 ₸"
29,13.11.24,-15000.0,,Покупка Центр косметологии,False,"- 15 000,00 ₸"
29,13.11.24,-500000.0,Перевод,Шалкар М.,False,"- 500 000,00 ₸"
29,13.11.24,-1430.0,,Покупка ИП ЯРОВЫХ Н.В.,False,"- 1 430,00 ₸"
30,13.11.24,500000.0,Пополнение,В Kaspi Банкомате,False,"+ 500 000,00 ₸"
30,13.11.24,-1099.0,,Покупка Fix Price,False,"- 1 099,00 ₸"
30,13.11.24,-1040.0,,Покупка Канц.товары,False,"- 1 040,00 ₸"
30,13.11.24,-1995.0,,Разное Оплата за годовое обслуживание,False,"- 1 995,00 ₸"
30,13.11.24,-5300.0,Перевод,Асемгуль Б.,False,"- 5 300,00 ₸"
30,13.11.24,8874.0,Пополнение,Рахат Т.,False,"+ 8 874,00 ₸"
30,13.11.24,-8874.0,Перевод,Гулира Т.,False,"- 8 874,00 ₸"
30,13.11.24,-200.0,,Покупка Altel,False,"- 200,00 ₸"
30,13.11.24,-200.0,,Покупка Altel,False,"- 200,00 ₸"
30,13.11.24,-2690.0,,Покупка Altel,False,"- 2 690,00 ₸"
30,12.11.24,-20000.0,Перевод,Шалкар М.,False,"- 20 000,00 ₸"
30,12.11.24,-300.0,,Покупка Altel,False,"- 300,00 ₸"
30,12.11.24,-700.0,Перевод,Найля Т.,False,"- 700,00 ₸"
30,12.11.24,-5000.0,,Покупка Отбасы банк. Пополнение депозита,False,"- 5 000,00 ₸"
30,12.11.24,-5000.0,,Покупка Отбасы банк. Пополнение депозита,False,"- 5 000,00 ₸"
30,12.11.24,-2690.0,,Покупка Altel,False,"- 2 690,00 ₸"
30,11.11.24,-2925.0,,Покупка Фреш маркет,False,"- 2 925,00 ₸"
30,11.11.24,-4500.0,Перевод,Жанна Ш.,False,"- 4 500,00 ₸"
30,11.11.24,113490.0,Пополнение,Рахат Т.,False,"+ 113 490,00 ₸"
30,11.11.24,-278500.0,Перевод,Денис Б.,False,"- 278 500,00 ₸"
30,11.11.24,60000.0,Пополнение,Шалкар М.,False,"+ 60 000,00 ₸"
30,11.11.24,-21600.0,Перевод,Григорий Н.,False,"- 21 600,00 ₸"
30,11.11.24,248207.0,Пополнение,Зарплата,False,"+ 248 207,00 ₸"
30,10.11.24,-324960.0,,Покупка МЕЧТА МАРКЕТ,False,"- 324 960,00 ₸"
30,10.11.24,325000.0,Пополнение,Рахат Т.,False,"+ 325 000,00 ₸"
30,07.11.24,-389690.0,Перевод,Денис Б.,False,"- 389 690,00 ₸"
30,07.11.24,389690.0,Пополнение,Рахат Т.,False,"+ 389 690,00 ₸"
30,05.11.24,-1000.0,Перевод,Лейла Б.,False,"- 1 000,00 ₸"
30,02.11.24,-9120.0,Перевод,Татьяна К.,False,"- 9 120,00 ₸"
30,02.11.24,10000.0,Пополнение,В Kaspi Банкомате,False,"+ 10 000,00 ₸"
30,31.10.24,-2200.0,Перевод,Найля Т.,False,"- 2 200,00 ₸"
30,31.10.24,-1500.0,Перевод,Динара К.,False,"- 1 500,00 ₸"
30,30.10.24,-1000.0,Перевод,Шалкар М.,False,"- 1 000,00 ₸"
30,30.10.24,-5000.0,Перевод,Лейла Б.,False,"- 5 000,00 ₸"
30,29.10.24,-14000.0,,Покупка FIT KLASS,False,"- 14 000,00 ₸"
31,29.10.24,18663.0,Пополнение,Рахат Т.,False,"+ 18 663,00 ₸"
31,29.10.24,-1500.0,Перевод,Мадина С.,False,"- 1 500,00 ₸"
31,27.10.24,-4000.0,,Покупка Beeline,False,"- 4 000,00 ₸"
31,27.10.24,-2050.0,,Покупка АРОМАТ,False,"- 2 050,00 ₸"
31,27.10.24,-10957.0,,Покупка Колмакова,False,"- 10 957,00 ₸"
31,27.10.24,-162000.0,Перевод,Алиса К.,False,"- 162 000,00 ₸"
31,27.10.24,160000.0,Пополнение,Рахат Т.,False,"+ 160 000,00 ₸"
31,26.10.24,-3310.0,,Покупка Altel,False,"- 3 310,00 ₸"
31,26.10.24,-14167.0,Перевод,Оплата Kaspi Кредита,False,"- 14 167,00 ₸"
31,26.10.24,-10000.0,Перевод,Лаура А.,False,"- 10 000,00 ₸"
31,25.10.24,-20000.0,Перевод,Алиса К.,False,"- 20 000,00 ₸"
31,25.10.24,-20000.0,Перевод,Лейла Б.,False,"- 20 000,00 ₸"
31,25.10.24,-30000.0,Перевод,Арман К.,False,"- 30 000,00 ₸"
31,25.10.24,-635.0,,Покупка Магазин продуктов,False,"- 635,00 ₸"
31,25.10.24,100000.0,Пополнение,В Kaspi Терминале,False,"+ 100 000,00 ₸"
31,25.10.24,-19223.0,,Покупка Колмакова,False,"- 19 223,00 ₸"
31,25.10.24,41400.0,Пополнение,Рахат Т.,False,"+ 41 400,00 ₸"
31,24.10.24,-28915.0,,Покупка Колмакова,False,"- 28 915,00 ₸"
31,24.10.24,30000.0,Пополнение,Арман К.,False,"+ 30 000,00 ₸"
31,24.10.24,-520.0,,Покупка Фреш Маркет,False,"- 520,00 ₸"
31,24.10.24,-110.0,Перевод,Найля Т.,False,"- 110,00 ₸"
31,24.10.24,-500.0,Перевод,Асем Б.,False,"- 500,00 ₸"
31,23.10.24,-756.0,,Покупка Фреш Маркет,False,"- 756,00 ₸"
31,23.10.24,-500.0,Перевод,Динара К.,False,"- 500,00 ₸"
31,23.10.24,-860.0,,Покупка аптека Оптомед,False,"- 860,00 ₸"
31,23.10.24,-300.0,Перевод,Найля Т.,False,"- 300,00 ₸"
31,21.10.24,300.0,Пополнение,Акбота М.,False,"+ 300,00 ₸"
31,21.10.24,-200.0,Перевод,Қымбат Ш.,False,"- 200,00 ₸"
31,21.10.24,-300.0,,Покупка Мызы 2 - 102,False,"- 300,00 ₸"
31,21.10.24,-67000.0,,Покупка strokatova,False,"- 67 000,00 ₸"
31,21.10.24,67000.0,Пополнение,РАХАТ Т.,False,"+ 67 000,00 ₸"
31,21.10.24,500.0,Пополнение,Қымбат Ш.,False,"+ 500,00 ₸"
31,21.10.24,-800.0,,Покупка Мызы 2 - 102,False,"- 800,00 ₸"
31,21.10.24,-5000.0,Перевод,Шалкар М.,False,"- 5 000,00 ₸"
31,21.10.24,-25800.0,,Покупка Romantic УКА,False,"- 25 800,00 ₸"
32,21.10.24,30000.0,Пополнение,РАХАТ Т.,False,"+ 30 000,00 ₸"
32,20.10.24,-2000.0,Перевод,Шалкар М.,False,"- 2 000,00 ₸"
32,19.10.24,-1100.0,,Покупка ТТ ГД,False,"- 1 100,00 ₸"
32,19.10.24,-1300.0,,Покупка маг. Элит.,False,"- 1 300,00 ₸"
32,19.10.24,-5000.0,Перевод,Арман К.,False,"- 5 000,00 ₸"
32,19.10.24,10000.0,Пополнение,В Kaspi Банкомате,False,"+ 10 000,00 ₸"
32,18.10.24,-10000.0,Перевод,Тагай М.,False,"- 10 000,00 ₸"
32,18.10.24,5000.0,Пополнение,Арман К.,False,"+ 5 000,00 ₸"
32,18.10.24,-2970.0,Перевод,Оралбек К.,False,"- 2 970,00 ₸"
32,17.10.24,-2350.0,Перевод,Алёна А.,False,"- 2 350,00 ₸"
32,17.10.24,-3450.0,Перевод,Алёна А.,False,"- 3 450,00 ₸"
32,17.10.24,-370.0,,Покупка Kitchen,False,"- 370,00 ₸"
32,16.10.24,-131.0,,Покупка Мызы 8 офис 224,False,"- 131,00 ₸"
32,16.10.24,-13500.0,Перевод,Григорий Н.,False,"- 13 500,00 ₸"
32,16.10.24,-75000.0,Перевод,Арай А.,False,"- 75 000,00 ₸"
32,16.10.24,-1090.0,,Покупка Жазира,False,"- 1 090,00 ₸"
32,15.10.24,-549.0,,Покупка ТЦ Фреш Маркет,False,"- 549,00 ₸"
32,15.10.24,-2697.0,,Покупка ТЦ Фреш Маркет,False,"- 2 697,00 ₸"
32,14.10.24,-35000.0,,Покупка ULTRAMARINE,False,"- 35 000,00 ₸"
32,14.10.24,-200000.0,Перевод,Шалкар М.,False,"- 200 000,00 ₸"
32,14.10.24,217810.0,Пополнение,РАХАТ Т.,False,"+ 217 810,00 ₸"
32,14.10.24,12515.0,Пополнение,РАХАТ Т.,False,"+ 12 515,00 ₸"
32,14.10.24,-2000.0,Перевод,Шалкар М.,False,"- 2 000,00 ₸"
32,13.10.24,-5335.0,,Покупка Минимаркет Кабанбай батыра,False,"- 5 335,00 ₸"
32,13.10.24,-3000.0,,"Покупка Музыкальная студия ""Амадей""",False,"- 3 000,00 ₸"
32,13.10.24,-7990.0,,Покупка Beeline,False,"- 7 990,00 ₸"
32,13.10.24,-2690.0,,Покупка Altel,False,"- 2 690,00 ₸"
32,13.10.24,-2690.0,,Покупка Altel,False,"- 2 690,00 ₸"
32,13.10.24,-2690.0,,Покупка Altel,False,"- 2 690,00 ₸"
32,12.10.24,-4205.0,,Покупка Минимаркет Кабанбай батыра,False,"- 4 205,00 ₸"
32,12.10.24,-75000.0,,"Покупка ТОО ""Lotus Uk""",False,"- 75 000,00 ₸"
32,12.10.24,-7500.0,Перевод,Лаура А.,False,"- 7 500,00 ₸"
32,12.10.24,-1020.0,,Покупка Алка,False,"- 1 020,00 ₸"
32,12.10.24,-1470.0,,Покупка Алка,False,"- 1 470,00 ₸"
32,12.10.24,-2050.0,,Покупка Ип Акжол,False,"- 2 050,00 ₸"
32,11.10.24,-4800.0,Перевод,Мадияр Б.,False,"- 4 800,00 ₸"
33,11.10.24,-1895.0,,Покупка Павильон Алтай,False,"- 1 895,00 ₸"
33,10.10.24,-8085.0,,Покупка Kaspi Travel,False,"- 8 085,00 ₸"
33,10.10.24,-5000.0,Перевод,Арман К.,False,"- 5 000,00 ₸"
33,10.10.24,7500.0,Пополнение,Гульдана А.,False,"+ 7 500,00 ₸"
33,10.10.24,-2000.0,Перевод,Лейла Б.,False,"- 2 000,00 ₸"
33,10.10.24,-15000.0,Перевод,Кайрат А.,False,"- 15 000,00 ₸"
33,10.10.24,248207.0,Пополнение,Зарплата,False,"+ 248 207,00 ₸"
33,09.10.24,-3570.0,,Покупка Минимаркет Кабанбай батыра,False,"- 3 570,00 ₸"
33,09.10.24,-740.0,,Покупка Отдел игрушек,False,"- 740,00 ₸"
33,09.10.24,9175.0,Пополнение,РАХАТ Т.,False,"+ 9 175,00 ₸"
33,08.10.24,-9175.0,Перевод,Шалкар М.,False,"- 9 175,00 ₸"
33,08.10.24,-650.0,,"Покупка ""QazaQ Oil"" B-161",False,"- 650,00 ₸"
33,08.10.24,-13020.0,Перевод,Шалкар М.,False,"- 13 020,00 ₸"
33,08.10.24,10000.0,Пополнение,РАХАТ Т.,False,"+ 10 000,00 ₸"
33,08.10.24,-26200.0,Перевод,Гульбар А.,False,"- 26 200,00 ₸"
33,08.10.24,30000.0,Пополнение,РАХАТ Т.,False,"+ 30 000,00 ₸"
33,07.10.24,-6500.0,Перевод,Шалкар М.,False,"- 6 500,00 ₸"
33,07.10.24,-23220.0,Перевод,Шалкар М.,False,"- 23 220,00 ₸"
33,07.10.24,-2130.0,,Покупка Майбулак,False,"- 2 130,00 ₸"
33,07.10.24,-923.0,,Покупка Оплата услуг АвтоЦОН по QR,False,"- 923,00 ₸"
33,07.10.24,-4615.0,,Покупка Оплата услуг АвтоЦОН по QR,False,"- 4 615,00 ₸"
33,07.10.24,-10337.6,,Покупка Оплата услуг АвтоЦОН по QR,False,"- 10 337,60 ₸"
33,07.10.24,50000.0,Пополнение,РАХАТ Т.,False,"+ 50 000,00 ₸"
33,05.10.24,-12485.0,,Покупка Zerde #401,False,"- 12 485,00 ₸"
33,04.10.24,-11487.0,,Покупка Колмакова,False,"- 11 487,00 ₸"
33,04.10.24,-20000.0,Перевод,Арман К.,False,"- 20 000,00 ₸"
33,04.10.24,60000.0,Пополнение,Муратбек К.,False,"+ 60 000,00 ₸"
33,04.10.24,-333575.0,Перевод,Рахат Т.,False,"- 333 575,00 ₸"
33,04.10.24,20000.0,Пополнение,Арман К.,False,"+ 20 000,00 ₸"
33,04.10.24,-9640.0,,Покупка A-STORE,False,"- 9 640,00 ₸"
33,04.10.24,-6785.0,,Покупка Мызы 8 склад 119,False,"- 6 785,00 ₸"
33,04.10.24,-2000.0,Перевод,Лейла Б.,False,"- 2 000,00 ₸"
33,04.10.24,255664.0,Пополнение,РАХАТ Т.,False,"+ 255 664,00 ₸"
33,03.10.24,-1000.0,,Покупка OZGE FLOWERS,False,"- 1 000,00 ₸"
33,03.10.24,10000.0,Пополнение,Алия А.,False,"+ 10 000,00 ₸"
34,03.10.24,-25000.0,,Покупка Mon Amie,False,"- 25 000,00 ₸"
34,03.10.24,15000.0,Пополнение,Макпал Ш.,False,"+ 15 000,00 ₸"
34,03.10.24,-5000.0,,Покупка Фэн-Шуй,False,"- 5 000,00 ₸"
34,02.10.24,-1177.0,Перевод,Рауза Ж.,False,"- 1 177,00 ₸"
34,02.10.24,-200000.0,,Покупка KIA-DOSCAR.KZ,False,"- 200 000,00 ₸"
34,02.10.24,-739000.0,,Покупка ALLUR.KZ,False,"- 739 000,00 ₸"
34,02.10.24,939000.0,Пополнение,РАХАТ Т.,False,"+ 939 000,00 ₸"
34,02.10.24,-15000.0,Перевод,Арман К.,False,"- 15 000,00 ₸"
34,02.10.24,70000.0,Пополнение,Арман К.,False,"+ 70 000,00 ₸"
34,02.10.24,-2000.0,Перевод,Лейла Б.,False,"- 2 000,00 ₸"
34,01.10.24,-1000.0,Перевод,Макпал Ш.,False,"- 1 000,00 ₸"
34,01.10.24,-350.0,,Покупка FIT KLASS,False,"- 350,00 ₸"
34,01.10.24,-215000.0,,Покупка ЦУМ,False,"- 215 000,00 ₸"
34,01.10.24,200000.0,Пополнение,РАХАТ Т.,False,"+ 200 000,00 ₸"
34,01.10.24,-46117.0,,Покупка Kaspi Travel,False,"- 46 117,00 ₸"
34,01.10.24,-30148.0,,Покупка Kaspi Travel,False,"- 30 148,00 ₸"
34,01.10.24,100000.0,Пополнение,РАХАТ Т.,False,"+ 100 000,00 ₸"
34,01.10.24,-26148.0,,Покупка Kaspi Travel,False,"- 26 148,00 ₸"
34,01.10.24,50000.0,Пополнение,РАХАТ Т.,False,"+ 50 000,00 ₸"
