﻿page,date,amount,operation,details,clock_icon,amount_text
0,20.08.25,-1300.0,Покупка,Обязательные пенсионные взносы,False,"- 1 300,00 ₸"
0,18.08.25,-2000.0,Перевод,Қайдар М.,False,"- 2 000,00 ₸"
0,18.08.25,-70.0,Покупка,Магазин Мастер,False,"- 70,00 ₸"
0,18.08.25,-400.0,Покупка,Пиломатериалы,False,"- 400,00 ₸"
0,18.08.25,-2230.0,Покупка,Пиломатериалы,False,"- 2 230,00 ₸"
0,17.08.25,5000.0,Пополнение,Бек А.,False,"+ 5 000,00 ₸"
0,17.08.25,-4000.0,Покупка,ЦЕНТРГАЗ 6 мкр 109В,False,"- 4 000,00 ₸"
0,17.08.25,-1000.0,Перевод,Камила С.,False,"- 1 000,00 ₸"
0,17.08.25,4000.0,Пополнение,Мадина С.,False,"+ 4 000,00 ₸"
0,13.08.25,-1000.0,Покупка,Beeline,False,"- 1 000,00 ₸"
0,11.08.25,-3000.0,Перевод,Акылбек М.,False,"- 3 000,00 ₸"
0,11.08.25,-630.0,Покупка,ИП Турманова,False,"- 630,00 ₸"
0,10.08.25,-1000.0,Перевод,Жұлдыз М.,False,"- 1 000,00 ₸"
0,10.08.25,-610.0,Покупка,Санитария Аптека  13 Гиппократ,False,"- 610,00 ₸"
0,09.08.25,-2000.0,Покупка,Платные дороги. QazAvtoJol,False,"- 2 000,00 ₸"
0,06.08.25,-2177.0,Перевод,Бауиржан А.,False,"- 2 177,00 ₸"
0,05.08.25,-3550.0,Перевод,Асия С.,False,"- 3 550,00 ₸"
0,04.08.25,-700.0,Покупка,Магазин Дачный(хоз.отдел),False,"- 700,00 ₸"
0,04.08.25,-8000.0,Перевод,Дамир Ж.,False,"- 8 000,00 ₸"
0,04.08.25,1000.0,Пополнение,Оплата за проданный автомобиль,False,"+ 1 000,00 ₸"
0,04.08.25,-1000.0,Перевод,Виктор Д.,False,"- 1 000,00 ₸"
1,02.08.25,-570.0,Покупка,Корзинка,False,"- 570,00 ₸"
1,02.08.25,14000.0,Пополнение,Азамат Г.,False,"+ 14 000,00 ₸"
1,31.07.25,5000.0,Пополнение,Рустамбек К.,False,"+ 5 000,00 ₸"
1,30.07.25,-1700.0,Перевод,Мадина С.,False,"- 1 700,00 ₸"
1,30.07.25,-750.0,Покупка,Келешек-2030,False,"- 750,00 ₸"
1,30.07.25,-4198.0,Покупка,TEQORA,False,"- 4 198,00 ₸"
1,30.07.25,-650.0,Покупка,ИП КАБАКОВ А В,False,"- 650,00 ₸"
1,29.07.25,2000.0,Пополнение,Серик С.,False,"+ 2 000,00 ₸"
1,28.07.25,-10700.0,Перевод,Асия С.,False,"- 10 700,00 ₸"
1,28.07.25,-3000.0,Перевод,Светлана Б.,False,"- 3 000,00 ₸"
1,27.07.25,-7000.0,Перевод,Берик С.,False,"- 7 000,00 ₸"
1,27.07.25,15000.0,Пополнение,Марина Н.,False,"+ 15 000,00 ₸"
1,26.07.25,-6040.0,Перевод,Санжар Қ.,False,"- 6 040,00 ₸"
1,26.07.25,-1420.0,Покупка,аптека,False,"- 1 420,00 ₸"
1,26.07.25,-990.0,Перевод,Санжар Қ.,False,"- 990,00 ₸"
1,26.07.25,990.0,Пополнение,Со своего Счета в Kaspi Pay,False,"+ 990,00 ₸"
1,25.07.25,-2000.0,Перевод,Қайдар М.,False,"- 2 000,00 ₸"
1,25.07.25,-600.0,Перевод,Умут К.,False,"- 600,00 ₸"
1,24.07.25,7000.0,Пополнение,Азамат Г.,False,"+ 7 000,00 ₸"
1,24.07.25,-7000.0,Перевод,Ольга М.,False,"- 7 000,00 ₸"
1,24.07.25,-8000.0,Перевод,Евгений К.,False,"- 8 000,00 ₸"
1,23.07.25,-17000.0,Перевод,Konurkaz K.,False,"- 17 000,00 ₸"
1,22.07.25,-150000.0,Снятие,Банкомат Lunnyy,False,"- 150 000,00 ₸"
1,22.07.25,150000.0,Пополнение,Алтынбек К.,False,"+ 150 000,00 ₸"
1,21.07.25,-200000.0,Перевод,Мадина С.,False,"- 200 000,00 ₸"
1,21.07.25,-6060.0,Покупка,Каскад 2 (АГЗС),False,"- 6 060,00 ₸"
1,20.07.25,-2125.0,Покупка,Обязательные Пенсионные Взносы Работодателя,False,"- 2 125,00 ₸"
1,20.07.25,-5950.0,Покупка,Взносы на обязательное соц.мед.страхование для ИП,False,"- 5 950,00 ₸"
1,20.07.25,-4250.0,Покупка,Cоциальные отчисления,False,"- 4 250,00 ₸"
1,20.07.25,-8500.0,Покупка,Обязательные пенсионные взносы,False,"- 8 500,00 ₸"
1,20.07.25,-5117.0,Покупка,Шерол,False,"- 5 117,00 ₸"
1,20.07.25,-600.0,Покупка,магазин Юникор,False,"- 600,00 ₸"
1,20.07.25,-12140.0,Перевод,Назым Н.,False,"- 12 140,00 ₸"
1,19.07.25,-1000.0,Покупка,Ресторан Меруерт,False,"- 1 000,00 ₸"
1,19.07.25,-500.0,Перевод,Анель К.,False,"- 500,00 ₸"
1,19.07.25,-500.0,Покупка,Ресторан Меруерт,False,"- 500,00 ₸"
1,19.07.25,-90.0,Покупка,Пекин,False,"- 90,00 ₸"
1,19.07.25,-6400.0,Перевод,Асия С.,False,"- 6 400,00 ₸"
1,19.07.25,-1790.0,Покупка,Пульс,False,"- 1 790,00 ₸"
1,19.07.25,-3000.0,Покупка,Платные дороги. QazAvtoJol,False,"- 3 000,00 ₸"
1,19.07.25,-3000.0,Перевод,Камила С.,False,"- 3 000,00 ₸"
1,19.07.25,-3649.0,Покупка,Каскад 2 (АГЗС),False,"- 3 649,00 ₸"
1,18.07.25,5000.0,Пополнение,Шынар Е.,False,"+ 5 000,00 ₸"
1,18.07.25,-6746.0,Покупка,Дамса (ГАЗ),False,"- 6 746,00 ₸"
1,18.07.25,300000.0,Пополнение,Сауле К.,False,"+ 300 000,00 ₸"
1,14.07.25,-1000.0,Перевод,Камила С.,False,"- 1 000,00 ₸"
1,14.07.25,-30000.0,Покупка,HOME LINE ASTANA,False,"- 30 000,00 ₸"
2,14.07.25,-8800.0,Покупка,АГЗС Норс,False,"- 8 800,00 ₸"
2,13.07.25,-840.0,Перевод,Оразгул Ж.,False,"- 840,00 ₸"
2,13.07.25,-4170.0,Перевод,Токжан О.,False,"- 4 170,00 ₸"
2,13.07.25,-755.0,Покупка,Beeline,False,"- 755,00 ₸"
2,12.07.25,-250.0,Покупка,Ырыс,False,"- 250,00 ₸"
2,11.07.25,-150000.0,Снятие,Банкомат Alatau,False,"- 150 000,00 ₸"
2,11.07.25,-1335.0,Покупка,Аяла,False,"- 1 335,00 ₸"
2,11.07.25,100000.0,Пополнение,Ботагоз С.,False,"+ 100 000,00 ₸"
2,11.07.25,-10000.0,Перевод,Назерке Қ.,False,"- 10 000,00 ₸"
2,11.07.25,-2808.0,Покупка,ПЛАСТКОНСТРУКТО,False,"- 2 808,00 ₸"
2,10.07.25,3000.0,Пополнение,Ботагоз С.,False,"+ 3 000,00 ₸"
2,10.07.25,-1980.0,Покупка,"ТОО ""Кухня Майами""(Фудкорт)",False,"- 1 980,00 ₸"
2,10.07.25,6000.0,Пополнение,Жасұлан Ə.,False,"+ 6 000,00 ₸"
2,10.07.25,-1290.0,Покупка,"ТОО ""Ресторан Майами (Restaurant Miami)""",False,"- 1 290,00 ₸"
2,10.07.25,-4000.0,Покупка,Hawaii Shop,False,"- 4 000,00 ₸"
2,10.07.25,4500.0,Пополнение,Қайдар М.,False,"+ 4 500,00 ₸"
2,10.07.25,-36760.0,Перевод,Мадина С.,False,"- 36 760,00 ₸"
2,10.07.25,-2000.0,Перевод,Камила С.,False,"- 2 000,00 ₸"
2,10.07.25,-6000.0,Перевод,Жасұлан Ə.,False,"- 6 000,00 ₸"
2,10.07.25,-5000.0,Покупка,Beeline,False,"- 5 000,00 ₸"
2,09.07.25,1100.0,Пополнение,Жазира Қ.,False,"+ 1 100,00 ₸"
2,09.07.25,-30000.0,Перевод,Санжар Қ.,False,"- 30 000,00 ₸"
2,08.07.25,1100.0,Пополнение,Тилектес С.,False,"+ 1 100,00 ₸"
2,08.07.25,1100.0,Пополнение,Алия С.,False,"+ 1 100,00 ₸"
2,08.07.25,1100.0,Пополнение,Акылбек С.,False,"+ 1 100,00 ₸"
2,08.07.25,1100.0,Пополнение,Дамеш С.,False,"+ 1 100,00 ₸"
2,08.07.25,2200.0,Пополнение,Асия С.,False,"+ 2 200,00 ₸"
2,06.07.25,12000.0,Пополнение,Анарбек С.,False,"+ 12 000,00 ₸"
2,06.07.25,7500.0,Пополнение,Ермахан Қ.,False,"+ 7 500,00 ₸"
2,06.07.25,-600.0,Покупка,Artlunch,False,"- 600,00 ₸"
2,05.07.25,-3000.0,Перевод,Қадыр Е.,False,"- 3 000,00 ₸"
2,05.07.25,-400.0,Покупка,Парковка. ЖД вокзал «Астана 1»,False,"- 400,00 ₸"
2,04.07.25,-1200.0,Покупка,ИП Талшын,False,"- 1 200,00 ₸"
2,04.07.25,-10000.0,Перевод,Айдана М.,False,"- 10 000,00 ₸"
2,04.07.25,-1000.0,Покупка,Платные дороги. QazAvtoJol,False,"- 1 000,00 ₸"
2,03.07.25,12000.0,Пополнение,Женис М.,False,"+ 12 000,00 ₸"
2,03.07.25,-10000.0,Перевод,Марина Р.,False,"- 10 000,00 ₸"
2,03.07.25,-5000.0,Перевод,Камила С.,False,"- 5 000,00 ₸"
2,03.07.25,-5350.0,Покупка,Магазин Строительные Материалы,False,"- 5 350,00 ₸"
2,02.07.25,-7616.0,Покупка,SMALL,False,"- 7 616,00 ₸"
2,02.07.25,-4000.0,Перевод,Konurkaz K.,False,"- 4 000,00 ₸"
2,01.07.25,-1500.0,Покупка,Aвто Тюнинг,False,"- 1 500,00 ₸"
2,01.07.25,-1000.0,Покупка,Автозапчасти,False,"- 1 000,00 ₸"
2,01.07.25,-1558.0,Покупка,KHOZYAIN SHOP,False,"- 1 558,00 ₸"
2,01.07.25,-2580.0,Покупка,Магазин Строительные Материалы,False,"- 2 580,00 ₸"
2,01.07.25,15000.0,Пополнение,Дмитрий Ш.,False,"+ 15 000,00 ₸"
2,01.07.25,-4000.0,Перевод,Konurkaz K.,False,"- 4 000,00 ₸"
3,30.06.25,-4800.0,Перевод,Санжар Қ.,False,"- 4 800,00 ₸"
3,30.06.25,-6507.0,Покупка,АЗС  8,False,"- 6 507,00 ₸"
3,30.06.25,-2000.0,Перевод,Жұлдыз М.,False,"- 2 000,00 ₸"
3,29.06.25,-1000.0,Перевод,Михаил У.,False,"- 1 000,00 ₸"
3,29.06.25,-1000.0,Перевод,Алижан Ж.,False,"- 1 000,00 ₸"
3,29.06.25,-6000.0,Перевод,Акылбек М.,False,"- 6 000,00 ₸"
3,28.06.25,-2000.0,Покупка,Платные дороги. QazAvtoJol,False,"- 2 000,00 ₸"
3,27.06.25,-300000.0,Снятие,Банкомат Lunnyy,False,"- 300 000,00 ₸"
3,27.06.25,-2000.0,Перевод,Konurkaz K.,False,"- 2 000,00 ₸"
3,27.06.25,5000.0,Пополнение,Ардак А.,False,"+ 5 000,00 ₸"
3,26.06.25,-1000.0,Перевод,Жұлдыз М.,False,"- 1 000,00 ₸"
3,26.06.25,-15000.0,Перевод,Данияр Б.,False,"- 15 000,00 ₸"
3,26.06.25,500000.0,Пополнение,Сауле К.,False,"+ 500 000,00 ₸"
3,24.06.25,35000.0,Пополнение,Азамат Г.,False,"+ 35 000,00 ₸"
3,24.06.25,5000.0,Пополнение,Мира К.,False,"+ 5 000,00 ₸"
3,24.06.25,-8500.0,Покупка,Обязательные пенсионные взносы,False,"- 8 500,00 ₸"
3,24.06.25,10000.0,Пополнение,Мадина С.,False,"+ 10 000,00 ₸"
3,24.06.25,-4250.0,Покупка,Cоциальные отчисления,False,"- 4 250,00 ₸"
3,24.06.25,-2125.0,Покупка,Обязательные Пенсионные Взносы Работодателя,False,"- 2 125,00 ₸"
3,24.06.25,-5950.0,Покупка,Взносы на обязательное соц.мед.страхование для ИП,False,"- 5 950,00 ₸"
3,21.06.25,5000.0,Пополнение,Данияр Б.,False,"+ 5 000,00 ₸"
3,20.06.25,-3000.0,Перевод,Берик С.,False,"- 3 000,00 ₸"
3,19.06.25,10000.0,Пополнение,Мурат Е.,False,"+ 10 000,00 ₸"
3,18.06.25,-500.0,Перевод,Konurkaz K.,False,"- 500,00 ₸"
3,18.06.25,-10000.0,Перевод,Манарбек С.,False,"- 10 000,00 ₸"
3,18.06.25,7000.0,Пополнение,Сара Б.,False,"+ 7 000,00 ₸"
3,17.06.25,-3000.0,Перевод,Konurkaz K.,False,"- 3 000,00 ₸"
3,17.06.25,1850.0,Пополнение,Асия С.,False,"+ 1 850,00 ₸"
3,16.06.25,-8000.0,Перевод,Konurkaz K.,False,"- 8 000,00 ₸"
3,14.06.25,-3000.0,Покупка,Платные дороги. QazAvtoJol,False,"- 3 000,00 ₸"
3,12.06.25,-2500.0,Перевод,Елена Ш.,False,"- 2 500,00 ₸"
3,12.06.25,-2100.0,Покупка,IP ELYUBAEVA,False,"- 2 100,00 ₸"
3,11.06.25,1500.0,Пополнение,Асия С.,False,"+ 1 500,00 ₸"
3,11.06.25,-15000.0,Перевод,Асия С.,False,"- 15 000,00 ₸"
3,11.06.25,-500.0,Покупка,Аппарат самообслуживания,False,"- 500,00 ₸"
3,11.06.25,-1000.0,Покупка,Аппарат самообслуживания,False,"- 1 000,00 ₸"
3,11.06.25,-1277.0,Покупка,IP ZHAKUPOVA,False,"- 1 277,00 ₸"
3,11.06.25,15000.0,Пополнение,Бексултан А.,False,"+ 15 000,00 ₸"
3,11.06.25,-420.0,Покупка,KRUIZ 3 SHOP 12 BOUTIQUE,False,"- 420,00 ₸"
3,11.06.25,-3500.0,Покупка,GOR.RYNOK BOUTIQUE 34,False,"- 3 500,00 ₸"
3,11.06.25,-2750.0,Покупка,LYUKS,False,"- 2 750,00 ₸"
3,11.06.25,-2750.0,Покупка,LYUKS,False,"- 2 750,00 ₸"
3,11.06.25,4000.0,Пополнение,Айбала К.,False,"+ 4 000,00 ₸"
3,11.06.25,-2000.0,Перевод,Руслан Ж.,False,"- 2 000,00 ₸"
3,10.06.25,-1995.0,Разное,Оплата за годовое обслуживание,False,"- 1 995,00 ₸"
3,10.06.25,-185.0,Покупка,ALEM SHOP,False,"- 185,00 ₸"
3,09.06.25,-5000.0,Перевод,Эльвира К.,False,"- 5 000,00 ₸"
4,09.06.25,-3932.0,Покупка,Штрафы по ИИН,False,"- 3 932,00 ₸"
4,09.06.25,-340.0,Покупка,IP IVANOVA,False,"- 340,00 ₸"
4,09.06.25,-2135.0,Покупка,IP ZHAKUPOVA A.D.,False,"- 2 135,00 ₸"
4,08.06.25,10000.0,Пополнение,Ерлан А.,False,"+ 10 000,00 ₸"
4,08.06.25,-3050.0,Покупка,SMALLAST08 SUPERMARK,False,"- 3 050,00 ₸"
4,08.06.25,-3000.0,Покупка,Платные дороги. QazAvtoJol,False,"- 3 000,00 ₸"
4,08.06.25,-2000.0,Покупка,Платные дороги. QazAvtoJol,False,"- 2 000,00 ₸"
4,07.06.25,-168.0,Покупка,Каскад 2 (АГЗС),False,"- 168,00 ₸"
4,07.06.25,-868.0,Покупка,SMALLAST08 SUPERMARK,False,"- 868,00 ₸"
4,07.06.25,-4993.0,Покупка,SMALLAST08 SUPERMARK,False,"- 4 993,00 ₸"
4,07.06.25,-2000.0,Перевод,Санжар Қ.,False,"- 2 000,00 ₸"
4,07.06.25,-5000.0,Покупка,Beeline,False,"- 5 000,00 ₸"
4,07.06.25,-585.0,Покупка,IP IVANOVA,False,"- 585,00 ₸"
4,04.06.25,-20000.0,Перевод,Амырбек Х.,False,"- 20 000,00 ₸"
4,04.06.25,-884.0,Покупка,SVETOFOR SHOP,False,"- 884,00 ₸"
4,04.06.25,-3132.0,Покупка,SVETOFOR SHOP,False,"- 3 132,00 ₸"
4,04.06.25,-520.0,Покупка,IP IVANOVA,False,"- 520,00 ₸"
4,04.06.25,18000.0,Пополнение,Санжар Қ.,False,"+ 18 000,00 ₸"
4,03.06.25,-185.0,Покупка,IP IVANOVA,False,"- 185,00 ₸"
4,02.06.25,-10000.0,Покупка,Мотор,False,"- 10 000,00 ₸"
4,02.06.25,-17000.0,Перевод,Татьяна Ф.,False,"- 17 000,00 ₸"
4,02.06.25,-53000.0,Покупка,Мотор,False,"- 53 000,00 ₸"
4,02.06.25,-391.0,Покупка,ALEM SHOP,False,"- 391,00 ₸"
4,02.06.25,50000.0,Пополнение,Акылбек С.,False,"+ 50 000,00 ₸"
4,02.06.25,-1280.0,Покупка,IP IVANOVA,False,"- 1 280,00 ₸"
4,01.06.25,13000.0,Пополнение,Акылбек С.,False,"+ 13 000,00 ₸"
4,01.06.25,-315.0,Покупка,IP IVANOVA,False,"- 315,00 ₸"
4,01.06.25,9000.0,Пополнение,Асия С.,False,"+ 9 000,00 ₸"
4,31.05.25,60000.0,Пополнение,Бакыткуль К.,False,"+ 60 000,00 ₸"
4,30.05.25,-450.0,Перевод,Асия С.,False,"- 450,00 ₸"
4,30.05.25,9500.0,Пополнение,Гульзира С.,False,"+ 9 500,00 ₸"
4,30.05.25,-500.0,Перевод,Камила С.,False,"- 500,00 ₸"
4,30.05.25,-228.0,Покупка,IP ZHAKUPOVA,False,"- 228,00 ₸"
4,30.05.25,4000.0,Пополнение,Мадина С.,False,"+ 4 000,00 ₸"
4,27.05.25,-2000.0,Покупка,Beeline,False,"- 2 000,00 ₸"
4,27.05.25,-905.0,Покупка,IP ZHAKUPOVA A.D.,False,"- 905,00 ₸"
4,26.05.25,-1000.0,Перевод,Азамат Е.,False,"- 1 000,00 ₸"
4,25.05.25,-2000.0,Покупка,Beeline,False,"- 2 000,00 ₸"
4,25.05.25,-644.0,Покупка,"TOO ""BEST PRAYS KAZAHSTAN""",False,"- 644,00 ₸"
4,25.05.25,-520.0,Покупка,IP IVANOVA,False,"- 520,00 ₸"
4,25.05.25,-1165.0,Покупка,IP IVANOVA,False,"- 1 165,00 ₸"
4,25.05.25,690.0,Пополнение,Жанар К.,False,"+ 690,00 ₸"
4,24.05.25,-550.0,Покупка,RASSVET,False,"- 550,00 ₸"
4,23.05.25,-2125.0,Покупка,Обязательные Пенсионные Взносы Работодателя,False,"- 2 125,00 ₸"
4,23.05.25,-4250.0,Покупка,Cоциальные отчисления,False,"- 4 250,00 ₸"
4,23.05.25,-5950.0,Покупка,Взносы на обязательное соц.мед.страхование для ИП,False,"- 5 950,00 ₸"
4,23.05.25,-8500.0,Покупка,Обязательные пенсионные взносы,False,"- 8 500,00 ₸"
5,23.05.25,-2000.0,Перевод,Камила С.,False,"- 2 000,00 ₸"
5,23.05.25,-500.0,Перевод,Камила С.,False,"- 500,00 ₸"
5,23.05.25,-500.0,Покупка,"ИП ""ПЛАНЕТА ОДЕЖДА И ОБУВИ""",False,"- 500,00 ₸"
5,22.05.25,2000.0,Пополнение,Камила С.,False,"+ 2 000,00 ₸"
5,22.05.25,-2000.0,Перевод,Камила С.,False,"- 2 000,00 ₸"
5,22.05.25,-1945.0,Покупка,IP CHERESHKO K.V.,False,"- 1 945,00 ₸"
5,21.05.25,-40000.0,Перевод,Берик С.,False,"- 40 000,00 ₸"
5,21.05.25,-370.0,Покупка,IP IVANOVA,False,"- 370,00 ₸"
5,21.05.25,-185.0,Покупка,IP IVANOVA,False,"- 185,00 ₸"
5,21.05.25,-8711.0,Покупка,АЗС  8,False,"- 8 711,00 ₸"
5,21.05.25,-400.0,Покупка,Парковка. Рынок Сапа,False,"- 400,00 ₸"
5,21.05.25,-196597.0,Покупка,ПЛАСТКОНСТРУКТО,False,"- 196 597,00 ₸"
5,21.05.25,250000.0,Пополнение,Бейембет С.,False,"+ 250 000,00 ₸"
5,21.05.25,-6420.0,Покупка,Бейсекбаева Асхана,False,"- 6 420,00 ₸"
5,21.05.25,-1159.0,Покупка,SMALLAST08 SUPERMARK,False,"- 1 159,00 ₸"
5,20.05.25,-800.0,Покупка,MAGAZIN DIPA,False,"- 800,00 ₸"
5,20.05.25,-249.0,Покупка,SMALLAST08 SUPERMARK,False,"- 249,00 ₸"
5,20.05.25,-1542.0,Покупка,SMALLAST08 SUPERMARK,False,"- 1 542,00 ₸"
5,20.05.25,-850.0,Покупка,IP BOMBENKO,False,"- 850,00 ₸"
5,20.05.25,-1362.0,Покупка,IP BOMBENKO,False,"- 1 362,00 ₸"
5,20.05.25,-2095.0,Покупка,IP ANDAKULOVA U.K,False,"- 2 095,00 ₸"
5,19.05.25,20000.0,Пополнение,Талгат А.,False,"+ 20 000,00 ₸"
5,17.05.25,-1700.0,Покупка,Ырыс,False,"- 1 700,00 ₸"
5,17.05.25,-8100.0,Покупка,I'M Restaurants,False,"- 8 100,00 ₸"
5,17.05.25,-500.0,Покупка,FIX OUTLET (CTN Group),False,"- 500,00 ₸"
5,17.05.25,-1500.0,Покупка,FIX OUTLET (CTN Group),False,"- 1 500,00 ₸"
5,17.05.25,-2500.0,Покупка,FIX OUTLET (CTN Group),False,"- 2 500,00 ₸"
5,16.05.25,-2000.0,Покупка,Платные дороги. QazAvtoJol,False,"- 2 000,00 ₸"
5,16.05.25,-500.0,Перевод,Санжар Қ.,False,"- 500,00 ₸"
5,16.05.25,18000.0,Пополнение,Эвелина К.,False,"+ 18 000,00 ₸"
5,16.05.25,-500.0,Перевод,Камила С.,False,"- 500,00 ₸"
5,15.05.25,-350.0,Покупка,.Смак,False,"- 350,00 ₸"
5,15.05.25,-1200.0,Покупка,Сантехника 6-40,False,"- 1 200,00 ₸"
5,15.05.25,-7500.0,Перевод,Konurkaz K.,False,"- 7 500,00 ₸"
5,14.05.25,-15000.0,Перевод,Руслан У.,False,"- 15 000,00 ₸"
5,13.05.25,-5952.0,Покупка,ПЛАСТКОНСТРУКТО,False,"- 5 952,00 ₸"
5,13.05.25,10000.0,Пополнение,Марал Б.,False,"+ 10 000,00 ₸"
5,13.05.25,4000.0,Пополнение,Иван Ч.,False,"+ 4 000,00 ₸"
5,13.05.25,-1800.0,Перевод,Konurkaz K.,False,"- 1 800,00 ₸"
5,12.05.25,10000.0,Пополнение,Владислава Т.,False,"+ 10 000,00 ₸"
5,11.05.25,3000.0,Пополнение,Владимир Л.,False,"+ 3 000,00 ₸"
5,09.05.25,-1000.0,Перевод,Камила С.,False,"- 1 000,00 ₸"
5,09.05.25,-650.0,Перевод,Дина Д.,False,"- 650,00 ₸"
5,06.05.25,-4000.0,Перевод,Берик С.,False,"- 4 000,00 ₸"
5,05.05.25,35000.0,Пополнение,Мара Е.,False,"+ 35 000,00 ₸"
5,04.05.25,-1618.0,Покупка,OVOSHI I FRUKTY,False,"- 1 618,00 ₸"
5,04.05.25,1618.0,Пополнение,Мадина С.,False,"+ 1 618,00 ₸"
6,30.04.25,-4890.0,Покупка,SVETOFOR SHOP,False,"- 4 890,00 ₸"
6,30.04.25,4890.0,Пополнение,Мадина С.,False,"+ 4 890,00 ₸"
6,27.04.25,-2184.0,Покупка,SVETOFOR SHOP,False,"- 2 184,00 ₸"
6,27.04.25,2184.0,Пополнение,Мадина С.,False,"+ 2 184,00 ₸"
6,24.04.25,-4978.0,Покупка,Beeline,False,"- 4 978,00 ₸"
6,23.04.25,-1000.0,Перевод,Камила С.,False,"- 1 000,00 ₸"
6,22.04.25,-2125.0,Покупка,Обязательные Пенсионные Взносы Работодателя,False,"- 2 125,00 ₸"
6,22.04.25,-8500.0,Покупка,Обязательные пенсионные взносы,False,"- 8 500,00 ₸"
6,22.04.25,-1150.0,Покупка,IP ZHAKUPOVA A.D.,False,"- 1 150,00 ₸"
6,21.04.25,-5950.0,Покупка,Взносы на обязательное соц.мед.страхование для ИП,False,"- 5 950,00 ₸"
6,21.04.25,-5950.0,Покупка,Cоциальные отчисления,False,"- 5 950,00 ₸"
6,21.04.25,-100.0,Покупка,Обязательные пенсионные взносы,False,"- 100,00 ₸"
6,21.04.25,-1350.0,Покупка,"Мороженое ""7-50",False,"- 1 350,00 ₸"
6,19.04.25,-3000.0,Перевод,Асия С.,False,"- 3 000,00 ₸"
6,19.04.25,-5568.0,Покупка,C-033 Степногорск,False,"- 5 568,00 ₸"
6,18.04.25,19000.0,Пополнение,Томирис К.,False,"+ 19 000,00 ₸"
6,16.04.25,6000.0,Пополнение,Шолпан Ж.,False,"+ 6 000,00 ₸"
6,16.04.25,-220.0,Покупка,Магазин Алем,False,"- 220,00 ₸"
6,15.04.25,14000.0,Пополнение,Томирис К.,False,"+ 14 000,00 ₸"
6,15.04.25,-1966.0,Покупка,Штрафы по ИИН,False,"- 1 966,00 ₸"
6,15.04.25,606.0,Пополнение,Мадина С.,False,"+ 606,00 ₸"
6,15.04.25,-606.0,Покупка,MAGAZIN OVOSHCHI FRUKTY,False,"- 606,00 ₸"
6,15.04.25,-3000.0,Перевод,Еркебулан Б.,False,"- 3 000,00 ₸"
6,15.04.25,5000.0,Пополнение,Нурбек К.,False,"+ 5 000,00 ₸"
6,11.04.25,-2925.0,Покупка,IP ZHAKUPOVA,False,"- 2 925,00 ₸"
6,11.04.25,2925.0,Пополнение,Мадина С.,False,"+ 2 925,00 ₸"
6,10.04.25,-520.0,Перевод,Андрей К.,False,"- 520,00 ₸"
6,09.04.25,-5500.0,Перевод,Konurkaz K.,False,"- 5 500,00 ₸"
6,08.04.25,-4000.0,Перевод,Konurkaz K.,False,"- 4 000,00 ₸"
6,08.04.25,10000.0,Пополнение,В терминале,False,"+ 10 000,00 ₸"
6,07.04.25,-500.0,Перевод,Камила С.,False,"- 500,00 ₸"
6,07.04.25,-18100.0,Перевод,Асия С.,False,"- 18 100,00 ₸"
6,07.04.25,4000.0,Пополнение,Айгуль Б.,False,"+ 4 000,00 ₸"
6,04.04.25,-30000.0,Перевод,Акылбек С.,False,"- 30 000,00 ₸"
6,03.04.25,-2000.0,Перевод,Konurkaz K.,False,"- 2 000,00 ₸"
6,03.04.25,-5500.0,Перевод,Konurkaz K.,False,"- 5 500,00 ₸"
6,02.04.25,41000.0,Пополнение,Аман С.,False,"+ 41 000,00 ₸"
6,31.03.25,-130.0,Покупка,Корзинка,False,"- 130,00 ₸"
6,31.03.25,3000.0,Пополнение,Konurkaz K.,False,"+ 3 000,00 ₸"
6,28.03.25,-25652.0,Покупка,Налог на транспорт,False,"- 25 652,00 ₸"
6,28.03.25,20000.0,Пополнение,Мадина С.,False,"+ 20 000,00 ₸"
6,24.03.25,-2000.0,Перевод,Konurkaz K.,False,"- 2 000,00 ₸"
6,24.03.25,-2000.0,Покупка,HOME LINE ASTANA,False,"- 2 000,00 ₸"
6,24.03.25,-3000.0,Покупка,Платные дороги. QazAvtoJol,False,"- 3 000,00 ₸"
6,23.03.25,-5000.0,Покупка,Beeline,False,"- 5 000,00 ₸"
6,23.03.25,-5950.0,Покупка,Взносы на обязательное соц.мед.страхование для ИП,False,"- 5 950,00 ₸"
6,21.03.25,-690.0,Покупка,Корзинка,False,"- 690,00 ₸"
7,21.03.25,-19910.0,Покупка,Ереван,False,"- 19 910,00 ₸"
7,20.03.25,-50000.0,Перевод,Мадина С.,False,"- 50 000,00 ₸"
7,20.03.25,-2370.0,Покупка,Авто-Рай . маг. Мона-Лиза,False,"- 2 370,00 ₸"
7,20.03.25,-4000.0,Перевод,Санжар Қ.,False,"- 4 000,00 ₸"
7,20.03.25,-15000.0,Перевод,Konurkaz K.,False,"- 15 000,00 ₸"
7,20.03.25,124000.0,Пополнение,Евгений К.,False,"+ 124 000,00 ₸"
7,19.03.25,-1000.0,Покупка,Beeline,False,"- 1 000,00 ₸"
7,15.03.25,-10000.0,Перевод,Еркебулан Б.,False,"- 10 000,00 ₸"
7,14.03.25,-5500.0,Покупка,Услуги ЦОН,False,"- 5 500,00 ₸"
7,14.03.25,-1000.0,Покупка,Beeline,False,"- 1 000,00 ₸"
7,14.03.25,18000.0,Пополнение,В терминале,False,"+ 18 000,00 ₸"
7,10.03.25,-5000.0,Перевод,Еркебулан И.,False,"- 5 000,00 ₸"
7,10.03.25,200.0,Пополнение,Санжар Қ.,False,"+ 200,00 ₸"
7,08.03.25,-10000.0,Перевод,Жумабек С.,False,"- 10 000,00 ₸"
7,07.03.25,-1000.0,Перевод,Камила С.,False,"- 1 000,00 ₸"
7,07.03.25,1000.0,Покупка,Аяна-нур,False,"+ 1 000,00 ₸"
7,07.03.25,-1000.0,Покупка,Аяна-нур,False,"- 1 000,00 ₸"
7,06.03.25,-1850.0,Покупка,Айнаколь 42,False,"- 1 850,00 ₸"
7,05.03.25,-10000.0,Перевод,Гульмира К.,False,"- 10 000,00 ₸"
7,05.03.25,-2000.0,Перевод,Камила С.,False,"- 2 000,00 ₸"
7,04.03.25,3000.0,Пополнение,Мираз Ж.,False,"+ 3 000,00 ₸"
7,04.03.25,-2430.0,Перевод,Камила С.,False,"- 2 430,00 ₸"
7,03.03.25,-1000.0,Перевод,Камила С.,False,"- 1 000,00 ₸"
7,03.03.25,-1250.0,Покупка,ИП ЗУБОВА Т.В.,False,"- 1 250,00 ₸"
7,02.03.25,-8000.0,Перевод,Санжар Қ.,False,"- 8 000,00 ₸"
7,02.03.25,24000.0,Пополнение,Манар Б.,False,"+ 24 000,00 ₸"
7,28.02.25,-500.0,Перевод,Камила С.,False,"- 500,00 ₸"
7,26.02.25,-1960.0,Покупка,Каскад 2 (АГЗС),False,"- 1 960,00 ₸"
7,26.02.25,-3000.0,Перевод,Азамат Е.,False,"- 3 000,00 ₸"
7,26.02.25,-2000.0,Перевод,Азамат Е.,False,"- 2 000,00 ₸"
7,25.02.25,15000.0,Пополнение,Назгуль С.,False,"+ 15 000,00 ₸"
7,24.02.25,-4500.0,Перевод,Берик С.,False,"- 4 500,00 ₸"
7,24.02.25,10000.0,Пополнение,В терминале,False,"+ 10 000,00 ₸"
7,23.02.25,-2000.0,Перевод,Камила С.,False,"- 2 000,00 ₸"
7,23.02.25,-3000.0,Перевод,Азамат Е.,False,"- 3 000,00 ₸"
7,21.02.25,-3000.0,Перевод,Қайдар М.,False,"- 3 000,00 ₸"
7,21.02.25,-5950.0,Покупка,Взносы на обязательное соц.мед.страхование для ИП,False,"- 5 950,00 ₸"
7,21.02.25,15000.0,Пополнение,Асылбек Ж.,False,"+ 15 000,00 ₸"
7,20.02.25,-1000.0,Перевод,Азамат Е.,False,"- 1 000,00 ₸"
7,19.02.25,-3000.0,Перевод,Азамат Е.,False,"- 3 000,00 ₸"
7,18.02.25,-100.0,Перевод,Санжар Қ.,False,"- 100,00 ₸"
7,17.02.25,-6550.0,Перевод,Акылбек С.,False,"- 6 550,00 ₸"
7,17.02.25,-1600.0,Перевод,Евгений К.,False,"- 1 600,00 ₸"
7,16.02.25,-1500.0,Перевод,Камила С.,False,"- 1 500,00 ₸"
7,14.02.25,6000.0,Пополнение,Руслан М.,False,"+ 6 000,00 ₸"
7,13.02.25,-600.0,Перевод,Азамат Е.,False,"- 600,00 ₸"
7,13.02.25,-1600.0,Перевод,Евгений К.,False,"- 1 600,00 ₸"
8,12.02.25,-4000.0,Покупка,Beeline,False,"- 4 000,00 ₸"
8,11.02.25,-5845.0,Покупка,ИП Сергазина,False,"- 5 845,00 ₸"
8,11.02.25,-1000.0,Перевод,Евгений К.,False,"- 1 000,00 ₸"
8,11.02.25,10000.0,Пополнение,Еркебулан И.,False,"+ 10 000,00 ₸"
8,10.02.25,-18100.0,Перевод,Асия С.,False,"- 18 100,00 ₸"
8,10.02.25,7000.0,Пополнение,Джолдас С.,False,"+ 7 000,00 ₸"
8,10.02.25,-2750.0,Перевод,Санжар Қ.,False,"- 2 750,00 ₸"
8,10.02.25,-2300.0,Перевод,Камила С.,False,"- 2 300,00 ₸"
8,09.02.25,4000.0,Пополнение,Батырхан А.,False,"+ 4 000,00 ₸"
8,09.02.25,-10000.0,Перевод,Мадина С.,False,"- 10 000,00 ₸"
8,08.02.25,6000.0,Пополнение,Айдар Ш.,False,"+ 6 000,00 ₸"
8,08.02.25,-1000.0,Покупка,Beeline,False,"- 1 000,00 ₸"
8,06.02.25,-200.0,Перевод,Санжар Қ.,False,"- 200,00 ₸"
8,06.02.25,-100.0,Покупка,Обязательные пенсионные взносы,False,"- 100,00 ₸"
8,06.02.25,-8500.0,Покупка,Обязательные пенсионные взносы,False,"- 8 500,00 ₸"
8,05.02.25,-1000.0,Покупка,Beeline,False,"- 1 000,00 ₸"
8,05.02.25,-1000.0,Перевод,Камила С.,False,"- 1 000,00 ₸"
8,05.02.25,10000.0,Пополнение,Асия С.,False,"+ 10 000,00 ₸"
8,03.02.25,5000.0,Пополнение,Арман Л.,False,"+ 5 000,00 ₸"
8,02.02.25,-960.0,Покупка,Береке market,False,"- 960,00 ₸"
8,31.01.25,-2000.0,Перевод,Санжар Қ.,False,"- 2 000,00 ₸"
8,31.01.25,-1000.0,Перевод,Санжар Қ.,False,"- 1 000,00 ₸"
8,30.01.25,-1000.0,Перевод,Камила С.,False,"- 1 000,00 ₸"
8,28.01.25,2000.0,Пополнение,Джолдас С.,False,"+ 2 000,00 ₸"
8,26.01.25,-4113.0,Покупка,Z-4 г. Астана,False,"- 4 113,00 ₸"
8,24.01.25,-6000.0,Перевод,Камила С.,False,"- 6 000,00 ₸"
8,24.01.25,-1000.0,Перевод,Камила С.,False,"- 1 000,00 ₸"
8,24.01.25,-2130.0,Покупка,"""Дежурная аптека""",False,"- 2 130,00 ₸"
8,24.01.25,-9747.0,Покупка,"АЗС ""Аурика""",False,"- 9 747,00 ₸"
8,23.01.25,5000.0,Пополнение,Алмаз К.,False,"+ 5 000,00 ₸"
8,23.01.25,5000.0,Пополнение,Серик Ж.,False,"+ 5 000,00 ₸"
8,23.01.25,-6170.0,Покупка,маг.Хан,False,"- 6 170,00 ₸"
8,23.01.25,-5000.0,Покупка,Платные дороги. QazAvtoJol,False,"- 5 000,00 ₸"
8,23.01.25,-760.0,Покупка,C-31 с. Шортанды Qazaq Oil,False,"- 760,00 ₸"
8,23.01.25,-4100.0,Покупка,"АЗС ""Аурика""",False,"- 4 100,00 ₸"
8,22.01.25,30000.0,Пополнение,Евгений Л.,False,"+ 30 000,00 ₸"
8,21.01.25,-5950.0,Покупка,Взносы на обязательное соц.мед.страхование для ИП,False,"- 5 950,00 ₸"
8,21.01.25,10000.0,Пополнение,Ержан А.,False,"+ 10 000,00 ₸"
8,21.01.25,8000.0,Пополнение,Радион М.,False,"+ 8 000,00 ₸"
8,20.01.25,1000.0,Пополнение,Оплата за проданный автомобиль,False,"+ 1 000,00 ₸"
8,19.01.25,-1000.0,Перевод,Санжар Қ.,False,"- 1 000,00 ₸"
8,19.01.25,-188.0,Покупка,Z-4 г. Астана,False,"- 188,00 ₸"
8,18.01.25,5000.0,Пополнение,Ботагоз С.,False,"+ 5 000,00 ₸"
8,17.01.25,-11009.6,Покупка,Услуги ЦОН,False,"- 11 009,60 ₸"
8,17.01.25,-4915.0,Покупка,Услуги ЦОН,False,"- 4 915,00 ₸"
8,17.01.25,-983.0,Покупка,Услуги ЦОН,False,"- 983,00 ₸"
8,16.01.25,-1000.0,Перевод,Санжар Қ.,False,"- 1 000,00 ₸"
9,16.01.25,-2500.0,Перевод,Виктория Б.,False,"- 2 500,00 ₸"
9,15.01.25,25000.0,Пополнение,Данияр Б.,False,"+ 25 000,00 ₸"
9,11.01.25,-2775.0,Перевод,Асия С.,False,"- 2 775,00 ₸"
9,10.01.25,-700.0,Перевод,Санжар Қ.,False,"- 700,00 ₸"
9,09.01.25,-700.0,Перевод,Камила С.,False,"- 700,00 ₸"
9,05.01.25,5000.0,Пополнение,Алдияр А.,False,"+ 5 000,00 ₸"
9,04.01.25,-4000.0,Покупка,Beeline,False,"- 4 000,00 ₸"
9,02.01.25,-110.0,Покупка,Avtobys. Оплата проезда по QR,False,"- 110,00 ₸"
9,31.12.24,-16990.0,Покупка,Sulpak,False,"- 16 990,00 ₸"
9,31.12.24,-350.0,Покупка,Парковка. АйМак-Тау,False,"- 350,00 ₸"
9,31.12.24,-9490.0,Покупка,ИП Глазова,False,"- 9 490,00 ₸"
9,31.12.24,30000.0,Пополнение,Нурсулу Б.,False,"+ 30 000,00 ₸"
9,30.12.24,-2500.0,Перевод,Камила С.,False,"- 2 500,00 ₸"
9,30.12.24,-100.0,Покупка,Оплата парковки Астаны,False,"- 100,00 ₸"
9,30.12.24,-110.0,Покупка,Avtobys. Оплата проезда по QR,False,"- 110,00 ₸"
9,29.12.24,-1390.0,Покупка,Магазин Султан,False,"- 1 390,00 ₸"
9,28.12.24,-2000.0,Покупка,Платные дороги. QazAvtoJol,False,"- 2 000,00 ₸"
9,27.12.24,-1000.0,Перевод,Камила С.,False,"- 1 000,00 ₸"
9,27.12.24,-5000.0,Перевод,Жандос К.,False,"- 5 000,00 ₸"
9,26.12.24,-1000.0,Перевод,Камила С.,False,"- 1 000,00 ₸"
9,25.12.24,-3000.0,Перевод,Ербол Д.,False,"- 3 000,00 ₸"
9,25.12.24,-5950.0,Покупка,Взносы на обязательное соц.мед.страхование для ИП,False,"- 5 950,00 ₸"
9,25.12.24,-2975.0,Покупка,Cоциальные отчисления,False,"- 2 975,00 ₸"
9,25.12.24,-8500.0,Покупка,Обязательные Пенсионные Взносы Работодателя,False,"- 8 500,00 ₸"
9,24.12.24,-1740.0,Перевод,Владислав Ш.,False,"- 1 740,00 ₸"
9,23.12.24,20000.0,Пополнение,Ерлан А.,False,"+ 20 000,00 ₸"
9,23.12.24,-3412.0,Покупка,Каскад-2,False,"- 3 412,00 ₸"
9,22.12.24,-700.0,Покупка,MilaBela,False,"- 700,00 ₸"
9,22.12.24,-1201.0,Покупка,Cosmart online,False,"- 1 201,00 ₸"
9,22.12.24,-479.0,Покупка,MilaBela,False,"- 479,00 ₸"
9,21.12.24,-500.0,Покупка,Ип Мукушев,False,"- 500,00 ₸"
9,21.12.24,-1970.0,Покупка,тоо шерол 2017 щучинск ауэзова 203,False,"- 1 970,00 ₸"
9,21.12.24,-1188.0,Покупка,Валентин 627,False,"- 1 188,00 ₸"
9,20.12.24,-6000.0,Перевод,Камила С.,False,"- 6 000,00 ₸"
9,20.12.24,2000.0,Пополнение,Трабай К.,False,"+ 2 000,00 ₸"
9,19.12.24,-4646.0,Покупка,ЦЕНТРГАЗ 6 мкр 109В,False,"- 4 646,00 ₸"
9,17.12.24,-5000.0,Перевод,Виктор Д.,False,"- 5 000,00 ₸"
9,15.12.24,-2553.0,Покупка,Замир,False,"- 2 553,00 ₸"
9,15.12.24,25000.0,Пополнение,Айгулем Ж.,False,"+ 25 000,00 ₸"
9,13.12.24,-1000.0,Перевод,Камила С.,False,"- 1 000,00 ₸"
9,13.12.24,-500.0,Покупка,Платные дороги. QazAvtoJol,False,"- 500,00 ₸"
9,12.12.24,-2000.0,Перевод,Камила С.,False,"- 2 000,00 ₸"
9,12.12.24,9600.0,Пополнение,Гульзира С.,False,"+ 9 600,00 ₸"
9,11.12.24,-320.0,Покупка,Черешко Продукты Лунный,False,"- 320,00 ₸"
9,11.12.24,-8400.0,Перевод,Георгий К.,False,"- 8 400,00 ₸"
9,11.12.24,10000.0,Пополнение,Кенжебек С.,False,"+ 10 000,00 ₸"
9,11.12.24,-9225.0,Перевод,Оплата Kaspi Кредита,False,"- 9 225,00 ₸"
10,11.12.24,-4600.0,Покупка,ЦЕНТРГАЗ 6 мкр 109В,False,"- 4 600,00 ₸"
10,09.12.24,8500.0,Пополнение,Манарбек С.,False,"+ 8 500,00 ₸"
10,09.12.24,15000.0,Пополнение,Konurkaz K.,False,"+ 15 000,00 ₸"
10,09.12.24,-8500.0,Покупка,Автоплюс,False,"- 8 500,00 ₸"
10,07.12.24,-4000.0,Перевод,Камила С.,False,"- 4 000,00 ₸"
10,07.12.24,400.0,Пополнение,Konurkaz K.,False,"+ 400,00 ₸"
10,05.12.24,5640.0,Пополнение,Бейбит С.,False,"+ 5 640,00 ₸"
10,05.12.24,100.0,Пополнение,Асия С.,False,"+ 100,00 ₸"
10,03.12.24,4100.0,Пополнение,Анарбек С.,False,"+ 4 100,00 ₸"
10,03.12.24,-500.0,Перевод,Камила С.,False,"- 500,00 ₸"
10,02.12.24,-4000.0,Покупка,Beeline,False,"- 4 000,00 ₸"
10,22.11.24,-2500.0,Перевод,Санжар Қ.,False,"- 2 500,00 ₸"
10,20.11.24,-3513.0,Покупка,Каскад-2,False,"- 3 513,00 ₸"
10,18.11.24,-400.0,Покупка,АЗС C-034 «QAZAQ OIL»,False,"- 400,00 ₸"
10,18.11.24,-2000.0,Покупка,Строителный рынок,False,"- 2 000,00 ₸"
10,18.11.24,-3200.0,Покупка,Плов центр,False,"- 3 200,00 ₸"
10,17.11.24,-2975.0,Покупка,Cоциальные отчисления,False,"- 2 975,00 ₸"
10,17.11.24,-5950.0,Покупка,Взносы на обязательное соц.мед.страхование для ИП,False,"- 5 950,00 ₸"
10,17.11.24,-8500.0,Покупка,Обязательные Пенсионные Взносы Работодателя,False,"- 8 500,00 ₸"
10,16.11.24,-20000.0,Перевод,Берик С.,False,"- 20 000,00 ₸"
10,16.11.24,60000.0,Пополнение,Амир А.,False,"+ 60 000,00 ₸"
10,12.11.24,-2000.0,Перевод,Азамат Е.,False,"- 2 000,00 ₸"
10,11.11.24,-18100.0,Перевод,Асия С.,False,"- 18 100,00 ₸"
10,11.11.24,-355.0,Покупка,AGZS C-11,False,"- 355,00 ₸"
10,09.11.24,-17.21,Покупка,Долги по налогам,False,"- 17,21 ₸"
10,09.11.24,-9231.0,Перевод,Оплата Kaspi Кредита,False,"- 9 231,00 ₸"
10,08.11.24,-200.0,Покупка,Автозапчасти,False,"- 200,00 ₸"
10,08.11.24,-500.0,Перевод,Елена Ш.,False,"- 500,00 ₸"
10,08.11.24,15000.0,Пополнение,Кенжебек С.,False,"+ 15 000,00 ₸"
10,08.11.24,-1000.0,Покупка,Аппарат самообслуживания,False,"- 1 000,00 ₸"
10,08.11.24,-700.0,Покупка,Аппарат самообслуживания,False,"- 700,00 ₸"
10,08.11.24,-1000.0,Покупка,Аппарат самообслуживания,False,"- 1 000,00 ₸"
10,07.11.24,-1800.0,Перевод,Асия С.,False,"- 1 800,00 ₸"
10,30.10.24,-8900.0,Покупка,"ТОО ""SARY-ARKA PRESS""",False,"- 8 900,00 ₸"
10,30.10.24,-5100.0,Перевод,Евгений К.,False,"- 5 100,00 ₸"
10,29.10.24,-36347.0,Покупка,HOME LINE ASTANA,False,"- 36 347,00 ₸"
10,29.10.24,30000.0,Пополнение,Акылбек М.,False,"+ 30 000,00 ₸"
10,28.10.24,-2240.0,Покупка,Бейсекбаева,False,"- 2 240,00 ₸"
10,27.10.24,-2520.0,Покупка,АЗС  8,False,"- 2 520,00 ₸"
10,27.10.24,-300.0,Покупка,Beeline,False,"- 300,00 ₸"
10,27.10.24,-4000.0,Покупка,Beeline,False,"- 4 000,00 ₸"
10,26.10.24,-4365.0,Покупка,Валентин 627,False,"- 4 365,00 ₸"
10,26.10.24,-1000.0,Перевод,Камила С.,False,"- 1 000,00 ₸"
10,26.10.24,-200.0,Перевод,Санжар Қ.,False,"- 200,00 ₸"
10,25.10.24,-30000.0,Перевод,Акылбек М.,False,"- 30 000,00 ₸"
10,25.10.24,-50000.0,Перевод,Мадина С.,False,"- 50 000,00 ₸"
10,25.10.24,-20000.0,Перевод,Konurkaz K.,False,"- 20 000,00 ₸"
11,25.10.24,140000.0,Пополнение,Багдат А.,False,"+ 140 000,00 ₸"
11,24.10.24,-5950.0,Покупка,Взносы на обязательное соц.мед.страхование для ИП,False,"- 5 950,00 ₸"
11,24.10.24,-1275.0,Покупка,Обязательные Пенсионные Взносы Работодателя,False,"- 1 275,00 ₸"
11,24.10.24,-8500.0,Покупка,Обязательные пенсионные взносы,False,"- 8 500,00 ₸"
11,24.10.24,-2975.0,Покупка,Cоциальные отчисления,False,"- 2 975,00 ₸"
11,24.10.24,-1275.0,Покупка,Обязательные Пенсионные Взносы Работодателя,False,"- 1 275,00 ₸"
11,24.10.24,-1500.0,Покупка,Обязательные пенсионные взносы,False,"- 1 500,00 ₸"
11,24.10.24,-525.0,Покупка,Cоциальные отчисления,False,"- 525,00 ₸"
11,24.10.24,-1275.0,Покупка,Обязательные Пенсионные Взносы Работодателя,False,"- 1 275,00 ₸"
11,24.10.24,-1500.0,Покупка,Обязательные пенсионные взносы,False,"- 1 500,00 ₸"
11,24.10.24,-525.0,Покупка,Cоциальные отчисления,False,"- 525,00 ₸"
11,24.10.24,-1275.0,Покупка,Обязательные Пенсионные Взносы Работодателя,False,"- 1 275,00 ₸"
11,24.10.24,-1500.0,Покупка,Обязательные пенсионные взносы,False,"- 1 500,00 ₸"
11,24.10.24,-525.0,Покупка,Cоциальные отчисления,False,"- 525,00 ₸"
11,24.10.24,-1275.0,Покупка,Обязательные Пенсионные Взносы Работодателя,False,"- 1 275,00 ₸"
11,24.10.24,-1500.0,Покупка,Обязательные пенсионные взносы,False,"- 1 500,00 ₸"
11,24.10.24,-525.0,Покупка,Cоциальные отчисления,False,"- 525,00 ₸"
11,24.10.24,-1275.0,Покупка,Обязательные Пенсионные Взносы Работодателя,False,"- 1 275,00 ₸"
11,24.10.24,-1500.0,Покупка,Обязательные пенсионные взносы,False,"- 1 500,00 ₸"
11,24.10.24,-525.0,Покупка,Cоциальные отчисления,False,"- 525,00 ₸"
11,24.10.24,-1275.0,Покупка,Обязательные Пенсионные Взносы Работодателя,False,"- 1 275,00 ₸"
11,24.10.24,-1500.0,Покупка,Обязательные пенсионные взносы,False,"- 1 500,00 ₸"
11,24.10.24,-525.0,Покупка,Cоциальные отчисления,False,"- 525,00 ₸"
11,22.10.24,-166997.0,Покупка,Мастер Град ТОО,False,"- 166 997,00 ₸"
11,21.10.24,-5000.0,Покупка,"АЗС ""Аурика""",False,"- 5 000,00 ₸"
11,21.10.24,-1000.0,Перевод,Камила С.,False,"- 1 000,00 ₸"
11,21.10.24,-1000.0,Перевод,Камила С.,False,"- 1 000,00 ₸"
11,21.10.24,-5000.0,Перевод,Евгений К.,False,"- 5 000,00 ₸"
11,21.10.24,130000.0,Пополнение,В терминале,False,"+ 130 000,00 ₸"
11,20.10.24,70000.0,Пополнение,Светлана А.,False,"+ 70 000,00 ₸"
11,19.10.24,17200.0,Пополнение,Акылбек С.,False,"+ 17 200,00 ₸"
11,19.10.24,3600.0,Пополнение,Асия С.,False,"+ 3 600,00 ₸"
11,18.10.24,-11000.0,Покупка,"ТОО ""GPSONE""",False,"- 11 000,00 ₸"
11,18.10.24,-4308.0,Покупка,HOME LINE ASTANA,False,"- 4 308,00 ₸"
11,18.10.24,-10500.0,Перевод,Серик С.,False,"- 10 500,00 ₸"
11,18.10.24,-41950.0,Покупка,HOME LINE ASTANA,False,"- 41 950,00 ₸"
11,18.10.24,-3700.0,Покупка,Агайындар,False,"- 3 700,00 ₸"
11,18.10.24,-5077.0,Покупка,АЗС  8,False,"- 5 077,00 ₸"
11,18.10.24,-2000.0,Покупка,АЗС Алтын Мунай-2000,False,"- 2 000,00 ₸"
11,18.10.24,-500.0,Перевод,Санжар Қ.,False,"- 500,00 ₸"
11,17.10.24,-2000.0,Перевод,Санжар Қ.,False,"- 2 000,00 ₸"
11,17.10.24,-3000.0,Перевод,Konurkaz K.,False,"- 3 000,00 ₸"
11,17.10.24,-13000.0,Перевод,Konurkaz K.,False,"- 13 000,00 ₸"
11,16.10.24,-12000.0,Перевод,Анарбек С.,False,"- 12 000,00 ₸"
11,16.10.24,12000.0,Пополнение,Анарбек С.,False,"+ 12 000,00 ₸"
11,15.10.24,-2000.0,Перевод,Ербол Д.,False,"- 2 000,00 ₸"
11,15.10.24,10000.0,Пополнение,Олеся Я.,False,"+ 10 000,00 ₸"
12,15.10.24,-500.0,Перевод,Берик С.,False,"- 500,00 ₸"
12,15.10.24,-313265.0,Покупка,Мастер Град ТОО,False,"- 313 265,00 ₸"
12,15.10.24,380000.0,Пополнение,Берик Б.,False,"+ 380 000,00 ₸"
12,13.10.24,-2700.0,Покупка,Avtokey,False,"- 2 700,00 ₸"
12,11.10.24,-18100.0,Перевод,Асия С.,False,"- 18 100,00 ₸"
12,09.10.24,-3762.0,Покупка,AZS Z-28,False,"- 3 762,00 ₸"
12,09.10.24,-2000.0,Покупка,Платные дороги. QazAvtoJol,False,"- 2 000,00 ₸"
12,09.10.24,-21708.0,Перевод,Оплата Kaspi Кредита,False,"- 21 708,00 ₸"
12,08.10.24,-180.0,Покупка,магазин РАХАТ,False,"- 180,00 ₸"
12,08.10.24,50000.0,Пополнение,Токтар Е.,False,"+ 50 000,00 ₸"
12,07.10.24,-5000.0,Перевод,Ерлан А.,False,"- 5 000,00 ₸"
12,07.10.24,-300.0,Покупка,магазин Таймас,False,"- 300,00 ₸"
12,07.10.24,-2700.0,Покупка,Бейсекбаева,False,"- 2 700,00 ₸"
12,07.10.24,30000.0,Пополнение,Анатолий Д.,False,"+ 30 000,00 ₸"
12,07.10.24,5000.0,Пополнение,Акылбек М.,False,"+ 5 000,00 ₸"
12,05.10.24,5000.0,Пополнение,Алмаз К.,False,"+ 5 000,00 ₸"
12,03.10.24,-19169.0,Покупка,Мастер Град ТОО,False,"- 19 169,00 ₸"
12,03.10.24,4000.0,Пополнение,Мадина С.,False,"+ 4 000,00 ₸"
12,03.10.24,-1000.0,Перевод,Камила С.,False,"- 1 000,00 ₸"
12,02.10.24,-4700.0,Перевод,Эрнис А.,False,"- 4 700,00 ₸"
12,02.10.24,500.0,Пополнение,Айгулем Ж.,False,"+ 500,00 ₸"
12,02.10.24,19000.0,Пополнение,Асия С.,False,"+ 19 000,00 ₸"
12,02.10.24,-7000.0,Покупка,Обязательные пенсионные взносы,False,"- 7 000,00 ₸"
12,02.10.24,-2450.0,Покупка,Cоциальные отчисления,False,"- 2 450,00 ₸"
12,02.10.24,-5950.0,Покупка,Взносы на обязательное соц.мед.страхование для ИП,False,"- 5 950,00 ₸"
12,01.10.24,-300.0,Перевод,Санжар Қ.,False,"- 300,00 ₸"
12,01.10.24,-5000.0,Перевод,Акылбек М.,False,"- 5 000,00 ₸"
12,01.10.24,-10000.0,Перевод,Манарбек С.,False,"- 10 000,00 ₸"
12,01.10.24,-5000.0,Перевод,Асия С.,False,"- 5 000,00 ₸"
12,30.09.24,5000.0,Пополнение,Акылбек М.,False,"+ 5 000,00 ₸"
12,30.09.24,-5000.0,Перевод,Акылбек М.,False,"- 5 000,00 ₸"
12,29.09.24,-5000.0,Перевод,Евгений К.,False,"- 5 000,00 ₸"
12,29.09.24,-600.0,Перевод,Меиржан А.,False,"- 600,00 ₸"
12,28.09.24,-3000.0,Перевод,Людмила К.,False,"- 3 000,00 ₸"
12,28.09.24,-123831.0,Покупка,Мастер Град ТОО,False,"- 123 831,00 ₸"
12,28.09.24,120000.0,Пополнение,В терминале,False,"+ 120 000,00 ₸"
12,27.09.24,-250.0,Покупка,7-51,False,"- 250,00 ₸"
12,27.09.24,-500.0,Перевод,Камила С.,False,"- 500,00 ₸"
12,26.09.24,-25000.0,Перевод,Лилия В.,False,"- 25 000,00 ₸"
12,26.09.24,7500.0,Пополнение,Абзал Д.,False,"+ 7 500,00 ₸"
12,26.09.24,-4525.0,Покупка,Бейсекбаева,False,"- 4 525,00 ₸"
12,25.09.24,-7200.0,Перевод,Константин К.,False,"- 7 200,00 ₸"
12,24.09.24,-1650.0,Перевод,Асия С.,False,"- 1 650,00 ₸"
12,24.09.24,-4000.0,Покупка,Beeline,False,"- 4 000,00 ₸"
12,24.09.24,-80495.0,Покупка,Мастер Град ТОО,False,"- 80 495,00 ₸"
12,23.09.24,80000.0,Пополнение,Сымбат М.,False,"+ 80 000,00 ₸"
12,23.09.24,-4679.0,Покупка,6 мкр ГНП Газ,False,"- 4 679,00 ₸"
13,23.09.24,-500.0,Перевод,Владимир Л.,False,"- 500,00 ₸"
13,23.09.24,-200000.0,Перевод,Мадина С.,False,"- 200 000,00 ₸"
13,22.09.24,-20000.0,Перевод,Мадина С.,False,"- 20 000,00 ₸"
13,22.09.24,10800.0,Пополнение,Асия С.,False,"+ 10 800,00 ₸"
13,22.09.24,-32400.0,Покупка,Мотор,False,"- 32 400,00 ₸"
13,21.09.24,115000.0,Пополнение,Konurkaz K.,False,"+ 115 000,00 ₸"
13,21.09.24,100000.0,Пополнение,Сергей З.,False,"+ 100 000,00 ₸"
13,21.09.24,25000.0,Пополнение,Марина В.,False,"+ 25 000,00 ₸"
13,21.09.24,-1100.0,Перевод,Асия С.,False,"- 1 100,00 ₸"
13,21.09.24,-2000.0,Перевод,Евгений К.,False,"- 2 000,00 ₸"
13,20.09.24,-3339.0,Покупка,АЗС  8,False,"- 3 339,00 ₸"
13,20.09.24,-2615.0,Покупка,Бейсекбаева,False,"- 2 615,00 ₸"
13,20.09.24,-10500.0,Перевод,Серик С.,False,"- 10 500,00 ₸"
13,19.09.24,-40000.0,Перевод,Мадина С.,False,"- 40 000,00 ₸"
13,19.09.24,-3881.0,Покупка,6 мкр ГНП Газ,False,"- 3 881,00 ₸"
13,19.09.24,76000.0,Пополнение,Суюндык Ж.,False,"+ 76 000,00 ₸"
13,18.09.24,50000.0,Пополнение,Сымбат М.,False,"+ 50 000,00 ₸"
13,18.09.24,-5400.0,Перевод,Асия С.,False,"- 5 400,00 ₸"
13,18.09.24,2840.0,Пополнение,Акылбек С.,False,"+ 2 840,00 ₸"
13,17.09.24,5000.0,Пополнение,Шамсали Б.,False,"+ 5 000,00 ₸"
13,17.09.24,-6800.0,Перевод,Берик С.,False,"- 6 800,00 ₸"
13,16.09.24,-7000.0,Перевод,Виктор Д.,False,"- 7 000,00 ₸"
13,14.09.24,-500.0,Перевод,Санжар Қ.,False,"- 500,00 ₸"
13,13.09.24,-10000.0,Перевод,Евгений К.,False,"- 10 000,00 ₸"
13,13.09.24,-2340.0,Покупка,аптека 5 19,False,"- 2 340,00 ₸"
13,11.09.24,-150000.0,Перевод,Мадина С.,False,"- 150 000,00 ₸"
13,11.09.24,-25000.0,Перевод,Konurkaz K.,False,"- 25 000,00 ₸"
13,11.09.24,-3975.0,Покупка,Магазин Алем,False,"- 3 975,00 ₸"
13,11.09.24,-400.0,Покупка,Магазин Дачный(хоз.отдел),False,"- 400,00 ₸"
13,11.09.24,200000.0,Пополнение,Томирис К.,False,"+ 200 000,00 ₸"
13,11.09.24,-313613.0,Покупка,Мастер Град ТОО,False,"- 313 613,00 ₸"
13,10.09.24,-18100.0,Перевод,Асия С.,False,"- 18 100,00 ₸"
13,10.09.24,-15000.0,Перевод,Konurkaz K.,False,"- 15 000,00 ₸"
13,10.09.24,300000.0,Пополнение,Канат К.,False,"+ 300 000,00 ₸"
13,10.09.24,-21724.0,Перевод,Оплата Kaspi Кредита,False,"- 21 724,00 ₸"
13,09.09.24,15000.0,Пополнение,Гульжауар Т.,False,"+ 15 000,00 ₸"
13,09.09.24,-4235.0,Покупка,АГЗС 26 Шортанды,False,"- 4 235,00 ₸"
13,09.09.24,-2000.0,Перевод,Камила С.,False,"- 2 000,00 ₸"
13,09.09.24,-2570.0,Покупка,Бейсекбаева,False,"- 2 570,00 ₸"
13,09.09.24,-7189.0,Покупка,ПК Мастер Град,False,"- 7 189,00 ₸"
13,09.09.24,-3315.0,Покупка,Каскад 2 (АГЗС),False,"- 3 315,00 ₸"
13,08.09.24,-300.0,Перевод,Санжар Қ.,False,"- 300,00 ₸"
13,08.09.24,-1000.0,Покупка,Аппарат самообслуживания,False,"- 1 000,00 ₸"
13,06.09.24,-7000.0,Перевод,Konurkaz K.,False,"- 7 000,00 ₸"
13,06.09.24,-3000.0,Перевод,Руслан Ж.,False,"- 3 000,00 ₸"
13,05.09.24,-6800.0,Перевод,Евгений К.,False,"- 6 800,00 ₸"
13,04.09.24,100000.0,Пополнение,Назгуль Ж.,False,"+ 100 000,00 ₸"
14,04.09.24,15000.0,Пополнение,Konurkaz K.,False,"+ 15 000,00 ₸"
14,31.08.24,-1000.0,Перевод,Евгений К.,False,"- 1 000,00 ₸"
14,31.08.24,-390.0,Перевод,Диана А.,False,"- 390,00 ₸"
14,31.08.24,-347.0,Покупка,ПЛАСТКОНСТРУКТО,False,"- 347,00 ₸"
14,31.08.24,-2000.0,Покупка,Платные дороги. QazAvtoJol,False,"- 2 000,00 ₸"
14,30.08.24,-2511.0,Покупка,Каратал (ГАЗ),False,"- 2 511,00 ₸"
14,28.08.24,10000.0,Пополнение,Алия С.,False,"+ 10 000,00 ₸"
14,27.08.24,-5950.0,Покупка,Взносы на обязательное соц.мед.страхование для ИП,False,"- 5 950,00 ₸"
14,27.08.24,-7000.0,Покупка,Обязательные пенсионные взносы,False,"- 7 000,00 ₸"
14,27.08.24,-2450.0,Покупка,Cоциальные отчисления,False,"- 2 450,00 ₸"
14,26.08.24,-248.0,Покупка,ПК Мастер Град,False,"- 248,00 ₸"
14,24.08.24,-3000.0,Перевод,Камила С.,False,"- 3 000,00 ₸"
14,21.08.24,20000.0,Пополнение,Кенжебек С.,False,"+ 20 000,00 ₸"
