﻿page,date,amount,operation,details,clock_icon,amount_text
0,26.09.25,-1000.0,Покупка,Чайка,True,"- 1 000,00 ₸"
0,26.09.25,-300.0,Перевод,Анна З.,False,"- 300,00 ₸"
0,25.09.25,-30000.0,Перевод,Алтынай Т.,False,"- 30 000,00 ₸"
0,25.09.25,-1270.0,Покупка,Гаражанка,False,"- 1 270,00 ₸"
0,25.09.25,-5000.0,Перевод,Əйгерім Р.,False,"- 5 000,00 ₸"
0,25.09.25,17000.0,Пополнение,Мейрамгуль М.,False,"+ 17 000,00 ₸"
0,25.09.25,-3000.0,Перевод,Рауан Т.,False,"- 3 000,00 ₸"
0,25.09.25,-685.0,Покупка,CHAIKA,False,"- 685,00 ₸"
0,25.09.25,-300.0,Перевод,Анна З.,False,"- 300,00 ₸"
0,25.09.25,-500.0,Покупка,ИП Вайнилович,False,"- 500,00 ₸"
0,25.09.25,-20.0,Покупка,Zerde #401,False,"- 20,00 ₸"
0,25.09.25,-4310.0,Покупка,ӨСКЕМЕНСПЕЦКОММУНТРАНС. Физические лица,False,"- 4 310,00 ₸"
0,25.09.25,-500.0,Перевод,Еңлік С.,False,"- 500,00 ₸"
0,25.09.25,-3000.0,Перевод,Рауан Т.,False,"- 3 000,00 ₸"
0,25.09.25,-15000.0,Перевод,Əйгерім Т.,False,"- 15 000,00 ₸"
0,25.09.25,-4000.0,Перевод,Эльдар З.,False,"- 4 000,00 ₸"
0,25.09.25,2000.0,Пополнение,Алмат М.,False,"+ 2 000,00 ₸"
0,24.09.25,-5000.0,Перевод,Əйгерім Р.,False,"- 5 000,00 ₸"
0,24.09.25,15000.0,Пополнение,Жадыра А.,False,"+ 15 000,00 ₸"
0,24.09.25,-5000.0,Перевод,Диара Б.,False,"- 5 000,00 ₸"
0,24.09.25,-2490.0,Покупка,APPLE.COM/BILL,False,"- 2 490,00 ₸"
1,24.09.25,-1500.0,Перевод,Зейін С.,False,"- 1 500,00 ₸"
1,24.09.25,-5000.0,Перевод,Дана Т.,False,"- 5 000,00 ₸"
1,23.09.25,2000.0,Пополнение,Александра Е.,False,"+ 2 000,00 ₸"
1,23.09.25,2000.0,Пополнение,Камила З.,False,"+ 2 000,00 ₸"
1,23.09.25,-750.0,Перевод,Айдана А.,False,"- 750,00 ₸"
1,23.09.25,-1520.0,Перевод,Алмагуль А.,False,"- 1 520,00 ₸"
1,23.09.25,-390.0,Покупка,BAGRATION CHAIKA SHOP,False,"- 390,00 ₸"
1,23.09.25,-670.0,Перевод,Данияр К.,False,"- 670,00 ₸"
1,23.09.25,30000.0,Пополнение,Еламан А.,False,"+ 30 000,00 ₸"
1,23.09.25,2000.0,Пополнение,Мадина М.,False,"+ 2 000,00 ₸"
1,23.09.25,-6500.0,Перевод,Еңлік С.,False,"- 6 500,00 ₸"
1,23.09.25,5000.0,Пополнение,Алида А.,False,"+ 5 000,00 ₸"
1,23.09.25,16000.0,Пополнение,Рулан С.,False,"+ 16 000,00 ₸"
1,23.09.25,2000.0,Пополнение,Галия М.,False,"+ 2 000,00 ₸"
1,23.09.25,-500.0,Перевод,Зейін С.,False,"- 500,00 ₸"
1,23.09.25,-5898.0,Покупка,Нотариус Жанузакова ЖС,False,"- 5 898,00 ₸"
1,23.09.25,10000.0,Пополнение,Со своего Счета в Kaspi Pay,False,"+ 10 000,00 ₸"
1,23.09.25,-4840.17,Покупка,ОЭСК,False,"- 4 840,17 ₸"
1,22.09.25,-7000.0,Покупка,Сеть АЗС LNP,False,"- 7 000,00 ₸"
1,22.09.25,12000.0,Пополнение,Ермек А.,False,"+ 12 000,00 ₸"
1,22.09.25,-300.0,Перевод,Еңлік С.,False,"- 300,00 ₸"
1,22.09.25,-3200.0,Перевод,Еңлік С.,False,"- 3 200,00 ₸"
1,22.09.25,-5000.0,Перевод,Еңлік С.,False,"- 5 000,00 ₸"
1,22.09.25,-500.0,Перевод,Зейін С.,False,"- 500,00 ₸"
1,21.09.25,-1500.0,Перевод,Еңлік С.,False,"- 1 500,00 ₸"
1,21.09.25,-1300.0,Перевод,Алима М.,False,"- 1 300,00 ₸"
1,21.09.25,-4459.0,Перевод,Алмагуль А.,False,"- 4 459,00 ₸"
1,21.09.25,-700.0,Покупка,almaPLUS,False,"- 700,00 ₸"
1,21.09.25,-9830.0,Покупка,Штрафы по ИИН,False,"- 9 830,00 ₸"
1,21.09.25,-900.0,Перевод,Зейін С.,False,"- 900,00 ₸"
1,21.09.25,-315.0,Покупка,м чайка,False,"- 315,00 ₸"
1,21.09.25,-1060.0,Покупка,м чайка,False,"- 1 060,00 ₸"
1,21.09.25,-790.0,Покупка,ИП Вайнилович,False,"- 790,00 ₸"
1,21.09.25,-1250.0,Покупка,CHAIKA,False,"- 1 250,00 ₸"
1,21.09.25,-230.0,Перевод,Анна З.,False,"- 230,00 ₸"
1,21.09.25,-2000.0,Перевод,Еңлік С.,False,"- 2 000,00 ₸"
1,21.09.25,-5000.0,Перевод,Əйгерім Р.,False,"- 5 000,00 ₸"
1,20.09.25,28500.0,Пополнение,Жибек Б.,False,"+ 28 500,00 ₸"
1,20.09.25,-1400.0,Покупка,Сеть АЗС LNP,False,"- 1 400,00 ₸"
1,20.09.25,10000.0,Пополнение,Ақерке Ж.,False,"+ 10 000,00 ₸"
1,20.09.25,-1750.0,Покупка,"ИП "" ZHANNA """,False,"- 1 750,00 ₸"
1,20.09.25,-300.0,Перевод,Сезім С.,False,"- 300,00 ₸"
1,20.09.25,-2000.0,Перевод,Бибол М.,False,"- 2 000,00 ₸"
1,20.09.25,-2000.0,Перевод,Еңлік С.,False,"- 2 000,00 ₸"
1,20.09.25,8000.0,Пополнение,Екатерина П.,False,"+ 8 000,00 ₸"
1,19.09.25,-690.0,Покупка,Аппарат самообслуживания,False,"- 690,00 ₸"
1,19.09.25,-3000.0,Перевод,Əйгерім Р.,False,"- 3 000,00 ₸"
2,19.09.25,4000.0,Пополнение,Со своего Счета в Kaspi Pay,False,"+ 4 000,00 ₸"
2,19.09.25,-4700.0,Перевод,Рауан Т.,False,"- 4 700,00 ₸"
2,19.09.25,-1400.0,Покупка,Транстелеком ОФД,False,"- 1 400,00 ₸"
2,19.09.25,-1000.0,Перевод,Зейін С.,False,"- 1 000,00 ₸"
2,19.09.25,-5000.0,Перевод,Ляззат К.,False,"- 5 000,00 ₸"
2,19.09.25,-5000.0,Перевод,Рауан Т.,False,"- 5 000,00 ₸"
2,18.09.25,5500.0,Пополнение,Жанна Д.,False,"+ 5 500,00 ₸"
2,18.09.25,3500.0,Пополнение,Жанна Д.,False,"+ 3 500,00 ₸"
2,18.09.25,700.0,Пополнение,Бакытгуль С.,False,"+ 700,00 ₸"
2,18.09.25,700.0,Пополнение,Жанар Ж.,False,"+ 700,00 ₸"
2,18.09.25,-10000.0,Перевод,Жанна Д.,False,"- 10 000,00 ₸"
2,18.09.25,-1200.0,Перевод,Зейін С.,False,"- 1 200,00 ₸"
2,18.09.25,8000.0,Пополнение,Салия К.,False,"+ 8 000,00 ₸"
2,18.09.25,-2290.0,Покупка,Шығыс Жылу г. Усть-Каменогорск для для физических,False,"- 2 290,00 ₸"
2,18.09.25,12000.0,Пополнение,Максим М.,False,"+ 12 000,00 ₸"
2,18.09.25,-680.0,Покупка,ИП Вайнилович,False,"- 680,00 ₸"
2,18.09.25,-7520.0,Покупка,Чайка,False,"- 7 520,00 ₸"
2,18.09.25,-25000.0,Покупка,Makflo,False,"- 25 000,00 ₸"
2,18.09.25,2000.0,Пополнение,Асель А.,False,"+ 2 000,00 ₸"
2,18.09.25,20000.0,Пополнение,С Kaspi Депозита,False,"+ 20 000,00 ₸"
2,18.09.25,-670.0,Покупка,АЗС-111,False,"- 670,00 ₸"
2,18.09.25,-8000.0,Покупка,АЗС-111,False,"- 8 000,00 ₸"
2,18.09.25,-300.0,Покупка,Аппарат самообслуживания,False,"- 300,00 ₸"
2,18.09.25,-1500.0,Перевод,Мадияр Е.,False,"- 1 500,00 ₸"
2,18.09.25,-300.0,Покупка,Аппарат самообслуживания,False,"- 300,00 ₸"
2,18.09.25,-200.0,Покупка,Аппарат самообслуживания,False,"- 200,00 ₸"
2,18.09.25,-100.0,Покупка,Аппарат самообслуживания,False,"- 100,00 ₸"
2,18.09.25,-300.0,Покупка,Аппарат самообслуживания,False,"- 300,00 ₸"
2,18.09.25,-1700.0,Покупка,Чайка,False,"- 1 700,00 ₸"
2,18.09.25,12000.0,Пополнение,Бағжан М.,False,"+ 12 000,00 ₸"
2,18.09.25,2000.0,Пополнение,Жанар Ж.,False,"+ 2 000,00 ₸"
2,18.09.25,-450.0,Покупка,Самса,False,"- 450,00 ₸"
2,18.09.25,-1500.0,Покупка,Ип Сулейменов СК,False,"- 1 500,00 ₸"
2,17.09.25,-60000.0,Снятие,Банкомат Chayka,False,"- 60 000,00 ₸"
2,17.09.25,20000.0,Пополнение,С Kaspi Депозита,False,"+ 20 000,00 ₸"
2,17.09.25,-600.0,Покупка,Чайка,False,"- 600,00 ₸"
2,17.09.25,2000.0,Пополнение,Жайнагуль Р.,False,"+ 2 000,00 ₸"
2,17.09.25,2000.0,Пополнение,Бакытгуль С.,False,"+ 2 000,00 ₸"
2,17.09.25,-150.0,Покупка,Фурнитура 8/1,False,"- 150,00 ₸"
2,17.09.25,-10000.0,Покупка,Назарбаева,False,"- 10 000,00 ₸"
2,17.09.25,50000.0,Пополнение,Алма Т.,False,"+ 50 000,00 ₸"
2,17.09.25,-540.0,Покупка,Чайка,False,"- 540,00 ₸"
2,17.09.25,-2760.0,Покупка,Трактир,False,"- 2 760,00 ₸"
2,17.09.25,10000.0,Пополнение,С Kaspi Депозита,False,"+ 10 000,00 ₸"
2,17.09.25,-4200.0,Покупка,MAIKA тахами,False,"- 4 200,00 ₸"
2,17.09.25,-1000.0,Перевод,Зейін С.,False,"- 1 000,00 ₸"
3,17.09.25,-1000.0,Перевод,Еркежан Д.,False,"- 1 000,00 ₸"
3,17.09.25,-2705.0,Покупка,Коркем,False,"- 2 705,00 ₸"
3,17.09.25,5000.0,Пополнение,Жибек Б.,False,"+ 5 000,00 ₸"
3,17.09.25,-210.0,Перевод,Анна З.,False,"- 210,00 ₸"
3,16.09.25,-1500.0,Перевод,Шырақ Ə.,False,"- 1 500,00 ₸"
3,16.09.25,-250.0,Покупка,Крыша,False,"- 250,00 ₸"
3,16.09.25,-2000.0,Перевод,Еңлік С.,False,"- 2 000,00 ₸"
3,16.09.25,-3000.0,Перевод,Еңлік С.,False,"- 3 000,00 ₸"
3,15.09.25,7000.0,Пополнение,Жадыра Н.,False,"+ 7 000,00 ₸"
3,15.09.25,437.0,Пополнение,Еңлік С.,False,"+ 437,00 ₸"
3,15.09.25,-565.0,Покупка,ИП Вайнилович,False,"- 565,00 ₸"
3,15.09.25,-480.0,Покупка,ИП Вайнилович,False,"- 480,00 ₸"
3,15.09.25,-780.0,Перевод,Алмагуль А.,False,"- 780,00 ₸"
3,15.09.25,-2000.0,Перевод,Зейін С.,False,"- 2 000,00 ₸"
3,15.09.25,-230.0,Перевод,Анна З.,False,"- 230,00 ₸"
3,15.09.25,10000.0,Пополнение,С Kaspi Депозита,False,"+ 10 000,00 ₸"
3,15.09.25,-297.0,Перевод,Еңлік С.,False,"- 297,00 ₸"
3,14.09.25,-145000.0,Снятие,Банкомат Anton,False,"- 145 000,00 ₸"
3,14.09.25,120000.0,Пополнение,С Kaspi Депозита,False,"+ 120 000,00 ₸"
3,14.09.25,-40000.0,Перевод,На Kaspi Депозит,False,"- 40 000,00 ₸"
3,14.09.25,-260.0,Перевод,Анна З.,False,"- 260,00 ₸"
3,14.09.25,-3465.0,Перевод,Алмагуль А.,False,"- 3 465,00 ₸"
3,14.09.25,-2000.0,Покупка,IP TALAPHAN,False,"- 2 000,00 ₸"
3,14.09.25,45000.0,Пополнение,Дарья А.,False,"+ 45 000,00 ₸"
3,14.09.25,-5000.0,Покупка,ТОО ECLAT,False,"- 5 000,00 ₸"
3,14.09.25,-1350.0,Покупка,Самса,False,"- 1 350,00 ₸"
3,14.09.25,-3400.0,Покупка,Фурнитура 8/1,False,"- 3 400,00 ₸"
3,14.09.25,-2000.0,Перевод,Гулим К.,False,"- 2 000,00 ₸"
3,14.09.25,-6000.0,Покупка,Сеть АЗС ЛНП,False,"- 6 000,00 ₸"
3,14.09.25,-1270.0,Покупка,Чайка,False,"- 1 270,00 ₸"
3,14.09.25,-3000.0,Перевод,Зейін С.,False,"- 3 000,00 ₸"
3,13.09.25,-5000.0,Перевод,Əйгерім Р.,False,"- 5 000,00 ₸"
3,13.09.25,17000.0,Пополнение,Олег К.,False,"+ 17 000,00 ₸"
3,13.09.25,10000.0,Пополнение,Малика И.,False,"+ 10 000,00 ₸"
3,13.09.25,-5000.0,Перевод,Əйгерім Р.,False,"- 5 000,00 ₸"
3,13.09.25,15000.0,Пополнение,Екатерина П.,False,"+ 15 000,00 ₸"
3,13.09.25,8000.0,Пополнение,Анна П.,False,"+ 8 000,00 ₸"
3,13.09.25,-3000.0,Перевод,Еңлік С.,False,"- 3 000,00 ₸"
3,13.09.25,2000.0,Пополнение,Аружан А.,False,"+ 2 000,00 ₸"
3,13.09.25,-1260.0,Покупка,Чайка ФРУКТОВЫЙ КИОСК,False,"- 1 260,00 ₸"
3,13.09.25,-1440.0,Покупка,Павильон Чайка,False,"- 1 440,00 ₸"
3,13.09.25,-270.0,Перевод,Анна З.,False,"- 270,00 ₸"
3,13.09.25,8000.0,Пополнение,Гульдана М.,False,"+ 8 000,00 ₸"
3,13.09.25,-5000.0,Покупка,АЗС «Avenue,False,"- 5 000,00 ₸"
3,12.09.25,-525.0,Покупка,ТД Тулпар,False,"- 525,00 ₸"
3,12.09.25,-4200.0,Перевод,Медет Н.,False,"- 4 200,00 ₸"
3,12.09.25,10000.0,Пополнение,С Kaspi Депозита,False,"+ 10 000,00 ₸"
4,12.09.25,-28000.0,Перевод,Оплата Kaspi Кредита,False,"- 28 000,00 ₸"
4,11.09.25,-150000.0,Перевод,На Kaspi Депозит,False,"- 150 000,00 ₸"
4,11.09.25,-260.0,Перевод,Анна З.,False,"- 260,00 ₸"
4,11.09.25,-460.0,Покупка,эмиль чайка,False,"- 460,00 ₸"
4,11.09.25,-500.0,Покупка,Чайка,False,"- 500,00 ₸"
4,11.09.25,1000.0,Пополнение,Алма Т.,False,"+ 1 000,00 ₸"
4,11.09.25,104000.0,Пополнение,Алма Т.,False,"+ 104 000,00 ₸"
4,11.09.25,-5000.0,Покупка,Отбасы банк. Пополнение депозита,False,"- 5 000,00 ₸"
4,11.09.25,-5000.0,Покупка,Отбасы банк. Пополнение депозита,False,"- 5 000,00 ₸"
4,11.09.25,-5000.0,Покупка,Отбасы банк. Пополнение депозита,False,"- 5 000,00 ₸"
4,11.09.25,-540.0,Покупка,Восток Домофон,False,"- 540,00 ₸"
4,11.09.25,-3000.0,Покупка,Услуги КСК/ОСИ,False,"- 3 000,00 ₸"
4,11.09.25,-7000.0,Перевод,Ұлпан Қ.,False,"- 7 000,00 ₸"
4,11.09.25,10000.0,Пополнение,Аруна Ж.,False,"+ 10 000,00 ₸"
4,11.09.25,-200.0,Перевод,Анатолий К.,False,"- 200,00 ₸"
4,11.09.25,-5000.0,Перевод,Əйгерім Р.,False,"- 5 000,00 ₸"
4,11.09.25,17000.0,Пополнение,Санжар Т.,False,"+ 17 000,00 ₸"
4,11.09.25,20000.0,Пополнение,Нұрхан Б.,False,"+ 20 000,00 ₸"
4,10.09.25,10000.0,Пополнение,Гүлім Ж.,False,"+ 10 000,00 ₸"
4,10.09.25,2000.0,Пополнение,Екатерина П.,False,"+ 2 000,00 ₸"
4,10.09.25,-800.0,Покупка,Bala park детский развлекательный центр,False,"- 800,00 ₸"
4,10.09.25,-38.0,Покупка,Bala park детский развлекательный центр,False,"- 38,00 ₸"
4,10.09.25,-500.0,Покупка,Аппарат самообслуживания,False,"- 500,00 ₸"
4,10.09.25,30000.0,Пополнение,Сауле М.,False,"+ 30 000,00 ₸"
4,10.09.25,5000.0,Пополнение,Жулдыз И.,False,"+ 5 000,00 ₸"
4,10.09.25,10000.0,Пополнение,Алма Т.,False,"+ 10 000,00 ₸"
4,09.09.25,2000.0,Пополнение,Жания З.,False,"+ 2 000,00 ₸"
4,09.09.25,-450.0,Покупка,БОЛАШАҚ,False,"- 450,00 ₸"
4,09.09.25,2000.0,Пополнение,Светлана О.,False,"+ 2 000,00 ₸"
4,09.09.25,-13600.0,Покупка,Дари и Люби,False,"- 13 600,00 ₸"
4,09.09.25,10000.0,Пополнение,Алма Т.,False,"+ 10 000,00 ₸"
4,08.09.25,6000.0,Пополнение,Зарина С.,False,"+ 6 000,00 ₸"
4,08.09.25,-500.0,Перевод,Мадина Е.,False,"- 500,00 ₸"
4,08.09.25,100.0,Пополнение,Рауан Т.,False,"+ 100,00 ₸"
4,08.09.25,-4840.17,Покупка,ОЭСК,False,"- 4 840,17 ₸"
4,08.09.25,-9643.84,Покупка,Шығыс Жылу г. Усть-Каменогорск для для физических,False,"- 9 643,84 ₸"
4,08.09.25,-20000.0,Покупка,Услуги Қазақтелеком по лицевому счету,False,"- 20 000,00 ₸"
4,08.09.25,5000.0,Пополнение,Эльдар З.,False,"+ 5 000,00 ₸"
4,07.09.25,-5000.0,Перевод,Əйгерім Р.,False,"- 5 000,00 ₸"
4,07.09.25,13000.0,Пополнение,Анар Д.,False,"+ 13 000,00 ₸"
4,07.09.25,5000.0,Пополнение,Асель Т.,False,"+ 5 000,00 ₸"
4,07.09.25,-1000.0,Перевод,Зейін С.,False,"- 1 000,00 ₸"
4,07.09.25,-13971.0,Перевод,Оплата Kaspi Кредита,False,"- 13 971,00 ₸"
4,07.09.25,30000.0,Пополнение,Асель Т.,False,"+ 30 000,00 ₸"
4,07.09.25,-10000.0,Перевод,Валерия Б.,False,"- 10 000,00 ₸"
4,07.09.25,-50000.0,Перевод,Əйгерім Р.,False,"- 50 000,00 ₸"
5,07.09.25,40000.0,Пополнение,Кредит Наличными,False,"+ 40 000,00 ₸"
5,07.09.25,-1404.0,Покупка,CHAIKA,False,"- 1 404,00 ₸"
5,07.09.25,-1600.0,Перевод,Данияр К.,False,"- 1 600,00 ₸"
5,07.09.25,-570.0,Перевод,Анна З.,False,"- 570,00 ₸"
5,07.09.25,-10440.0,Покупка,АЗС-101,False,"- 10 440,00 ₸"
5,07.09.25,-5000.0,Перевод,Əйгерім Р.,False,"- 5 000,00 ₸"
5,07.09.25,15000.0,Пополнение,С карты другого банка,False,"+ 15 000,00 ₸"
5,06.09.25,10000.0,Пополнение,Гүлнұра Д.,False,"+ 10 000,00 ₸"
5,06.09.25,-100.0,Перевод,Зейін С.,False,"- 100,00 ₸"
5,06.09.25,-5000.0,Перевод,Əйгерім Р.,False,"- 5 000,00 ₸"
5,06.09.25,-3000.0,Перевод,Зейін С.,False,"- 3 000,00 ₸"
5,06.09.25,15000.0,Пополнение,Акмарал С.,False,"+ 15 000,00 ₸"
5,06.09.25,-500.0,Перевод,Зейін С.,False,"- 500,00 ₸"
5,06.09.25,-280.0,Перевод,Анна З.,False,"- 280,00 ₸"
5,06.09.25,-390.0,Покупка,CHAIKA,False,"- 390,00 ₸"
5,05.09.25,-5000.0,Перевод,Əйгерім Р.,False,"- 5 000,00 ₸"
5,05.09.25,15000.0,Пополнение,Асем Д.,False,"+ 15 000,00 ₸"
5,05.09.25,-100.0,Покупка,Фурнитура 8/1,False,"- 100,00 ₸"
5,04.09.25,-440.0,Покупка,"Мобильная связь,комунальные платежи,галантерея",False,"- 440,00 ₸"
5,04.09.25,-4000.0,Перевод,Рауан Т.,False,"- 4 000,00 ₸"
5,04.09.25,-8000.0,Покупка,"ИП "" ZHANNA """,False,"- 8 000,00 ₸"
5,04.09.25,-15000.0,Перевод,Əйгерім Т.,False,"- 15 000,00 ₸"
5,04.09.25,12000.0,Пополнение,Со своего Счета в Kaspi Pay,False,"+ 12 000,00 ₸"
5,03.09.25,-700.0,Перевод,Собиржон Р.,False,"- 700,00 ₸"
5,03.09.25,-16500.0,Покупка,ИП arzan_mix_oskemen,False,"- 16 500,00 ₸"
5,03.09.25,-1350.0,Покупка,Мега мир одежда,False,"- 1 350,00 ₸"
5,03.09.25,-1600.0,Покупка,ИП Нурбикенов Мурат Калиевич,False,"- 1 600,00 ₸"
5,03.09.25,-4480.0,Перевод,Мөлдір Қ.,False,"- 4 480,00 ₸"
5,03.09.25,-1600.0,Перевод,Алмагуль А.,False,"- 1 600,00 ₸"
5,03.09.25,-260.0,Перевод,Анна З.,False,"- 260,00 ₸"
5,03.09.25,-5000.0,Покупка,Отбасы банк. Пополнение депозита,False,"- 5 000,00 ₸"
5,03.09.25,-5000.0,Покупка,Отбасы банк. Пополнение депозита,False,"- 5 000,00 ₸"
5,03.09.25,-5000.0,Покупка,Отбасы банк. Пополнение депозита,False,"- 5 000,00 ₸"
5,03.09.25,-5000.0,Покупка,Отбасы банк. Пополнение депозита,False,"- 5 000,00 ₸"
5,03.09.25,-7500.0,Покупка,ПФО Усть-Каменогорск,False,"- 7 500,00 ₸"
5,03.09.25,62500.0,Пополнение,С карты другого банка,False,"+ 62 500,00 ₸"
5,03.09.25,-3000.0,Покупка,Коркем,False,"- 3 000,00 ₸"
5,03.09.25,-2000.0,Перевод,Зейін С.,False,"- 2 000,00 ₸"
5,02.09.25,12000.0,Пополнение,Нұргүл М.,False,"+ 12 000,00 ₸"
5,02.09.25,-2090.0,Покупка,KIM CHI,False,"- 2 090,00 ₸"
5,02.09.25,1900.0,Пополнение,С Kaspi Депозита,False,"+ 1 900,00 ₸"
5,02.09.25,-7000.0,Снятие,Банкомат City Center,False,"- 7 000,00 ₸"
5,02.09.25,-1770.0,Покупка,ип Мукашева,False,"- 1 770,00 ₸"
5,02.09.25,2000.0,Пополнение,Анар Д.,False,"+ 2 000,00 ₸"
5,02.09.25,-5500.0,Покупка,ИП DRAHT,False,"- 5 500,00 ₸"
5,02.09.25,-126.0,Покупка,Коркем,False,"- 126,00 ₸"
5,02.09.25,-390.0,Покупка,CHAIKA,False,"- 390,00 ₸"
6,02.09.25,-510.0,Перевод,Анна З.,False,"- 510,00 ₸"
6,02.09.25,-5000.0,Перевод,Əйгерім Р.,False,"- 5 000,00 ₸"
6,02.09.25,13000.0,Пополнение,Ания С.,False,"+ 13 000,00 ₸"
6,01.09.25,-1900.0,Разное,Комиссия за перевод на карту др. банка,False,"- 1 900,00 ₸"
6,01.09.25,-200000.0,Перевод,На карту Halyk Bank*1320,False,"- 200 000,00 ₸"
6,01.09.25,30000.0,Пополнение,С карты другого банка,False,"+ 30 000,00 ₸"
6,01.09.25,100000.0,Пополнение,В Kaspi Банкомате,False,"+ 100 000,00 ₸"
6,01.09.25,30000.0,Пополнение,Алма Т.,False,"+ 30 000,00 ₸"
6,01.09.25,700.0,Пополнение,Зарина Т.,False,"+ 700,00 ₸"
6,01.09.25,-670.0,Покупка,CHAIKA,False,"- 670,00 ₸"
6,01.09.25,-230.0,Перевод,Анна З.,False,"- 230,00 ₸"
6,01.09.25,-600.0,Покупка,эмиль чайка,False,"- 600,00 ₸"
6,31.08.25,-7000.0,Покупка,ТОО БРИСТОЛЬ,False,"- 7 000,00 ₸"
6,31.08.25,4000.0,Пополнение,Ерасыл Ш.,False,"+ 4 000,00 ₸"
6,31.08.25,5000.0,Пополнение,Шолпан Р.,False,"+ 5 000,00 ₸"
6,31.08.25,-1013.0,Покупка,м чайка,False,"- 1 013,00 ₸"
6,31.08.25,-380.0,Покупка,CHAIKA,False,"- 380,00 ₸"
6,31.08.25,-230.0,Перевод,Анна З.,False,"- 230,00 ₸"
6,30.08.25,20000.0,Пополнение,Арайлым М.,False,"+ 20 000,00 ₸"
6,30.08.25,15000.0,Пополнение,Людмила Ч.,False,"+ 15 000,00 ₸"
6,30.08.25,-5000.0,Покупка,"ТОО ""ШТИФ"" АЗС Октябрьская",False,"- 5 000,00 ₸"
6,30.08.25,-1000.0,Перевод,Рауан Т.,False,"- 1 000,00 ₸"
6,30.08.25,-1000.0,Перевод,Рауан Т.,False,"- 1 000,00 ₸"
6,30.08.25,-6300.0,Перевод,Еңлік С.,False,"- 6 300,00 ₸"
6,30.08.25,-1000.0,Перевод,Еңлік С.,False,"- 1 000,00 ₸"
6,30.08.25,25000.0,Пополнение,Болат А.,False,"+ 25 000,00 ₸"
6,30.08.25,500.0,Пополнение,Владислав С.,False,"+ 500,00 ₸"
6,30.08.25,-1000.0,Перевод,Бакытгуль Т.,False,"- 1 000,00 ₸"
6,30.08.25,-1000.0,Перевод,Рауан Т.,False,"- 1 000,00 ₸"
6,30.08.25,-2000.0,Перевод,Жандос Ж.,False,"- 2 000,00 ₸"
6,30.08.25,-50.0,Покупка,"Мобильная связь,комунальные платежи,галантерея",False,"- 50,00 ₸"
6,30.08.25,-70846.0,Перевод,Оплата Kaspi Кредита,False,"- 70 846,00 ₸"
6,30.08.25,20000.0,Пополнение,Аружан А.,False,"+ 20 000,00 ₸"
6,29.08.25,45000.0,Пополнение,Руслан А.,False,"+ 45 000,00 ₸"
6,29.08.25,-7000.0,Покупка,F - 118 Усть-Каменогорск,False,"- 7 000,00 ₸"
6,29.08.25,-1010.0,Покупка,IP LUGOVSKAYA GALINA ROMANO,False,"- 1 010,00 ₸"
6,29.08.25,-1100.0,Покупка,"TOO ""UMIT-FARM VOSTOK""",False,"- 1 100,00 ₸"
6,29.08.25,5000.0,Пополнение,Болат А.,False,"+ 5 000,00 ₸"
6,29.08.25,2000.0,Пополнение,Ания С.,False,"+ 2 000,00 ₸"
6,28.08.25,2000.0,Пополнение,Дарья А.,False,"+ 2 000,00 ₸"
6,28.08.25,-2500.0,Перевод,Диас Т.,False,"- 2 500,00 ₸"
6,28.08.25,5000.0,Пополнение,Аружан А.,False,"+ 5 000,00 ₸"
6,28.08.25,-22560.0,Покупка,БОЛАШАҚ,False,"- 22 560,00 ₸"
6,28.08.25,-50.0,Покупка,"Мобильная связь,комунальные платежи,галантерея",False,"- 50,00 ₸"
6,28.08.25,-50.0,Покупка,"Мобильная связь,комунальные платежи,галантерея",False,"- 50,00 ₸"
6,28.08.25,12000.0,Пополнение,Самал С.,False,"+ 12 000,00 ₸"
6,27.08.25,10000.0,Пополнение,Бибарс Н.,False,"+ 10 000,00 ₸"
7,27.08.25,-3000.0,Перевод,Еңлік С.,False,"- 3 000,00 ₸"
7,27.08.25,10000.0,Пополнение,Айгерим С.,False,"+ 10 000,00 ₸"
7,27.08.25,-1400.0,Перевод,Мирас А.,False,"- 1 400,00 ₸"
7,27.08.25,-820.0,Покупка,IP SANKAIBAEVA,False,"- 820,00 ₸"
7,27.08.25,-5000.0,Перевод,Жадыра Ж.,False,"- 5 000,00 ₸"
7,27.08.25,-8000.0,Покупка,Детская одежда -1,False,"- 8 000,00 ₸"
7,27.08.25,9000.0,Пополнение,С карты другого банка,False,"+ 9 000,00 ₸"
7,27.08.25,-7000.0,Перевод,Маина Б.,False,"- 7 000,00 ₸"
7,27.08.25,-21000.0,Перевод,Ұлағат Б.,False,"- 21 000,00 ₸"
7,27.08.25,-2500.0,Перевод,Бахарман Ы.,False,"- 2 500,00 ₸"
7,27.08.25,39000.0,Пополнение,С Kaspi Депозита,False,"+ 39 000,00 ₸"
7,26.08.25,-208100.0,Перевод,Svetlana D.,False,"- 208 100,00 ₸"
7,26.08.25,-2200.0,Покупка,ИП Вайнилович,False,"- 2 200,00 ₸"
7,26.08.25,-190.0,Разное,Комиссия за снятие наличных сверх лимита,False,"- 190,00 ₸"
7,26.08.25,-130000.0,Снятие,Банкомат Chayka,False,"- 130 000,00 ₸"
7,26.08.25,200000.0,Пополнение,Со своего Счета в Kaspi Pay,False,"+ 200 000,00 ₸"
7,26.08.25,-1100.0,Перевод,Мадина К.,False,"- 1 100,00 ₸"
7,26.08.25,-900.0,Покупка,A16 Waffle & Panini,False,"- 900,00 ₸"
7,26.08.25,-1630.0,Перевод,Алмагуль А.,False,"- 1 630,00 ₸"
7,26.08.25,-535.0,Перевод,Анна З.,False,"- 535,00 ₸"
7,26.08.25,-958.0,Перевод,Анна З.,False,"- 958,00 ₸"
7,26.08.25,-2524.0,Покупка,CHAIKA,False,"- 2 524,00 ₸"
7,26.08.25,-200.0,Покупка,"Аптека ""Социальная""",False,"- 200,00 ₸"
7,26.08.25,-1000.0,Перевод,Еркегүл М.,False,"- 1 000,00 ₸"
7,26.08.25,-1000.0,Перевод,Зейін С.,False,"- 1 000,00 ₸"
7,26.08.25,-2000.0,Перевод,Аяулым М.,False,"- 2 000,00 ₸"
7,26.08.25,-7000.0,Покупка,АЗС 5,False,"- 7 000,00 ₸"
7,26.08.25,2000.0,Пополнение,Аяулым М.,False,"+ 2 000,00 ₸"
7,26.08.25,2000.0,Пополнение,Əйгерім Т.,False,"+ 2 000,00 ₸"
