﻿page,date,amount,operation,details,clock_icon,amount_text
0,22.09.25,-25000.0,Покупка,Обязательные пенсионные взносы,False,"- 25 000,00 ₸"
0,22.09.25,9000.0,Пополнение,Каиржан С.,False,"+ 9 000,00 ₸"
0,22.09.25,-5950.0,Покупка,Отчисления и взносы на обязательное,False,"- 5 950,00 ₸"
0,22.09.25,-11375.0,Покупка,Cоциальные отчисления,False,"- 11 375,00 ₸"
0,21.09.25,-5300.0,Перевод,Райгуль К.,False,"- 5 300,00 ₸"
0,20.09.25,-300.0,Покупка,ИП JanSax,False,"- 300,00 ₸"
0,18.09.25,40000.0,Пополнение,Елжан С.,False,"+ 40 000,00 ₸"
0,16.09.25,-200.0,Покупка,Алматы Паркинг. Оплата парковок Алматы,False,"- 200,00 ₸"
0,16.09.25,-36000.0,Перевод,Чишир В.,False,"- 36 000,00 ₸"
0,16.09.25,-100.0,Покупка,Габо,False,"- 100,00 ₸"
0,16.09.25,-17250.0,Покупка,ИП Щинчир Закир,False,"- 17 250,00 ₸"
0,16.09.25,-6000.0,Покупка,TOO MARKAKOL,False,"- 6 000,00 ₸"
0,16.09.25,-69400.0,Покупка,ТОО RAINBOW SYSTEMS,False,"- 69 400,00 ₸"
0,15.09.25,-160.0,Перевод,Нурман Т.,False,"- 160,00 ₸"
0,15.09.25,-3000.0,Перевод,Қайсар Қ.,False,"- 3 000,00 ₸"
0,14.09.25,-400.0,Перевод,Айдос К.,False,"- 400,00 ₸"
0,14.09.25,-4500.0,Покупка,POSUDA and MORE,False,"- 4 500,00 ₸"
0,14.09.25,-2700.0,Покупка,MasterShef,False,"- 2 700,00 ₸"
0,14.09.25,-12000.0,Покупка,MasterShef,False,"- 12 000,00 ₸"
0,14.09.25,-3700.0,Покупка,ИП Қайбар,False,"- 3 700,00 ₸"
1,14.09.25,-7000.0,Перевод,Сағи Т.,False,"- 7 000,00 ₸"
1,14.09.25,-33350.0,Покупка,Байсат,False,"- 33 350,00 ₸"
1,14.09.25,-48000.0,Перевод,Ельмира Б.,False,"- 48 000,00 ₸"
1,13.09.25,-500.0,Перевод,Ерлик Д.,False,"- 500,00 ₸"
1,13.09.25,-76629.47,Покупка,Отбасы банк. Погашение кредита,False,"- 76 629,47 ₸"
1,13.09.25,295000.0,Пополнение,В терминале,False,"+ 295 000,00 ₸"
1,12.09.25,-300.0,Перевод,Турсынбек Х.,False,"- 300,00 ₸"
1,12.09.25,-6900.0,Перевод,Камила Д.,False,"- 6 900,00 ₸"
1,12.09.25,-1000.0,Перевод,Қайсар Қ.,False,"- 1 000,00 ₸"
1,12.09.25,-500.0,Покупка,ONAY. Пополнение баланса,False,"- 500,00 ₸"
1,12.09.25,-5590.0,Покупка,Tele2,False,"- 5 590,00 ₸"
1,10.09.25,-1000.0,Перевод,Қайсар Қ.,False,"- 1 000,00 ₸"
1,10.09.25,7000.0,Пополнение,Лилия Ю.,False,"+ 7 000,00 ₸"
1,10.09.25,-100.0,Покупка,туалет,False,"- 100,00 ₸"
1,10.09.25,-25000.0,Перевод,Асем Е.,False,"- 25 000,00 ₸"
1,10.09.25,15400.0,Пополнение,Арайлым С.,False,"+ 15 400,00 ₸"
1,09.09.25,7000.0,Пополнение,Елена Ш.,False,"+ 7 000,00 ₸"
1,09.09.25,-10500.0,Перевод,Кулжан Т.,False,"- 10 500,00 ₸"
1,09.09.25,-9900.0,Перевод,Айсапар А.,False,"- 9 900,00 ₸"
1,09.09.25,-5000.0,Перевод,Бауржан Б.,False,"- 5 000,00 ₸"
1,08.09.25,13000.0,Пополнение,Лилия Ю.,False,"+ 13 000,00 ₸"
1,07.09.25,-2000.0,Перевод,Берік С.,False,"- 2 000,00 ₸"
1,07.09.25,-1600.0,Перевод,Орынша К.,False,"- 1 600,00 ₸"
1,06.09.25,3400.0,Пополнение,Лаззат Б.,False,"+ 3 400,00 ₸"
1,06.09.25,-1000.0,Перевод,Айдана С.,False,"- 1 000,00 ₸"
1,06.09.25,-6000.0,Перевод,Бауржан Б.,False,"- 6 000,00 ₸"
1,05.09.25,-3000.0,Перевод,Улжалгас Т.,False,"- 3 000,00 ₸"
1,05.09.25,-2000.0,Покупка,Санаторий Маржан су,False,"- 2 000,00 ₸"
1,05.09.25,-2000.0,Покупка,Санаторий Маржан су,False,"- 2 000,00 ₸"
1,04.09.25,-400.0,Перевод,Асылзат Н.,False,"- 400,00 ₸"
1,04.09.25,62000.0,Пополнение,В терминале,False,"+ 62 000,00 ₸"
1,04.09.25,-1500.0,Покупка,Санаторий Маржан су,False,"- 1 500,00 ₸"
1,02.09.25,-2950.0,Покупка,Лаура,False,"- 2 950,00 ₸"
1,29.08.25,-2000.0,Перевод,Фархат Қ.,False,"- 2 000,00 ₸"
1,29.08.25,-300.0,Перевод,Нурия О.,False,"- 300,00 ₸"
1,28.08.25,-1035.0,Перевод,Dilnoza G.,False,"- 1 035,00 ₸"
1,28.08.25,-500.0,Перевод,Улбосин Н.,False,"- 500,00 ₸"
1,28.08.25,-100.0,Перевод,Гулзира А.,False,"- 100,00 ₸"
1,28.08.25,-100.0,Покупка,Олжа,False,"- 100,00 ₸"
1,28.08.25,-500.0,Покупка,ONAY. Пополнение баланса,False,"- 500,00 ₸"
1,24.08.25,-5000.0,Перевод,Динара Ш.,False,"- 5 000,00 ₸"
1,23.08.25,16000.0,Пополнение,Диана А.,False,"+ 16 000,00 ₸"
1,22.08.25,-33900.0,Перевод,Каиржан С.,False,"- 33 900,00 ₸"
1,22.08.25,-24745.0,Покупка,Налог для юр. лиц по реквизитам,False,"- 24 745,00 ₸"
1,22.08.25,-11375.0,Покупка,Cоциальные отчисления,False,"- 11 375,00 ₸"
1,22.08.25,-5950.0,Покупка,Отчисления и взносы на обязательное,False,"- 5 950,00 ₸"
2,22.08.25,-25000.0,Покупка,Обязательные пенсионные взносы,False,"- 25 000,00 ₸"
2,22.08.25,-955.8,Покупка,Налог на имущество,False,"- 955,80 ₸"
2,22.08.25,-4764.85,Покупка,Налог на имущество,False,"- 4 764,85 ₸"
2,22.08.25,103000.0,Пополнение,В терминале,False,"+ 103 000,00 ₸"
2,21.08.25,-1000.0,Покупка,ИП ТАЙТЕЛИЕВА,False,"- 1 000,00 ₸"
2,20.08.25,-7600.0,Перевод,Куляш К.,False,"- 7 600,00 ₸"
2,20.08.25,10000.0,Пополнение,Елжан С.,False,"+ 10 000,00 ₸"
2,19.08.25,-30000.0,Перевод,Айман Р.,False,"- 30 000,00 ₸"
2,18.08.25,-5400.0,Перевод,Максат С.,False,"- 5 400,00 ₸"
2,18.08.25,35000.0,Пополнение,В терминале,False,"+ 35 000,00 ₸"
2,18.08.25,-46000.0,Перевод,Адия К.,False,"- 46 000,00 ₸"
2,18.08.25,-4500.0,Перевод,Динара Ш.,False,"- 4 500,00 ₸"
2,16.08.25,-20000.0,Перевод,Райгуль К.,False,"- 20 000,00 ₸"
2,16.08.25,60000.0,Пополнение,Елжан С.,False,"+ 60 000,00 ₸"
2,16.08.25,-5000.0,Перевод,Динара Ш.,False,"- 5 000,00 ₸"
2,15.08.25,8870.0,Пополнение,Тоғжан С.,False,"+ 8 870,00 ₸"
2,14.08.25,7600.0,Пополнение,Жанар Б.,False,"+ 7 600,00 ₸"
2,14.08.25,-76629.47,Покупка,Отбасы банк. Погашение кредита,False,"- 76 629,47 ₸"
2,14.08.25,12000.0,Пополнение,Каиржан С.,False,"+ 12 000,00 ₸"
2,13.08.25,-36837.0,Покупка,АЛСЕКО - квитанции за квартиру,False,"- 36 837,00 ₸"
2,12.08.25,-1020.0,Перевод,Əлі К.,False,"- 1 020,00 ₸"
2,12.08.25,-15000.0,Перевод,Гулнар А.,False,"- 15 000,00 ₸"
2,11.08.25,-200.0,Перевод,Рашида Б.,False,"- 200,00 ₸"
2,11.08.25,-5590.0,Покупка,Tele2,False,"- 5 590,00 ₸"
2,09.08.25,-20000.0,Перевод,Кенжегуль Ш.,False,"- 20 000,00 ₸"
2,09.08.25,11500.0,Пополнение,Анастасия У.,False,"+ 11 500,00 ₸"
2,08.08.25,-3500.0,Покупка,Cоциальные отчисления,False,"- 3 500,00 ₸"
2,08.08.25,-3500.0,Покупка,Cоциальные отчисления,False,"- 3 500,00 ₸"
2,08.08.25,-3500.0,Покупка,Cоциальные отчисления,False,"- 3 500,00 ₸"
2,08.08.25,-3500.0,Покупка,Cоциальные отчисления,False,"- 3 500,00 ₸"
2,08.08.25,-3500.0,Покупка,Cоциальные отчисления,False,"- 3 500,00 ₸"
2,08.08.25,-3500.0,Покупка,Cоциальные отчисления,False,"- 3 500,00 ₸"
2,08.08.25,-3500.0,Покупка,Cоциальные отчисления,False,"- 3 500,00 ₸"
2,08.08.25,-10000.0,Перевод,Жасулан Г.,False,"- 10 000,00 ₸"
2,08.08.25,-730.0,Перевод,Жулдыз Х.,False,"- 730,00 ₸"
2,08.08.25,167000.0,Пополнение,В терминале,False,"+ 167 000,00 ₸"
2,07.08.25,-180.0,Перевод,Eldos B.,False,"- 180,00 ₸"
2,07.08.25,-1000.0,Перевод,Улбосин Н.,False,"- 1 000,00 ₸"
2,07.08.25,-5000.0,Снятие,Банкомат Dastur,False,"- 5 000,00 ₸"
2,07.08.25,-3400.0,Перевод,Бақытгүл Н.,False,"- 3 400,00 ₸"
2,05.08.25,-1000.0,Перевод,Бекжан Э.,False,"- 1 000,00 ₸"
2,05.08.25,-7000.0,Перевод,Дилшат А.,False,"- 7 000,00 ₸"
2,05.08.25,-12000.0,Перевод,Тұрсынжан Ə.,False,"- 12 000,00 ₸"
2,04.08.25,-19100.0,Покупка,Алматы Доктор Ост,False,"- 19 100,00 ₸"
2,03.08.25,50000.0,Пополнение,Александр Л.,False,"+ 50 000,00 ₸"
2,31.07.25,-2900.0,Перевод,Asilbek R.,False,"- 2 900,00 ₸"
2,31.07.25,2000.0,Пополнение,С Kaspi Депозита,False,"+ 2 000,00 ₸"
3,31.07.25,-600.0,Покупка,ип Карибай,False,"- 600,00 ₸"
3,31.07.25,-500.0,Покупка,ип Карибай,False,"- 500,00 ₸"
3,31.07.25,2000.0,Пополнение,С Kaspi Депозита,False,"+ 2 000,00 ₸"
3,31.07.25,-1660.0,Перевод,Barchinoy E.,False,"- 1 660,00 ₸"
3,31.07.25,-1090.0,Перевод,Турсунжон А.,False,"- 1 090,00 ₸"
3,31.07.25,-1520.0,Перевод,Elyorbek K.,False,"- 1 520,00 ₸"
3,31.07.25,-5900.0,Перевод,Қудайберген Н.,False,"- 5 900,00 ₸"
3,31.07.25,-3000.0,Перевод,Нышанбай Қ.,False,"- 3 000,00 ₸"
3,30.07.25,-195.0,Перевод,Динара Т.,False,"- 195,00 ₸"
3,30.07.25,-2140.0,Перевод,Динара Т.,False,"- 2 140,00 ₸"
3,30.07.25,-2260.0,Перевод,Толкын А.,False,"- 2 260,00 ₸"
3,29.07.25,17330.0,Пополнение,Константин П.,False,"+ 17 330,00 ₸"
3,29.07.25,-850.0,Перевод,Азамат М.,False,"- 850,00 ₸"
3,29.07.25,-10000.0,Снятие,Банкомат Tagam,False,"- 10 000,00 ₸"
3,29.07.25,10000.0,Пополнение,С Kaspi Депозита,False,"+ 10 000,00 ₸"
3,25.07.25,-4200.0,Перевод,Дина О.,False,"- 4 200,00 ₸"
3,23.07.25,-2000.0,Перевод,Бекжан Э.,False,"- 2 000,00 ₸"
3,23.07.25,-176850.0,Перевод,Камал А.,False,"- 176 850,00 ₸"
3,23.07.25,50000.0,Пополнение,С карты другого банка,False,"+ 50 000,00 ₸"
3,23.07.25,-59650.0,Перевод,Арли Б.,False,"- 59 650,00 ₸"
3,23.07.25,30000.0,Пополнение,Куляш К.,False,"+ 30 000,00 ₸"
3,22.07.25,-4000.0,Перевод,Корлан А.,False,"- 4 000,00 ₸"
3,22.07.25,-14500.0,Перевод,Куляш К.,False,"- 14 500,00 ₸"
3,22.07.25,-30000.0,Перевод,Елжан С.,False,"- 30 000,00 ₸"
3,22.07.25,77000.0,Пополнение,В терминале,False,"+ 77 000,00 ₸"
3,22.07.25,130000.0,Пополнение,Қайсар Қ.,False,"+ 130 000,00 ₸"
3,22.07.25,-5950.0,Покупка,Отчисления и взносы на обязательное,False,"- 5 950,00 ₸"
3,22.07.25,-7875.0,Покупка,Cоциальные отчисления,False,"- 7 875,00 ₸"
3,22.07.25,-25000.0,Покупка,Обязательные пенсионные взносы,False,"- 25 000,00 ₸"
3,22.07.25,-13775.0,Покупка,Invivo п. Жибек жолы,False,"- 13 775,00 ₸"
3,21.07.25,8370.0,Пополнение,Кирилл Д.,False,"+ 8 370,00 ₸"
3,21.07.25,-50000.0,Перевод,Бекжан С.,False,"- 50 000,00 ₸"
3,21.07.25,-10000.0,Перевод,Бакытгуль Б.,False,"- 10 000,00 ₸"
3,20.07.25,-1000.0,Перевод,Асель Ж.,False,"- 1 000,00 ₸"
3,20.07.25,-2600.0,Перевод,Қайсар Қ.,False,"- 2 600,00 ₸"
3,19.07.25,112000.0,Пополнение,В терминале,False,"+ 112 000,00 ₸"
3,19.07.25,-6000.0,Перевод,Малика А.,False,"- 6 000,00 ₸"
3,17.07.25,-70000.0,Перевод,Самсия А.,False,"- 70 000,00 ₸"
3,17.07.25,-70000.0,Перевод,Каиржан С.,False,"- 70 000,00 ₸"
3,16.07.25,146000.0,Пополнение,В терминале,False,"+ 146 000,00 ₸"
3,15.07.25,-76629.47,Покупка,Отбасы банк. Погашение кредита,False,"- 76 629,47 ₸"
3,15.07.25,70000.0,Пополнение,С Kaspi Депозита,False,"+ 70 000,00 ₸"
3,14.07.25,-3500.0,Перевод,Айнура К.,False,"- 3 500,00 ₸"
3,12.07.25,-2000.0,Покупка,ИП БАРИЕВА,False,"- 2 000,00 ₸"
3,12.07.25,-7388.0,Покупка,Восточные сладости,False,"- 7 388,00 ₸"
3,12.07.25,-50.0,Покупка,Аппарат самообслуживания,False,"- 50,00 ₸"
4,11.07.25,-1140.0,Покупка,МгДружба,False,"- 1 140,00 ₸"
4,10.07.25,-1630.0,Покупка,Хлебник,False,"- 1 630,00 ₸"
4,09.07.25,18200.0,Пополнение,Ботагоз Е.,False,"+ 18 200,00 ₸"
4,05.07.25,5000.0,Пополнение,Бакытгуль Б.,False,"+ 5 000,00 ₸"
4,04.07.25,-4900.0,Покупка,Super Fun,False,"- 4 900,00 ₸"
4,04.07.25,3000.0,Пополнение,С Kaspi Депозита,False,"+ 3 000,00 ₸"
4,04.07.25,-8000.0,Перевод,Элеанора С.,False,"- 8 000,00 ₸"
4,04.07.25,10000.0,Пополнение,С Kaspi Депозита,False,"+ 10 000,00 ₸"
4,03.07.25,-550.0,Покупка,Tutti Frutti,False,"- 550,00 ₸"
4,03.07.25,1000.0,Пополнение,С Kaspi Депозита,False,"+ 1 000,00 ₸"
4,03.07.25,-2000.0,Перевод,Элеанора С.,False,"- 2 000,00 ₸"
4,03.07.25,2000.0,Пополнение,С Kaspi Депозита,False,"+ 2 000,00 ₸"
4,02.07.25,-202000.0,Перевод,He Zijin,False,"- 202 000,00 ₸"
4,02.07.25,202000.0,Пополнение,С Kaspi Депозита,False,"+ 202 000,00 ₸"
4,02.07.25,-500.0,Перевод,Назира Т.,False,"- 500,00 ₸"
4,02.07.25,-2100.0,Покупка,Makpal,False,"- 2 100,00 ₸"
4,02.07.25,-450.0,Покупка,Шахидулло,False,"- 450,00 ₸"
4,02.07.25,-2895.0,Покупка,Сайназар,False,"- 2 895,00 ₸"
4,02.07.25,5000.0,Пополнение,С Kaspi Депозита,False,"+ 5 000,00 ₸"
4,02.07.25,-4000.0,Перевод,Еркеш К.,False,"- 4 000,00 ₸"
4,02.07.25,4000.0,Пополнение,С Kaspi Депозита,False,"+ 4 000,00 ₸"
4,02.07.25,-30000.0,Перевод,Исмаил М.,False,"- 30 000,00 ₸"
4,02.07.25,30000.0,Пополнение,С Kaspi Депозита,False,"+ 30 000,00 ₸"
4,02.07.25,-50000.0,Снятие,Банкомат Baysat,False,"- 50 000,00 ₸"
4,02.07.25,-77000.0,Перевод,Aidonghali Temiya,False,"- 77 000,00 ₸"
4,02.07.25,-15000.0,Перевод,Маралкул О.,False,"- 15 000,00 ₸"
4,30.06.25,-2000.0,Перевод,Жамиля Е.,False,"- 2 000,00 ₸"
4,30.06.25,-20000.0,Перевод,Меруерт С.,False,"- 20 000,00 ₸"
4,30.06.25,-11500.0,Перевод,Динара Ш.,False,"- 11 500,00 ₸"
4,28.06.25,-10000.0,Перевод,Қайсар Қ.,False,"- 10 000,00 ₸"
4,28.06.25,-350.0,Перевод,Bakhrom S.,False,"- 350,00 ₸"
4,28.06.25,-900.0,Перевод,Галымжан Т.,False,"- 900,00 ₸"
4,28.06.25,-500.0,Перевод,Людмила О.,False,"- 500,00 ₸"
4,26.06.25,-2160.0,Покупка,Сайназар,False,"- 2 160,00 ₸"
4,25.06.25,135000.0,Пополнение,В терминале,False,"+ 135 000,00 ₸"
4,24.06.25,-25000.0,Покупка,Обязательные пенсионные взносы,False,"- 25 000,00 ₸"
4,24.06.25,-5950.0,Покупка,Отчисления и взносы на обязательное,False,"- 5 950,00 ₸"
4,24.06.25,-7875.0,Покупка,Cоциальные отчисления,False,"- 7 875,00 ₸"
4,22.06.25,-2000.0,Перевод,Жанел А.,False,"- 2 000,00 ₸"
4,21.06.25,-400.0,Покупка,Чебуреки от Заретты,False,"- 400,00 ₸"
4,17.06.25,95000.0,Пополнение,В терминале,False,"+ 95 000,00 ₸"
4,17.06.25,-4000.0,Перевод,Корлан А.,False,"- 4 000,00 ₸"
4,17.06.25,2000.0,Пополнение,С Kaspi Депозита,False,"+ 2 000,00 ₸"
4,17.06.25,-37000.0,Перевод,Yeertesite N.,False,"- 37 000,00 ₸"
4,17.06.25,20000.0,Пополнение,С Kaspi Депозита,False,"+ 20 000,00 ₸"
4,17.06.25,-1500.0,Покупка,ИП TAU TEA ALMATY,False,"- 1 500,00 ₸"
5,17.06.25,-30000.0,Перевод,Фариза М.,False,"- 30 000,00 ₸"
5,17.06.25,50000.0,Пополнение,С Kaspi Депозита,False,"+ 50 000,00 ₸"
5,16.06.25,-11220.0,Перевод,Шара А.,False,"- 11 220,00 ₸"
5,16.06.25,12000.0,Пополнение,С Kaspi Депозита,False,"+ 12 000,00 ₸"
5,14.06.25,-860.0,Покупка,Ғалида,False,"- 860,00 ₸"
5,14.06.25,2000.0,Пополнение,С Kaspi Депозита,False,"+ 2 000,00 ₸"
5,13.06.25,-163000.0,Перевод,На Kaspi Депозит,False,"- 163 000,00 ₸"
5,13.06.25,30000.0,Пополнение,Айман Р.,False,"+ 30 000,00 ₸"
5,13.06.25,122000.0,Пополнение,В терминале,False,"+ 122 000,00 ₸"
5,13.06.25,10000.0,Пополнение,Баян Ж.,False,"+ 10 000,00 ₸"
5,13.06.25,-76629.47,Покупка,Отбасы банк. Погашение кредита,False,"- 76 629,47 ₸"
5,13.06.25,60000.0,Пополнение,С Kaspi Депозита,False,"+ 60 000,00 ₸"
5,13.06.25,-13500.0,Перевод,Жанар А.,False,"- 13 500,00 ₸"
5,13.06.25,30000.0,Пополнение,Шынар Ж.,False,"+ 30 000,00 ₸"
5,13.06.25,-10000.0,Перевод,Ирина Я.,False,"- 10 000,00 ₸"
5,13.06.25,10000.0,Пополнение,С Kaspi Депозита,False,"+ 10 000,00 ₸"
5,13.06.25,-35000.0,Покупка,ИП Митрофанова,False,"- 35 000,00 ₸"
5,13.06.25,5000.0,Пополнение,С Kaspi Депозита,False,"+ 5 000,00 ₸"
5,12.06.25,30000.0,Пополнение,С Kaspi Депозита,False,"+ 30 000,00 ₸"
5,12.06.25,-400.0,Перевод,Гулзар Р.,False,"- 400,00 ₸"
5,12.06.25,-4300.0,Перевод,Шұғыла П.,False,"- 4 300,00 ₸"
5,12.06.25,4000.0,Пополнение,С Kaspi Депозита,False,"+ 4 000,00 ₸"
5,12.06.25,-1900.0,Перевод,Dilshod K.,False,"- 1 900,00 ₸"
5,12.06.25,-200000.0,Снятие,Банкомат Baysat,False,"- 200 000,00 ₸"
5,12.06.25,200000.0,Пополнение,С Kaspi Депозита,False,"+ 200 000,00 ₸"
5,12.06.25,-12000.0,Покупка,Посуда Центр,False,"- 12 000,00 ₸"
5,12.06.25,-46000.0,Перевод,Серик Ю.,False,"- 46 000,00 ₸"
5,12.06.25,40000.0,Пополнение,С Kaspi Депозита,False,"+ 40 000,00 ₸"
5,12.06.25,-33000.0,Перевод,Рамазан Х.,False,"- 33 000,00 ₸"
5,11.06.25,-200000.0,Перевод,На Kaspi Депозит,False,"- 200 000,00 ₸"
5,11.06.25,20000.0,Пополнение,Сагыныш К.,False,"+ 20 000,00 ₸"
5,11.06.25,235000.0,Пополнение,В терминале,False,"+ 235 000,00 ₸"
5,10.06.25,-20000.0,Перевод,Зауре К.,False,"- 20 000,00 ₸"
5,10.06.25,20000.0,Пополнение,С Kaspi Депозита,False,"+ 20 000,00 ₸"
5,10.06.25,-427000.0,Перевод,На Kaspi Депозит,False,"- 427 000,00 ₸"
5,09.06.25,10000.0,Пополнение,Гульмира С.,False,"+ 10 000,00 ₸"
5,09.06.25,15000.0,Пополнение,Дина О.,False,"+ 15 000,00 ₸"
5,09.06.25,300000.0,Пополнение,Marina P.,False,"+ 300 000,00 ₸"
5,09.06.25,-1250.0,Перевод,Нармин Ш.,False,"- 1 250,00 ₸"
5,09.06.25,-3225.0,Перевод,Kholmirza D.,False,"- 3 225,00 ₸"
5,08.06.25,100000.0,Пополнение,Елжан С.,False,"+ 100 000,00 ₸"
5,07.06.25,-500.0,Перевод,Рамазан И.,False,"- 500,00 ₸"
5,04.06.25,-1680.0,Покупка,"ИП ""ДИНАРА""",False,"- 1 680,00 ₸"
5,04.06.25,-5600.0,Перевод,Халбек М.,False,"- 5 600,00 ₸"
5,02.06.25,-3000.0,Перевод,Қайсар Қ.,False,"- 3 000,00 ₸"
5,30.05.25,15000.0,Пополнение,Шынар Ж.,False,"+ 15 000,00 ₸"
5,30.05.25,-550.0,Покупка,INKAR,False,"- 550,00 ₸"
6,30.05.25,2000.0,Пополнение,С Kaspi Депозита,False,"+ 2 000,00 ₸"
6,30.05.25,-770.0,Покупка,Аптека,False,"- 770,00 ₸"
6,29.05.25,-2490.0,Покупка,Аптека 1,False,"- 2 490,00 ₸"
6,28.05.25,-615.0,Перевод,Мижгона Х.,False,"- 615,00 ₸"
6,28.05.25,-4000.0,Перевод,Meerim A.,False,"- 4 000,00 ₸"
6,28.05.25,-3600.0,Перевод,Romazan K.,False,"- 3 600,00 ₸"
6,24.05.25,-8000.0,Перевод,Корлан А.,False,"- 8 000,00 ₸"
6,23.05.25,7300.0,Пополнение,Куляш Б.,False,"+ 7 300,00 ₸"
6,23.05.25,7254.0,Пополнение,Гулнар А.,False,"+ 7 254,00 ₸"
6,23.05.25,-9500.0,Покупка,Новый Ялян D 5-7,False,"- 9 500,00 ₸"
6,23.05.25,-10000.0,Покупка,кафе Хачапури Хинкальевия,False,"- 10 000,00 ₸"
6,22.05.25,-10000.0,Покупка,PERMANENT STUDIO,False,"- 10 000,00 ₸"
6,21.05.25,-48000.0,Покупка,ИП Митрофанова,False,"- 48 000,00 ₸"
6,21.05.25,82000.0,Пополнение,В терминале,False,"+ 82 000,00 ₸"
6,20.05.25,-920.0,Перевод,Аймара С.,False,"- 920,00 ₸"
6,20.05.25,-530.0,Перевод,Жаркин К.,False,"- 530,00 ₸"
6,20.05.25,2000.0,Пополнение,С Kaspi Депозита,False,"+ 2 000,00 ₸"
6,20.05.25,-1600.0,Покупка,ИП ПАН ГУЛЬНАРА МАРКИНОВНА,False,"- 1 600,00 ₸"
6,20.05.25,-56800.0,Перевод,Мухамед Я.,False,"- 56 800,00 ₸"
6,20.05.25,10000.0,Пополнение,С Kaspi Депозита,False,"+ 10 000,00 ₸"
6,20.05.25,-100.0,Покупка,Габо,False,"- 100,00 ₸"
6,20.05.25,-1000.0,Покупка,онлайн,False,"- 1 000,00 ₸"
6,20.05.25,-14400.0,Покупка,ип Абдукаримов,False,"- 14 400,00 ₸"
6,20.05.25,-21800.0,Покупка,ип Балмурзаева,False,"- 21 800,00 ₸"
6,20.05.25,83000.0,Пополнение,В терминале,False,"+ 83 000,00 ₸"
6,20.05.25,-400.0,Перевод,Искандер М.,False,"- 400,00 ₸"
6,20.05.25,-70000.0,Снятие,Банкомат Baysat,False,"- 70 000,00 ₸"
6,20.05.25,70000.0,Пополнение,С Kaspi Депозита,False,"+ 70 000,00 ₸"
6,20.05.25,-10000.0,Перевод,Дина О.,False,"- 10 000,00 ₸"
6,20.05.25,10000.0,Пополнение,С Kaspi Депозита,False,"+ 10 000,00 ₸"
6,20.05.25,-22500.0,Перевод,Дина О.,False,"- 22 500,00 ₸"
6,20.05.25,20000.0,Пополнение,С Kaspi Депозита,False,"+ 20 000,00 ₸"
6,19.05.25,-500.0,Покупка,ONAY. Пополнение баланса,False,"- 500,00 ₸"
6,19.05.25,-9600.0,Перевод,Эркинбубу С.,False,"- 9 600,00 ₸"
6,19.05.25,10000.0,Пополнение,С Kaspi Депозита,False,"+ 10 000,00 ₸"
6,19.05.25,-30000.0,Перевод,Эркинбубу С.,False,"- 30 000,00 ₸"
6,18.05.25,-2600.0,Покупка,ИП РАССВЕТ,False,"- 2 600,00 ₸"
6,18.05.25,-800.0,Перевод,Замира Н.,False,"- 800,00 ₸"
6,18.05.25,-1035.0,Перевод,Аяулым Д.,False,"- 1 035,00 ₸"
6,18.05.25,-2100.0,Перевод,Бекбол Қ.,False,"- 2 100,00 ₸"
6,18.05.25,-28000.0,Перевод,Айжан С.,False,"- 28 000,00 ₸"
6,18.05.25,50000.0,Пополнение,С Kaspi Депозита,False,"+ 50 000,00 ₸"
6,18.05.25,-7500.0,Перевод,Ақгүл Т.,False,"- 7 500,00 ₸"
6,18.05.25,20000.0,Пополнение,С Kaspi Депозита,False,"+ 20 000,00 ₸"
6,18.05.25,-3500.0,Перевод,Руфина С.,False,"- 3 500,00 ₸"
6,18.05.25,-12800.0,Покупка,Мизам сектор А 3 ряд 11 бутик,False,"- 12 800,00 ₸"
6,18.05.25,-17500.0,Перевод,Кенжекуль С.,False,"- 17 500,00 ₸"
7,18.05.25,30000.0,Пополнение,С Kaspi Депозита,False,"+ 30 000,00 ₸"
7,18.05.25,-48000.0,Перевод,Aila H.,False,"- 48 000,00 ₸"
7,18.05.25,50000.0,Пополнение,С Kaspi Депозита,False,"+ 50 000,00 ₸"
7,16.05.25,-4800.0,Перевод,Лиза А.,False,"- 4 800,00 ₸"
7,16.05.25,15000.0,Пополнение,С Kaspi Депозита,False,"+ 15 000,00 ₸"
7,16.05.25,-190000.0,Перевод,На Kaspi Депозит,False,"- 190 000,00 ₸"
7,15.05.25,130000.0,Пополнение,Елжан С.,False,"+ 130 000,00 ₸"
7,14.05.25,-1120.0,Перевод,Kholmirza D.,False,"- 1 120,00 ₸"
7,14.05.25,-300.0,Покупка,PENDE AMANATY,False,"- 300,00 ₸"
7,14.05.25,-350.0,Перевод,Абилсеит Н.,False,"- 350,00 ₸"
7,14.05.25,-2000.0,Перевод,Багдагуль Т.,False,"- 2 000,00 ₸"
7,14.05.25,-655.0,Перевод,Умида А.,False,"- 655,00 ₸"
7,14.05.25,-2500.0,Покупка,ИП Досаев,False,"- 2 500,00 ₸"
7,14.05.25,-2000.0,Перевод,Akylai K.,False,"- 2 000,00 ₸"
7,14.05.25,-50000.0,Снятие,Банкомат Dastyr,False,"- 50 000,00 ₸"
7,14.05.25,100000.0,Пополнение,С Kaspi Депозита,False,"+ 100 000,00 ₸"
7,13.05.25,-76629.47,Покупка,Отбасы банк. Погашение кредита,False,"- 76 629,47 ₸"
7,13.05.25,-7875.0,Покупка,Cоциальные отчисления,False,"- 7 875,00 ₸"
7,13.05.25,100000.0,Пополнение,С Kaspi Депозита,False,"+ 100 000,00 ₸"
7,11.05.25,-5620.0,Покупка,Dina_D,False,"- 5 620,00 ₸"
7,11.05.25,-800.0,Покупка,ИП Мариям,False,"- 800,00 ₸"
7,11.05.25,-2500.0,Перевод,Наиля Ж.,False,"- 2 500,00 ₸"
7,09.05.25,-600.0,Перевод,Сакен М.,False,"- 600,00 ₸"
7,09.05.25,11000.0,Пополнение,Алия К.,False,"+ 11 000,00 ₸"
7,08.05.25,-300000.0,Перевод,На Kaspi Депозит,False,"- 300 000,00 ₸"
7,08.05.25,-1100.0,Покупка,АПТЕКАПЛЮС (кассы),False,"- 1 100,00 ₸"
7,08.05.25,300000.0,Пополнение,Marina P.,False,"+ 300 000,00 ₸"
7,08.05.25,-25000.0,Покупка,Обязательные пенсионные взносы,False,"- 25 000,00 ₸"
7,08.05.25,-5950.0,Покупка,Отчисления и взносы на обязательное,False,"- 5 950,00 ₸"
7,07.05.25,-40000.0,Перевод,Манат К.,False,"- 40 000,00 ₸"
7,06.05.25,10000.0,Пополнение,Людмила Б.,False,"+ 10 000,00 ₸"
7,06.05.25,-4500.0,Перевод,Малика А.,False,"- 4 500,00 ₸"
7,06.05.25,68000.0,Пополнение,В терминале,False,"+ 68 000,00 ₸"
7,06.05.25,-390.0,Перевод,Rustam M.,False,"- 390,00 ₸"
7,29.04.25,-22000.0,Перевод,Yilmaz S.,False,"- 22 000,00 ₸"
7,28.04.25,-16777.89,Покупка,Тауекел-Н-Алгабас,False,"- 16 777,89 ₸"
7,28.04.25,-400.0,Покупка,полиграфия.kz,False,"- 400,00 ₸"
7,28.04.25,40000.0,Пополнение,В терминале,False,"+ 40 000,00 ₸"
7,27.04.25,-1700.0,Перевод,Федор П.,False,"- 1 700,00 ₸"
7,27.04.25,672.0,Пополнение,С Kaspi Депозита,False,"+ 672,00 ₸"
7,27.04.25,-1400.0,Перевод,Eldos B.,False,"- 1 400,00 ₸"
7,27.04.25,-12500.0,Перевод,Yilmaz S.,False,"- 12 500,00 ₸"
7,27.04.25,10000.0,Пополнение,С Kaspi Депозита,False,"+ 10 000,00 ₸"
7,27.04.25,-60000.0,Снятие,Банкомат Dastur,False,"- 60 000,00 ₸"
7,27.04.25,60000.0,Пополнение,С Kaspi Депозита,False,"+ 60 000,00 ₸"
7,27.04.25,-100.0,Перевод,Гули И.,False,"- 100,00 ₸"
8,25.04.25,-15000.0,Перевод,Мамырбек К.,False,"- 15 000,00 ₸"
8,25.04.25,15000.0,Пополнение,С Kaspi Депозита,False,"+ 15 000,00 ₸"
8,25.04.25,-1360.0,Покупка,Kana,False,"- 1 360,00 ₸"
8,21.04.25,-100.0,Перевод,Shahzod F.,False,"- 100,00 ₸"
8,17.04.25,-5500.0,Покупка,ИП Озинковская,False,"- 5 500,00 ₸"
8,17.04.25,10000.0,Пополнение,С Kaspi Депозита,False,"+ 10 000,00 ₸"
8,17.04.25,-2500.0,Покупка,Бурабай Молл Сувениры 36,False,"- 2 500,00 ₸"
8,17.04.25,-1500.0,Перевод,Гульнур Н.,False,"- 1 500,00 ₸"
8,17.04.25,-7000.0,Перевод,Райгуль К.,False,"- 7 000,00 ₸"
8,17.04.25,10000.0,Пополнение,С Kaspi Депозита,False,"+ 10 000,00 ₸"
8,14.04.25,-76629.47,Покупка,Отбасы банк. Погашение кредита,False,"- 76 629,47 ₸"
8,14.04.25,76000.0,Пополнение,С Kaspi Депозита,False,"+ 76 000,00 ₸"
8,14.04.25,-2000.0,Покупка,ИП Озинковская,False,"- 2 000,00 ₸"
8,14.04.25,-14000.0,Покупка,ИП Гаврилова Н.Д,False,"- 14 000,00 ₸"
8,14.04.25,14000.0,Пополнение,С Kaspi Депозита,False,"+ 14 000,00 ₸"
8,13.04.25,-50000.0,Перевод,Бекжан С.,False,"- 50 000,00 ₸"
8,13.04.25,50000.0,Пополнение,С Kaspi Депозита,False,"+ 50 000,00 ₸"
8,13.04.25,-40000.0,Перевод,Бекжан С.,False,"- 40 000,00 ₸"
8,13.04.25,40000.0,Пополнение,С Kaspi Депозита,False,"+ 40 000,00 ₸"
8,11.04.25,-4000.0,Перевод,Сербол А.,False,"- 4 000,00 ₸"
8,10.04.25,-100000.0,Перевод,Бекжан С.,False,"- 100 000,00 ₸"
8,10.04.25,100000.0,Пополнение,С Kaspi Депозита,False,"+ 100 000,00 ₸"
8,10.04.25,-380000.0,Перевод,На Kaspi Депозит,False,"- 380 000,00 ₸"
8,10.04.25,370000.0,Пополнение,Marina P.,False,"+ 370 000,00 ₸"
8,09.04.25,-5950.0,Покупка,Отчисления и взносы на обязательное,False,"- 5 950,00 ₸"
8,09.04.25,-25000.0,Покупка,Обязательные пенсионные взносы,False,"- 25 000,00 ₸"
8,09.04.25,-7875.0,Покупка,Cоциальные отчисления,False,"- 7 875,00 ₸"
8,09.04.25,50000.0,Пополнение,В терминале,False,"+ 50 000,00 ₸"
8,09.04.25,-5800.0,Перевод,Корлан А.,False,"- 5 800,00 ₸"
8,09.04.25,-11200.0,Перевод,Shakhrukhbek E.,False,"- 11 200,00 ₸"
8,08.04.25,-35500.0,Покупка,MOODSHOP,False,"- 35 500,00 ₸"
8,08.04.25,-1800.0,Перевод,Dilshod K.,False,"- 1 800,00 ₸"
8,08.04.25,-12215.0,Перевод,Тахир Б.,False,"- 12 215,00 ₸"
8,08.04.25,-200.0,Перевод,Ааккал С.,False,"- 200,00 ₸"
8,08.04.25,-53200.0,Перевод,Дильшат П.,False,"- 53 200,00 ₸"
8,08.04.25,-1500.0,Покупка,ИП Касимова,False,"- 1 500,00 ₸"
8,08.04.25,-3500.0,Перевод,Petimat L.,False,"- 3 500,00 ₸"
8,08.04.25,-33000.0,Перевод,Shakir K.,False,"- 33 000,00 ₸"
8,08.04.25,-3600.0,Перевод,Якуб Ш.,False,"- 3 600,00 ₸"
8,08.04.25,-34900.0,Перевод,Арафат М.,False,"- 34 900,00 ₸"
8,07.04.25,10000.0,Пополнение,Болат Ж.,False,"+ 10 000,00 ₸"
8,07.04.25,160000.0,Пополнение,В терминале,False,"+ 160 000,00 ₸"
8,07.04.25,-3100.0,Покупка,Family market,False,"- 3 100,00 ₸"
8,07.04.25,-6350.0,Перевод,Куляш К.,False,"- 6 350,00 ₸"
8,07.04.25,-35590.0,Перевод,Куляш К.,False,"- 35 590,00 ₸"
8,05.04.25,80000.0,Пополнение,В терминале,False,"+ 80 000,00 ₸"
9,03.04.25,-10000.0,Перевод,Эльвира С.,False,"- 10 000,00 ₸"
9,03.04.25,10000.0,Пополнение,С Kaspi Депозита,False,"+ 10 000,00 ₸"
9,03.04.25,-65000.0,Перевод,Арман А.,False,"- 65 000,00 ₸"
9,03.04.25,65000.0,Пополнение,С Kaspi Депозита,False,"+ 65 000,00 ₸"
9,03.04.25,-110000.0,Перевод,Наталья О.,False,"- 110 000,00 ₸"
9,03.04.25,15000.0,Пополнение,С Kaspi Депозита,False,"+ 15 000,00 ₸"
9,03.04.25,-5000.0,Перевод,Ботагөз Е.,False,"- 5 000,00 ₸"
9,03.04.25,-1500.0,Перевод,Қайсар Қ.,False,"- 1 500,00 ₸"
9,03.04.25,-18000.0,Покупка,Посуда Центр,False,"- 18 000,00 ₸"
9,02.04.25,45000.0,Пополнение,В терминале,False,"+ 45 000,00 ₸"
9,02.04.25,-700.0,Перевод,Қайсар Қ.,False,"- 700,00 ₸"
9,02.04.25,-10000.0,Перевод,Abdumajid K.,False,"- 10 000,00 ₸"
9,02.04.25,-2500.0,Покупка,платки и шарфы,False,"- 2 500,00 ₸"
9,02.04.25,-7000.0,Перевод,Эльмира Ж.,False,"- 7 000,00 ₸"
9,01.04.25,-400.0,Перевод,Ұлбал М.,False,"- 400,00 ₸"
9,01.04.25,-20000.0,Перевод,Бекжан С.,False,"- 20 000,00 ₸"
9,31.03.25,100000.0,Пополнение,В терминале,False,"+ 100 000,00 ₸"
9,31.03.25,15000.0,Пополнение,Дина О.,False,"+ 15 000,00 ₸"
9,29.03.25,-10000.0,Перевод,Каиржан С.,False,"- 10 000,00 ₸"
9,29.03.25,10000.0,Пополнение,С Kaspi Депозита,False,"+ 10 000,00 ₸"
9,29.03.25,-1500.0,Перевод,Ермахан Р.,False,"- 1 500,00 ₸"
9,28.03.25,-36000.0,Перевод,Каиржан С.,False,"- 36 000,00 ₸"
9,28.03.25,30000.0,Пополнение,С Kaspi Депозита,False,"+ 30 000,00 ₸"
9,27.03.25,-66685.56,Покупка,АЛСЕКО - квитанции за квартиру,False,"- 66 685,56 ₸"
9,27.03.25,70000.0,Пополнение,С Kaspi Депозита,False,"+ 70 000,00 ₸"
9,26.03.25,-2000.0,Покупка,ИП. ЖАНБЫРБАЕВ,False,"- 2 000,00 ₸"
9,26.03.25,-9000.0,Покупка,Арлан 1 .7.39,False,"- 9 000,00 ₸"
9,26.03.25,-400.0,Покупка,рынок арлан.7ряд.29конт. Мераев.И.,False,"- 400,00 ₸"
9,26.03.25,-150.0,Покупка,ИП Нұрасыл,False,"- 150,00 ₸"
9,26.03.25,-40000.0,Перевод,Мухтар Ш.,False,"- 40 000,00 ₸"
9,26.03.25,40000.0,Пополнение,С Kaspi Депозита,False,"+ 40 000,00 ₸"
9,26.03.25,-12000.0,Перевод,Erlan T.,False,"- 12 000,00 ₸"
9,26.03.25,-67000.0,Перевод,Дархан Б.,False,"- 67 000,00 ₸"
9,26.03.25,-72000.0,Перевод,Досбол А.,False,"- 72 000,00 ₸"
9,26.03.25,-25638.0,Покупка,Налог на транспорт,False,"- 25 638,00 ₸"
9,24.03.25,115000.0,Пополнение,В терминале,False,"+ 115 000,00 ₸"
9,23.03.25,8600.0,Пополнение,Сагыныш К.,False,"+ 8 600,00 ₸"
9,23.03.25,-6000.0,Перевод,Əлі К.,False,"- 6 000,00 ₸"
9,23.03.25,-50000.0,Перевод,Бекжан С.,False,"- 50 000,00 ₸"
9,23.03.25,-300.0,Перевод,Гулзипа У.,False,"- 300,00 ₸"
9,23.03.25,-1260.0,Покупка,AY-ZERE-02,False,"- 1 260,00 ₸"
9,23.03.25,-600.0,Покупка,рынок арлан.7ряд.29конт. Мераев.И.,False,"- 600,00 ₸"
9,23.03.25,-4300.0,Перевод,Сагыныш К.,False,"- 4 300,00 ₸"
9,23.03.25,-8600.0,Перевод,Сагыныш К.,False,"- 8 600,00 ₸"
9,23.03.25,-1600.0,Перевод,Канаат А.,False,"- 1 600,00 ₸"
9,22.03.25,-2000.0,Перевод,Қайсар Қ.,False,"- 2 000,00 ₸"
9,21.03.25,-30000.0,Перевод,Мейіркүл Б.,False,"- 30 000,00 ₸"
10,21.03.25,-800.0,Перевод,Куляш Б.,False,"- 800,00 ₸"
10,21.03.25,44000.0,Пополнение,В терминале,False,"+ 44 000,00 ₸"
10,20.03.25,-1000.0,Перевод,Қайсар Қ.,False,"- 1 000,00 ₸"
10,20.03.25,-4000.0,Перевод,Əсем А.,False,"- 4 000,00 ₸"
10,19.03.25,-3118.0,Перевод,Ziyoratsho T.,False,"- 3 118,00 ₸"
10,18.03.25,130000.0,Пополнение,В терминале,False,"+ 130 000,00 ₸"
10,18.03.25,-2100.0,Покупка,Саламат. Мадияр,False,"- 2 100,00 ₸"
10,18.03.25,-1000.0,Покупка,"ИП ""Зейне""",False,"- 1 000,00 ₸"
10,18.03.25,-7200.0,Покупка,"ИП ""Зейне""",False,"- 7 200,00 ₸"
10,18.03.25,-1500.0,Перевод,Айгуль К.,False,"- 1 500,00 ₸"
10,18.03.25,-11000.0,Перевод,Аяулым С.,False,"- 11 000,00 ₸"
10,18.03.25,-4800.0,Перевод,Джамиля Ю.,False,"- 4 800,00 ₸"
10,18.03.25,-1500.0,Покупка,ИП ШАРИПОВА А.А.,False,"- 1 500,00 ₸"
10,17.03.25,-9540.0,Перевод,Айман Р.,False,"- 9 540,00 ₸"
10,17.03.25,46000.0,Пополнение,В терминале,False,"+ 46 000,00 ₸"
10,17.03.25,-30000.0,Перевод,Дина О.,False,"- 30 000,00 ₸"
10,17.03.25,30000.0,Пополнение,С Kaspi Депозита,False,"+ 30 000,00 ₸"
10,17.03.25,-1000.0,Перевод,Қайсар Қ.,False,"- 1 000,00 ₸"
10,17.03.25,2000.0,Пополнение,С Kaspi Депозита,False,"+ 2 000,00 ₸"
10,16.03.25,-90000.0,Перевод,На Kaspi Депозит,False,"- 90 000,00 ₸"
10,16.03.25,-1995.0,Разное,Оплата за годовое обслуживание,False,"- 1 995,00 ₸"
10,15.03.25,-2490.0,Перевод,Расул А.,False,"- 2 490,00 ₸"
10,14.03.25,-74736.17,Покупка,Отбасы банк. Погашение кредита,False,"- 74 736,17 ₸"
10,14.03.25,-30000.0,Перевод,Қайсар Қ.,False,"- 30 000,00 ₸"
10,14.03.25,196000.0,Пополнение,В терминале,False,"+ 196 000,00 ₸"
10,14.03.25,-15000.0,Перевод,Бекжан С.,False,"- 15 000,00 ₸"
10,14.03.25,15000.0,Пополнение,С Kaspi Депозита,False,"+ 15 000,00 ₸"
10,11.03.25,-10000.0,Перевод,Қайсар Қ.,False,"- 10 000,00 ₸"
10,10.03.25,-110000.0,Перевод,Рагиля М.,False,"- 110 000,00 ₸"
10,10.03.25,-100000.0,Перевод,Сабира Ж.,False,"- 100 000,00 ₸"
10,10.03.25,200000.0,Пополнение,С Kaspi Депозита,False,"+ 200 000,00 ₸"
10,10.03.25,-800.0,Покупка,ИП Татьянкина,False,"- 800,00 ₸"
10,10.03.25,-8625.0,Перевод,Майра М.,False,"- 8 625,00 ₸"
10,09.03.25,24970.0,Пополнение,Айсұлу Т.,False,"+ 24 970,00 ₸"
10,08.03.25,-400000.0,Перевод,На Kaspi Депозит,False,"- 400 000,00 ₸"
10,07.03.25,370000.0,Пополнение,Marina P.,False,"+ 370 000,00 ₸"
10,07.03.25,10620.0,Пополнение,Ажар С.,False,"+ 10 620,00 ₸"
10,07.03.25,-350.0,Перевод,Асель С.,False,"- 350,00 ₸"
10,07.03.25,27200.0,Пополнение,Нурсултан Н.,False,"+ 27 200,00 ₸"
10,05.03.25,-9300.0,Покупка,BTcom г. Алматы,False,"- 9 300,00 ₸"
10,05.03.25,9300.0,Пополнение,Эльмира С.,False,"+ 9 300,00 ₸"
10,04.03.25,-9300.0,Покупка,BTcom г. Алматы,False,"- 9 300,00 ₸"
10,04.03.25,9300.0,Пополнение,Эльмира С.,False,"+ 9 300,00 ₸"
10,04.03.25,-5500.0,Перевод,Елдар Қ.,False,"- 5 500,00 ₸"
10,04.03.25,-4000.0,Перевод,Қайсар Қ.,False,"- 4 000,00 ₸"
10,03.03.25,10000.0,Пополнение,Каиржан С.,False,"+ 10 000,00 ₸"
10,02.03.25,-30000.0,Перевод,Aila H.,False,"- 30 000,00 ₸"
11,02.03.25,30000.0,Пополнение,Ажар Ж.,False,"+ 30 000,00 ₸"
11,01.03.25,-4500.0,Перевод,Əлі К.,False,"- 4 500,00 ₸"
11,28.02.25,4500.0,Пополнение,Қайсар Қ.,False,"+ 4 500,00 ₸"
11,24.02.25,-400.0,Перевод,Амангельды А.,False,"- 400,00 ₸"
11,23.02.25,-150.0,Перевод,Ziyoratsho T.,False,"- 150,00 ₸"
11,23.02.25,500.0,Пополнение,С Kaspi Депозита,False,"+ 500,00 ₸"
11,23.02.25,-100.0,Перевод,Нұрдəулет Р.,False,"- 100,00 ₸"
11,22.02.25,-7599.73,Покупка,Cоциальные отчисления,False,"- 7 599,73 ₸"
11,22.02.25,5400.0,Пополнение,Каиржан С.,False,"+ 5 400,00 ₸"
11,22.02.25,-25000.0,Покупка,Обязательные пенсионные взносы,False,"- 25 000,00 ₸"
11,22.02.25,-5950.0,Покупка,Отчисления и взносы на обязательное,False,"- 5 950,00 ₸"
11,22.02.25,-31231.0,Покупка,Налог для юр. лиц по реквизитам,False,"- 31 231,00 ₸"
11,22.02.25,24000.0,Пополнение,В терминале,False,"+ 24 000,00 ₸"
11,22.02.25,40000.0,Пополнение,Елжан С.,False,"+ 40 000,00 ₸"
11,19.02.25,-17000.0,Перевод,Даниел Б.,False,"- 17 000,00 ₸"
11,19.02.25,-7000.0,Перевод,Талгат Т.,False,"- 7 000,00 ₸"
11,19.02.25,-27500.0,Перевод,Розмамет О.,False,"- 27 500,00 ₸"
11,19.02.25,-3000.0,Перевод,Арисланбай К.,False,"- 3 000,00 ₸"
11,19.02.25,-17500.0,Перевод,Sultanbek N.,False,"- 17 500,00 ₸"
11,19.02.25,72323.0,Пополнение,Marina P.,False,"+ 72 323,00 ₸"
11,19.02.25,-1000.0,Перевод,Махмутжан А.,False,"- 1 000,00 ₸"
11,19.02.25,-8000.0,Перевод,Абу-Абдурахман Д.,False,"- 8 000,00 ₸"
11,18.02.25,-1000.0,Перевод,Бекжан Э.,False,"- 1 000,00 ₸"
11,18.02.25,-2000.0,Покупка,Ип Жанна,False,"- 2 000,00 ₸"
11,18.02.25,-20000.0,Покупка,AMIRI Group,False,"- 20 000,00 ₸"
11,18.02.25,-5000.0,Перевод,Татьяна Б.,False,"- 5 000,00 ₸"
11,17.02.25,-64000.0,Перевод,Данияр О.,False,"- 64 000,00 ₸"
11,17.02.25,-11899.0,Покупка,Услуги Қазақтелеком по лицевому счету,False,"- 11 899,00 ₸"
11,17.02.25,-13223.25,Покупка,YURTA DOM. Квитанции,False,"- 13 223,25 ₸"
11,17.02.25,-47200.31,Покупка,АЛСЕКО - квитанции за квартиру,False,"- 47 200,31 ₸"
11,17.02.25,110000.0,Пополнение,В терминале,False,"+ 110 000,00 ₸"
11,17.02.25,30000.0,Пополнение,Дина О.,False,"+ 30 000,00 ₸"
11,17.02.25,-8900.0,Перевод,Улбосын К.,False,"- 8 900,00 ₸"
11,17.02.25,-77000.0,Покупка,Отбасы банк. Погашение кредита,False,"- 77 000,00 ₸"
11,16.02.25,10000.0,Пополнение,Айсауле С.,False,"+ 10 000,00 ₸"
11,16.02.25,30000.0,Пополнение,Шынар Ж.,False,"+ 30 000,00 ₸"
11,16.02.25,-8000.0,Перевод,Куралай Б.,False,"- 8 000,00 ₸"
11,16.02.25,-112514.0,Перевод,Хадиджа К.,False,"- 112 514,00 ₸"
11,15.02.25,196000.0,Пополнение,В терминале,False,"+ 196 000,00 ₸"
11,15.02.25,-10000.0,Перевод,Улбосын К.,False,"- 10 000,00 ₸"
11,15.02.25,-25200.0,Перевод,Рамазан Х.,False,"- 25 200,00 ₸"
11,13.02.25,-46640.0,Покупка,1617,False,"- 46 640,00 ₸"
11,13.02.25,18000.0,Пополнение,С Kaspi Депозита,False,"+ 18 000,00 ₸"
11,12.02.25,65000.0,Пополнение,В терминале,False,"+ 65 000,00 ₸"
11,12.02.25,-720.0,Перевод,Азада К.,False,"- 720,00 ₸"
11,12.02.25,-6000.0,Перевод,Гульмира А.,False,"- 6 000,00 ₸"
12,12.02.25,-167000.0,Перевод,Ренат А.,False,"- 167 000,00 ₸"
12,12.02.25,160000.0,Пополнение,С Kaspi Депозита,False,"+ 160 000,00 ₸"
12,12.02.25,-31400.0,Перевод,Махмутжан А.,False,"- 31 400,00 ₸"
12,12.02.25,32000.0,Пополнение,С Kaspi Депозита,False,"+ 32 000,00 ₸"
12,12.02.25,-100000.0,Снятие,Банкомат Dastur,False,"- 100 000,00 ₸"
12,12.02.25,100000.0,Пополнение,С Kaspi Депозита,False,"+ 100 000,00 ₸"
12,12.02.25,-5950.0,Покупка,Отчисления и взносы на обязательное,False,"- 5 950,00 ₸"
12,12.02.25,-25000.0,Покупка,Обязательные пенсионные взносы,False,"- 25 000,00 ₸"
12,12.02.25,-7875.0,Покупка,Cоциальные отчисления,False,"- 7 875,00 ₸"
12,12.02.25,50000.0,Пополнение,С Kaspi Депозита,False,"+ 50 000,00 ₸"
12,11.02.25,-13000.0,Перевод,Айнур И.,False,"- 13 000,00 ₸"
12,11.02.25,10000.0,Пополнение,С Kaspi Депозита,False,"+ 10 000,00 ₸"
12,11.02.25,-200000.0,Перевод,Бекжан С.,False,"- 200 000,00 ₸"
12,11.02.25,200000.0,Пополнение,С Kaspi Депозита,False,"+ 200 000,00 ₸"
12,10.02.25,-570000.0,Перевод,На Kaspi Депозит,False,"- 570 000,00 ₸"
12,10.02.25,370000.0,Пополнение,Marina P.,False,"+ 370 000,00 ₸"
12,09.02.25,63000.0,Пополнение,В терминале,False,"+ 63 000,00 ₸"
12,09.02.25,-135000.0,Перевод,Қайсар Қ.,False,"- 135 000,00 ₸"
12,08.02.25,57000.0,Пополнение,В терминале,False,"+ 57 000,00 ₸"
12,07.02.25,-300.0,Перевод,Сеит К.,False,"- 300,00 ₸"
12,07.02.25,-1500.0,Перевод,Гулнара Ш.,False,"- 1 500,00 ₸"
12,07.02.25,-850.0,Перевод,Сымбат О.,False,"- 850,00 ₸"
12,07.02.25,-14000.0,Перевод,Рита Б.,False,"- 14 000,00 ₸"
12,07.02.25,-10000.0,Перевод,Куаныш Х.,False,"- 10 000,00 ₸"
12,07.02.25,-3000.0,Перевод,Қайсар Қ.,False,"- 3 000,00 ₸"
12,06.02.25,224000.0,Пополнение,В терминале,False,"+ 224 000,00 ₸"
12,06.02.25,-1795.0,Перевод,Назокат Н.,False,"- 1 795,00 ₸"
12,06.02.25,-14000.0,Покупка,Элит Адем,False,"- 14 000,00 ₸"
12,06.02.25,-2400.0,Перевод,Жадра Н.,False,"- 2 400,00 ₸"
12,06.02.25,17580.0,Пополнение,Наталья Г.,False,"+ 17 580,00 ₸"
12,06.02.25,-10000.0,Перевод,Гульнара А.,False,"- 10 000,00 ₸"
12,05.02.25,35000.0,Пополнение,В терминале,False,"+ 35 000,00 ₸"
12,04.02.25,-10000.0,Покупка,рынок Барыс,False,"- 10 000,00 ₸"
12,04.02.25,10000.0,Пополнение,Каиржан С.,False,"+ 10 000,00 ₸"
12,03.02.25,-4000.0,Перевод,Малика А.,False,"- 4 000,00 ₸"
12,30.01.25,-20000.0,Перевод,Каиржан С.,False,"- 20 000,00 ₸"
12,30.01.25,-500.0,Перевод,Абулкосим Ж.,False,"- 500,00 ₸"
12,30.01.25,-1000.0,Перевод,Ырысбек А.,False,"- 1 000,00 ₸"
12,30.01.25,-1250.0,Перевод,Сымбат О.,False,"- 1 250,00 ₸"
12,30.01.25,-1500.0,Перевод,Nilufar P.,False,"- 1 500,00 ₸"
12,30.01.25,-32600.0,Перевод,Досан М.,False,"- 32 600,00 ₸"
12,30.01.25,-120.0,Покупка,Байсат,False,"- 120,00 ₸"
12,30.01.25,-600.0,Покупка,Байсат,False,"- 600,00 ₸"
12,30.01.25,-17400.0,Покупка,StroyAr Group,False,"- 17 400,00 ₸"
12,30.01.25,-5000.0,Перевод,Анжелика Х.,False,"- 5 000,00 ₸"
12,30.01.25,-23000.0,Перевод,Мукатай С.,False,"- 23 000,00 ₸"
13,29.01.25,-1500.0,Перевод,Эркинбубу С.,False,"- 1 500,00 ₸"
13,27.01.25,500.0,Пополнение,Райгуль К.,False,"+ 500,00 ₸"
13,27.01.25,100000.0,Пополнение,В терминале,False,"+ 100 000,00 ₸"
13,27.01.25,-690.0,Перевод,Нармин Ш.,False,"- 690,00 ₸"
13,27.01.25,-260.0,Перевод,Нармин Ш.,False,"- 260,00 ₸"
13,26.01.25,-600.0,Перевод,Бекжан Э.,False,"- 600,00 ₸"
13,25.01.25,-1660.0,Перевод,Мухриддин М.,False,"- 1 660,00 ₸"
13,25.01.25,-790.0,Покупка,Alani Coffee,False,"- 790,00 ₸"
13,25.01.25,-9300.0,Перевод,Лиза А.,False,"- 9 300,00 ₸"
13,25.01.25,25000.0,Пополнение,Елжан С.,False,"+ 25 000,00 ₸"
13,24.01.25,-100000.0,Перевод,Кулсия М.,False,"- 100 000,00 ₸"
13,24.01.25,100000.0,Пополнение,С карты другого банка,False,"+ 100 000,00 ₸"
13,22.01.25,-30000.0,Перевод,Улбосын К.,False,"- 30 000,00 ₸"
13,22.01.25,-24000.0,Перевод,Рустам В.,False,"- 24 000,00 ₸"
13,21.01.25,51693.62,Пополнение,Marina P.,False,"+ 51 693,62 ₸"
13,21.01.25,-11899.0,Покупка,Услуги Қазақтелеком по лицевому счету,False,"- 11 899,00 ₸"
13,21.01.25,-8350.0,Покупка,Налоги для ИП,False,"- 8 350,00 ₸"
13,21.01.25,20000.0,Пополнение,С карты другого банка,False,"+ 20 000,00 ₸"
13,21.01.25,1100.0,Пополнение,Мадина Р.,False,"+ 1 100,00 ₸"
13,20.01.25,-3281.0,Перевод,Мухриддин М.,False,"- 3 281,00 ₸"
13,17.01.25,3500.0,Пополнение,Ажар Ж.,False,"+ 3 500,00 ₸"
13,15.01.25,-1220.0,Перевод,Наргиза С.,False,"- 1 220,00 ₸"
13,14.01.25,-17000.0,Покупка,BS 36-22,False,"- 17 000,00 ₸"
13,14.01.25,3000.0,Пополнение,Каиржан С.,False,"+ 3 000,00 ₸"
13,14.01.25,16000.0,Пополнение,С Kaspi Депозита,False,"+ 16 000,00 ₸"
13,14.01.25,-64450.0,Перевод,Мухамед Я.,False,"- 64 450,00 ₸"
13,14.01.25,65000.0,Пополнение,С Kaspi Депозита,False,"+ 65 000,00 ₸"
13,14.01.25,-77000.0,Покупка,Отбасы банк. Погашение кредита,False,"- 77 000,00 ₸"
13,14.01.25,65000.0,Пополнение,С Kaspi Депозита,False,"+ 65 000,00 ₸"
13,14.01.25,10000.0,Пополнение,Кашипа А.,False,"+ 10 000,00 ₸"
13,13.01.25,-100.0,Перевод,Қайсар Қ.,False,"- 100,00 ₸"
13,13.01.25,-44700.0,Перевод,Қайсар Қ.,False,"- 44 700,00 ₸"
13,13.01.25,40000.0,Пополнение,С Kaspi Депозита,False,"+ 40 000,00 ₸"
13,13.01.25,-40000.0,Перевод,Бекжан С.,False,"- 40 000,00 ₸"
13,13.01.25,20000.0,Пополнение,С Kaspi Депозита,False,"+ 20 000,00 ₸"
13,12.01.25,-4000.0,Перевод,Келешек М.,False,"- 4 000,00 ₸"
13,11.01.25,-15000.0,Перевод,Қайсар Қ.,False,"- 15 000,00 ₸"
13,11.01.25,6000.0,Пополнение,Куралай С.,False,"+ 6 000,00 ₸"
13,11.01.25,-1000.0,Перевод,Қайсар Қ.,False,"- 1 000,00 ₸"
13,11.01.25,40450.0,Пополнение,Ольга Д.,False,"+ 40 450,00 ₸"
13,10.01.25,-203000.0,Перевод,На Kaspi Депозит,False,"- 203 000,00 ₸"
13,10.01.25,-800.0,Покупка,Молочка,False,"- 800,00 ₸"
13,10.01.25,-5000.0,Перевод,Қайсар Қ.,False,"- 5 000,00 ₸"
13,10.01.25,24500.0,Пополнение,Эльмира С.,False,"+ 24 500,00 ₸"
13,10.01.25,70000.0,Пополнение,Marina P.,False,"+ 70 000,00 ₸"
13,09.01.25,30000.0,Пополнение,Канагат Б.,False,"+ 30 000,00 ₸"
13,09.01.25,40000.0,Пополнение,Елжан С.,False,"+ 40 000,00 ₸"
14,09.01.25,-400.0,Перевод,Ербол С.,False,"- 400,00 ₸"
14,09.01.25,-30000.0,Перевод,Елжан С.,False,"- 30 000,00 ₸"
14,08.01.25,17345.0,Пополнение,Дана К.,False,"+ 17 345,00 ₸"
14,07.01.25,30000.0,Пополнение,Арман Б.,False,"+ 30 000,00 ₸"
14,06.01.25,-1000.0,Перевод,Қайсар Қ.,False,"- 1 000,00 ₸"
14,04.01.25,-4590.0,Покупка,Tele2,False,"- 4 590,00 ₸"
14,27.12.24,-680.0,Покупка,Ип Мухит,False,"- 680,00 ₸"
14,27.12.24,-3000.0,Перевод,Лола Ч.,False,"- 3 000,00 ₸"
14,27.12.24,-7500.0,Перевод,Нурдаулет Т.,False,"- 7 500,00 ₸"
14,27.12.24,-230.0,Покупка,Грин Ламп,False,"- 230,00 ₸"
14,27.12.24,-1585.0,Перевод,Сатарбай К.,False,"- 1 585,00 ₸"
14,27.12.24,-7420.0,Перевод,Saodat B.,False,"- 7 420,00 ₸"
14,27.12.24,-3000.0,Перевод,Махсатбай М.,False,"- 3 000,00 ₸"
14,27.12.24,-3400.0,Перевод,Орынкуль Д.,False,"- 3 400,00 ₸"
14,27.12.24,-12200.0,Перевод,Мухаммаджон Х.,False,"- 12 200,00 ₸"
14,27.12.24,-2500.0,Покупка,Муратова,False,"- 2 500,00 ₸"
14,26.12.24,74000.0,Пополнение,В терминале,False,"+ 74 000,00 ₸"
14,25.12.24,-7000.0,Перевод,Татьяна М.,False,"- 7 000,00 ₸"
14,25.12.24,8000.0,Пополнение,С Kaspi Депозита,False,"+ 8 000,00 ₸"
14,25.12.24,-8000.0,Перевод,Елжан С.,False,"- 8 000,00 ₸"
14,25.12.24,1000.0,Пополнение,С Kaspi Депозита,False,"+ 1 000,00 ₸"
14,25.12.24,4300.0,Пополнение,Айнаш У.,False,"+ 4 300,00 ₸"
14,25.12.24,-4700.0,Перевод,Жанылхан Ш.,False,"- 4 700,00 ₸"
14,25.12.24,6900.0,Пополнение,Лариса Б.,False,"+ 6 900,00 ₸"
14,24.12.24,-7650.0,Перевод,Майра М.,False,"- 7 650,00 ₸"
14,24.12.24,3000.0,Пополнение,С Kaspi Депозита,False,"+ 3 000,00 ₸"
14,24.12.24,4500.0,Пополнение,Əйгерім А.,False,"+ 4 500,00 ₸"
14,24.12.24,-2000.0,Перевод,Сауле О.,False,"- 2 000,00 ₸"
14,23.12.24,-70000.0,Перевод,Бекжан С.,False,"- 70 000,00 ₸"
14,21.12.24,-500.0,Покупка,М/гДружба,False,"- 500,00 ₸"
14,20.12.24,-4500.0,Перевод,Марал М.,False,"- 4 500,00 ₸"
14,20.12.24,-24000.0,Перевод,Марал М.,False,"- 24 000,00 ₸"
14,19.12.24,11744.0,Покупка,Aviata Railroad,False,"+ 11 744,00 ₸"
14,18.12.24,80000.0,Пополнение,Елжан С.,False,"+ 80 000,00 ₸"
14,18.12.24,7500.0,Пополнение,Зауре Т.,False,"+ 7 500,00 ₸"
14,18.12.24,-220000.0,Перевод,Берикбай Д.,False,"- 220 000,00 ₸"
14,18.12.24,200000.0,Пополнение,С Kaspi Депозита,False,"+ 200 000,00 ₸"
14,17.12.24,13118.04,Пополнение,Marina P.,False,"+ 13 118,04 ₸"
14,17.12.24,-53000.0,Покупка,Мастерская Цвета,False,"- 53 000,00 ₸"
14,15.12.24,-7875.0,Покупка,Cоциальные отчисления,False,"- 7 875,00 ₸"
14,15.12.24,-25000.0,Покупка,Обязательные пенсионные взносы,False,"- 25 000,00 ₸"
14,15.12.24,-5950.0,Покупка,Отчисления и взносы на обязательное,False,"- 5 950,00 ₸"
14,15.12.24,100000.0,Пополнение,Елжан С.,False,"+ 100 000,00 ₸"
14,15.12.24,-12294.0,Покупка,Aviata ЖД билеты,False,"- 12 294,00 ₸"
14,15.12.24,13000.0,Пополнение,С Kaspi Депозита,False,"+ 13 000,00 ₸"
14,15.12.24,-77000.0,Покупка,Отбасы банк. Погашение кредита,False,"- 77 000,00 ₸"
15,15.12.24,73000.0,Пополнение,С Kaspi Депозита,False,"+ 73 000,00 ₸"
15,15.12.24,-290000.0,Перевод,На Kaspi Депозит,False,"- 290 000,00 ₸"
15,15.12.24,-10000.0,Перевод,Қайсар Қ.,False,"- 10 000,00 ₸"
15,15.12.24,-2500.0,Перевод,Еркебулан И.,False,"- 2 500,00 ₸"
15,14.12.24,154000.0,Пополнение,В терминале,False,"+ 154 000,00 ₸"
15,14.12.24,7700.0,Пополнение,Данара А.,False,"+ 7 700,00 ₸"
15,14.12.24,-6400.0,Перевод,Султанбек П.,False,"- 6 400,00 ₸"
15,14.12.24,-21500.0,Покупка,BIG BEN,False,"- 21 500,00 ₸"
15,13.12.24,70000.0,Пополнение,В терминале,False,"+ 70 000,00 ₸"
15,13.12.24,-500.0,Перевод,Еркинбой А.,False,"- 500,00 ₸"
15,13.12.24,-3000.0,Покупка,ип.Кар,False,"- 3 000,00 ₸"
15,13.12.24,-1000.0,Покупка,<<Байсат,False,"- 1 000,00 ₸"
15,13.12.24,-8800.0,Покупка,ИП Халича,False,"- 8 800,00 ₸"
15,13.12.24,28717.0,Пополнение,Marina P.,False,"+ 28 717,00 ₸"
15,13.12.24,-20000.0,Перевод,Жаннұр Ф.,False,"- 20 000,00 ₸"
15,13.12.24,-200000.0,Перевод,Глеб З.,False,"- 200 000,00 ₸"
15,13.12.24,300000.0,Пополнение,С Kaspi Депозита,False,"+ 300 000,00 ₸"
15,13.12.24,-300000.0,Перевод,Глеб З.,False,"- 300 000,00 ₸"
15,13.12.24,300000.0,Пополнение,С Kaspi Депозита,False,"+ 300 000,00 ₸"
15,13.12.24,-750.0,Покупка,ЖК Рамс сити Print,False,"- 750,00 ₸"
15,13.12.24,-11899.0,Покупка,Услуги Қазақтелеком по лицевому счету,False,"- 11 899,00 ₸"
15,13.12.24,-16817.71,Покупка,АЛСЕКО - квитанции за квартиру,False,"- 16 817,71 ₸"
15,13.12.24,35000.0,Пополнение,С Kaspi Депозита,False,"+ 35 000,00 ₸"
15,13.12.24,-3840.0,Перевод,Динара Т.,False,"- 3 840,00 ₸"
15,12.12.24,-64000.0,Перевод,Сакен Н.,False,"- 64 000,00 ₸"
15,12.12.24,70000.0,Пополнение,С Kaspi Депозита,False,"+ 70 000,00 ₸"
15,12.12.24,-30000.0,Перевод,Шынар Ж.,False,"- 30 000,00 ₸"
15,12.12.24,15000.0,Пополнение,С Kaspi Депозита,False,"+ 15 000,00 ₸"
15,12.12.24,-50000.0,Перевод,Жанерке К.,False,"- 50 000,00 ₸"
15,12.12.24,50000.0,Пополнение,С Kaspi Депозита,False,"+ 50 000,00 ₸"
15,12.12.24,-7000.0,Перевод,Тамара А.,False,"- 7 000,00 ₸"
15,12.12.24,-4200.0,Пополнение,Возврат Сандугаш С.,False,"- 4 200,00 ₸"
15,11.12.24,-234000.0,Перевод,Марал М.,False,"- 234 000,00 ₸"
15,11.12.24,200000.0,Пополнение,С Kaspi Депозита,False,"+ 200 000,00 ₸"
15,11.12.24,-1265.0,Перевод,Abilkayir C.,False,"- 1 265,00 ₸"
15,11.12.24,-20000.0,Перевод,Гульчехра Н.,False,"- 20 000,00 ₸"
15,11.12.24,-2850.0,Покупка,ИП Алдашов,False,"- 2 850,00 ₸"
15,11.12.24,-3000.0,Покупка,"рынок Барыс 14 ряд ,17-18 контейнер",False,"- 3 000,00 ₸"
15,11.12.24,-68500.0,Перевод,Азиз А.,False,"- 68 500,00 ₸"
15,11.12.24,-8000.0,Перевод,Damekhan M.,False,"- 8 000,00 ₸"
15,10.12.24,162000.0,Пополнение,В терминале,False,"+ 162 000,00 ₸"
15,10.12.24,-590000.0,Перевод,На Kaspi Депозит,False,"- 590 000,00 ₸"
15,10.12.24,-15000.0,Перевод,Алма А.,False,"- 15 000,00 ₸"
15,10.12.24,370000.0,Пополнение,Marina P.,False,"+ 370 000,00 ₸"
15,10.12.24,-4061.0,Покупка,Нотариус,False,"- 4 061,00 ₸"
15,09.12.24,40000.0,Пополнение,Елжан С.,False,"+ 40 000,00 ₸"
15,09.12.24,200000.0,Пополнение,Елжан С.,False,"+ 200 000,00 ₸"
16,09.12.24,-10000.0,Перевод,Лиза А.,False,"- 10 000,00 ₸"
16,09.12.24,2000.0,Пополнение,С Kaspi Депозита,False,"+ 2 000,00 ₸"
16,08.12.24,-130000.0,Перевод,На Kaspi Депозит,False,"- 130 000,00 ₸"
16,08.12.24,130000.0,Пополнение,В терминале,False,"+ 130 000,00 ₸"
16,08.12.24,-2000.0,Покупка,Khassen,False,"- 2 000,00 ₸"
16,08.12.24,4200.0,Пополнение,Сандугаш С.,False,"+ 4 200,00 ₸"
16,08.12.24,-260000.0,Перевод,На Kaspi Депозит,False,"- 260 000,00 ₸"
16,07.12.24,265000.0,Пополнение,В терминале,False,"+ 265 000,00 ₸"
16,05.12.24,-845.0,Перевод,Турсунбиби О.,False,"- 845,00 ₸"
16,05.12.24,-200.0,Перевод,Құрманқан А.,False,"- 200,00 ₸"
16,05.12.24,-200.0,Перевод,Құрманқан А.,False,"- 200,00 ₸"
16,05.12.24,-200.0,Перевод,Құрманқан А.,False,"- 200,00 ₸"
16,05.12.24,3000.0,Пополнение,С Kaspi Депозита,False,"+ 3 000,00 ₸"
16,05.12.24,-28000.0,Перевод,Рамазан Х.,False,"- 28 000,00 ₸"
16,05.12.24,-2500.0,Перевод,Руслан С.,False,"- 2 500,00 ₸"
16,05.12.24,-40000.0,Перевод,Шарипа О.,False,"- 40 000,00 ₸"
16,05.12.24,-30098.0,Покупка,ип Балмурзаева,False,"- 30 098,00 ₸"
16,05.12.24,100000.0,Пополнение,В терминале,False,"+ 100 000,00 ₸"
16,05.12.24,-70000.0,Снятие,Банкомат shosse Severnoe koltso 7,False,"- 70 000,00 ₸"
16,05.12.24,70000.0,Пополнение,С Kaspi Депозита,False,"+ 70 000,00 ₸"
16,05.12.24,-1500.0,Покупка,Khassen,False,"- 1 500,00 ₸"
16,05.12.24,2000.0,Пополнение,С Kaspi Депозита,False,"+ 2 000,00 ₸"
16,05.12.24,-1000.0,Покупка,ONAY. Пополнение баланса,False,"- 1 000,00 ₸"
16,05.12.24,-4590.0,Покупка,Tele2,False,"- 4 590,00 ₸"
16,05.12.24,5000.0,Пополнение,С Kaspi Депозита,False,"+ 5 000,00 ₸"
16,04.12.24,-3700.0,Перевод,Гульнар К.,False,"- 3 700,00 ₸"
16,04.12.24,3700.0,Пополнение,С Kaspi Депозита,False,"+ 3 700,00 ₸"
16,03.12.24,-85000.0,Перевод,На Kaspi Депозит,False,"- 85 000,00 ₸"
16,03.12.24,-4500.0,Перевод,Малика А.,False,"- 4 500,00 ₸"
16,03.12.24,10000.0,Пополнение,Шемсудин У.,False,"+ 10 000,00 ₸"
16,02.12.24,-7000.0,Перевод,Дина О.,False,"- 7 000,00 ₸"
16,30.11.24,80000.0,Пополнение,В терминале,False,"+ 80 000,00 ₸"
16,30.11.24,-200000.0,Перевод,Шемсудин У.,False,"- 200 000,00 ₸"
16,30.11.24,195000.0,Пополнение,С Kaspi Депозита,False,"+ 195 000,00 ₸"
16,30.11.24,10000.0,Пополнение,Бакытгуль Б.,False,"+ 10 000,00 ₸"
16,29.11.24,-180.0,Перевод,Narmin S.,False,"- 180,00 ₸"
16,29.11.24,1000.0,Пополнение,С Kaspi Депозита,False,"+ 1 000,00 ₸"
16,29.11.24,-2380.0,Покупка,ИПДжиенкулова,False,"- 2 380,00 ₸"
16,29.11.24,3000.0,Пополнение,С Kaspi Депозита,False,"+ 3 000,00 ₸"
16,29.11.24,-7000.0,Перевод,Анар Т.,False,"- 7 000,00 ₸"
16,27.11.24,7000.0,Пополнение,С Kaspi Депозита,False,"+ 7 000,00 ₸"
16,26.11.24,-1500.0,Перевод,Аяулым Ш.,False,"- 1 500,00 ₸"
16,26.11.24,2000.0,Пополнение,С Kaspi Депозита,False,"+ 2 000,00 ₸"
16,25.11.24,-80000.0,Перевод,На Kaspi Депозит,False,"- 80 000,00 ₸"
16,25.11.24,80000.0,Пополнение,В терминале,False,"+ 80 000,00 ₸"
16,25.11.24,-180.0,Перевод,Narmin S.,False,"- 180,00 ₸"
16,24.11.24,-123000.0,Перевод,На Kaspi Депозит,False,"- 123 000,00 ₸"
17,24.11.24,-2400.0,Перевод,Almakhon M.,False,"- 2 400,00 ₸"
17,22.11.24,-500.0,Перевод,Idibek G.,False,"- 500,00 ₸"
17,22.11.24,-1360.0,Перевод,Idibek G.,False,"- 1 360,00 ₸"
17,21.11.24,75000.0,Пополнение,В терминале,False,"+ 75 000,00 ₸"
17,20.11.24,-300.0,Покупка,"Парковка. ТРЦ ""Almaty Mall""",False,"- 300,00 ₸"
17,20.11.24,-5200.0,Перевод,Шынар Ж.,False,"- 5 200,00 ₸"
17,20.11.24,-30000.0,Перевод,Айман Р.,False,"- 30 000,00 ₸"
17,20.11.24,-760.0,Перевод,Эркинбубу С.,False,"- 760,00 ₸"
17,19.11.24,-300.0,Перевод,Есболат А.,False,"- 300,00 ₸"
17,19.11.24,-5950.0,Покупка,Отчисления и взносы на обязательное,False,"- 5 950,00 ₸"
17,19.11.24,-25000.0,Покупка,Обязательные пенсионные взносы,False,"- 25 000,00 ₸"
17,19.11.24,-7875.0,Покупка,Cоциальные отчисления,False,"- 7 875,00 ₸"
17,18.11.24,-2125.0,Перевод,Марат А.,False,"- 2 125,00 ₸"
17,17.11.24,60000.0,Пополнение,С Kaspi Депозита,False,"+ 60 000,00 ₸"
17,17.11.24,-700.0,Перевод,Əлия С.,False,"- 700,00 ₸"
17,16.11.24,60000.0,Пополнение,В терминале,False,"+ 60 000,00 ₸"
17,15.11.24,-7000.0,Перевод,Қайсар Қ.,False,"- 7 000,00 ₸"
17,14.11.24,-3000.0,Перевод,Майра М.,False,"- 3 000,00 ₸"
17,14.11.24,-77000.0,Покупка,Отбасы банк. Погашение кредита,False,"- 77 000,00 ₸"
17,13.11.24,-3000.0,Перевод,Қайсар Қ.,False,"- 3 000,00 ₸"
17,12.11.24,100000.0,Пополнение,В терминале,False,"+ 100 000,00 ₸"
17,11.11.24,-1000.0,Перевод,Қайсар Қ.,False,"- 1 000,00 ₸"
17,11.11.24,2000.0,Пополнение,С Kaspi Депозита,False,"+ 2 000,00 ₸"
17,11.11.24,-600.0,Перевод,Қайсар Қ.,False,"- 600,00 ₸"
17,11.11.24,-5000.0,Перевод,Гульнара Е.,False,"- 5 000,00 ₸"
17,11.11.24,5000.0,Пополнение,С Kaspi Депозита,False,"+ 5 000,00 ₸"
17,09.11.24,-500.0,Перевод,Мавлуда А.,False,"- 500,00 ₸"
17,09.11.24,1000.0,Пополнение,С Kaspi Депозита,False,"+ 1 000,00 ₸"
17,09.11.24,-2160.0,Покупка,ЯЛЯН С-63,False,"- 2 160,00 ₸"
17,09.11.24,-17500.0,Перевод,Анаркуль М.,False,"- 17 500,00 ₸"
17,09.11.24,12000.0,Пополнение,С Kaspi Депозита,False,"+ 12 000,00 ₸"
17,09.11.24,-1000.0,Перевод,Сахидам С.,False,"- 1 000,00 ₸"
17,09.11.24,-49400.0,Перевод,Сахидам С.,False,"- 49 400,00 ₸"
17,09.11.24,50000.0,Пополнение,С Kaspi Депозита,False,"+ 50 000,00 ₸"
17,09.11.24,-3250.0,Покупка,12-50к,False,"- 3 250,00 ₸"
17,09.11.24,-6100.0,Покупка,12-50к,False,"- 6 100,00 ₸"
17,09.11.24,-150000.0,Снятие,Банкомат shosse Severnoe koltso 7,False,"- 150 000,00 ₸"
17,09.11.24,150000.0,Пополнение,С Kaspi Депозита,False,"+ 150 000,00 ₸"
17,09.11.24,-13800.0,Перевод,Жондост Р.,False,"- 13 800,00 ₸"
17,09.11.24,30000.0,Пополнение,С Kaspi Депозита,False,"+ 30 000,00 ₸"
17,08.11.24,-65000.0,Покупка,Sevn,False,"- 65 000,00 ₸"
17,08.11.24,65000.0,Пополнение,С Kaspi Депозита,False,"+ 65 000,00 ₸"
17,08.11.24,-380000.0,Перевод,На Kaspi Депозит,False,"- 380 000,00 ₸"
17,08.11.24,370000.0,Пополнение,Marina P.,False,"+ 370 000,00 ₸"
17,07.11.24,-150.0,Перевод,Əлі К.,False,"- 150,00 ₸"
17,07.11.24,-600.0,Перевод,Əлі К.,False,"- 600,00 ₸"
18,07.11.24,-5400.0,Перевод,Əлі К.,False,"- 5 400,00 ₸"
18,07.11.24,-5190.0,Покупка,"Оптомаркет ""Береке""",False,"- 5 190,00 ₸"
18,05.11.24,-1500.0,Перевод,Ксения В.,False,"- 1 500,00 ₸"
18,05.11.24,500.0,Пополнение,Гулнар А.,False,"+ 500,00 ₸"
18,04.11.24,-590.0,Покупка,Tele2,False,"- 590,00 ₸"
18,04.11.24,-4000.0,Покупка,Tele2,False,"- 4 000,00 ₸"
18,04.11.24,-500.0,Покупка,ONAY. Пополнение баланса,False,"- 500,00 ₸"
18,02.11.24,-10000.0,Перевод,Гульмира С.,False,"- 10 000,00 ₸"
18,02.11.24,-240.0,Перевод,Guli A.,False,"- 240,00 ₸"
18,02.11.24,-4400.0,Перевод,Райгуль К.,False,"- 4 400,00 ₸"
18,02.11.24,40000.0,Пополнение,Елжан С.,False,"+ 40 000,00 ₸"
18,02.11.24,2200.0,Пополнение,С Kaspi Депозита,False,"+ 2 200,00 ₸"
18,31.10.24,-300.0,Перевод,Дəулет Ə.,False,"- 300,00 ₸"
18,30.10.24,-160.0,Перевод,Bakhrom S.,False,"- 160,00 ₸"
18,30.10.24,-500.0,Перевод,Амина Х.,False,"- 500,00 ₸"
18,30.10.24,-720.0,Перевод,Ayjarkin I.,False,"- 720,00 ₸"
18,30.10.24,-60000.0,Перевод,Тахир А.,False,"- 60 000,00 ₸"
18,30.10.24,60000.0,Пополнение,С Kaspi Депозита,False,"+ 60 000,00 ₸"
18,30.10.24,-23400.0,Перевод,Рамазан Х.,False,"- 23 400,00 ₸"
18,30.10.24,25000.0,Пополнение,С Kaspi Депозита,False,"+ 25 000,00 ₸"
18,30.10.24,-2574.0,Покупка,Тагам,False,"- 2 574,00 ₸"
18,30.10.24,3000.0,Пополнение,С Kaspi Депозита,False,"+ 3 000,00 ₸"
18,30.10.24,-500.0,Покупка,Tele2,False,"- 500,00 ₸"
18,30.10.24,1000.0,Пополнение,С Kaspi Депозита,False,"+ 1 000,00 ₸"
18,29.10.24,-4000.0,Перевод,Ника Г.,False,"- 4 000,00 ₸"
18,29.10.24,4000.0,Пополнение,С Kaspi Депозита,False,"+ 4 000,00 ₸"
18,29.10.24,-2100.0,Перевод,Мухаббат С.,False,"- 2 100,00 ₸"
18,29.10.24,-7875.0,Покупка,Cоциальные отчисления,False,"- 7 875,00 ₸"
18,29.10.24,5000.0,Пополнение,С Kaspi Депозита,False,"+ 5 000,00 ₸"
18,28.10.24,-4740.0,Перевод,Əлі К.,False,"- 4 740,00 ₸"
18,28.10.24,10000.0,Пополнение,Қайсар Қ.,False,"+ 10 000,00 ₸"
18,27.10.24,-1940.0,Перевод,Narmin S.,False,"- 1 940,00 ₸"
18,27.10.24,-2100.0,Перевод,Мəулипə Қ.,False,"- 2 100,00 ₸"
18,27.10.24,3000.0,Пополнение,С Kaspi Депозита,False,"+ 3 000,00 ₸"
18,27.10.24,-69960.0,Покупка,1617,False,"- 69 960,00 ₸"
18,27.10.24,69000.0,Пополнение,С Kaspi Депозита,False,"+ 69 000,00 ₸"
18,26.10.24,-72800.0,Перевод,Есенкелди К.,False,"- 72 800,00 ₸"
18,26.10.24,73000.0,Пополнение,С Kaspi Депозита,False,"+ 73 000,00 ₸"
18,25.10.24,-730.0,Перевод,Guli A.,False,"- 730,00 ₸"
18,25.10.24,2000.0,Пополнение,С Kaspi Депозита,False,"+ 2 000,00 ₸"
18,25.10.24,-2850.0,Перевод,Ербол С.,False,"- 2 850,00 ₸"
18,25.10.24,2000.0,Пополнение,С Kaspi Депозита,False,"+ 2 000,00 ₸"
18,24.10.24,-18825.0,Покупка,АПТЕКАПЛЮС (кассы),False,"- 18 825,00 ₸"
18,24.10.24,5000.0,Пополнение,С Kaspi Депозита,False,"+ 5 000,00 ₸"
18,24.10.24,-3000.0,Перевод,Елжан С.,False,"- 3 000,00 ₸"
18,24.10.24,-1000.0,Покупка,ONAY. Пополнение баланса,False,"- 1 000,00 ₸"
18,23.10.24,-10000.0,Перевод,Айдана С.,False,"- 10 000,00 ₸"
19,23.10.24,-300.0,Перевод,Багыт Б.,False,"- 300,00 ₸"
19,23.10.24,-2000.0,Перевод,Қайсар Қ.,False,"- 2 000,00 ₸"
19,23.10.24,-6800.0,Покупка,Atakent,False,"- 6 800,00 ₸"
19,23.10.24,-5250.0,Покупка,Korea4u.kz,False,"- 5 250,00 ₸"
19,22.10.24,-3590.0,Перевод,Əлі К.,False,"- 3 590,00 ₸"
19,21.10.24,-100.0,Покупка,Туалет,False,"- 100,00 ₸"
19,21.10.24,-3000.0,Покупка,МЦПС «Хоргос». Покупка входного билета,False,"- 3 000,00 ₸"
19,20.10.24,-25000.0,Покупка,Обязательные пенсионные взносы,False,"- 25 000,00 ₸"
19,20.10.24,-5950.0,Покупка,Отчисления и взносы на обязательное,False,"- 5 950,00 ₸"
19,20.10.24,-1350.0,Перевод,Akjarkin J.,False,"- 1 350,00 ₸"
19,20.10.24,-1650.0,Перевод,Akhmad S.,False,"- 1 650,00 ₸"
19,20.10.24,-9040.0,Перевод,Алибек Ж.,False,"- 9 040,00 ₸"
19,20.10.24,-4200.0,Перевод,Muhammadamin M.,False,"- 4 200,00 ₸"
19,20.10.24,-710.0,Перевод,Сəлима Д.,False,"- 710,00 ₸"
19,20.10.24,-1350.0,Перевод,Бобурмирзо А.,False,"- 1 350,00 ₸"
19,20.10.24,-2350.0,Перевод,Feruza J.,False,"- 2 350,00 ₸"
19,20.10.24,-2640.0,Перевод,Бахром Б.,False,"- 2 640,00 ₸"
19,20.10.24,-1500.0,Покупка,ИП Абдурофи,False,"- 1 500,00 ₸"
19,20.10.24,-1500.0,Перевод,Шахбоз Ж.,False,"- 1 500,00 ₸"
19,20.10.24,-2800.0,Перевод,Salohiddin Q.,False,"- 2 800,00 ₸"
19,19.10.24,-1000.0,Покупка,ONAY. Пополнение баланса,False,"- 1 000,00 ₸"
19,18.10.24,100000.0,Пополнение,В терминале,False,"+ 100 000,00 ₸"
19,18.10.24,8900.0,Пополнение,Жанбота Қ.,False,"+ 8 900,00 ₸"
19,18.10.24,-90600.0,Перевод,Досбол А.,False,"- 90 600,00 ₸"
19,18.10.24,91000.0,Пополнение,С Kaspi Депозита,False,"+ 91 000,00 ₸"
19,18.10.24,-90000.0,Снятие,Банкомат Saina 16G,False,"- 90 000,00 ₸"
19,18.10.24,-20000.0,Перевод,Қайсар Қ.,False,"- 20 000,00 ₸"
19,17.10.24,-5285.0,Перевод,Куляш К.,False,"- 5 285,00 ₸"
19,17.10.24,-30635.0,Перевод,Алтынкул А.,False,"- 30 635,00 ₸"
19,17.10.24,82000.0,Пополнение,В терминале,False,"+ 82 000,00 ₸"
19,16.10.24,-300.0,Перевод,Жанар Қ.,False,"- 300,00 ₸"
19,16.10.24,-77000.0,Покупка,Отбасы банк. Погашение кредита,False,"- 77 000,00 ₸"
19,15.10.24,115000.0,Пополнение,В терминале,False,"+ 115 000,00 ₸"
19,15.10.24,-1000.0,Перевод,Зұлпыхар Б.,False,"- 1 000,00 ₸"
19,15.10.24,-600.0,Перевод,Феруза М.,False,"- 600,00 ₸"
19,15.10.24,-1000.0,Перевод,Сулу Ж.,False,"- 1 000,00 ₸"
19,15.10.24,-650.0,Перевод,Нурдаулет М.,False,"- 650,00 ₸"
19,15.10.24,-4750.0,Перевод,Роза Е.,False,"- 4 750,00 ₸"
19,15.10.24,-1000.0,Перевод,Фарида Қ.,False,"- 1 000,00 ₸"
19,15.10.24,-3000.0,Перевод,Жумагул А.,False,"- 3 000,00 ₸"
19,14.10.24,40000.0,Пополнение,Корлан Т.,False,"+ 40 000,00 ₸"
19,14.10.24,-2000.0,Перевод,Гульмира А.,False,"- 2 000,00 ₸"
19,14.10.24,2000.0,Пополнение,С Kaspi Депозита,False,"+ 2 000,00 ₸"
19,14.10.24,-300.0,Перевод,Айым Н.,False,"- 300,00 ₸"
19,14.10.24,-1500.0,Перевод,Жумагул А.,False,"- 1 500,00 ₸"
19,14.10.24,-2000.0,Перевод,Гульмира А.,False,"- 2 000,00 ₸"
20,14.10.24,-1000.0,Перевод,Фарида Қ.,False,"- 1 000,00 ₸"
20,14.10.24,5000.0,Пополнение,С Kaspi Депозита,False,"+ 5 000,00 ₸"
20,14.10.24,-2000.0,Перевод,Касимбек К.,False,"- 2 000,00 ₸"
20,14.10.24,-10000.0,Перевод,Асел Б.,False,"- 10 000,00 ₸"
20,14.10.24,5000.0,Пополнение,С Kaspi Депозита,False,"+ 5 000,00 ₸"
20,14.10.24,-1500.0,Перевод,Жумагул А.,False,"- 1 500,00 ₸"
20,14.10.24,-2000.0,Перевод,Қайсар Қ.,False,"- 2 000,00 ₸"
20,14.10.24,10000.0,Пополнение,С Kaspi Депозита,False,"+ 10 000,00 ₸"
20,13.10.24,-4000.0,Перевод,Хамида Т.,False,"- 4 000,00 ₸"
20,13.10.24,4000.0,Пополнение,С Kaspi Депозита,False,"+ 4 000,00 ₸"
20,13.10.24,-66800.0,Перевод,Хамида Т.,False,"- 66 800,00 ₸"
20,13.10.24,6000.0,Пополнение,С Kaspi Депозита,False,"+ 6 000,00 ₸"
20,13.10.24,60000.0,Пополнение,С Kaspi Депозита,False,"+ 60 000,00 ₸"
20,12.10.24,-245.0,Перевод,Лайла К.,False,"- 245,00 ₸"
20,12.10.24,-295.0,Перевод,Зұлпыхар Б.,False,"- 295,00 ₸"
20,12.10.24,-10500.0,Перевод,Бельдияр Н.,False,"- 10 500,00 ₸"
20,12.10.24,10000.0,Пополнение,С Kaspi Депозита,False,"+ 10 000,00 ₸"
20,12.10.24,-2000.0,Перевод,Қайсар Қ.,False,"- 2 000,00 ₸"
20,12.10.24,-3500.0,Перевод,Нуржамал А.,False,"- 3 500,00 ₸"
20,12.10.24,5000.0,Пополнение,С Kaspi Депозита,False,"+ 5 000,00 ₸"
20,12.10.24,-2000.0,Перевод,Гульмира А.,False,"- 2 000,00 ₸"
20,12.10.24,-2000.0,Перевод,Қайсар Қ.,False,"- 2 000,00 ₸"
20,12.10.24,-1000.0,Перевод,Фарида Қ.,False,"- 1 000,00 ₸"
20,12.10.24,-2000.0,Перевод,Касимбек К.,False,"- 2 000,00 ₸"
20,12.10.24,-1500.0,Перевод,Жумагул А.,False,"- 1 500,00 ₸"
20,12.10.24,10000.0,Пополнение,С Kaspi Депозита,False,"+ 10 000,00 ₸"
20,11.10.24,-15009.0,Перевод,Жумагул А.,False,"- 15 009,00 ₸"
20,11.10.24,10000.0,Пополнение,С Kaspi Депозита,False,"+ 10 000,00 ₸"
20,11.10.24,-4000.0,Перевод,Гульмира А.,False,"- 4 000,00 ₸"
20,11.10.24,10000.0,Пополнение,С Kaspi Депозита,False,"+ 10 000,00 ₸"
20,11.10.24,-1500.0,Перевод,Жумагул А.,False,"- 1 500,00 ₸"
20,11.10.24,-1500.0,Перевод,Қайсар Қ.,False,"- 1 500,00 ₸"
20,11.10.24,-1000.0,Перевод,Фарида Қ.,False,"- 1 000,00 ₸"
20,11.10.24,-2000.0,Перевод,Касимбек К.,False,"- 2 000,00 ₸"
20,10.10.24,-1500.0,Перевод,Жумагул А.,False,"- 1 500,00 ₸"
20,10.10.24,-1500.0,Перевод,Жумагул А.,False,"- 1 500,00 ₸"
20,10.10.24,-1000.0,Перевод,Фарида Қ.,False,"- 1 000,00 ₸"
20,10.10.24,10000.0,Пополнение,С Kaspi Депозита,False,"+ 10 000,00 ₸"
20,10.10.24,-50000.0,Перевод,Артур К.,False,"- 50 000,00 ₸"
20,10.10.24,10000.0,Пополнение,С Kaspi Депозита,False,"+ 10 000,00 ₸"
20,10.10.24,-2000.0,Перевод,Касимбек К.,False,"- 2 000,00 ₸"
20,10.10.24,40000.0,Пополнение,Елжан С.,False,"+ 40 000,00 ₸"
20,10.10.24,-5000.0,Перевод,Гульмира А.,False,"- 5 000,00 ₸"
20,09.10.24,-2000.0,Перевод,Касимбек К.,False,"- 2 000,00 ₸"
20,09.10.24,-500000.0,Перевод,На Kaspi Депозит,False,"- 500 000,00 ₸"
20,09.10.24,-7114.69,Покупка,АЛСЕКО - квитанции за квартиру,False,"- 7 114,69 ₸"
20,09.10.24,370000.0,Пополнение,Marina P.,False,"+ 370 000,00 ₸"
21,08.10.24,-1500.0,Перевод,Лазат К.,False,"- 1 500,00 ₸"
21,08.10.24,138000.0,Пополнение,В терминале,False,"+ 138 000,00 ₸"
21,08.10.24,10000.0,Пополнение,Елжан С.,False,"+ 10 000,00 ₸"
21,07.10.24,-4999.0,Покупка,TOO HELIOS ALMATY,False,"- 4 999,00 ₸"
21,06.10.24,-3650.0,Перевод,Мохаммад Ясин К.,False,"- 3 650,00 ₸"
21,06.10.24,-500.0,Перевод,Асхат М.,False,"- 500,00 ₸"
21,06.10.24,-21000.0,Покупка,Алимов,False,"- 21 000,00 ₸"
21,06.10.24,-500.0,Перевод,Айгуль Т.,False,"- 500,00 ₸"
21,05.10.24,-1500.0,Перевод,Қайсар Қ.,False,"- 1 500,00 ₸"
21,05.10.24,-30000.0,Перевод,Каиржан С.,False,"- 30 000,00 ₸"
21,04.10.24,-4590.0,Покупка,Tagam,False,"- 4 590,00 ₸"
21,04.10.24,-5000.0,Перевод,Тонг Х.,False,"- 5 000,00 ₸"
21,04.10.24,70000.0,Пополнение,В терминале,False,"+ 70 000,00 ₸"
21,04.10.24,-10500.0,Перевод,Тонг Х.,False,"- 10 500,00 ₸"
21,04.10.24,2405.0,Пополнение,С Kaspi Депозита,False,"+ 2 405,00 ₸"
21,04.10.24,1200.0,Пополнение,С Kaspi Депозита,False,"+ 1 200,00 ₸"
21,04.10.24,-2000.0,Перевод,Қайсар Қ.,False,"- 2 000,00 ₸"
21,03.10.24,-1840.0,Покупка,"Магазин ""Береке""",False,"- 1 840,00 ₸"
21,03.10.24,-600.0,Перевод,Ерсұлтан М.,False,"- 600,00 ₸"
21,03.10.24,-1800.0,Перевод,Гульжамол Т.,False,"- 1 800,00 ₸"
21,03.10.24,-12000.0,Перевод,Жансая С.,False,"- 12 000,00 ₸"
21,03.10.24,25000.0,Пополнение,Жанбота Қ.,False,"+ 25 000,00 ₸"
21,01.10.24,-30000.0,Перевод,Назерке Р.,False,"- 30 000,00 ₸"
21,01.10.24,-115220.0,Перевод,Анжелика Х.,False,"- 115 220,00 ₸"
21,01.10.24,-2000.0,Перевод,Қайсар Қ.,False,"- 2 000,00 ₸"
21,30.09.24,-2990.0,Покупка,Аптека низких цен,False,"- 2 990,00 ₸"
21,30.09.24,-1500.0,Перевод,Қайсар Қ.,False,"- 1 500,00 ₸"
21,30.09.24,-1000.0,Перевод,Қайсар Қ.,False,"- 1 000,00 ₸"
21,29.09.24,-550.0,Покупка,Nargiza,False,"- 550,00 ₸"
21,29.09.24,-17000.0,Перевод,Қайсар Қ.,False,"- 17 000,00 ₸"
21,29.09.24,75000.0,Пополнение,Жанбота Қ.,False,"+ 75 000,00 ₸"
21,28.09.24,-150.0,Перевод,Narmin S.,False,"- 150,00 ₸"
21,28.09.24,-500.0,Покупка,ONAY. Пополнение баланса,False,"- 500,00 ₸"
21,28.09.24,60000.0,Пополнение,В терминале,False,"+ 60 000,00 ₸"
21,28.09.24,-800.0,Покупка,FOYER,False,"- 800,00 ₸"
21,28.09.24,4500.0,Пополнение,Эркинбубу С.,False,"+ 4 500,00 ₸"
21,27.09.24,-390.0,Перевод,Narmin S.,False,"- 390,00 ₸"
21,27.09.24,-500.0,Покупка,ONAY. Пополнение баланса,False,"- 500,00 ₸"
21,27.09.24,-3000.0,Перевод,Шынар Ж.,False,"- 3 000,00 ₸"
21,27.09.24,-3000.0,Покупка,Cordial fitness,False,"- 3 000,00 ₸"
21,27.09.24,40000.0,Пополнение,В терминале,False,"+ 40 000,00 ₸"
21,26.09.24,-540.0,Перевод,Айтолкын А.,False,"- 540,00 ₸"
21,26.09.24,-1820.0,Перевод,Narmin S.,False,"- 1 820,00 ₸"
21,26.09.24,3000.0,Пополнение,С Kaspi Депозита,False,"+ 3 000,00 ₸"
21,26.09.24,-10000.0,Перевод,Зауре К.,False,"- 10 000,00 ₸"
21,26.09.24,1000.0,Пополнение,С Kaspi Депозита,False,"+ 1 000,00 ₸"
21,26.09.24,-5500.0,Покупка,Абылай хана,False,"- 5 500,00 ₸"
22,26.09.24,-1944.0,Покупка,Тагам,False,"- 1 944,00 ₸"
22,25.09.24,-5560.0,Покупка,Тоо Исмаилов официал,False,"- 5 560,00 ₸"
22,25.09.24,-2850.0,Перевод,Нұрдəулет Р.,False,"- 2 850,00 ₸"
22,25.09.24,-7085.0,Перевод,Баян А.,False,"- 7 085,00 ₸"
22,25.09.24,-11740.0,Перевод,Махибан Б.,False,"- 11 740,00 ₸"
22,24.09.24,-2000.0,Перевод,Қайсар Қ.,False,"- 2 000,00 ₸"
22,24.09.24,-2000.0,Перевод,Қайсар Қ.,False,"- 2 000,00 ₸"
22,23.09.24,-5000.0,Перевод,Каиржан С.,False,"- 5 000,00 ₸"
22,23.09.24,-500.0,Покупка,ONAY. Пополнение баланса,False,"- 500,00 ₸"
