﻿page,date,amount,operation,details,clock_icon,amount_text
0,20.08.25,600.0,Пополнение,Эльмира Т.,False,"+ 600,00 ₸"
0,20.08.25,1300.0,Пополнение,Юлия Ш.,False,"+ 1 300,00 ₸"
0,19.08.25,3835.0,Пополнение,Зарплата,False,"+ 3 835,00 ₸"
0,19.08.25,-700.0,Покупка,inDrive,False,"- 700,00 ₸"
0,19.08.25,1600.0,Пополнение,Амантай С.,False,"+ 1 600,00 ₸"
0,19.08.25,-4530.0,Покупка,ЭНЕРГОЦЕНТРАКТОБЕ,False,"- 4 530,00 ₸"
0,19.08.25,94416.0,Пополнение,Зарплата,False,"+ 94 416,00 ₸"
0,18.08.25,1200.0,Пополнение,Шахизада Ж.,False,"+ 1 200,00 ₸"
0,18.08.25,-2500.0,Покупка,Activ,False,"- 2 500,00 ₸"
0,18.08.25,-2000.0,Покупка,Beeline,False,"- 2 000,00 ₸"
0,18.08.25,-5000.0,Покупка,Beeline,False,"- 5 000,00 ₸"
0,17.08.25,-2000.0,Перевод,Ернар О.,False,"- 2 000,00 ₸"
0,17.08.25,-2715.0,Покупка,AQMOL,False,"- 2 715,00 ₸"
0,17.08.25,-65.0,Покупка,Кирби Кустанай,False,"- 65,00 ₸"
0,17.08.25,-8.0,Покупка,Строймарт,False,"- 8,00 ₸"
0,17.08.25,-23992.0,Покупка,ИП ЖУМАГУЛ,True,"- 23 992,00 ₸"
0,16.08.25,-1400.0,Покупка,Satty Zhuldyz,False,"- 1 400,00 ₸"
0,16.08.25,5000.0,Пополнение,Алтынай И.,False,"+ 5 000,00 ₸"
0,13.08.25,-1500.0,Перевод,Бакыт Б.,False,"- 1 500,00 ₸"
0,13.08.25,-1500.0,Перевод,Аскербай К.,False,"- 1 500,00 ₸"
0,13.08.25,-300.0,Покупка,Любимым детям,False,"- 300,00 ₸"
1,13.08.25,-15000.0,Перевод,Біржан Б.,False,"- 15 000,00 ₸"
1,13.08.25,-900.0,Перевод,Жанагул А.,False,"- 900,00 ₸"
1,12.08.25,-15000.0,Перевод,Бакытгуль И.,False,"- 15 000,00 ₸"
1,12.08.25,-461.0,Покупка,ИП Кожанова Д М,False,"- 461,00 ₸"
1,12.08.25,-3423.0,Покупка,IP KOZHANOVA DAMELI MUKANOV,False,"- 3 423,00 ₸"
1,12.08.25,-1200.0,Покупка,ип Тусипкалиев,False,"- 1 200,00 ₸"
1,12.08.25,-2700.0,Покупка,Минимаркет,False,"- 2 700,00 ₸"
1,12.08.25,-886.0,Покупка,"TOO ""ANVAR""",False,"- 886,00 ₸"
1,12.08.25,1300.0,Пополнение,Жайдар Н.,False,"+ 1 300,00 ₸"
1,11.08.25,1200.0,Пополнение,Айару С.,False,"+ 1 200,00 ₸"
1,11.08.25,1200.0,Пополнение,Рая Е.,False,"+ 1 200,00 ₸"
1,10.08.25,-390.0,Покупка,"TOO ""DINA MARKET""",False,"- 390,00 ₸"
1,10.08.25,-700.0,Покупка,inDrive,False,"- 700,00 ₸"
1,10.08.25,-1770.0,Перевод,Жанаргул Д.,False,"- 1 770,00 ₸"
1,10.08.25,-1500.0,Перевод,Изат А.,False,"- 1 500,00 ₸"
1,10.08.25,-50000.0,Перевод,Светлана С.,False,"- 50 000,00 ₸"
1,10.08.25,1600.0,Пополнение,Гайдархан Е.,False,"+ 1 600,00 ₸"
1,09.08.25,-300.0,Покупка,АМИНА,False,"- 300,00 ₸"
1,09.08.25,-1400.0,Покупка,Satty Zhuldyz,False,"- 1 400,00 ₸"
1,09.08.25,-8900.0,Покупка,Услуги Қазақтелеком по лицевому счету,False,"- 8 900,00 ₸"
1,08.08.25,1500.0,Пополнение,Мөлдір Қ.,False,"+ 1 500,00 ₸"
1,08.08.25,1300.0,Пополнение,Сағыныш М.,False,"+ 1 300,00 ₸"
1,07.08.25,1000.0,Пополнение,Жанагул А.,False,"+ 1 000,00 ₸"
1,06.08.25,4000.0,Пополнение,Айбулат И.,False,"+ 4 000,00 ₸"
1,05.08.25,-700.0,Покупка,inDrive,False,"- 700,00 ₸"
1,04.08.25,-1500.0,Покупка,ип Тусипкалиев,False,"- 1 500,00 ₸"
1,04.08.25,-100000.0,Перевод,Айгерим Ж.,False,"- 100 000,00 ₸"
1,04.08.25,150000.0,Пополнение,В Kaspi Банкомате,False,"+ 150 000,00 ₸"
1,04.08.25,1100.0,Пополнение,Жанагул А.,False,"+ 1 100,00 ₸"
1,02.08.25,-1400.0,Покупка,Satty Zhuldyz,False,"- 1 400,00 ₸"
1,02.08.25,-490.0,Перевод,Батырбек Ə.,False,"- 490,00 ₸"
1,02.08.25,1300.0,Пополнение,Камшат Б.,False,"+ 1 300,00 ₸"
1,01.08.25,-170.0,Покупка,АМИНА,False,"- 170,00 ₸"
1,01.08.25,-1000.0,Покупка,Аппарат самообслуживания,False,"- 1 000,00 ₸"
1,01.08.25,-24000.0,Перевод,Райхан И.,False,"- 24 000,00 ₸"
1,01.08.25,-30000.0,Перевод,Хамит М.,False,"- 30 000,00 ₸"
1,01.08.25,-2500.0,Покупка,Достык,False,"- 2 500,00 ₸"
1,01.08.25,1100.0,Пополнение,Жанагул А.,False,"+ 1 100,00 ₸"
1,31.07.25,-10000.0,Перевод,Бакытгуль И.,False,"- 10 000,00 ₸"
1,31.07.25,1300.0,Пополнение,Гаухар К.,False,"+ 1 300,00 ₸"
1,31.07.25,-600.0,Покупка,inDrive,False,"- 600,00 ₸"
1,31.07.25,800.0,Пополнение,Аружан Ə.,False,"+ 800,00 ₸"
1,30.07.25,-3000.0,Покупка,IP RIFFEL,False,"- 3 000,00 ₸"
1,29.07.25,-20100.0,Покупка,ип ермолаева,False,"- 20 100,00 ₸"
1,29.07.25,4000.0,Пополнение,Айбулат И.,False,"+ 4 000,00 ₸"
1,28.07.25,-220.0,Покупка,АМИНА,False,"- 220,00 ₸"
1,28.07.25,2100.0,Пополнение,Виолетта Ф.,False,"+ 2 100,00 ₸"
2,27.07.25,-500.0,Покупка,inDrive,False,"- 500,00 ₸"
2,27.07.25,1300.0,Пополнение,Аяжан Т.,False,"+ 1 300,00 ₸"
2,26.07.25,-3707.0,Покупка,ММ 1201,False,"- 3 707,00 ₸"
2,26.07.25,-800.0,Перевод,Айнұр Б.,False,"- 800,00 ₸"
2,25.07.25,-385.0,Покупка,Magazin,False,"- 385,00 ₸"
2,25.07.25,-345.0,Покупка,рынок Табыс,False,"- 345,00 ₸"
2,25.07.25,-1470.0,Перевод,Salauat D.,False,"- 1 470,00 ₸"
2,25.07.25,-780.0,Покупка,Социальный магазин,False,"- 780,00 ₸"
2,25.07.25,-1590.0,Перевод,Аскар Н.,False,"- 1 590,00 ₸"
2,24.07.25,2000.0,Пополнение,Несибели С.,False,"+ 2 000,00 ₸"
2,23.07.25,-500.0,Покупка,inDrive,False,"- 500,00 ₸"
2,23.07.25,1500.0,Пополнение,Дания М.,False,"+ 1 500,00 ₸"
2,23.07.25,1100.0,Пополнение,Айдана С.,False,"+ 1 100,00 ₸"
2,22.07.25,-2200.0,Покупка,Налоги для ИП,False,"- 2 200,00 ₸"
2,22.07.25,-5950.0,Покупка,Отчисления и взносы на обязательное,False,"- 5 950,00 ₸"
2,22.07.25,-4250.0,Покупка,Cоциальные отчисления,False,"- 4 250,00 ₸"
2,22.07.25,-8500.0,Покупка,Обязательные пенсионные взносы,False,"- 8 500,00 ₸"
2,22.07.25,-1500.0,Покупка,ТОО Знание Сервис,False,"- 1 500,00 ₸"
2,21.07.25,-300.0,Перевод,Құралай Ү.,False,"- 300,00 ₸"
2,20.07.25,1500.0,Пополнение,Алина К.,False,"+ 1 500,00 ₸"
2,19.07.25,-100.0,Перевод,Рахат Д.,False,"- 100,00 ₸"
2,19.07.25,-2870.0,Покупка,IP RZASHEVA SALTANAT GIZATO,False,"- 2 870,00 ₸"
2,19.07.25,1500.0,Пополнение,Жандəулет Б.,False,"+ 1 500,00 ₸"
2,18.07.25,-500.0,Покупка,Аппарат самообслуживания,False,"- 500,00 ₸"
2,18.07.25,-500.0,Покупка,ИП Хасенов,False,"- 500,00 ₸"
2,18.07.25,-1212.0,Покупка,"TOO ""ANVAR""",False,"- 1 212,00 ₸"
2,18.07.25,1000.0,Пополнение,Эльмира С.,False,"+ 1 000,00 ₸"
2,17.07.25,-720.0,Покупка,Satty Zhuldyz,False,"- 720,00 ₸"
2,17.07.25,-113.0,Покупка,Satty Zhuldyz,False,"- 113,00 ₸"
2,17.07.25,-540.0,Покупка,Магазин Темирлан,False,"- 540,00 ₸"
2,17.07.25,-1160.0,Перевод,Марат А.,False,"- 1 160,00 ₸"
2,17.07.25,-480.0,Покупка,ИП САГЫРБАЕВА,False,"- 480,00 ₸"
2,17.07.25,-2500.0,Перевод,Зухриддин Т.,False,"- 2 500,00 ₸"
2,17.07.25,-2500.0,Перевод,Камшат А.,False,"- 2 500,00 ₸"
2,17.07.25,133628.0,Пополнение,Зарплата,False,"+ 133 628,00 ₸"
2,17.07.25,-5000.0,Покупка,Beeline,False,"- 5 000,00 ₸"
2,17.07.25,-600.0,Покупка,inDrive,False,"- 600,00 ₸"
2,17.07.25,600.0,Пополнение,Гульнара Т.,False,"+ 600,00 ₸"
2,16.07.25,-450.0,Покупка,Бекзат,False,"- 450,00 ₸"
2,16.07.25,-500.0,Перевод,Ариназ Қ.,False,"- 500,00 ₸"
2,15.07.25,-550.0,Покупка,Берекелі,False,"- 550,00 ₸"
2,15.07.25,700.0,Пополнение,Раушан А.,False,"+ 700,00 ₸"
2,15.07.25,-2500.0,Покупка,Activ,False,"- 2 500,00 ₸"
2,15.07.25,1300.0,Пополнение,Əдемі О.,False,"+ 1 300,00 ₸"
2,14.07.25,-1500.0,Перевод,Гуляй Т.,False,"- 1 500,00 ₸"
2,12.07.25,-2666.0,Покупка,116 SUPER MARKET,False,"- 2 666,00 ₸"
3,12.07.25,-1620.0,Перевод,Асхат Ө.,False,"- 1 620,00 ₸"
3,11.07.25,-1500.0,Перевод,Илья Ш.,False,"- 1 500,00 ₸"
3,11.07.25,-10000.0,Перевод,Айбулат И.,False,"- 10 000,00 ₸"
3,11.07.25,8000.0,Пополнение,Айбулат И.,False,"+ 8 000,00 ₸"
3,10.07.25,-540.0,Покупка,АМИНА,False,"- 540,00 ₸"
3,09.07.25,-2700.0,Покупка,GOOD FOOD City,False,"- 2 700,00 ₸"
3,09.07.25,-6900.0,Покупка,Услуги Қазақтелеком по лицевому счету,False,"- 6 900,00 ₸"
3,09.07.25,-1000.0,Покупка,Beeline,False,"- 1 000,00 ₸"
3,07.07.25,-1000.0,Покупка,Торговый дом Айман,False,"- 1 000,00 ₸"
3,07.07.25,-840.0,Покупка,Магазин Мейірім,False,"- 840,00 ₸"
3,07.07.25,-1300.0,Перевод,Изат А.,False,"- 1 300,00 ₸"
3,07.07.25,8500.0,Пополнение,Алтынай И.,False,"+ 8 500,00 ₸"
3,07.07.25,-8530.0,Покупка,"TOO ""DINA MARKET""",False,"- 8 530,00 ₸"
3,07.07.25,-20000.0,Перевод,Райхан И.,False,"- 20 000,00 ₸"
3,06.07.25,-2000.0,Перевод,Кабыл Ж.,False,"- 2 000,00 ₸"
3,05.07.25,850.0,Пополнение,Назгүл Т.,False,"+ 850,00 ₸"
3,05.07.25,-2100.0,Покупка,Satty Zhuldyz,False,"- 2 100,00 ₸"
3,05.07.25,-37862.0,Покупка,ТОО Kaspi Travel,False,"- 37 862,00 ₸"
3,05.07.25,-2300.0,Перевод,Изат А.,False,"- 2 300,00 ₸"
3,04.07.25,-330.0,Покупка,Оспан,False,"- 330,00 ₸"
3,04.07.25,-200.0,Покупка,АМИНА,False,"- 200,00 ₸"
3,04.07.25,-1300.0,Покупка,АМИНА,False,"- 1 300,00 ₸"
3,04.07.25,100000.0,Пополнение,Мади И.,False,"+ 100 000,00 ₸"
3,04.07.25,-2835.0,Покупка,ТОО Энергосистема,False,"- 2 835,00 ₸"
3,04.07.25,-5025.0,Покупка,Энергосистема. Прочие услуги,False,"- 5 025,00 ₸"
3,03.07.25,-1000.0,Покупка,Аппарат самообслуживания,False,"- 1 000,00 ₸"
3,03.07.25,-5000.0,Перевод,Бакытгуль И.,False,"- 5 000,00 ₸"
3,02.07.25,-2100.0,Покупка,кх экопродукт,False,"- 2 100,00 ₸"
3,02.07.25,-410.0,Покупка,Тəтті Дəм,False,"- 410,00 ₸"
3,02.07.25,-100000.0,Перевод,Мади И.,False,"- 100 000,00 ₸"
3,02.07.25,-95.0,Покупка,Налог на имущество,False,"- 95,00 ₸"
3,30.06.25,-1000.0,Перевод,Райгул А.,False,"- 1 000,00 ₸"
3,29.06.25,-22000.0,Перевод,Айгерім Н.,False,"- 22 000,00 ₸"
3,29.06.25,-500.0,Перевод,Гаухар Н.,False,"- 500,00 ₸"
3,28.06.25,-2513.0,Покупка,АМИНА,False,"- 2 513,00 ₸"
3,27.06.25,-2000.0,Перевод,Канат К.,False,"- 2 000,00 ₸"
3,26.06.25,-1000.0,Перевод,Мейрамбек А.,False,"- 1 000,00 ₸"
3,26.06.25,-3000.0,Перевод,Мейрамбек А.,False,"- 3 000,00 ₸"
3,26.06.25,-1000.0,Перевод,Мейрамбек А.,False,"- 1 000,00 ₸"
3,26.06.25,-1000.0,Перевод,Мейрамбек А.,False,"- 1 000,00 ₸"
3,26.06.25,-1500.0,Перевод,Дархан Т.,False,"- 1 500,00 ₸"
3,26.06.25,-40.0,Покупка,Туалет ТП 6,False,"- 40,00 ₸"
3,26.06.25,-350.0,Покупка,Амико фуд,False,"- 350,00 ₸"
3,25.06.25,-700.0,Перевод,Біржан Б.,False,"- 700,00 ₸"
3,25.06.25,-3650.0,Покупка,Маринад,False,"- 3 650,00 ₸"
3,25.06.25,-990.0,Покупка,АМИНА,False,"- 990,00 ₸"
3,24.06.25,-170.0,Покупка,АМИНА,False,"- 170,00 ₸"
4,24.06.25,-2200.0,Покупка,Налог для юр. лиц по реквизитам,False,"- 2 200,00 ₸"
4,24.06.25,-8500.0,Покупка,Обязательные пенсионные взносы,False,"- 8 500,00 ₸"
4,24.06.25,-4250.0,Покупка,Cоциальные отчисления,False,"- 4 250,00 ₸"
4,24.06.25,-5950.0,Покупка,Отчисления и взносы на обязательное,False,"- 5 950,00 ₸"
4,23.06.25,-1000.0,Перевод,Сымбат А.,False,"- 1 000,00 ₸"
4,22.06.25,-1450.0,Покупка,IP RYBACHOK AKTOBE,False,"- 1 450,00 ₸"
4,22.06.25,-2500.0,Покупка,кх экопродукт,False,"- 2 500,00 ₸"
4,21.06.25,-13250.0,Покупка,IP BAYTIBAEVA,False,"- 13 250,00 ₸"
4,21.06.25,-11000.0,Перевод,Виталий Г.,False,"- 11 000,00 ₸"
4,21.06.25,-12000.0,Перевод,Саламат Қ.,False,"- 12 000,00 ₸"
4,21.06.25,-400.0,Перевод,Фатима С.,False,"- 400,00 ₸"
4,20.06.25,-370.0,Перевод,Жайнагул Е.,False,"- 370,00 ₸"
4,20.06.25,-7500.0,Перевод,Жайнагул Е.,False,"- 7 500,00 ₸"
4,20.06.25,-7150.0,Перевод,Зухриддин Т.,False,"- 7 150,00 ₸"
4,20.06.25,-900.0,Перевод,Сакен К.,False,"- 900,00 ₸"
4,20.06.25,-2200.0,Перевод,Рахима К.,False,"- 2 200,00 ₸"
4,20.06.25,-2485.0,Перевод,Дариға Ə.,False,"- 2 485,00 ₸"
4,20.06.25,-4897.0,Перевод,Ислам К.,False,"- 4 897,00 ₸"
4,20.06.25,-1648.0,Перевод,Бақи С.,False,"- 1 648,00 ₸"
4,19.06.25,-1600.0,Перевод,Əлихан Қ.,False,"- 1 600,00 ₸"
4,19.06.25,-10000.0,Перевод,Айбулат И.,False,"- 10 000,00 ₸"
4,19.06.25,-76000.0,Покупка,IP DOLIN V. V.,False,"- 76 000,00 ₸"
4,18.06.25,-30000.0,Перевод,Аманжол У.,False,"- 30 000,00 ₸"
4,18.06.25,-419.0,Покупка,"TOO ""ANVAR""",False,"- 419,00 ₸"
4,17.06.25,-1000.0,Покупка,Avtobys. Пополнение баланса,False,"- 1 000,00 ₸"
4,16.06.25,-6900.0,Покупка,Услуги Қазақтелеком по лицевому счету,False,"- 6 900,00 ₸"
4,16.06.25,-500.0,Покупка,Beeline,False,"- 500,00 ₸"
4,16.06.25,-5000.0,Покупка,Beeline,False,"- 5 000,00 ₸"
4,16.06.25,-1500.0,Перевод,Балшокен Ж.,False,"- 1 500,00 ₸"
4,16.06.25,-2400.0,Перевод,Мейіржан Ж.,False,"- 2 400,00 ₸"
4,15.06.25,-700.0,Перевод,Максим Ж.,False,"- 700,00 ₸"
4,15.06.25,-2330.0,Покупка,IP KOPTLEUOVA AM,False,"- 2 330,00 ₸"
4,15.06.25,-220.0,Покупка,АМИНА,False,"- 220,00 ₸"
4,14.06.25,-3300.0,Перевод,Кабыл Ж.,False,"- 3 300,00 ₸"
4,14.06.25,-10000.0,Перевод,Бакытжан К.,False,"- 10 000,00 ₸"
4,14.06.25,-3000.0,Покупка,Activ,False,"- 3 000,00 ₸"
4,14.06.25,-170.0,Покупка,АМИНА,False,"- 170,00 ₸"
4,13.06.25,-2900.0,Перевод,Раис С.,False,"- 2 900,00 ₸"
4,13.06.25,-2900.0,Перевод,Раис С.,False,"- 2 900,00 ₸"
4,12.06.25,1500.0,Пополнение,Дулат А.,False,"+ 1 500,00 ₸"
4,12.06.25,-1000.0,Покупка,True Tone,False,"- 1 000,00 ₸"
4,11.06.25,-480.0,Покупка,Оспан,False,"- 480,00 ₸"
4,10.06.25,-1220.0,Покупка,IP MUSAEV,False,"- 1 220,00 ₸"
4,08.06.25,-900.0,Перевод,Аскар Ш.,False,"- 900,00 ₸"
4,07.06.25,-1000.0,Покупка,Avtobys. Пополнение баланса,False,"- 1 000,00 ₸"
4,07.06.25,-220.0,Покупка,АМИНА,False,"- 220,00 ₸"
5,07.06.25,-20000.0,Перевод,Серикбай М.,False,"- 20 000,00 ₸"
5,06.06.25,-1500.0,Перевод,Ruslan T.,False,"- 1 500,00 ₸"
5,06.06.25,-2800.0,Покупка,IP RIFFEL,False,"- 2 800,00 ₸"
5,06.06.25,-3000.0,Покупка,Beeline,False,"- 3 000,00 ₸"
5,05.06.25,2000.0,Пополнение,Саулетай Д.,False,"+ 2 000,00 ₸"
5,03.06.25,-500.0,Покупка,Avtobys. Пополнение баланса,False,"- 500,00 ₸"
5,03.06.25,-500.0,Покупка,Avtobys. Пополнение баланса,False,"- 500,00 ₸"
5,03.06.25,-1000.0,Перевод,Гульден С.,False,"- 1 000,00 ₸"
5,02.06.25,103350.0,Пополнение,Зарплата,False,"+ 103 350,00 ₸"
5,02.06.25,133557.0,Пополнение,Зарплата,False,"+ 133 557,00 ₸"
5,02.06.25,-2394.0,Покупка,"TOO ""ANVAR""",False,"- 2 394,00 ₸"
5,31.05.25,-3490.0,Покупка,IP IRKINALINOVA ZAURESH ENS,False,"- 3 490,00 ₸"
5,31.05.25,-800.0,Покупка,Аппарат самообслуживания,False,"- 800,00 ₸"
5,31.05.25,10000.0,Пополнение,Светлана С.,False,"+ 10 000,00 ₸"
5,31.05.25,-10000.0,Перевод,Светлана С.,False,"- 10 000,00 ₸"
5,30.05.25,-450.0,Покупка,"Посуда, всё для дома",False,"- 450,00 ₸"
5,30.05.25,-1280.0,Покупка,APTEKA MIR ZDOROVYA,False,"- 1 280,00 ₸"
5,30.05.25,-5000.0,Покупка,Beeline,False,"- 5 000,00 ₸"
5,29.05.25,-599.0,Покупка,"TOO ""DINA MARKET""",False,"- 599,00 ₸"
5,29.05.25,-30000.0,Перевод,Райхан И.,False,"- 30 000,00 ₸"
5,28.05.25,-170.0,Покупка,АМИНА,False,"- 170,00 ₸"
5,27.05.25,-850.0,Покупка,Дарыхана Нурсити,False,"- 850,00 ₸"
5,27.05.25,-980.0,Покупка,Дарыхана Нурсити,False,"- 980,00 ₸"
5,27.05.25,-895.0,Перевод,Мария С.,False,"- 895,00 ₸"
5,27.05.25,-2200.0,Покупка,Налог для юр. лиц по реквизитам,False,"- 2 200,00 ₸"
5,27.05.25,-5950.0,Покупка,Отчисления и взносы на обязательное,False,"- 5 950,00 ₸"
5,27.05.25,-4250.0,Покупка,Cоциальные отчисления,False,"- 4 250,00 ₸"
5,27.05.25,-8500.0,Покупка,Обязательные пенсионные взносы,False,"- 8 500,00 ₸"
5,27.05.25,-1500.0,Покупка,ТОО Знание Сервис,False,"- 1 500,00 ₸"
5,26.05.25,-170.0,Покупка,АМИНА,False,"- 170,00 ₸"
5,25.05.25,-5000.0,Перевод,Акбота Б.,False,"- 5 000,00 ₸"
5,24.05.25,-5000.0,Перевод,Біржан Б.,False,"- 5 000,00 ₸"
5,24.05.25,-470.0,Покупка,"TOO ""DINA MARKET""",False,"- 470,00 ₸"
5,24.05.25,-449.0,Покупка,Гипермаркет,False,"- 449,00 ₸"
5,24.05.25,-250.0,Перевод,Оксана Ш.,False,"- 250,00 ₸"
5,23.05.25,-10240.0,Покупка,"TOO ""ANVAR""",False,"- 10 240,00 ₸"
5,22.05.25,-800.0,Покупка,Darihana,False,"- 800,00 ₸"
5,22.05.25,15000.0,Пополнение,Амангалий И.,False,"+ 15 000,00 ₸"
5,21.05.25,-5000.0,Перевод,Біржан Б.,False,"- 5 000,00 ₸"
5,21.05.25,-160.0,Покупка,АМИНА,False,"- 160,00 ₸"
5,21.05.25,-534.0,Покупка,"TOO ""ANVAR""",False,"- 534,00 ₸"
5,19.05.25,-960.0,Покупка,ИП Naz-MMA,False,"- 960,00 ₸"
5,19.05.25,137672.0,Пополнение,Зарплата,False,"+ 137 672,00 ₸"
5,19.05.25,3000.0,Пополнение,Амангельды Т.,False,"+ 3 000,00 ₸"
5,17.05.25,-240.0,Покупка,"TOO ""ANVAR""",False,"- 240,00 ₸"
5,17.05.25,-1140.0,Покупка,Старогородские ливерные пирожки,False,"- 1 140,00 ₸"
6,17.05.25,-1500.0,Покупка,SэконоМаркет,False,"- 1 500,00 ₸"
6,17.05.25,2000.0,Пополнение,Эльмира Т.,False,"+ 2 000,00 ₸"
6,17.05.25,-1150.0,Покупка,KH DI-AR,False,"- 1 150,00 ₸"
6,16.05.25,-30000.0,Перевод,Бакытгуль И.,False,"- 30 000,00 ₸"
6,16.05.25,60000.0,Пополнение,В Kaspi Банкомате,False,"+ 60 000,00 ₸"
6,16.05.25,-1102.0,Покупка,"TOO ""ANVAR""",False,"- 1 102,00 ₸"
6,16.05.25,-6900.0,Покупка,Услуги Қазақтелеком по лицевому счету,False,"- 6 900,00 ₸"
6,16.05.25,-5000.0,Покупка,Beeline,False,"- 5 000,00 ₸"
6,16.05.25,-5000.0,Перевод,Мадина М.,False,"- 5 000,00 ₸"
6,15.05.25,-220.0,Покупка,АМИНА,False,"- 220,00 ₸"
6,15.05.25,-1620.0,Перевод,Олжас Ж.,False,"- 1 620,00 ₸"
6,15.05.25,-2250.0,Перевод,Лəззат Ғ.,False,"- 2 250,00 ₸"
6,14.05.25,-710.0,Перевод,Мейржан С.,False,"- 710,00 ₸"
6,14.05.25,-500.0,Покупка,Activ,False,"- 500,00 ₸"
6,14.05.25,-2000.0,Покупка,Activ,False,"- 2 000,00 ₸"
6,13.05.25,-6965.0,Покупка,Аптека со склада,False,"- 6 965,00 ₸"
6,13.05.25,-3150.0,Покупка,Миллениум,False,"- 3 150,00 ₸"
6,12.05.25,-1500.0,Перевод,Саулетай Д.,False,"- 1 500,00 ₸"
6,12.05.25,10000.0,Пополнение,Муратбай Д.,False,"+ 10 000,00 ₸"
6,10.05.25,-2780.0,Покупка,Магазин Серик,False,"- 2 780,00 ₸"
6,10.05.25,-500.0,Покупка,Avtobys. Пополнение баланса,False,"- 500,00 ₸"
6,10.05.25,-500.0,Покупка,"TOO ""Kaspi Magazin""",False,"- 500,00 ₸"
6,10.05.25,-4900.0,Покупка,Зенетар,False,"- 4 900,00 ₸"
6,10.05.25,-1980.0,Перевод,Исламбек Қ.,False,"- 1 980,00 ₸"
6,10.05.25,-300.0,Покупка,Аппарат самообслуживания,False,"- 300,00 ₸"
6,10.05.25,-800.0,Покупка,Аппарат самообслуживания,False,"- 800,00 ₸"
6,08.05.25,-870.0,Покупка,АМИНА,False,"- 870,00 ₸"
6,08.05.25,-14950.0,Покупка,IP TOREMURATOVA VENERA TEND,False,"- 14 950,00 ₸"
6,07.05.25,-2000.0,Покупка,Beeline,False,"- 2 000,00 ₸"
6,07.05.25,-4500.0,Покупка,Avtokompleks SHIK,False,"- 4 500,00 ₸"
6,06.05.25,-2140.0,Покупка,Дарыхана Нурсити,False,"- 2 140,00 ₸"
6,06.05.25,-2000.0,Перевод,Лариса А.,False,"- 2 000,00 ₸"
6,05.05.25,-900.0,Перевод,Базаргул Т.,False,"- 900,00 ₸"
6,03.05.25,-700.0,Покупка,ИП УТЕПБЕРГЕНОВА,False,"- 700,00 ₸"
6,03.05.25,-510.0,Перевод,Нурсултан П.,False,"- 510,00 ₸"
6,03.05.25,-6000.0,Перевод,Гулшат К.,False,"- 6 000,00 ₸"
6,03.05.25,-49275.0,Перевод,Мурат Б.,False,"- 49 275,00 ₸"
6,02.05.25,20000.0,Пополнение,Алтынай И.,False,"+ 20 000,00 ₸"
6,02.05.25,-20000.0,Перевод,Мади И.,False,"- 20 000,00 ₸"
6,02.05.25,-1200.0,Покупка,ТОО Аман-Саулык-Актобе,False,"- 1 200,00 ₸"
6,02.05.25,-7000.0,Покупка,ТОО Медицинский центр Аман-Саулык,False,"- 7 000,00 ₸"
6,01.05.25,-1000.0,Перевод,Улбосын И.,False,"- 1 000,00 ₸"
6,01.05.25,-540.0,Покупка,Darihana,False,"- 540,00 ₸"
6,30.04.25,-540.0,Покупка,IP MURTAZINA,False,"- 540,00 ₸"
6,29.04.25,-260.0,Покупка,АМИНА,False,"- 260,00 ₸"
6,28.04.25,-2715.0,Покупка,"TOO ""KURMET-FARM""",False,"- 2 715,00 ₸"
6,27.04.25,-2000.0,Перевод,Абай И.,False,"- 2 000,00 ₸"
7,26.04.25,-1000.0,Покупка,Аппарат самообслуживания,False,"- 1 000,00 ₸"
7,25.04.25,-1700.0,Покупка,ИП БИСЕНАЛИНА,False,"- 1 700,00 ₸"
7,25.04.25,-1885.0,Покупка,"Овощи, рынок ""Табыс"" 9 бутик",False,"- 1 885,00 ₸"
7,25.04.25,-2200.0,Покупка,Налог для юр. лиц по реквизитам,False,"- 2 200,00 ₸"
7,25.04.25,-8500.0,Покупка,Обязательные пенсионные взносы,False,"- 8 500,00 ₸"
7,25.04.25,-4250.0,Покупка,Cоциальные отчисления,False,"- 4 250,00 ₸"
7,25.04.25,-5950.0,Покупка,Отчисления и взносы на обязательное,False,"- 5 950,00 ₸"
7,25.04.25,-1235.0,Покупка,Аптека Мир здоровья,False,"- 1 235,00 ₸"
7,25.04.25,-1500.0,Покупка,ZNANIYE SERVIS SHOP,False,"- 1 500,00 ₸"
7,23.04.25,-170.0,Покупка,АМИНА,False,"- 170,00 ₸"
7,21.04.25,-5800.0,Перевод,Мереке Б.,False,"- 5 800,00 ₸"
7,21.04.25,137672.0,Пополнение,Зарплата,False,"+ 137 672,00 ₸"
7,19.04.25,-170.0,Покупка,АМИНА,False,"- 170,00 ₸"
7,19.04.25,-1285.0,Покупка,"TOO ""ANVAR""",False,"- 1 285,00 ₸"
7,18.04.25,-6000.0,Перевод,Абай И.,False,"- 6 000,00 ₸"
7,18.04.25,-399.0,Покупка,"TOO ""ANVAR""",False,"- 399,00 ₸"
7,17.04.25,-5000.0,Перевод,Бахыт Е.,False,"- 5 000,00 ₸"
7,17.04.25,1500.0,Пополнение,Ержан С.,False,"+ 1 500,00 ₸"
7,16.04.25,-5000.0,Покупка,Beeline,False,"- 5 000,00 ₸"
7,15.04.25,-260.0,Покупка,АМИНА,False,"- 260,00 ₸"
7,15.04.25,-5000.0,Перевод,Алтынай И.,False,"- 5 000,00 ₸"
7,14.04.25,-162.0,Покупка,АМИНА,False,"- 162,00 ₸"
7,14.04.25,-5910.0,Покупка,Услуги Қазақтелеком по лицевому счету,False,"- 5 910,00 ₸"
7,14.04.25,-2000.0,Покупка,Activ,False,"- 2 000,00 ₸"
7,12.04.25,-2200.0,Перевод,Gulbakhar D.,False,"- 2 200,00 ₸"
7,11.04.25,-17000.0,Покупка,TOO CKIZ  AIGERIM,False,"- 17 000,00 ₸"
7,11.04.25,-7000.0,Покупка,AMAN-SAULYK MED.TSENTR,False,"- 7 000,00 ₸"
7,09.04.25,-5000.0,Перевод,Жайнагуль К.,False,"- 5 000,00 ₸"
7,08.04.25,-2410.0,Покупка,Столовая,False,"- 2 410,00 ₸"
7,07.04.25,-7860.0,Покупка,Дарыхана Нурсити,False,"- 7 860,00 ₸"
7,06.04.25,-340.0,Покупка,АМИНА,False,"- 340,00 ₸"
7,05.04.25,500.0,Пополнение,Нурлан А.,False,"+ 500,00 ₸"
7,05.04.25,1000.0,Пополнение,Нурлан А.,False,"+ 1 000,00 ₸"
7,04.04.25,-170.0,Покупка,АМИНА,False,"- 170,00 ₸"
7,04.04.25,-3000.0,Перевод,Гулжанат Е.,False,"- 3 000,00 ₸"
7,02.04.25,-330.0,Покупка,Жибек Жолы,False,"- 330,00 ₸"
7,02.04.25,-2500.0,Перевод,Балшокен Ж.,False,"- 2 500,00 ₸"
7,01.04.25,-170.0,Покупка,АМИНА,False,"- 170,00 ₸"
7,01.04.25,-2000.0,Перевод,Алмагул Н.,False,"- 2 000,00 ₸"
7,01.04.25,-3168.0,Покупка,ИП Naz-MMA,False,"- 3 168,00 ₸"
7,01.04.25,-600.0,Покупка,ИП Жакупова Ш.У.,False,"- 600,00 ₸"
7,01.04.25,-810.0,Перевод,Олжас К.,False,"- 810,00 ₸"
7,31.03.25,-20000.0,Перевод,Ақбота М.,False,"- 20 000,00 ₸"
7,30.03.25,-1950.0,Покупка,рынок Табыс,False,"- 1 950,00 ₸"
7,29.03.25,-1000.0,Покупка,Аппарат самообслуживания,False,"- 1 000,00 ₸"
7,28.03.25,-2700.0,Покупка,Империя Цвета,False,"- 2 700,00 ₸"
8,28.03.25,-20000.0,Перевод,Жайнагуль К.,False,"- 20 000,00 ₸"
8,27.03.25,1000.0,Пополнение,Эльмира Т.,False,"+ 1 000,00 ₸"
8,26.03.25,150000.0,Пополнение,Алтынай И.,False,"+ 150 000,00 ₸"
8,26.03.25,-2500.0,Покупка,Провизор,False,"- 2 500,00 ₸"
8,26.03.25,-390.0,Покупка,Миллениум,False,"- 390,00 ₸"
8,25.03.25,-8500.0,Покупка,"шиномонтаж ""маШИНКА""",False,"- 8 500,00 ₸"
8,24.03.25,-5000.0,Перевод,Бакытгуль И.,False,"- 5 000,00 ₸"
8,22.03.25,-200.0,Перевод,Тамерлан Ж.,False,"- 200,00 ₸"
8,22.03.25,-150.0,Перевод,Гулгул Т.,False,"- 150,00 ₸"
8,20.03.25,-5000.0,Покупка,Шашлык с собой,False,"- 5 000,00 ₸"
8,20.03.25,-2900.0,Перевод,Сəния С.,False,"- 2 900,00 ₸"
8,20.03.25,-1750.0,Перевод,Алим К.,False,"- 1 750,00 ₸"
8,20.03.25,-1800.0,Перевод,Роза К.,False,"- 1 800,00 ₸"
8,20.03.25,-3000.0,Перевод,Лəззат Ғ.,False,"- 3 000,00 ₸"
8,20.03.25,-3000.0,Покупка,Beeline,False,"- 3 000,00 ₸"
8,19.03.25,137672.0,Пополнение,Зарплата,False,"+ 137 672,00 ₸"
8,19.03.25,-5000.0,Перевод,Біржан Б.,False,"- 5 000,00 ₸"
8,18.03.25,-1000.0,Покупка,Аппарат самообслуживания,False,"- 1 000,00 ₸"
8,17.03.25,-2200.0,Покупка,Налог для юр. лиц по реквизитам,False,"- 2 200,00 ₸"
8,17.03.25,-5950.0,Покупка,Отчисления и взносы на обязательное,False,"- 5 950,00 ₸"
8,17.03.25,-4250.0,Покупка,Cоциальные отчисления,False,"- 4 250,00 ₸"
8,17.03.25,-8500.0,Покупка,Обязательные пенсионные взносы,False,"- 8 500,00 ₸"
8,17.03.25,-340.0,Покупка,АМИНА,False,"- 340,00 ₸"
8,16.03.25,-5000.0,Покупка,Beeline,False,"- 5 000,00 ₸"
8,15.03.25,-3000.0,Покупка,Beeline,False,"- 3 000,00 ₸"
8,15.03.25,15500.0,Пополнение,Саулетай Д.,False,"+ 15 500,00 ₸"
8,14.03.25,-15500.0,Перевод,Саулетай Д.,False,"- 15 500,00 ₸"
8,14.03.25,-2000.0,Покупка,Activ,False,"- 2 000,00 ₸"
8,13.03.25,-734.0,Покупка,магазин  6,False,"- 734,00 ₸"
8,13.03.25,750.0,Пополнение,Жайнагуль К.,False,"+ 750,00 ₸"
8,12.03.25,60000.0,Пополнение,Болатбек С.,False,"+ 60 000,00 ₸"
8,11.03.25,-550.0,Покупка,АМИНА,False,"- 550,00 ₸"
8,11.03.25,-2000.0,Покупка,Азиатка 3,False,"- 2 000,00 ₸"
8,10.03.25,-3500.0,Покупка,Winners&Burger club,False,"- 3 500,00 ₸"
8,10.03.25,-4000.0,Покупка,Актобе выставка,False,"- 4 000,00 ₸"
8,10.03.25,-6400.0,Покупка,Актобе выставка,False,"- 6 400,00 ₸"
8,08.03.25,-2100.0,Покупка,Beeline,False,"- 2 100,00 ₸"
8,07.03.25,-1368.0,Покупка,Gelateria Plombir KeruenCity,False,"- 1 368,00 ₸"
8,07.03.25,-1000.0,Покупка,Activ,False,"- 1 000,00 ₸"
8,07.03.25,-600.0,Перевод,Балкия И.,False,"- 600,00 ₸"
8,06.03.25,-1220.0,Покупка,Аптека Мир здоровья,False,"- 1 220,00 ₸"
8,05.03.25,-15000.0,Покупка,Услуги Қазақтелеком по лицевому счету,False,"- 15 000,00 ₸"
8,04.03.25,-1740.0,Перевод,Біржан Б.,False,"- 1 740,00 ₸"
8,04.03.25,-20500.0,Покупка,"IP ""ERMOLAEVA SVETLANA MIHA",False,"- 20 500,00 ₸"
8,04.03.25,3000.0,Пополнение,Жансулу Б.,False,"+ 3 000,00 ₸"
8,04.03.25,-2000.0,Перевод,Жансулу Б.,False,"- 2 000,00 ₸"
9,03.03.25,2500.0,Пополнение,Дулат А.,False,"+ 2 500,00 ₸"
9,03.03.25,-240.0,Покупка,Жилгородской рынок бутик хоз товаров,False,"- 240,00 ₸"
9,03.03.25,7000.0,Пополнение,Эльмира Т.,False,"+ 7 000,00 ₸"
9,01.03.25,-15000.0,Покупка,Бижутерия,False,"- 15 000,00 ₸"
9,01.03.25,-5030.0,Покупка,Гулназ,False,"- 5 030,00 ₸"
9,01.03.25,-1200.0,Покупка,спорттовар,False,"- 1 200,00 ₸"
9,01.03.25,-15000.0,Перевод,Бакытгуль И.,False,"- 15 000,00 ₸"
9,28.02.25,-2500.0,Покупка,Империя Цвета,False,"- 2 500,00 ₸"
9,27.02.25,-160.0,Покупка,Оспан,False,"- 160,00 ₸"
9,27.02.25,-3000.0,Перевод,Дулат А.,False,"- 3 000,00 ₸"
9,26.02.25,-2205.0,Покупка,Дарыхана Нурсити,False,"- 2 205,00 ₸"
9,26.02.25,-200.0,Покупка,Минимаркет,False,"- 200,00 ₸"
9,25.02.25,60000.0,Пополнение,Болатбек С.,False,"+ 60 000,00 ₸"
9,24.02.25,-340.0,Покупка,АМИНА,False,"- 340,00 ₸"
9,23.02.25,-3000.0,Перевод,Абай И.,False,"- 3 000,00 ₸"
9,23.02.25,-20000.0,Перевод,Жанабек У.,False,"- 20 000,00 ₸"
9,21.02.25,-5000.0,Перевод,Нурлан И.,False,"- 5 000,00 ₸"
9,21.02.25,20000.0,Пополнение,Саулетай Д.,False,"+ 20 000,00 ₸"
9,20.02.25,-160.0,Покупка,АМИНА,False,"- 160,00 ₸"
9,20.02.25,137672.0,Пополнение,Зарплата,False,"+ 137 672,00 ₸"
9,20.02.25,-2200.0,Покупка,Налоги для ИП,False,"- 2 200,00 ₸"
9,20.02.25,-8500.0,Покупка,Обязательные пенсионные взносы,False,"- 8 500,00 ₸"
9,20.02.25,-4250.0,Покупка,Cоциальные отчисления,False,"- 4 250,00 ₸"
9,20.02.25,-5950.0,Покупка,Отчисления и взносы на обязательное,False,"- 5 950,00 ₸"
9,16.02.25,-5000.0,Покупка,Beeline,False,"- 5 000,00 ₸"
9,15.02.25,-30000.0,Снятие,Банкомат Dina,False,"- 30 000,00 ₸"
9,15.02.25,-4060.0,Покупка,АМИНА,False,"- 4 060,00 ₸"
9,14.02.25,-3000.0,Перевод,Біржан Б.,False,"- 3 000,00 ₸"
9,12.02.25,-440.0,Покупка,IP TUREHANOVA ZHANAGUL ZHAY,False,"- 440,00 ₸"
9,12.02.25,-2980.0,Перевод,Gulayim N.,False,"- 2 980,00 ₸"
9,12.02.25,-2500.0,Покупка,Activ,False,"- 2 500,00 ₸"
9,11.02.25,-170.0,Покупка,АМИНА,False,"- 170,00 ₸"
9,10.02.25,-14000.0,Перевод,Рашила Б.,False,"- 14 000,00 ₸"
9,09.02.25,-400.0,Покупка,Avtobys. Пополнение баланса,False,"- 400,00 ₸"
9,09.02.25,-1995.0,Разное,Оплата за годовое обслуживание,False,"- 1 995,00 ₸"
9,08.02.25,-1400.0,Покупка,Satty Zhuldyz,False,"- 1 400,00 ₸"
9,08.02.25,-500.0,Покупка,Avtobys. Пополнение баланса,False,"- 500,00 ₸"
9,08.02.25,-500.0,Покупка,Avtobys. Пополнение баланса,False,"- 500,00 ₸"
9,07.02.25,-5000.0,Перевод,Саулетай Д.,False,"- 5 000,00 ₸"
9,07.02.25,-5000.0,Перевод,Эльмира Т.,False,"- 5 000,00 ₸"
9,06.02.25,-20000.0,Перевод,Бакытгуль И.,False,"- 20 000,00 ₸"
9,05.02.25,40000.0,Пополнение,В Kaspi Банкомате,False,"+ 40 000,00 ₸"
9,04.02.25,300.0,Пополнение,Біржан Б.,False,"+ 300,00 ₸"
9,04.02.25,-1000.0,Перевод,Біржан Б.,False,"- 1 000,00 ₸"
9,04.02.25,5481.0,Пополнение,Зарплата,False,"+ 5 481,00 ₸"
9,04.02.25,-9000.0,Покупка,рем.быт.тех.,False,"- 9 000,00 ₸"
10,04.02.25,-950.0,Покупка,"IP  ""GAYPOVA K""",False,"- 950,00 ₸"
10,03.02.25,-1000.0,Покупка,Аппарат самообслуживания,False,"- 1 000,00 ₸"
10,02.02.25,-2000.0,Перевод,Біржан Б.,False,"- 2 000,00 ₸"
10,02.02.25,-2000.0,Покупка,Азиатка 3,False,"- 2 000,00 ₸"
10,01.02.25,-1300.0,Покупка,"Магазин ""Қанағат""",False,"- 1 300,00 ₸"
10,01.02.25,-3500.0,Покупка,Pro Fix Aqtobe,False,"- 3 500,00 ₸"
10,31.01.25,-480.0,Покупка,АМИНА,False,"- 480,00 ₸"
10,31.01.25,-5900.0,Покупка,УЛБОЛСЫН,False,"- 5 900,00 ₸"
10,31.01.25,-2000.0,Перевод,Эльмира Т.,False,"- 2 000,00 ₸"
10,30.01.25,-2150.0,Перевод,Айсултан К.,False,"- 2 150,00 ₸"
10,30.01.25,-5100.0,Покупка,Галерея сладостей,False,"- 5 100,00 ₸"
10,30.01.25,-1500.0,Покупка,Satty Zhuldyz,False,"- 1 500,00 ₸"
10,29.01.25,-6499.0,Покупка,ИП БМ Сервис,False,"- 6 499,00 ₸"
10,28.01.25,-1000.0,Перевод,Біржан Б.,False,"- 1 000,00 ₸"
10,28.01.25,-160.0,Покупка,АМИНА,False,"- 160,00 ₸"
10,27.01.25,-5000.0,Перевод,Манчук Б.,False,"- 5 000,00 ₸"
10,27.01.25,-1600.0,Перевод,Белес Т.,False,"- 1 600,00 ₸"
10,27.01.25,-2300.0,Перевод,Нурлан Ж.,False,"- 2 300,00 ₸"
10,26.01.25,-1200.0,Перевод,Бекболат С.,False,"- 1 200,00 ₸"
10,25.01.25,-160.0,Покупка,АМИНА,False,"- 160,00 ₸"
10,25.01.25,-4700.0,Перевод,Бөгетбай А.,False,"- 4 700,00 ₸"
10,25.01.25,-1950.0,Покупка,Галерея сладостей,False,"- 1 950,00 ₸"
10,22.01.25,-2200.0,Покупка,Налоги для ИП,False,"- 2 200,00 ₸"
10,22.01.25,-5950.0,Покупка,Отчисления и взносы на обязательное,False,"- 5 950,00 ₸"
10,22.01.25,-4250.0,Покупка,Cоциальные отчисления,False,"- 4 250,00 ₸"
10,22.01.25,-8500.0,Покупка,Обязательные пенсионные взносы,False,"- 8 500,00 ₸"
10,22.01.25,-915.0,Покупка,MILLENIUM,False,"- 915,00 ₸"
10,22.01.25,1000.0,Пополнение,Дулат А.,False,"+ 1 000,00 ₸"
10,21.01.25,132639.0,Пополнение,Зарплата,False,"+ 132 639,00 ₸"
10,21.01.25,-500.0,Покупка,Аппарат самообслуживания,False,"- 500,00 ₸"
10,21.01.25,-1000.0,Покупка,Аппарат самообслуживания,False,"- 1 000,00 ₸"
10,21.01.25,-2000.0,Перевод,Біржан Б.,False,"- 2 000,00 ₸"
10,21.01.25,-5000.0,Покупка,Beeline,False,"- 5 000,00 ₸"
10,20.01.25,-2500.0,Перевод,Татьяна М.,False,"- 2 500,00 ₸"
10,18.01.25,-20000.0,Перевод,Бакытгуль И.,False,"- 20 000,00 ₸"
10,17.01.25,-1770.0,Перевод,Аскар Н.,False,"- 1 770,00 ₸"
10,16.01.25,-4000.0,Покупка,PROVIZOR,False,"- 4 000,00 ₸"
10,13.01.25,-250.0,Покупка,АМИНА,False,"- 250,00 ₸"
10,13.01.25,-4720.0,Покупка,DARIHANA,False,"- 4 720,00 ₸"
10,13.01.25,-6900.0,Покупка,Услуги Қазақтелеком по лицевому счету,False,"- 6 900,00 ₸"
10,13.01.25,-1000.0,Покупка,Activ,False,"- 1 000,00 ₸"
10,10.01.25,-3000.0,Покупка,Beeline,False,"- 3 000,00 ₸"
10,10.01.25,-4000.0,Покупка,ELEOS MEDICAL CENTER,False,"- 4 000,00 ₸"
10,08.01.25,-160.0,Покупка,АМИНА,False,"- 160,00 ₸"
10,07.01.25,-1110.0,Покупка,ИП Куатжанова нават,False,"- 1 110,00 ₸"
10,07.01.25,-540.0,Покупка,Ип ЗУЛЬФИЯ,False,"- 540,00 ₸"
11,07.01.25,-200.0,Покупка,Сумки,False,"- 200,00 ₸"
11,06.01.25,-820.0,Покупка,ип.бекесова,False,"- 820,00 ₸"
11,05.01.25,-160.0,Покупка,АМИНА,False,"- 160,00 ₸"
11,05.01.25,-800.0,Покупка,Аппарат самообслуживания,False,"- 800,00 ₸"
11,02.01.25,5700.0,Пополнение,Батихан К.,False,"+ 5 700,00 ₸"
11,01.01.25,-1050.0,Покупка,АМИНА,False,"- 1 050,00 ₸"
11,01.01.25,-2800.0,Покупка,IP KIBITKINA N.E.,False,"- 2 800,00 ₸"
11,01.01.25,-2500.0,Покупка,IP OMIRBAYULY DARHAN,False,"- 2 500,00 ₸"
11,01.01.25,-4000.0,Покупка,IP OMIRBAYULY DARHAN,False,"- 4 000,00 ₸"
11,31.12.24,-2300.0,Покупка,Мандарин,False,"- 2 300,00 ₸"
11,29.12.24,-5700.0,Покупка,Activ,False,"- 5 700,00 ₸"
11,29.12.24,-5000.0,Перевод,Райхан И.,False,"- 5 000,00 ₸"
11,29.12.24,-30000.0,Перевод,Орынбай Б.,False,"- 30 000,00 ₸"
11,28.12.24,-2400.0,Перевод,Аслан К.,False,"- 2 400,00 ₸"
11,27.12.24,9000.0,Пополнение,Улбосын И.,False,"+ 9 000,00 ₸"
11,27.12.24,-2000.0,Покупка,Азиатка 3,False,"- 2 000,00 ₸"
11,27.12.24,4000.0,Пополнение,Ержан А.,False,"+ 4 000,00 ₸"
11,27.12.24,-197000.0,Снятие,Банкомат Abilkayyr Khana 42,False,"- 197 000,00 ₸"
11,27.12.24,197000.0,Пополнение,Айгул Т.,False,"+ 197 000,00 ₸"
11,27.12.24,-18000.0,Перевод,Нурхат Н.,False,"- 18 000,00 ₸"
11,26.12.24,-4000.0,Перевод,Біржан Б.,False,"- 4 000,00 ₸"
11,26.12.24,-5000.0,Перевод,Балшокен Ж.,False,"- 5 000,00 ₸"
11,25.12.24,115000.0,Пополнение,Улбосын И.,False,"+ 115 000,00 ₸"
11,25.12.24,-230000.0,Перевод,Əлен Т.,False,"- 230 000,00 ₸"
11,25.12.24,100000.0,Пополнение,В Kaspi Банкомате,False,"+ 100 000,00 ₸"
11,23.12.24,-2200.0,Покупка,Налоги для ИП,False,"- 2 200,00 ₸"
11,23.12.24,-8500.0,Покупка,Обязательные пенсионные взносы,False,"- 8 500,00 ₸"
11,23.12.24,-4250.0,Покупка,Cоциальные отчисления,False,"- 4 250,00 ₸"
11,23.12.24,-5950.0,Покупка,Отчисления и взносы на обязательное,False,"- 5 950,00 ₸"
11,21.12.24,24000.0,Пополнение,Эльвира У.,False,"+ 24 000,00 ₸"
11,21.12.24,-5000.0,Покупка,Beeline,False,"- 5 000,00 ₸"
11,21.12.24,-6900.0,Покупка,Услуги Қазақтелеком по лицевому счету,False,"- 6 900,00 ₸"
11,19.12.24,-4400.0,Покупка,Отдел Пряжи,False,"- 4 400,00 ₸"
11,17.12.24,-3200.0,Перевод,Рахима К.,False,"- 3 200,00 ₸"
11,17.12.24,78665.0,Пополнение,Зарплата,False,"+ 78 665,00 ₸"
11,17.12.24,-3000.0,Перевод,Бахткали М.,False,"- 3 000,00 ₸"
11,15.12.24,-9980.0,Покупка,MELOMAN/MARWIN,False,"- 9 980,00 ₸"
11,15.12.24,-9120.0,Покупка,BALBOBEK,False,"- 9 120,00 ₸"
11,14.12.24,-2000.0,Покупка,Activ,False,"- 2 000,00 ₸"
11,13.12.24,-3000.0,Перевод,Лариса А.,False,"- 3 000,00 ₸"
11,13.12.24,1000.0,Пополнение,Берик Н.,False,"+ 1 000,00 ₸"
11,13.12.24,1000.0,Пополнение,Берик Н.,False,"+ 1 000,00 ₸"
11,13.12.24,-2000.0,Перевод,Лариса А.,False,"- 2 000,00 ₸"
11,13.12.24,-1.39,Покупка,Долги по налогам,False,"- 1,39 ₸"
11,12.12.24,-250.0,Покупка,Жилгородской Самал. Б,False,"- 250,00 ₸"
11,12.12.24,-10500.0,Перевод,Райгуль С.,False,"- 10 500,00 ₸"
12,12.12.24,-6000.0,Перевод,Мариям К.,False,"- 6 000,00 ₸"
12,12.12.24,-300.0,Перевод,Гүлсезім А.,False,"- 300,00 ₸"
12,11.12.24,-1500.0,Перевод,Біржан Б.,False,"- 1 500,00 ₸"
12,10.12.24,-10500.0,Перевод,Нургуль Г.,False,"- 10 500,00 ₸"
12,10.12.24,-10000.0,Перевод,Ляззат М.,False,"- 10 000,00 ₸"
12,09.12.24,-340.0,Покупка,АМИНА,False,"- 340,00 ₸"
12,09.12.24,-1250.0,Перевод,Нурбол С.,False,"- 1 250,00 ₸"
12,07.12.24,-300.0,Перевод,Данияр Ə.,False,"- 300,00 ₸"
12,07.12.24,-1500.0,Покупка,ип Абуов,False,"- 1 500,00 ₸"
12,06.12.24,-2800.0,Покупка,"TOO ""DIALOG - M""",False,"- 2 800,00 ₸"
12,06.12.24,-391.0,Покупка,AQSHAM ELECTRIC,False,"- 391,00 ₸"
12,06.12.24,-320.0,Покупка,Aqsham electric,False,"- 320,00 ₸"
12,05.12.24,-160.0,Покупка,АМИНА,False,"- 160,00 ₸"
12,02.12.24,-340.0,Покупка,IP TULEUOVA D.B.,False,"- 340,00 ₸"
12,02.12.24,-25000.0,Перевод,Бакытгуль И.,False,"- 25 000,00 ₸"
12,01.12.24,-2000.0,Покупка,ИП НУРЖАНОВ,False,"- 2 000,00 ₸"
12,01.12.24,-1000.0,Перевод,Бакыт Б.,False,"- 1 000,00 ₸"
12,28.11.24,-6900.0,Покупка,Услуги Қазақтелеком по лицевому счету,False,"- 6 900,00 ₸"
12,28.11.24,-1600.0,Покупка,"TOO ""ALAN I N""",False,"- 1 600,00 ₸"
12,28.11.24,-1860.0,Перевод,Алим К.,False,"- 1 860,00 ₸"
12,28.11.24,-1000.0,Перевод,Балшокен Ж.,False,"- 1 000,00 ₸"
12,27.11.24,40000.0,Пополнение,Зарплата,False,"+ 40 000,00 ₸"
12,26.11.24,-160.0,Покупка,АМИНА,False,"- 160,00 ₸"
12,25.11.24,-3500.0,Покупка,IP ADMAN,False,"- 3 500,00 ₸"
12,25.11.24,-2000.0,Перевод,Біржан Б.,False,"- 2 000,00 ₸"
12,23.11.24,-3000.0,Перевод,Лəйлə Н.,False,"- 3 000,00 ₸"
12,23.11.24,-1000.0,Перевод,Лəйлə Н.,False,"- 1 000,00 ₸"
12,22.11.24,-990.0,Покупка,DARIHANA,False,"- 990,00 ₸"
12,22.11.24,-2500.0,Покупка,Империя Цвета,False,"- 2 500,00 ₸"
12,21.11.24,-220.0,Покупка,АМИНА,False,"- 220,00 ₸"
12,21.11.24,-2000.0,Перевод,Біржан Б.,False,"- 2 000,00 ₸"
12,21.11.24,131942.0,Пополнение,Зарплата,False,"+ 131 942,00 ₸"
12,21.11.24,-1200.0,Перевод,Баян С.,False,"- 1 200,00 ₸"
12,21.11.24,-6600.0,Покупка,Налог для юр. лиц по реквизитам,False,"- 6 600,00 ₸"
12,21.11.24,-5950.0,Покупка,Отчисления и взносы на обязательное,False,"- 5 950,00 ₸"
12,21.11.24,-2975.0,Покупка,Cоциальные отчисления,False,"- 2 975,00 ₸"
12,21.11.24,-8500.0,Покупка,Обязательные пенсионные взносы,False,"- 8 500,00 ₸"
12,21.11.24,-6216.0,Покупка,Налог для юр. лиц по реквизитам,False,"- 6 216,00 ₸"
12,21.11.24,-1500.0,Покупка,ZNANIYE SERVIS SHOP,False,"- 1 500,00 ₸"
12,21.11.24,20000.0,Пополнение,Саулетай Д.,False,"+ 20 000,00 ₸"
12,21.11.24,-1500.0,Покупка,ZNANIYE SERVIS SHOP,False,"- 1 500,00 ₸"
12,20.11.24,43469.0,Пополнение,Зарплата,False,"+ 43 469,00 ₸"
12,20.11.24,73978.0,Пополнение,Зарплата,False,"+ 73 978,00 ₸"
12,20.11.24,-5000.0,Покупка,Beeline,False,"- 5 000,00 ₸"
12,20.11.24,10000.0,Пополнение,Куралай Р.,False,"+ 10 000,00 ₸"
12,19.11.24,-1100.0,Покупка,PROVIZOR,False,"- 1 100,00 ₸"
13,19.11.24,-605.0,Покупка,"STROITELNIY GIPERMARKET ""SH",False,"- 605,00 ₸"
13,18.11.24,-160.0,Покупка,АМИНА,False,"- 160,00 ₸"
13,18.11.24,-1200.0,Покупка,ип Тусипкалиева Н,False,"- 1 200,00 ₸"
13,16.11.24,-995.0,Покупка,"TOO ""Kaspi Magazin""",False,"- 995,00 ₸"
13,16.11.24,-4700.0,Покупка,ИП МУХАМЕТАЛИМОВА,False,"- 4 700,00 ₸"
13,16.11.24,995.0,Покупка,"TOO ""Kaspi Magazin""",True,"+ 995,00 ₸"
13,16.11.24,4469.0,Покупка,ИП АГИСОВА,True,"+ 4 469,00 ₸"
13,15.11.24,-1500.0,Перевод,Біржан Б.,False,"- 1 500,00 ₸"
13,15.11.24,-450.0,Покупка,АМИНА,False,"- 450,00 ₸"
13,15.11.24,-800.0,Покупка,Аппарат самообслуживания,False,"- 800,00 ₸"
13,13.11.24,-995.0,Покупка,"TOO ""Kaspi Magazin""",True,"- 995,00 ₸"
13,13.11.24,-4469.0,Покупка,ИП АГИСОВА,True,"- 4 469,00 ₸"
13,13.11.24,995.0,Покупка,"TOO ""Kaspi Magazin""",True,"+ 995,00 ₸"
13,13.11.24,4530.0,Покупка,ИП ЦУАНФУРОВ,True,"+ 4 530,00 ₸"
13,13.11.24,700.0,Пополнение,Ержан А.,False,"+ 700,00 ₸"
13,13.11.24,-637.0,Покупка,"STROITELNIY GIPERMARKET ""SH",False,"- 637,00 ₸"
13,12.11.24,-995.0,Покупка,"TOO ""Kaspi Magazin""",True,"- 995,00 ₸"
13,12.11.24,-4530.0,Покупка,ИП ЦУАНФУРОВ,True,"- 4 530,00 ₸"
13,12.11.24,-2000.0,Покупка,Activ,False,"- 2 000,00 ₸"
13,11.11.24,-6024.0,Покупка,"TOO ""DINA MARKET""",False,"- 6 024,00 ₸"
13,11.11.24,-2000.0,Перевод,Біржан Б.,False,"- 2 000,00 ₸"
13,08.11.24,-1200.0,Покупка,АМИНА,False,"- 1 200,00 ₸"
13,08.11.24,-5000.0,Перевод,Майгул Ж.,False,"- 5 000,00 ₸"
13,07.11.24,10584.0,Пополнение,Зарплата,False,"+ 10 584,00 ₸"
13,06.11.24,-2000.0,Покупка,Avtomax,False,"- 2 000,00 ₸"
13,05.11.24,-20489.0,Покупка,СК Alatau City Garant,False,"- 20 489,00 ₸"
13,02.11.24,-25000.0,Снятие,Банкомат Shokana Ualikhanova 1/13,False,"- 25 000,00 ₸"
13,31.10.24,-3540.0,Покупка,Darihana,False,"- 3 540,00 ₸"
13,30.10.24,-400.0,Покупка,IP NURALINA,False,"- 400,00 ₸"
13,29.10.24,-1000.0,Покупка,Activ,False,"- 1 000,00 ₸"
13,29.10.24,-900.0,Покупка,UROVEN,False,"- 900,00 ₸"
13,27.10.24,-6000.0,Перевод,Абай И.,False,"- 6 000,00 ₸"
13,26.10.24,-6825.0,Покупка,5 АЗС,False,"- 6 825,00 ₸"
13,25.10.24,-5500.0,Перевод,Бибисара У.,False,"- 5 500,00 ₸"
13,25.10.24,-2065.0,Перевод,Rano S.,False,"- 2 065,00 ₸"
13,25.10.24,-935.0,Перевод,Рита Е.,False,"- 935,00 ₸"
13,23.10.24,-5000.0,Перевод,Біржан Б.,False,"- 5 000,00 ₸"
13,23.10.24,980.0,Пополнение,Нурайлым А.,False,"+ 980,00 ₸"
13,23.10.24,-1300.0,Перевод,Берик Н.,False,"- 1 300,00 ₸"
13,23.10.24,2500.0,Пополнение,Жайнагуль К.,False,"+ 2 500,00 ₸"
13,22.10.24,1500.0,Пополнение,Берик Н.,False,"+ 1 500,00 ₸"
13,21.10.24,11000.0,Пополнение,Берик Н.,False,"+ 11 000,00 ₸"
13,21.10.24,-2200.0,Покупка,Налоги для ИП,False,"- 2 200,00 ₸"
13,21.10.24,-8500.0,Покупка,Обязательные пенсионные взносы,False,"- 8 500,00 ₸"
13,21.10.24,-2975.0,Покупка,Cоциальные отчисления,False,"- 2 975,00 ₸"
13,21.10.24,-5950.0,Покупка,Отчисления и взносы на обязательное,False,"- 5 950,00 ₸"
14,20.10.24,-3710.0,Покупка,IP KAUZHIMOV AYSULTAN MOLDA,False,"- 3 710,00 ₸"
14,20.10.24,-902.0,Покупка,105 SUPER MARKET,False,"- 902,00 ₸"
14,20.10.24,-6900.0,Покупка,Услуги Қазақтелеком по лицевому счету,False,"- 6 900,00 ₸"
14,20.10.24,-5000.0,Покупка,Beeline,False,"- 5 000,00 ₸"
14,18.10.24,3204.0,Пополнение,Зарплата,False,"+ 3 204,00 ₸"
14,18.10.24,1942.0,Пополнение,Зарплата,False,"+ 1 942,00 ₸"
14,17.10.24,-470.0,Покупка,IP TUREHANOVA ZHANAGUL ZHAY,False,"- 470,00 ₸"
14,17.10.24,-2300.0,Покупка,Гулжамал,False,"- 2 300,00 ₸"
14,16.10.24,-9600.0,Покупка,ИП БОРАНКУЛОВ К,False,"- 9 600,00 ₸"
14,15.10.24,-697.0,Покупка,"TOO ""ANVAR""",False,"- 697,00 ₸"
14,15.10.24,42643.0,Пополнение,Зарплата,False,"+ 42 643,00 ₸"
14,15.10.24,70378.0,Пополнение,Зарплата,False,"+ 70 378,00 ₸"
14,14.10.24,-2120.0,Покупка,AQSHAM ELECTRIC,False,"- 2 120,00 ₸"
14,14.10.24,2120.0,Пополнение,Жайнагуль К.,False,"+ 2 120,00 ₸"
14,09.10.24,-260.0,Покупка,TOO SOGDIANA KZ,False,"- 260,00 ₸"
14,09.10.24,-2000.0,Покупка,Activ,False,"- 2 000,00 ₸"
14,08.10.24,-66000.0,Перевод,Улбосын И.,False,"- 66 000,00 ₸"
14,08.10.24,70000.0,Пополнение,В Kaspi Банкомате,False,"+ 70 000,00 ₸"
14,07.10.24,-60000.0,Перевод,Андрей Д.,False,"- 60 000,00 ₸"
14,04.10.24,-2100.0,Покупка,Satty Zhuldyz,False,"- 2 100,00 ₸"
14,04.10.24,-810.0,Перевод,Адил Н.,False,"- 810,00 ₸"
14,04.10.24,-1440.0,Покупка,"TOO ""ASK STROY HOLDING""",False,"- 1 440,00 ₸"
14,04.10.24,-1000.0,Покупка,Avtobys. Пополнение баланса,False,"- 1 000,00 ₸"
14,03.10.24,-23000.0,Покупка,"IP ""ERMOLAEVA SVETLANA MIHA",False,"- 23 000,00 ₸"
14,02.10.24,-2000.0,Перевод,Эльмира Т.,False,"- 2 000,00 ₸"
14,01.10.24,-30000.0,Перевод,Бакытгуль И.,False,"- 30 000,00 ₸"
14,30.09.24,-1000.0,Перевод,Біржан Б.,False,"- 1 000,00 ₸"
14,30.09.24,1100.0,Пополнение,Эльмира Т.,False,"+ 1 100,00 ₸"
14,30.09.24,-1100.0,Покупка,AQSHAM ELECTRIC,False,"- 1 100,00 ₸"
14,29.09.24,-800.0,Покупка,Аппарат самообслуживания,False,"- 800,00 ₸"
14,28.09.24,-5000.0,Перевод,Эльмира Т.,False,"- 5 000,00 ₸"
14,28.09.24,-4975.0,Покупка,"Овощи, рынок ""Табыс"" 9 бутик",False,"- 4 975,00 ₸"
14,28.09.24,-2500.0,Покупка,Beeline,False,"- 2 500,00 ₸"
14,27.09.24,-420.0,Покупка,MAGAZIN OKUSHY,False,"- 420,00 ₸"
14,27.09.24,-569.0,Покупка,"TOO ""ANVAR""",False,"- 569,00 ₸"
14,26.09.24,944.0,Пополнение,Зарплата,False,"+ 944,00 ₸"
14,26.09.24,16000.0,Пополнение,Балшокен Ж.,False,"+ 16 000,00 ₸"
14,25.09.24,-20000.0,Перевод,Нурлан И.,False,"- 20 000,00 ₸"
14,25.09.24,20000.0,Пополнение,Эльмира Т.,False,"+ 20 000,00 ₸"
14,24.09.24,44585.0,Пополнение,Зарплата,False,"+ 44 585,00 ₸"
14,24.09.24,-10000.0,Перевод,Болатбек С.,False,"- 10 000,00 ₸"
14,24.09.24,10000.0,Пополнение,Саулетай Д.,False,"+ 10 000,00 ₸"
14,24.09.24,73582.0,Пополнение,Зарплата,False,"+ 73 582,00 ₸"
14,23.09.24,-1590.0,Покупка,DARIHANA,False,"- 1 590,00 ₸"
14,22.09.24,5000.0,Пополнение,Жасулан С.,False,"+ 5 000,00 ₸"
14,22.09.24,-765.0,Перевод,Абылай У.,False,"- 765,00 ₸"
14,22.09.24,-1092.0,Покупка,ИП Naz-MMA,False,"- 1 092,00 ₸"
15,22.09.24,-5300.0,Перевод,Рахима К.,False,"- 5 300,00 ₸"
15,22.09.24,-3544.0,Покупка,ИП Naz-MMA,False,"- 3 544,00 ₸"
15,22.09.24,10000.0,Пополнение,Ержан С.,False,"+ 10 000,00 ₸"
15,22.09.24,-1500.0,Покупка,Beeline,False,"- 1 500,00 ₸"
15,22.09.24,-3000.0,Перевод,Нуралы И.,False,"- 3 000,00 ₸"
15,21.09.24,-420.0,Покупка,"TOO ""DINA MARKET""",False,"- 420,00 ₸"
15,21.09.24,15000.0,Пополнение,Эльмира Т.,False,"+ 15 000,00 ₸"
15,20.09.24,-170.0,Покупка,AMINA,False,"- 170,00 ₸"
15,20.09.24,-6900.0,Покупка,Услуги Қазақтелеком по лицевому счету,False,"- 6 900,00 ₸"
15,20.09.24,-2200.0,Покупка,Налоги для ИП,False,"- 2 200,00 ₸"
15,20.09.24,-5000.0,Покупка,Beeline,False,"- 5 000,00 ₸"
15,20.09.24,15000.0,Пополнение,В Kaspi Банкомате,False,"+ 15 000,00 ₸"
15,20.09.24,-5950.0,Покупка,Отчисления и взносы на обязательное,False,"- 5 950,00 ₸"
15,20.09.24,-2975.0,Покупка,Cоциальные отчисления,False,"- 2 975,00 ₸"
15,20.09.24,-8500.0,Покупка,Обязательные пенсионные взносы,False,"- 8 500,00 ₸"
15,19.09.24,5000.0,Пополнение,Гульмира К.,False,"+ 5 000,00 ₸"
15,18.09.24,-1620.0,Перевод,Наталья В.,False,"- 1 620,00 ₸"
15,18.09.24,-480.0,Покупка,народная канцелярия,False,"- 480,00 ₸"
15,18.09.24,-1263.05,Покупка,Услуги ЦОН,False,"- 1 263,05 ₸"
15,18.09.24,-1358.58,Покупка,Услуги ЦОН,False,"- 1 358,58 ₸"
15,17.09.24,-785.0,Перевод,Адил Н.,False,"- 785,00 ₸"
15,15.09.24,-1000.0,Перевод,Біржан Б.,False,"- 1 000,00 ₸"
15,15.09.24,-319.0,Покупка,АМИНА,False,"- 319,00 ₸"
15,15.09.24,2000.0,Пополнение,Багила К.,False,"+ 2 000,00 ₸"
15,15.09.24,-1665.0,Покупка,116 Супер маркет,False,"- 1 665,00 ₸"
15,14.09.24,-2184.0,Покупка,AMINA,False,"- 2 184,00 ₸"
15,13.09.24,-1400.0,Покупка,Beeline,False,"- 1 400,00 ₸"
15,13.09.24,5000.0,Пополнение,Жаниса Б.,False,"+ 5 000,00 ₸"
15,13.09.24,-1000.0,Перевод,Біржан Б.,False,"- 1 000,00 ₸"
15,12.09.24,-1080.0,Покупка,AMINA,False,"- 1 080,00 ₸"
15,12.09.24,-230.0,Покупка,AMINA,False,"- 230,00 ₸"
15,11.09.24,-785.0,Покупка,AMINA,False,"- 785,00 ₸"
15,11.09.24,-2000.0,Перевод,Біржан Б.,False,"- 2 000,00 ₸"
15,10.09.24,16000.0,Пополнение,Лариса Н.,False,"+ 16 000,00 ₸"
15,10.09.24,-46620.0,Перевод,Миржан А.,False,"- 46 620,00 ₸"
15,10.09.24,50000.0,Пополнение,В Kaspi Банкомате,False,"+ 50 000,00 ₸"
15,09.09.24,-600.0,Покупка,IP BALGAZINA RAYGUL MURATOV,False,"- 600,00 ₸"
15,09.09.24,-2000.0,Покупка,Activ,False,"- 2 000,00 ₸"
15,08.09.24,-700.0,Перевод,Адил Н.,False,"- 700,00 ₸"
15,07.09.24,-2100.0,Покупка,Beeline,False,"- 2 100,00 ₸"
15,07.09.24,-680.0,Покупка,AMINA,False,"- 680,00 ₸"
15,07.09.24,-2100.0,Перевод,Нуркиса Ж.,False,"- 2 100,00 ₸"
15,06.09.24,-10000.0,Перевод,Ляззат М.,False,"- 10 000,00 ₸"
15,06.09.24,10000.0,Пополнение,Бакытгуль И.,False,"+ 10 000,00 ₸"
15,06.09.24,-7572.96,Покупка,Оплата госпошлин,False,"- 7 572,96 ₸"
15,06.09.24,-696.0,Покупка,AQSHAM ELECTRIC,False,"- 696,00 ₸"
16,02.09.24,4000.0,Пополнение,Берик Н.,False,"+ 4 000,00 ₸"
16,01.09.24,-6000.0,Перевод,Бакытгуль И.,False,"- 6 000,00 ₸"
16,01.09.24,7870.0,Пополнение,Гүлсана Б.,False,"+ 7 870,00 ₸"
16,01.09.24,2130.0,Пополнение,Гүлсана Б.,False,"+ 2 130,00 ₸"
16,01.09.24,-210.0,Покупка,AQSHAM ELECTRIC,False,"- 210,00 ₸"
16,01.09.24,10000.0,Пополнение,Эльмира Т.,False,"+ 10 000,00 ₸"
16,30.08.24,-818.0,Покупка,AMINA,False,"- 818,00 ₸"
16,30.08.24,-340.0,Покупка,AMINA,False,"- 340,00 ₸"
16,30.08.24,-760.0,Покупка,IP RZASHEVA SALTANAT GIZATO,False,"- 760,00 ₸"
16,29.08.24,-400.0,Перевод,Ахмет И.,False,"- 400,00 ₸"
16,28.08.24,1494.0,Пополнение,Зарплата,False,"+ 1 494,00 ₸"
16,27.08.24,200.0,Пополнение,Венера Т.,False,"+ 200,00 ₸"
16,26.08.24,2000.0,Пополнение,Ерлан Б.,False,"+ 2 000,00 ₸"
16,25.08.24,-800.0,Покупка,Аппарат самообслуживания,False,"- 800,00 ₸"
16,24.08.24,-1120.0,Перевод,Ботагоз П.,False,"- 1 120,00 ₸"
16,23.08.24,-70000.0,Перевод,Мейрбек А.,False,"- 70 000,00 ₸"
16,23.08.24,-885.0,Перевод,Жəнібек Ж.,False,"- 885,00 ₸"
16,23.08.24,-594.0,Покупка,ИП Иманова,False,"- 594,00 ₸"
16,23.08.24,70000.0,Пополнение,В Kaspi Банкомате,False,"+ 70 000,00 ₸"
16,23.08.24,2000.0,Пополнение,Айбулат И.,False,"+ 2 000,00 ₸"
16,22.08.24,-20000.0,Перевод,Кайсар А.,False,"- 20 000,00 ₸"
16,22.08.24,1019.0,Пополнение,Зарплата,False,"+ 1 019,00 ₸"
16,21.08.24,-2200.0,Покупка,Налоги для ИП,False,"- 2 200,00 ₸"
16,21.08.24,-5950.0,Покупка,Отчисления и взносы на обязательное,False,"- 5 950,00 ₸"
16,21.08.24,-2975.0,Покупка,Cоциальные отчисления,False,"- 2 975,00 ₸"
16,21.08.24,-8500.0,Покупка,Обязательные пенсионные взносы,False,"- 8 500,00 ₸"
16,21.08.24,13000.0,Пополнение,Мади И.,False,"+ 13 000,00 ₸"
16,20.08.24,-800.0,Покупка,Аппарат самообслуживания,False,"- 800,00 ₸"
16,20.08.24,-3468.0,Покупка,"STROITELNIY GIPERMARKET ""SH",False,"- 3 468,00 ₸"
16,20.08.24,30000.0,Пополнение,В Kaspi Банкомате,False,"+ 30 000,00 ₸"
16,20.08.24,-100.0,Перевод,Рулан К.,False,"- 100,00 ₸"
