﻿page,date,amount,operation,details,clock_icon,amount_text
0,15.09.25,-1100000.0,Перевод,На Kaspi Депозит,False,"- 1 100 000,00 ₸"
0,15.09.25,250000.0,Пополнение,Арай Б.,False,"+ 250 000,00 ₸"
0,15.09.25,250000.0,Пополнение,Арай Б.,False,"+ 250 000,00 ₸"
0,15.09.25,300000.0,Пополнение,Арай Б.,False,"+ 300 000,00 ₸"
0,15.09.25,300000.0,Пополнение,Жунисбек Б.,False,"+ 300 000,00 ₸"
0,11.09.25,-142500.0,Покупка,Стройматериалв,False,"- 142 500,00 ₸"
0,11.09.25,150000.0,Пополнение,Назира Б.,False,"+ 150 000,00 ₸"
0,10.09.25,-800000.0,Перевод,На Kaspi Депозит,False,"- 800 000,00 ₸"
0,10.09.25,800000.0,Пополнение,С Kaspi Депозита,False,"+ 800 000,00 ₸"
0,10.09.25,-1600000.0,Перевод,На Kaspi Депозит,False,"- 1 600 000,00 ₸"
0,10.09.25,1600000.0,Пополнение,Назира Б.,False,"+ 1 600 000,00 ₸"
0,10.09.25,-500.0,Покупка,Beeline,False,"- 500,00 ₸"
0,10.09.25,-1600.0,Перевод,Ботагоз К.,False,"- 1 600,00 ₸"
0,09.09.25,-7873.0,Перевод,Оплата Kaspi Кредита,False,"- 7 873,00 ₸"
0,09.09.25,10000.0,Пополнение,Назира Б.,False,"+ 10 000,00 ₸"
0,08.09.25,-1950000.0,Перевод,На Kaspi Депозит,False,"- 1 950 000,00 ₸"
0,08.09.25,1950000.0,Пополнение,Назира Б.,False,"+ 1 950 000,00 ₸"
0,06.09.25,-1920000.0,Перевод,На Kaspi Депозит,False,"- 1 920 000,00 ₸"
0,06.09.25,1920000.0,Пополнение,Назира Б.,False,"+ 1 920 000,00 ₸"
0,06.09.25,-1882000.0,Перевод,На Kaspi Депозит,False,"- 1 882 000,00 ₸"
0,06.09.25,360000.0,Пополнение,В Kaspi Банкомате,False,"+ 360 000,00 ₸"
1,06.09.25,1500000.0,Пополнение,В Kaspi Банкомате,False,"+ 1 500 000,00 ₸"
1,06.09.25,-30000.0,Перевод,Имир С.,False,"- 30 000,00 ₸"
1,06.09.25,-50000.0,Перевод,Назира Б.,False,"- 50 000,00 ₸"
1,05.09.25,-185.0,Покупка,Balga,False,"- 185,00 ₸"
1,05.09.25,-1530.0,Перевод,Куралай К.,False,"- 1 530,00 ₸"
1,05.09.25,-750.0,Перевод,Жанатхан Ш.,False,"- 750,00 ₸"
1,05.09.25,-960.0,Покупка,Такси,False,"- 960,00 ₸"
1,04.09.25,-6160.0,Покупка,NURAHMETOVA,False,"- 6 160,00 ₸"
1,04.09.25,10000.0,Пополнение,Назира Б.,False,"+ 10 000,00 ₸"
1,02.09.25,-180.0,Покупка,Аманжол,False,"- 180,00 ₸"
1,01.09.25,-60.0,Покупка,ИП Кудашова НИ,False,"- 60,00 ₸"
1,01.09.25,-560.0,Покупка,ИП Лаушкин,False,"- 560,00 ₸"
1,01.09.25,-1500.0,Перевод,Жанатхан Ш.,False,"- 1 500,00 ₸"
1,01.09.25,-25000.0,Перевод,Ерасыл О.,False,"- 25 000,00 ₸"
1,01.09.25,-900.0,Покупка,ИП Шелихов АМ,False,"- 900,00 ₸"
1,01.09.25,-1300.0,Перевод,Талгат С.,False,"- 1 300,00 ₸"
1,01.09.25,30000.0,Пополнение,Назира Б.,False,"+ 30 000,00 ₸"
1,29.08.25,-500.0,Покупка,Beeline,False,"- 500,00 ₸"
1,29.08.25,-8060.0,Покупка,"ТОО ""ВК ОМЕГА""",False,"- 8 060,00 ₸"
1,29.08.25,8000.0,Пополнение,Назира Б.,False,"+ 8 000,00 ₸"
1,28.08.25,50000.0,Пополнение,Наталья Т.,False,"+ 50 000,00 ₸"
1,28.08.25,50000.0,Пополнение,Нурлан К.,False,"+ 50 000,00 ₸"
1,27.08.25,-9000.0,Перевод,Руслан М.,False,"- 9 000,00 ₸"
1,27.08.25,9000.0,Пополнение,Назира Б.,False,"+ 9 000,00 ₸"
1,27.08.25,-320.0,Покупка,Перекрёсток,False,"- 320,00 ₸"
1,27.08.25,-925.0,Покупка,Хозтовары,False,"- 925,00 ₸"
1,27.08.25,-500.0,Покупка,Beeline,False,"- 500,00 ₸"
1,26.08.25,-795.0,Покупка,Магазин Маркакол,False,"- 795,00 ₸"
1,26.08.25,-750.0,Перевод,Алмаз О.,False,"- 750,00 ₸"
1,26.08.25,-1590.0,Покупка,кафе Бриссоль,False,"- 1 590,00 ₸"
1,26.08.25,5000.0,Пополнение,Назира Б.,False,"+ 5 000,00 ₸"
1,26.08.25,-9830.0,Покупка,Штрафы по ИИН,False,"- 9 830,00 ₸"
1,26.08.25,10000.0,Пополнение,Назира Б.,False,"+ 10 000,00 ₸"
1,25.08.25,-165.0,Покупка,Аманжол,False,"- 165,00 ₸"
1,23.08.25,-30000.0,Перевод,Ерасыл О.,False,"- 30 000,00 ₸"
1,23.08.25,30000.0,Пополнение,Назира Б.,False,"+ 30 000,00 ₸"
1,22.08.25,-9750.0,Перевод,Талгат С.,False,"- 9 750,00 ₸"
1,22.08.25,-4320.0,Покупка,Комфорт,False,"- 4 320,00 ₸"
1,22.08.25,-4400.0,Покупка,Болашак,False,"- 4 400,00 ₸"
1,22.08.25,15000.0,Пополнение,Назира Б.,False,"+ 15 000,00 ₸"
1,20.08.25,-429.0,Покупка,Beeline,False,"- 429,00 ₸"
1,19.08.25,-20000.0,Перевод,На Kaspi Депозит,False,"- 20 000,00 ₸"
1,19.08.25,-48.0,Покупка,МТК,False,"- 48,00 ₸"
1,19.08.25,-1250.0,Покупка,ИП Кудашова НИ,False,"- 1 250,00 ₸"
1,19.08.25,-1050.0,Покупка,ИП Троеглазова Олеся Алексеевна,False,"- 1 050,00 ₸"
1,18.08.25,-2700.0,Покупка,Азс8,False,"- 2 700,00 ₸"
1,18.08.25,-2700.0,Покупка,Азс8,False,"- 2 700,00 ₸"
2,18.08.25,-25000.0,Перевод,Ерасыл О.,False,"- 25 000,00 ₸"
2,16.08.25,-5000.0,Покупка,ТОО БРИСТОЛЬ,False,"- 5 000,00 ₸"
2,16.08.25,-41160.0,Покупка,NURAHMETOVA,False,"- 41 160,00 ₸"
2,16.08.25,97000.0,Пополнение,Назира Б.,False,"+ 97 000,00 ₸"
2,16.08.25,-750.0,Покупка,ИП Парамонова,False,"- 750,00 ₸"
2,15.08.25,-5000.0,Покупка,АЗС-107,False,"- 5 000,00 ₸"
2,15.08.25,10000.0,Пополнение,Назира Б.,False,"+ 10 000,00 ₸"
2,13.08.25,-5000.0,Покупка,АЗС-107,False,"- 5 000,00 ₸"
2,13.08.25,5000.0,Пополнение,Назира Б.,False,"+ 5 000,00 ₸"
2,13.08.25,-630.0,Покупка,Перекрёсток,False,"- 630,00 ₸"
2,13.08.25,-30000.0,Перевод,Канат С.,False,"- 30 000,00 ₸"
2,13.08.25,30000.0,Пополнение,Назира Б.,False,"+ 30 000,00 ₸"
2,13.08.25,-180.0,Покупка,ИП Кудашова НИ,False,"- 180,00 ₸"
2,13.08.25,-840.0,Покупка,ИП Лаушкин,False,"- 840,00 ₸"
2,12.08.25,-160.0,Покупка,Аманжол,False,"- 160,00 ₸"
2,11.08.25,-2644.0,Покупка,Universal Best,False,"- 2 644,00 ₸"
2,11.08.25,-500.0,Покупка,"TOO ""KASPI MAGAZIN""",False,"- 500,00 ₸"
2,11.08.25,-1995.0,Разное,Комиссия за перевод на карту др. банка,False,"- 1 995,00 ₸"
2,11.08.25,-210000.0,Перевод,На карту Altyn bank*7162,False,"- 210 000,00 ₸"
2,11.08.25,1995.0,Разное,Отмена  комиссии за перевод на карту др. банка,True,"+ 1 995,00 ₸"
2,11.08.25,210000.0,Перевод,Отмена перевода на карту другого банка,True,"+ 210 000,00 ₸"
2,11.08.25,-1995.0,Разное,Комиссия за перевод на карту др. банка,True,"- 1 995,00 ₸"
2,11.08.25,-210000.0,Перевод,На карту Altyn bank*2558,True,"- 210 000,00 ₸"
2,11.08.25,2014.0,Разное,Отмена  комиссии за перевод на карту др. банка,True,"+ 2 014,00 ₸"
2,11.08.25,212000.0,Перевод,Отмена перевода на карту другого банка,True,"+ 212 000,00 ₸"
2,11.08.25,-2014.0,Разное,Комиссия за перевод на карту др. банка,True,"- 2 014,00 ₸"
2,11.08.25,-212000.0,Перевод,На карту Altyn bank*2558,True,"- 212 000,00 ₸"
2,11.08.25,210000.0,Пополнение,Назира Б.,False,"+ 210 000,00 ₸"
2,11.08.25,-971.0,Перевод,Оплата Kaspi Кредита,False,"- 971,00 ₸"
2,11.08.25,-1230.0,Перевод,Куралай К.,False,"- 1 230,00 ₸"
2,11.08.25,-24295.0,Покупка,ТОО Kaspi Travel,False,"- 24 295,00 ₸"
2,11.08.25,60000.0,Пополнение,Назира Б.,False,"+ 60 000,00 ₸"
2,09.08.25,5000.0,Пополнение,Айгерим Ж.,False,"+ 5 000,00 ₸"
2,09.08.25,-3150.0,Покупка,ТОО Kaspi Travel,False,"- 3 150,00 ₸"
2,09.08.25,-16566.0,Покупка,ТОО Kaspi Travel,False,"- 16 566,00 ₸"
2,09.08.25,17000.0,Пополнение,Айгерим Ж.,False,"+ 17 000,00 ₸"
2,08.08.25,-13663.0,Перевод,Оплата Kaspi Кредита,False,"- 13 663,00 ₸"
2,08.08.25,13000.0,Пополнение,Назира Б.,False,"+ 13 000,00 ₸"
2,08.08.25,-40.0,Покупка,ИП Лаушкин,False,"- 40,00 ₸"
2,07.08.25,-6900.0,Покупка,ХОЗТОВАРЫ,False,"- 6 900,00 ₸"
2,07.08.25,11000.0,Пополнение,Назира Б.,False,"+ 11 000,00 ₸"
2,06.08.25,-2100.0,Покупка,"ТОО ""ВК ОМЕГА""",False,"- 2 100,00 ₸"
2,06.08.25,-200.0,Покупка,Аманжол,False,"- 200,00 ₸"
2,06.08.25,-3600.0,Перевод,Нүкеш Қ.,False,"- 3 600,00 ₸"
2,05.08.25,5000.0,Пополнение,Назира Б.,False,"+ 5 000,00 ₸"
2,05.08.25,-2000.0,Перевод,Акжол Б.,False,"- 2 000,00 ₸"
2,05.08.25,-200.0,Перевод,Жанатхан Ш.,False,"- 200,00 ₸"
3,04.08.25,-500.0,Покупка,ALMAZ,False,"- 500,00 ₸"
3,04.08.25,-890.0,Покупка,ИП Лаушкин,False,"- 890,00 ₸"
3,04.08.25,-120.0,Перевод,Ердос Ш.,False,"- 120,00 ₸"
3,02.08.25,-601.0,Покупка,Aqua DVN Group,False,"- 601,00 ₸"
3,02.08.25,-10000.0,Покупка,ТОО БРИСТОЛЬ,False,"- 10 000,00 ₸"
3,02.08.25,10000.0,Пополнение,Назира Б.,False,"+ 10 000,00 ₸"
3,01.08.25,-300.0,Покупка,ALMAZ,False,"- 300,00 ₸"
3,01.08.25,5000.0,Пополнение,Назира Б.,False,"+ 5 000,00 ₸"
3,29.07.25,-1200.0,Перевод,Дуйсенбай Ж.,False,"- 1 200,00 ₸"
3,29.07.25,-740.0,Покупка,Казахстан 114,False,"- 740,00 ₸"
3,28.07.25,-1500.0,Перевод,Əлия С.,False,"- 1 500,00 ₸"
3,28.07.25,4000.0,Пополнение,Назира Б.,False,"+ 4 000,00 ₸"
3,26.07.25,-220.0,Покупка,ИП Кудашова НИ,False,"- 220,00 ₸"
3,26.07.25,-210.0,Покупка,ALMAZ,False,"- 210,00 ₸"
3,26.07.25,-1000.0,Перевод,Дана С.,False,"- 1 000,00 ₸"
3,25.07.25,-1505.0,Покупка,ИП Лаушкин,False,"- 1 505,00 ₸"
3,25.07.25,-390.0,Покупка,ИП Лаушкин,False,"- 390,00 ₸"
3,25.07.25,-9000.0,Перевод,Руслан М.,False,"- 9 000,00 ₸"
3,25.07.25,-10000.0,Перевод,Куралай К.,False,"- 10 000,00 ₸"
3,25.07.25,20000.0,Пополнение,Назира Б.,False,"+ 20 000,00 ₸"
3,24.07.25,-1080.0,Покупка,Магазин 3,False,"- 1 080,00 ₸"
3,24.07.25,-16450.0,Покупка,ИП Жұмаханова,False,"- 16 450,00 ₸"
3,24.07.25,20000.0,Пополнение,Назира Б.,False,"+ 20 000,00 ₸"
3,23.07.25,-2500.0,Перевод,Берик Б.,False,"- 2 500,00 ₸"
3,23.07.25,-160.0,Покупка,DobrenKZ LVT,False,"- 160,00 ₸"
3,22.07.25,-320.0,Покупка,АЗС Скорпион,False,"- 320,00 ₸"
3,21.07.25,-100.0,Покупка,ТД Октябрьский,False,"- 100,00 ₸"
3,21.07.25,-1500.0,Покупка,Ип мек компани,False,"- 1 500,00 ₸"
3,21.07.25,-2000.0,Перевод,На Kaspi Депозит,False,"- 2 000,00 ₸"
3,21.07.25,-1336.0,Перевод,Алла Ж.,False,"- 1 336,00 ₸"
3,21.07.25,-3640.0,Покупка,Хозтовары,False,"- 3 640,00 ₸"
3,21.07.25,10000.0,Пополнение,Назира Б.,False,"+ 10 000,00 ₸"
3,20.07.25,-100.0,Покупка,ИНСТРУМЕНТ,False,"- 100,00 ₸"
3,17.07.25,-300.0,Перевод,Бакытгуль И.,False,"- 300,00 ₸"
3,16.07.25,-1000.0,Покупка,АЗС «Водоканал»,False,"- 1 000,00 ₸"
3,16.07.25,-6000.0,Покупка,Стройматериалв,False,"- 6 000,00 ₸"
3,16.07.25,-800.0,Покупка,Сергей Шестаков,False,"- 800,00 ₸"
3,15.07.25,-12000.0,Перевод,Тимур Т.,False,"- 12 000,00 ₸"
3,15.07.25,15000.0,Пополнение,Назира Б.,False,"+ 15 000,00 ₸"
3,14.07.25,-900.0,Покупка,отопление ВКО,False,"- 900,00 ₸"
3,14.07.25,-1600.0,Покупка,МТК,False,"- 1 600,00 ₸"
3,14.07.25,-400.0,Покупка,Перекрёсток,False,"- 400,00 ₸"
3,14.07.25,-500.0,Покупка,Ларек,False,"- 500,00 ₸"
3,14.07.25,-1190.0,Покупка,Хозтовары,False,"- 1 190,00 ₸"
3,14.07.25,-1694.0,Покупка,Хозтовары,False,"- 1 694,00 ₸"
3,14.07.25,-6500.0,Покупка,Меновное,False,"- 6 500,00 ₸"
3,14.07.25,-50600.0,Покупка,Болашак,False,"- 50 600,00 ₸"
4,14.07.25,-12000.0,Перевод,Тимур Т.,False,"- 12 000,00 ₸"
4,14.07.25,80000.0,Пополнение,Назира Б.,False,"+ 80 000,00 ₸"
4,12.07.25,-955.0,Покупка,Аманжол,False,"- 955,00 ₸"
4,12.07.25,-1000.0,Перевод,Юрий Д.,False,"- 1 000,00 ₸"
4,12.07.25,-4500.0,Перевод,Күнсəуле К.,False,"- 4 500,00 ₸"
4,12.07.25,5000.0,Пополнение,Назира Б.,False,"+ 5 000,00 ₸"
4,12.07.25,-10000.0,Покупка,ТОО БРИСТОЛЬ,False,"- 10 000,00 ₸"
4,12.07.25,10000.0,Пополнение,Назира Б.,False,"+ 10 000,00 ₸"
4,11.07.25,-5977.0,Покупка,ТНП Базовая,False,"- 5 977,00 ₸"
4,11.07.25,10000.0,Пополнение,Назира Б.,False,"+ 10 000,00 ₸"
4,10.07.25,-2000.0,Покупка,отопление ВКО,False,"- 2 000,00 ₸"
4,10.07.25,-190.0,Покупка,Перекрёсток,False,"- 190,00 ₸"
4,09.07.25,-18078.0,Перевод,Оплата Kaspi Кредита,False,"- 18 078,00 ₸"
4,09.07.25,-1338000.0,Покупка,IOKAFINTECH*ALLUR,False,"- 1 338 000,00 ₸"
4,09.07.25,1338000.0,Пополнение,Назира Б.,False,"+ 1 338 000,00 ₸"
4,09.07.25,20000.0,Пополнение,Назира Б.,False,"+ 20 000,00 ₸"
4,08.07.25,-10500.0,Перевод,Руслан М.,False,"- 10 500,00 ₸"
4,08.07.25,10500.0,Пополнение,Назира Б.,False,"+ 10 500,00 ₸"
4,08.07.25,-10000.0,Покупка,ТОО БРИСТОЛЬ,False,"- 10 000,00 ₸"
4,08.07.25,-700.0,Покупка,Дильназ,False,"- 700,00 ₸"
4,08.07.25,10000.0,Пополнение,Назира Б.,False,"+ 10 000,00 ₸"
4,07.07.25,-3448.0,Покупка,Налог на имущество,False,"- 3 448,00 ₸"
4,07.07.25,-19660.0,Покупка,Долги по налогам,False,"- 19 660,00 ₸"
4,07.07.25,5000.0,Пополнение,Назира Б.,False,"+ 5 000,00 ₸"
4,04.07.25,-170.0,Покупка,ТД Октябрьский,False,"- 170,00 ₸"
4,03.07.25,-9000.0,Перевод,Куралай К.,False,"- 9 000,00 ₸"
4,03.07.25,-1980.0,Перевод,Куралай К.,False,"- 1 980,00 ₸"
4,03.07.25,30000.0,Пополнение,Назира Б.,False,"+ 30 000,00 ₸"
4,02.07.25,-10000.0,Покупка,ТОО БРИСТОЛЬ,False,"- 10 000,00 ₸"
4,02.07.25,10000.0,Пополнение,Назира Б.,False,"+ 10 000,00 ₸"
4,02.07.25,-550.0,Покупка,магазин Березка,False,"- 550,00 ₸"
4,01.07.25,-3000.0,Перевод,Назира Б.,False,"- 3 000,00 ₸"
4,30.06.25,-500.0,Покупка,"TOO ""Kaspi Magazin""",False,"- 500,00 ₸"
4,30.06.25,-893.0,Покупка,ИП GREEN VALLEY,False,"- 893,00 ₸"
4,29.06.25,-5600.0,Перевод,Нүкеш Қ.,False,"- 5 600,00 ₸"
4,29.06.25,10000.0,Пополнение,Назира Б.,False,"+ 10 000,00 ₸"
4,28.06.25,788.0,Пополнение,Назира Б.,False,"+ 788,00 ₸"
4,28.06.25,-10000.0,Покупка,АЗС «Водоканал»,False,"- 10 000,00 ₸"
4,28.06.25,10000.0,Пополнение,Назира Б.,False,"+ 10 000,00 ₸"
4,27.06.25,-510.0,Покупка,Хмельнофф,False,"- 510,00 ₸"
4,27.06.25,-31456.0,Покупка,Госпошлина за получение документов,False,"- 31 456,00 ₸"
4,27.06.25,32000.0,Пополнение,Гаухар Ж.,False,"+ 32 000,00 ₸"
4,26.06.25,-440.0,Покупка,Перекрёсток,False,"- 440,00 ₸"
4,25.06.25,-1640.0,Покупка,отопление ВКО,False,"- 1 640,00 ₸"
4,23.06.25,-2240.0,Покупка,Буфет,False,"- 2 240,00 ₸"
4,22.06.25,-250000.0,Перевод,Дюсенгали Т.,False,"- 250 000,00 ₸"
4,22.06.25,250000.0,Пополнение,Назира Б.,False,"+ 250 000,00 ₸"
5,21.06.25,-170.0,Покупка,Аманжол,False,"- 170,00 ₸"
5,21.06.25,-37500.0,Перевод,Николай К.,False,"- 37 500,00 ₸"
5,21.06.25,38000.0,Пополнение,Назира Б.,False,"+ 38 000,00 ₸"
5,20.06.25,-300.0,Покупка,Перекрёсток,False,"- 300,00 ₸"
5,20.06.25,-10000.0,Покупка,"ТОО ""ШТИФ"" АЗС Октябрьская",False,"- 10 000,00 ₸"
5,20.06.25,10000.0,Пополнение,Назира Б.,False,"+ 10 000,00 ₸"
5,20.06.25,-2375.0,Покупка,ИП ОРАЛҒАЗИНА САМАЛ ЖЕНИСБЕККЫЗЫ,False,"- 2 375,00 ₸"
5,20.06.25,-1450.0,Покупка,Казахстан 114,False,"- 1 450,00 ₸"
5,20.06.25,-2000.0,Перевод,Акжол Б.,False,"- 2 000,00 ₸"
5,20.06.25,-1400.0,Перевод,Ердос Ш.,False,"- 1 400,00 ₸"
5,19.06.25,7400.0,Пополнение,Назира Б.,False,"+ 7 400,00 ₸"
5,19.06.25,-500.0,Покупка,"TOO ""Kaspi Magazin""",False,"- 500,00 ₸"
5,19.06.25,-1451.0,Покупка,ИП САРДАР,False,"- 1 451,00 ₸"
5,17.06.25,-190.0,Покупка,Перекрёсток,False,"- 190,00 ₸"
5,16.06.25,-16990.0,Покупка,"АО ""Technodom Operator"" (Технодом Оператор)",False,"- 16 990,00 ₸"
5,16.06.25,17000.0,Пополнение,Назира Б.,False,"+ 17 000,00 ₸"
5,16.06.25,-3600.0,Покупка,Drive_Shop.kz,False,"- 3 600,00 ₸"
5,16.06.25,-12500.0,Перевод,Любовь К.,False,"- 12 500,00 ₸"
5,16.06.25,-750.0,Перевод,Жанатхан Ш.,False,"- 750,00 ₸"
5,15.06.25,-266.0,Покупка,Fix Price,False,"- 266,00 ₸"
5,15.06.25,-25000.0,Перевод,Николай К.,False,"- 25 000,00 ₸"
5,15.06.25,35000.0,Пополнение,Назира Б.,False,"+ 35 000,00 ₸"
5,15.06.25,-500.0,Покупка,"TOO ""Kaspi Magazin""",False,"- 500,00 ₸"
5,15.06.25,-1283.0,Покупка,Ип Мирас,False,"- 1 283,00 ₸"
5,14.06.25,-10000.0,Покупка,АЗС «Водоканал»,False,"- 10 000,00 ₸"
5,14.06.25,10000.0,Пополнение,Назира Б.,False,"+ 10 000,00 ₸"
5,14.06.25,-480.0,Перевод,Ердос Ш.,False,"- 480,00 ₸"
5,13.06.25,-300.0,Покупка,Перекрёсток,False,"- 300,00 ₸"
5,13.06.25,-150.0,Перевод,Жанатхан Ш.,False,"- 150,00 ₸"
5,13.06.25,-520.0,Покупка,Аманжол,False,"- 520,00 ₸"
5,13.06.25,-320.0,Покупка,Перекрёсток,False,"- 320,00 ₸"
5,13.06.25,-1355.0,Перевод,Ердос Ш.,False,"- 1 355,00 ₸"
5,12.06.25,-190.0,Покупка,Перекрёсток,False,"- 190,00 ₸"
5,12.06.25,-195.0,Покупка,МТК,False,"- 195,00 ₸"
5,12.06.25,-380.0,Покупка,Болашақ Меновное 2,False,"- 380,00 ₸"
5,12.06.25,-200.0,Покупка,ХОЗТОВАРЫ,False,"- 200,00 ₸"
5,12.06.25,-1400.0,Перевод,Алия А.,False,"- 1 400,00 ₸"
5,12.06.25,20000.0,Пополнение,Назира Б.,False,"+ 20 000,00 ₸"
5,12.06.25,-200.0,Покупка,ALMAZ,False,"- 200,00 ₸"
5,12.06.25,-1800.0,Перевод,Алия А.,False,"- 1 800,00 ₸"
5,11.06.25,-320.0,Покупка,Перекрёсток,False,"- 320,00 ₸"
5,11.06.25,-4000.0,Перевод,Сулушаш Ж.,False,"- 4 000,00 ₸"
5,10.06.25,-10218.0,Перевод,Оплата Kaspi Кредита,False,"- 10 218,00 ₸"
5,10.06.25,10000.0,Пополнение,Назира Б.,False,"+ 10 000,00 ₸"
5,10.06.25,-4320.0,Перевод,Əлия С.,False,"- 4 320,00 ₸"
5,10.06.25,-0.83,Покупка,Долги по налогам,False,"- 0,83 ₸"
5,10.06.25,-1472.41,Покупка,Долги по налогам,False,"- 1 472,41 ₸"
6,10.06.25,-500.0,Перевод,Ирина А.,False,"- 500,00 ₸"
6,09.06.25,-750.0,Покупка,Магазин Арна,False,"- 750,00 ₸"
6,09.06.25,-750.0,Перевод,Максим К.,False,"- 750,00 ₸"
6,08.06.25,-15000.0,Перевод,Руслан М.,False,"- 15 000,00 ₸"
6,08.06.25,4500.0,Пополнение,Назира Б.,False,"+ 4 500,00 ₸"
6,08.06.25,10500.0,Пополнение,Назира Б.,False,"+ 10 500,00 ₸"
6,07.06.25,-2700.0,Покупка,Altel,False,"- 2 700,00 ₸"
6,07.06.25,-590.0,Покупка,Копейка,False,"- 590,00 ₸"
6,07.06.25,3000.0,Пополнение,Назира Б.,False,"+ 3 000,00 ₸"
6,06.06.25,-400.0,Покупка,Аманжол,False,"- 400,00 ₸"
6,06.06.25,-1750.0,Покупка,Магазин Арна,False,"- 1 750,00 ₸"
6,06.06.25,2000.0,Пополнение,Назира Б.,False,"+ 2 000,00 ₸"
6,05.06.25,-750.0,Покупка,Магазин Арна,False,"- 750,00 ₸"
6,05.06.25,-136000.0,Покупка,"ТОО ""B3 COMPANY""",False,"- 136 000,00 ₸"
6,05.06.25,-1500.0,Покупка,"Братина (производство, склад)",False,"- 1 500,00 ₸"
6,05.06.25,145000.0,Пополнение,Назира Б.,False,"+ 145 000,00 ₸"
6,03.06.25,-1288.0,Перевод,Куралай К.,False,"- 1 288,00 ₸"
6,03.06.25,2000.0,Пополнение,Назира Б.,False,"+ 2 000,00 ₸"
6,03.06.25,-8430.0,Покупка,ИП ТАТИМБЕКОВ,False,"- 8 430,00 ₸"
6,03.06.25,10000.0,Пополнение,Назира Б.,False,"+ 10 000,00 ₸"
6,02.06.25,-267.0,Покупка,МТК,False,"- 267,00 ₸"
6,02.06.25,6000.0,Пополнение,Алибек Ж.,False,"+ 6 000,00 ₸"
6,02.06.25,-4000.0,Покупка,ТОО БРИСТОЛЬ,False,"- 4 000,00 ₸"
6,02.06.25,-112100.0,Покупка,F - 118 Усть-Каменогорск,False,"- 112 100,00 ₸"
6,02.06.25,100000.0,Пополнение,Алибек Ж.,False,"+ 100 000,00 ₸"
6,02.06.25,-93300.0,Покупка,F - 118 Усть-Каменогорск,False,"- 93 300,00 ₸"
6,02.06.25,95000.0,Пополнение,Алибек Ж.,False,"+ 95 000,00 ₸"
6,02.06.25,10000.0,Пополнение,Назира Б.,False,"+ 10 000,00 ₸"
6,31.05.25,-2000.0,Покупка,АЗС-107,False,"- 2 000,00 ₸"
6,31.05.25,6000.0,Пополнение,Назира Б.,False,"+ 6 000,00 ₸"
6,31.05.25,-800.0,Покупка,Аманжол,False,"- 800,00 ₸"
6,31.05.25,-12500.0,Перевод,Anna S.,False,"- 12 500,00 ₸"
6,31.05.25,12500.0,Пополнение,Назира Б.,False,"+ 12 500,00 ₸"
6,31.05.25,-9129.0,Покупка,ТНП Базовая,False,"- 9 129,00 ₸"
6,31.05.25,8000.0,Пополнение,В Kaspi Терминале,False,"+ 8 000,00 ₸"
6,31.05.25,-7927.0,Покупка,Temu,False,"- 7 927,00 ₸"
6,30.05.25,-520.0,Покупка,Аманжол,False,"- 520,00 ₸"
6,30.05.25,-550.0,Покупка,Перекрёсток,False,"- 550,00 ₸"
6,30.05.25,-11640.0,Перевод,Анна К.,False,"- 11 640,00 ₸"
6,30.05.25,22000.0,Пополнение,Назира Б.,False,"+ 22 000,00 ₸"
6,29.05.25,-2000.0,Перевод,Сана Б.,False,"- 2 000,00 ₸"
6,29.05.25,-7000.0,Покупка,АЗС «Водоканал»,False,"- 7 000,00 ₸"
6,29.05.25,8670.0,Пополнение,Назира Б.,False,"+ 8 670,00 ₸"
6,29.05.25,-550.0,Покупка,Аманжол,False,"- 550,00 ₸"
6,29.05.25,-300.0,Покупка,ALMAZ,False,"- 300,00 ₸"
6,27.05.25,-168.0,Покупка,МТК,False,"- 168,00 ₸"
6,27.05.25,-585.0,Покупка,Аманжол,False,"- 585,00 ₸"
7,27.05.25,-1620.0,Перевод,Əлия С.,False,"- 1 620,00 ₸"
7,26.05.25,-4800.0,Покупка,Центр Семейного отдыха «Ailand»,False,"- 4 800,00 ₸"
7,26.05.25,-730.0,Перевод,Болат Б.,False,"- 730,00 ₸"
7,26.05.25,-170.0,Покупка,Atlant market,False,"- 170,00 ₸"
7,26.05.25,-550.0,Перевод,Куаныш Б.,False,"- 550,00 ₸"
7,26.05.25,-1489.0,Покупка,Temu,False,"- 1 489,00 ₸"
7,25.05.25,-5010.0,Покупка,Temu,False,"- 5 010,00 ₸"
7,22.05.25,-3500.0,Покупка,Altel,False,"- 3 500,00 ₸"
7,21.05.25,-4990.0,Покупка,Beeline,False,"- 4 990,00 ₸"
7,20.05.25,-59280.0,Покупка,ТОО ТитанВосток,False,"- 59 280,00 ₸"
7,20.05.25,60000.0,Пополнение,Назира Б.,False,"+ 60 000,00 ₸"
7,20.05.25,-1250.0,Покупка,"Магазин ""Арна""",False,"- 1 250,00 ₸"
7,20.05.25,-500.0,Покупка,Beeline,False,"- 500,00 ₸"
7,19.05.25,20000.0,Пополнение,Айгерим Ж.,False,"+ 20 000,00 ₸"
7,14.05.25,-34855.0,Перевод,Мейрам М.,False,"- 34 855,00 ₸"
7,14.05.25,35000.0,Пополнение,Назира Б.,False,"+ 35 000,00 ₸"
7,14.05.25,-520.0,Покупка,Аманжол,False,"- 520,00 ₸"
7,14.05.25,-41227.0,Перевод,Айнур А.,False,"- 41 227,00 ₸"
7,14.05.25,45000.0,Пополнение,Назира Б.,False,"+ 45 000,00 ₸"
7,14.05.25,-2730.0,Покупка,Буфет,False,"- 2 730,00 ₸"
7,14.05.25,5000.0,Пополнение,Назира Б.,False,"+ 5 000,00 ₸"
7,14.05.25,1000.0,Пополнение,Елена А.,False,"+ 1 000,00 ₸"
7,13.05.25,-10000.0,Покупка,АЗС Скорпион,False,"- 10 000,00 ₸"
7,13.05.25,-50000.0,Перевод,Зарина С.,False,"- 50 000,00 ₸"
7,13.05.25,-500.0,Покупка,Казахстан 114,False,"- 500,00 ₸"
7,13.05.25,60000.0,Пополнение,Назира Б.,False,"+ 60 000,00 ₸"
7,13.05.25,-2000.0,Перевод,Акжол Б.,False,"- 2 000,00 ₸"
7,13.05.25,-2030.0,Покупка,Буфет,False,"- 2 030,00 ₸"
7,13.05.25,-2049.66,Покупка,Долги по налогам,False,"- 2 049,66 ₸"
7,13.05.25,-120000.0,Покупка,Долги по налогам,False,"- 120 000,00 ₸"
7,12.05.25,-480.0,Покупка,Аманжол,False,"- 480,00 ₸"
7,12.05.25,123000.0,Пополнение,Назира Б.,False,"+ 123 000,00 ₸"
7,12.05.25,-1000.0,Перевод,Кирилл Т.,False,"- 1 000,00 ₸"
7,12.05.25,-5085.0,Покупка,СТРОЙ АРСЕНАЛ,False,"- 5 085,00 ₸"
7,12.05.25,10000.0,Пополнение,Назира Б.,False,"+ 10 000,00 ₸"
7,12.05.25,-500.0,Покупка,Activ,False,"- 500,00 ₸"
7,11.05.25,-1690.0,Покупка,"Магазин ""Арна""",False,"- 1 690,00 ₸"
7,08.05.25,-8493.0,Перевод,Оплата Kaspi Кредита,False,"- 8 493,00 ₸"
7,08.05.25,8000.0,Пополнение,Назира Б.,False,"+ 8 000,00 ₸"
7,08.05.25,-2164.0,Перевод,Куралай К.,False,"- 2 164,00 ₸"
7,08.05.25,-1807.0,Покупка,Temu,False,"- 1 807,00 ₸"
7,07.05.25,-8672.0,Покупка,OZON,False,"- 8 672,00 ₸"
7,06.05.25,-3043.0,Покупка,Долги по налогам,False,"- 3 043,00 ₸"
7,06.05.25,-158.0,Покупка,Долги по налогам,False,"- 158,00 ₸"
7,05.05.25,-240.0,Покупка,Аманжол,False,"- 240,00 ₸"
7,05.05.25,-2400.0,Покупка,ALMAZ,False,"- 2 400,00 ₸"
7,05.05.25,-2175.0,Покупка,Аманжол,False,"- 2 175,00 ₸"
8,05.05.25,-40000.0,Перевод,Николай С.,False,"- 40 000,00 ₸"
8,02.05.25,-60000.0,Перевод,Айгерим Ж.,False,"- 60 000,00 ₸"
8,02.05.25,60000.0,Пополнение,В Kaspi Терминале,False,"+ 60 000,00 ₸"
8,02.05.25,-520.0,Покупка,Аманжол,False,"- 520,00 ₸"
8,02.05.25,-1390.0,Покупка,кафе Бриссоль,False,"- 1 390,00 ₸"
8,02.05.25,-41000.0,Перевод,Николай С.,False,"- 41 000,00 ₸"
8,02.05.25,100000.0,Пополнение,Назира Б.,False,"+ 100 000,00 ₸"
8,02.05.25,-10000.0,Покупка,АЗС «ИНТЕР,False,"- 10 000,00 ₸"
8,02.05.25,15000.0,Пополнение,Назира Б.,False,"+ 15 000,00 ₸"
8,01.05.25,-7000.0,Покупка,магазин Строительных материалов,False,"- 7 000,00 ₸"
8,01.05.25,7000.0,Пополнение,Назира Б.,False,"+ 7 000,00 ₸"
8,01.05.25,-30000.0,Перевод,Имир С.,False,"- 30 000,00 ₸"
8,01.05.25,30000.0,Пополнение,Назира Б.,False,"+ 30 000,00 ₸"
8,01.05.25,-1000.0,Покупка,Антошкин ВС,False,"- 1 000,00 ₸"
8,30.04.25,-4846.0,Покупка,OZON,False,"- 4 846,00 ₸"
8,30.04.25,-1920.0,Перевод,Əлия С.,False,"- 1 920,00 ₸"
8,30.04.25,-60.0,Покупка,"ИП ""SVS""",False,"- 60,00 ₸"
8,30.04.25,-60.0,Покупка,"ИП ""SVS""",False,"- 60,00 ₸"
8,30.04.25,-240.0,Покупка,"ИП ""SVS""",False,"- 240,00 ₸"
8,30.04.25,-16500.0,Покупка,Аманжол,False,"- 16 500,00 ₸"
8,30.04.25,25000.0,Пополнение,Назира Б.,False,"+ 25 000,00 ₸"
8,30.04.25,-2500.0,Перевод,Егор Г.,False,"- 2 500,00 ₸"
8,29.04.25,-530.0,Покупка,Аманжол,False,"- 530,00 ₸"
8,28.04.25,-1200.0,Перевод,Əлия С.,False,"- 1 200,00 ₸"
8,28.04.25,5000.0,Пополнение,Назира Б.,False,"+ 5 000,00 ₸"
8,27.04.25,-5000.0,Покупка,АЗС Скорпион,False,"- 5 000,00 ₸"
8,27.04.25,5000.0,Пополнение,Назира Б.,False,"+ 5 000,00 ₸"
8,26.04.25,-720.0,Перевод,Серик Т.,False,"- 720,00 ₸"
8,26.04.25,1000.0,Пополнение,Назира Б.,False,"+ 1 000,00 ₸"
8,26.04.25,-1560.0,Покупка,ALMAZ,False,"- 1 560,00 ₸"
8,26.04.25,-1300.0,Покупка,Хозтовары 27,False,"- 1 300,00 ₸"
8,26.04.25,-1000.0,Покупка,ИП  Берикболов  Сырбаз,False,"- 1 000,00 ₸"
8,26.04.25,3000.0,Пополнение,Назира Б.,False,"+ 3 000,00 ₸"
8,26.04.25,-1140.0,Покупка,Хозтовары 27,False,"- 1 140,00 ₸"
8,25.04.25,-500.0,Покупка,Activ,False,"- 500,00 ₸"
8,24.04.25,-2700.0,Перевод,Оплата Kaspi Кредита,False,"- 2 700,00 ₸"
8,24.04.25,-1200.0,Перевод,Əлия С.,False,"- 1 200,00 ₸"
8,24.04.25,-8000.0,Перевод,Роман М.,False,"- 8 000,00 ₸"
8,24.04.25,8000.0,Пополнение,Назира Б.,False,"+ 8 000,00 ₸"
8,23.04.25,-10000.0,Покупка,АЗС Скорпион,False,"- 10 000,00 ₸"
8,23.04.25,10000.0,Пополнение,Назира Б.,False,"+ 10 000,00 ₸"
8,23.04.25,-19243.0,Покупка,Kaspi Travel,False,"- 19 243,00 ₸"
8,23.04.25,-20066.0,Покупка,Kaspi Travel,False,"- 20 066,00 ₸"
8,23.04.25,40000.0,Пополнение,Назира Б.,False,"+ 40 000,00 ₸"
8,21.04.25,-550.0,Покупка,JOOM,False,"- 550,00 ₸"
8,21.04.25,-100.0,Покупка,Activ,False,"- 100,00 ₸"
8,21.04.25,-2250.0,Покупка,OZON.KZ,False,"- 2 250,00 ₸"
9,19.04.25,-5000.0,Перевод,Отанбек Қ.,False,"- 5 000,00 ₸"
9,19.04.25,-983.0,Покупка,Оплата услуг АвтоЦОН по QR,False,"- 983,00 ₸"
9,19.04.25,-4915.0,Покупка,Оплата услуг АвтоЦОН по QR,False,"- 4 915,00 ₸"
9,19.04.25,-5504.8,Покупка,Оплата услуг АвтоЦОН по QR,False,"- 5 504,80 ₸"
9,19.04.25,12000.0,Пополнение,Алибек Ж.,False,"+ 12 000,00 ₸"
9,19.04.25,-983.0,Покупка,Оплата услуг АвтоЦОН по QR,False,"- 983,00 ₸"
9,19.04.25,-4915.0,Покупка,Оплата услуг АвтоЦОН по QR,False,"- 4 915,00 ₸"
9,19.04.25,-11009.6,Покупка,Оплата услуг АвтоЦОН по QR,False,"- 11 009,60 ₸"
9,19.04.25,20000.0,Пополнение,Назира Б.,False,"+ 20 000,00 ₸"
9,18.04.25,-17000.0,Перевод,Сериккан Д.,False,"- 17 000,00 ₸"
9,18.04.25,17000.0,Пополнение,Назира Б.,False,"+ 17 000,00 ₸"
9,18.04.25,-500.0,Покупка,Beeline,False,"- 500,00 ₸"
9,16.04.25,-273347.0,Покупка,ИП ПОРТНЯГИН В.Ю,False,"- 273 347,00 ₸"
9,16.04.25,275000.0,Пополнение,Назира Б.,False,"+ 275 000,00 ₸"
9,16.04.25,-2000.0,Перевод,Акжол Б.,False,"- 2 000,00 ₸"
9,16.04.25,5000.0,Пополнение,Назира Б.,False,"+ 5 000,00 ₸"
9,15.04.25,-5292.0,Покупка,ТНП Базовая,False,"- 5 292,00 ₸"
9,15.04.25,10000.0,Пополнение,Назира Б.,False,"+ 10 000,00 ₸"
9,15.04.25,-11000.0,Покупка,Сервис com Ауэзова,False,"- 11 000,00 ₸"
9,15.04.25,12000.0,Пополнение,Назира Б.,False,"+ 12 000,00 ₸"
9,11.04.25,-1600.0,Перевод,Булатхан У.,False,"- 1 600,00 ₸"
9,11.04.25,1000.0,Пополнение,Назира Б.,False,"+ 1 000,00 ₸"
9,10.04.25,-500.0,Покупка,Металлоприём,False,"- 500,00 ₸"
9,10.04.25,-176.0,Перевод,На Kaspi Депозит,False,"- 176,00 ₸"
9,10.04.25,-10000.0,Перевод,На Kaspi Депозит,False,"- 10 000,00 ₸"
9,09.04.25,-3043.0,Покупка,Налог для юр. лиц по реквизитам,False,"- 3 043,00 ₸"
9,09.04.25,-120000.0,Покупка,Налог для юр. лиц по реквизитам,False,"- 120 000,00 ₸"
9,09.04.25,130000.0,Пополнение,Айгерим Ж.,False,"+ 130 000,00 ₸"
9,09.04.25,-520.0,Покупка,Перекрёсток,False,"- 520,00 ₸"
9,09.04.25,-80.0,Покупка,Аманжол,False,"- 80,00 ₸"
9,09.04.25,-11400.0,Покупка,Хоз двор,False,"- 11 400,00 ₸"
9,09.04.25,-57127.0,Покупка,ТНП,False,"- 57 127,00 ₸"
9,09.04.25,70000.0,Пополнение,Назира Б.,False,"+ 70 000,00 ₸"
9,09.04.25,-4989.0,Перевод,Оплата Kaspi Кредита,False,"- 4 989,00 ₸"
9,09.04.25,5000.0,Пополнение,Назира Б.,False,"+ 5 000,00 ₸"
9,08.04.25,-1002.0,Перевод,Алла Ж.,False,"- 1 002,00 ₸"
9,07.04.25,-3960.0,Покупка,ИП Лаушкин,False,"- 3 960,00 ₸"
9,07.04.25,-3200.0,Покупка,Хоз двор,False,"- 3 200,00 ₸"
9,06.04.25,-39000.0,Покупка,Hyundai Premium Oskemen,False,"- 39 000,00 ₸"
9,06.04.25,-1230.0,Перевод,Иван О.,False,"- 1 230,00 ₸"
9,06.04.25,40000.0,Пополнение,Назира Б.,False,"+ 40 000,00 ₸"
9,05.04.25,-940.0,Покупка,Аманжол,False,"- 940,00 ₸"
9,05.04.25,-2915.0,Покупка,Комфорт,False,"- 2 915,00 ₸"
9,05.04.25,8500.0,Пополнение,Назира Б.,False,"+ 8 500,00 ₸"
9,05.04.25,-3200.0,Покупка,Хоз двор,False,"- 3 200,00 ₸"
9,05.04.25,10000.0,Пополнение,Назира Б.,False,"+ 10 000,00 ₸"
9,04.04.25,-30000.0,Перевод,Канат С.,False,"- 30 000,00 ₸"
10,04.04.25,-190.0,Покупка,Перекрёсток,False,"- 190,00 ₸"
10,04.04.25,30000.0,Пополнение,Назира Б.,False,"+ 30 000,00 ₸"
10,03.04.25,-800.0,Покупка,ИП.Рыспаева,False,"- 800,00 ₸"
10,03.04.25,-9600.0,Покупка,Хоз двор,False,"- 9 600,00 ₸"
10,03.04.25,10000.0,Пополнение,Назира Б.,False,"+ 10 000,00 ₸"
10,02.04.25,-95572.0,Покупка,Налог на транспорт,False,"- 95 572,00 ₸"
10,02.04.25,96000.0,Пополнение,Назира Б.,False,"+ 96 000,00 ₸"
10,01.04.25,-370.0,Покупка,МТК,False,"- 370,00 ₸"
10,01.04.25,-550.0,Покупка,Магазин 999,False,"- 550,00 ₸"
10,01.04.25,-2250.0,Покупка,1000 мелочей,False,"- 2 250,00 ₸"
10,01.04.25,-4300.0,Перевод,Куралай К.,False,"- 4 300,00 ₸"
10,01.04.25,5000.0,Пополнение,Назира Б.,False,"+ 5 000,00 ₸"
10,31.03.25,-19660.0,Покупка,Долги по налогам,False,"- 19 660,00 ₸"
10,31.03.25,20000.0,Пополнение,Назира Б.,False,"+ 20 000,00 ₸"
10,31.03.25,-1575.0,Покупка,ИП Кубентаев М.С. Асхана Мереке,False,"- 1 575,00 ₸"
10,31.03.25,5000.0,Пополнение,Назира Б.,False,"+ 5 000,00 ₸"
10,26.03.25,-400.0,Покупка,Перекрёсток,False,"- 400,00 ₸"
10,23.03.25,-2000.0,Перевод,Ботагоз К.,False,"- 2 000,00 ₸"
10,22.03.25,-100000.0,Перевод,Оралбек Д.,False,"- 100 000,00 ₸"
10,22.03.25,100000.0,Пополнение,Назира Б.,False,"+ 100 000,00 ₸"
10,18.03.25,-100.0,Покупка,түркістан,False,"- 100,00 ₸"
10,17.03.25,-7000.0,Перевод,Алибек Ж.,False,"- 7 000,00 ₸"
10,17.03.25,-20000.0,Перевод,Оралбек Д.,False,"- 20 000,00 ₸"
10,17.03.25,20000.0,Пополнение,Назира Б.,False,"+ 20 000,00 ₸"
10,17.03.25,-3000.0,Перевод,Амангельды А.,False,"- 3 000,00 ₸"
10,17.03.25,-2200.0,Покупка,Болашак Навес,False,"- 2 200,00 ₸"
10,17.03.25,5000.0,Пополнение,Назира Б.,False,"+ 5 000,00 ₸"
10,16.03.25,-20000.0,Перевод,Оралбек Д.,False,"- 20 000,00 ₸"
10,16.03.25,20000.0,Пополнение,Назира Б.,False,"+ 20 000,00 ₸"
10,16.03.25,-60000.0,Перевод,Алибек Ж.,False,"- 60 000,00 ₸"
10,16.03.25,60000.0,Пополнение,Алибек Ж.,False,"+ 60 000,00 ₸"
10,15.03.25,-11402.0,Покупка,ЧН Абубакирова Айжан Сакеновн,False,"- 11 402,00 ₸"
10,15.03.25,15000.0,Пополнение,Айгерим Ж.,False,"+ 15 000,00 ₸"
10,15.03.25,-200.0,Покупка,Beeline,False,"- 200,00 ₸"
10,15.03.25,-5000.0,Перевод,Назира Б.,False,"- 5 000,00 ₸"
10,14.03.25,-800.0,Покупка,Аманжол,False,"- 800,00 ₸"
10,14.03.25,-42400.0,Перевод,Сания Б.,False,"- 42 400,00 ₸"
10,14.03.25,45000.0,Пополнение,Назира Б.,False,"+ 45 000,00 ₸"
10,11.03.25,-10000.0,Перевод,На Kaspi Депозит,False,"- 10 000,00 ₸"
10,11.03.25,10000.0,Пополнение,Айгерим Ж.,False,"+ 10 000,00 ₸"
10,10.03.25,-100000.0,Перевод,Николай Д.,False,"- 100 000,00 ₸"
10,10.03.25,60000.0,Пополнение,С Kaspi Депозита,False,"+ 60 000,00 ₸"
10,10.03.25,-1000.0,Перевод,Берик С.,False,"- 1 000,00 ₸"
10,10.03.25,10000.0,Пополнение,Назира Б.,False,"+ 10 000,00 ₸"
10,10.03.25,40000.0,Пополнение,Назира Б.,False,"+ 40 000,00 ₸"
10,09.03.25,-30000.0,Перевод,На Kaspi Депозит,False,"- 30 000,00 ₸"
10,09.03.25,30000.0,Пополнение,Назира Б.,False,"+ 30 000,00 ₸"
11,08.03.25,-35000.0,Перевод,На Kaspi Депозит,False,"- 35 000,00 ₸"
11,08.03.25,30000.0,Пополнение,Назира Б.,False,"+ 30 000,00 ₸"
11,07.03.25,-4966.0,Перевод,Оплата Kaspi Кредита,False,"- 4 966,00 ₸"
11,07.03.25,-6000.0,Покупка,АЗС Скорпион,False,"- 6 000,00 ₸"
11,06.03.25,-37500.0,Перевод,Асхаб С.,False,"- 37 500,00 ₸"
11,06.03.25,40000.0,Пополнение,Назира Б.,False,"+ 40 000,00 ₸"
11,06.03.25,-5000.0,Покупка,F-110 Усть-Каменогорск Qazaq Oil,False,"- 5 000,00 ₸"
11,06.03.25,-8500.0,Перевод,Айжана Б.,False,"- 8 500,00 ₸"
11,06.03.25,-1000.0,Перевод,Вера Б.,False,"- 1 000,00 ₸"
11,05.03.25,-3800.0,Покупка,Хоз двор,False,"- 3 800,00 ₸"
11,05.03.25,-3000.0,Перевод,Амангельды А.,False,"- 3 000,00 ₸"
11,05.03.25,28000.0,Пополнение,Назира Б.,False,"+ 28 000,00 ₸"
11,04.03.25,-4000.0,Перевод,Куралай К.,False,"- 4 000,00 ₸"
11,03.03.25,-3900.0,Перевод,Жанатхан Ш.,False,"- 3 900,00 ₸"
11,03.03.25,10000.0,Пополнение,Назира Б.,False,"+ 10 000,00 ₸"
11,02.03.25,-5000.0,Перевод,Ботагоз К.,False,"- 5 000,00 ₸"
11,01.03.25,10000.0,Пополнение,В Kaspi Терминале,False,"+ 10 000,00 ₸"
11,28.02.25,-10000.0,Покупка,АЗС-109,False,"- 10 000,00 ₸"
11,28.02.25,10000.0,Пополнение,Назира Б.,False,"+ 10 000,00 ₸"
11,26.02.25,-840.0,Покупка,той,False,"- 840,00 ₸"
11,26.02.25,1000.0,Пополнение,Назира Б.,False,"+ 1 000,00 ₸"
11,24.02.25,-450.0,Перевод,Кульбаран Ж.,False,"- 450,00 ₸"
11,23.02.25,-1500.0,Перевод,Назира Б.,False,"- 1 500,00 ₸"
11,23.02.25,1500.0,Пополнение,С Kaspi Депозита,False,"+ 1 500,00 ₸"
11,19.02.25,-200.0,Покупка,Activ,False,"- 200,00 ₸"
11,18.02.25,-10000.0,Покупка,АЗС-109,False,"- 10 000,00 ₸"
11,18.02.25,-30000.0,Перевод,Имир С.,False,"- 30 000,00 ₸"
11,18.02.25,40000.0,Пополнение,Назира Б.,False,"+ 40 000,00 ₸"
11,17.02.25,-2600.0,Перевод,Кульбаран Ж.,False,"- 2 600,00 ₸"
11,17.02.25,2000.0,Пополнение,В Kaspi Банкомате,False,"+ 2 000,00 ₸"
11,14.02.25,-3000.0,Перевод,Анар К.,False,"- 3 000,00 ₸"
11,14.02.25,-1591.0,Перевод,На Kaspi Депозит,False,"- 1 591,00 ₸"
11,13.02.25,-37791.0,Перевод,Анар К.,False,"- 37 791,00 ₸"
11,13.02.25,33000.0,Пополнение,С Kaspi Депозита,False,"+ 33 000,00 ₸"
11,13.02.25,-1085.0,Покупка,кафе,False,"- 1 085,00 ₸"
11,13.02.25,-6000.0,Перевод,Николай Д.,False,"- 6 000,00 ₸"
11,13.02.25,15000.0,Пополнение,Назира Б.,False,"+ 15 000,00 ₸"
11,13.02.25,-100000.0,Перевод,Николай Д.,False,"- 100 000,00 ₸"
11,13.02.25,15000.0,Пополнение,Назира Б.,False,"+ 15 000,00 ₸"
11,12.02.25,86000.0,Пополнение,Назира Б.,False,"+ 86 000,00 ₸"
11,11.02.25,-200.0,Покупка,ИП КЕНЖЕ,False,"- 200,00 ₸"
11,08.02.25,-834.0,Перевод,Оплата Kaspi Кредита,False,"- 834,00 ₸"
11,07.02.25,-150.0,Покупка,Болашақ Меновное 1,False,"- 150,00 ₸"
11,06.02.25,-1120.0,Покупка,ИП Нургалиева,False,"- 1 120,00 ₸"
11,06.02.25,-1980.0,Покупка,ИП Лаушкин,False,"- 1 980,00 ₸"
11,06.02.25,-30000.0,Перевод,Имир С.,False,"- 30 000,00 ₸"
11,06.02.25,-5000.0,Перевод,На Kaspi Депозит,False,"- 5 000,00 ₸"
12,06.02.25,26000.0,Пополнение,Назира Б.,False,"+ 26 000,00 ₸"
12,06.02.25,15000.0,Пополнение,Назира Б.,False,"+ 15 000,00 ₸"
12,05.02.25,-5000.0,Перевод,Арман Ж.,False,"- 5 000,00 ₸"
12,05.02.25,-520.0,Покупка,Аманжол,False,"- 520,00 ₸"
12,04.02.25,-500.0,Перевод,Амангельды А.,False,"- 500,00 ₸"
12,04.02.25,5500.0,Пополнение,Назира Б.,False,"+ 5 500,00 ₸"
12,04.02.25,-1010.0,Покупка,ИП Лаушкин,False,"- 1 010,00 ₸"
12,04.02.25,-10000.0,Перевод,Арман Ж.,False,"- 10 000,00 ₸"
12,04.02.25,7200.0,Пополнение,Назира Б.,False,"+ 7 200,00 ₸"
12,03.02.25,-3392.0,Перевод,Куралай К.,False,"- 3 392,00 ₸"
12,03.02.25,-10000.0,Покупка,АЗС-107,False,"- 10 000,00 ₸"
12,03.02.25,10000.0,Пополнение,Назира Б.,False,"+ 10 000,00 ₸"
12,31.01.25,-3200.0,Покупка,Drive_Shop.kz,False,"- 3 200,00 ₸"
12,30.01.25,-10000.0,Перевод,Арман Ж.,False,"- 10 000,00 ₸"
12,30.01.25,-730.0,Покупка,ИП КЕНЖЕ,False,"- 730,00 ₸"
12,30.01.25,-1085.0,Покупка,кафе,False,"- 1 085,00 ₸"
12,30.01.25,10000.0,Пополнение,Назира Б.,False,"+ 10 000,00 ₸"
12,30.01.25,-25000.0,Перевод,Имир С.,False,"- 25 000,00 ₸"
12,30.01.25,25000.0,Пополнение,Назира Б.,False,"+ 25 000,00 ₸"
12,29.01.25,-983.0,Покупка,Налог для физ. лиц по реквизитам,False,"- 983,00 ₸"
12,29.01.25,-4915.0,Покупка,Налог для физ. лиц по реквизитам,False,"- 4 915,00 ₸"
12,29.01.25,-5504.8,Покупка,Налог для физ. лиц по реквизитам,False,"- 5 504,80 ₸"
12,29.01.25,-1000.0,Перевод,Покупка автомобиля,False,"- 1 000,00 ₸"
12,29.01.25,25000.0,Пополнение,Алибек Ж.,False,"+ 25 000,00 ₸"
12,27.01.25,-700.0,Перевод,Балауса Б.,False,"- 700,00 ₸"
12,27.01.25,400.0,Пополнение,Назира Б.,False,"+ 400,00 ₸"
12,22.01.25,-300.0,Покупка,САГИЕВА,False,"- 300,00 ₸"
12,20.01.25,-1550.0,Покупка,МТК,False,"- 1 550,00 ₸"
12,20.01.25,-340.0,Покупка,Аманжол,False,"- 340,00 ₸"
12,20.01.25,-170.0,Покупка,Аманжол,False,"- 170,00 ₸"
12,20.01.25,-4640.0,Покупка,Аманжол,False,"- 4 640,00 ₸"
12,20.01.25,5000.0,Пополнение,Назира Б.,False,"+ 5 000,00 ₸"
12,19.01.25,-1800.0,Перевод,Амангельды А.,False,"- 1 800,00 ₸"
12,19.01.25,-10000.0,Покупка,АЗС Скорпион,False,"- 10 000,00 ₸"
12,19.01.25,10000.0,Пополнение,Назира Б.,False,"+ 10 000,00 ₸"
12,18.01.25,-470.0,Покупка,отдел кулинария,False,"- 470,00 ₸"
12,18.01.25,-990.0,Покупка,Global Cofe,False,"- 990,00 ₸"
12,17.01.25,5000.0,Пополнение,Назира Б.,False,"+ 5 000,00 ₸"
12,17.01.25,-11000.0,Перевод,Арман Ж.,False,"- 11 000,00 ₸"
12,17.01.25,11000.0,Пополнение,Айгерим Ж.,False,"+ 11 000,00 ₸"
12,17.01.25,-1450.0,Покупка,Аманжол,False,"- 1 450,00 ₸"
12,17.01.25,2000.0,Пополнение,Назира Б.,False,"+ 2 000,00 ₸"
12,16.01.25,-3000.0,Перевод,На Kaspi Депозит,False,"- 3 000,00 ₸"
12,15.01.25,-500.0,Покупка,"TOO ""Kaspi Magazin""",False,"- 500,00 ₸"
12,15.01.25,-916.0,Покупка,ИП Уютный Дом,False,"- 916,00 ₸"
12,15.01.25,500.0,Покупка,"TOO ""Kaspi Magazin""",True,"+ 500,00 ₸"
12,15.01.25,339.0,Покупка,ИП Уютный Дом,True,"+ 339,00 ₸"
13,15.01.25,-500.0,Покупка,"TOO ""Kaspi Magazin""",True,"- 500,00 ₸"
13,15.01.25,-339.0,Покупка,ИП Уютный Дом,True,"- 339,00 ₸"
13,15.01.25,-10000.0,Перевод,Арман Ж.,False,"- 10 000,00 ₸"
13,15.01.25,10000.0,Пополнение,Назира Б.,False,"+ 10 000,00 ₸"
13,15.01.25,-1405.0,Покупка,кафе,False,"- 1 405,00 ₸"
13,15.01.25,5000.0,Пополнение,Назира Б.,False,"+ 5 000,00 ₸"
13,15.01.25,-10000.0,Покупка,АЗС «Водоканал»,False,"- 10 000,00 ₸"
13,15.01.25,10000.0,Пополнение,Назира Б.,False,"+ 10 000,00 ₸"
13,14.01.25,-15000.0,Перевод,Арман Ж.,False,"- 15 000,00 ₸"
13,14.01.25,15000.0,Пополнение,Назира Б.,False,"+ 15 000,00 ₸"
13,14.01.25,-30400.0,Покупка,Сантехника,False,"- 30 400,00 ₸"
13,14.01.25,30000.0,Пополнение,Назира Б.,False,"+ 30 000,00 ₸"
13,14.01.25,-124800.0,Перевод,Андрей С.,False,"- 124 800,00 ₸"
13,14.01.25,5000.0,Пополнение,Айгерим Ж.,False,"+ 5 000,00 ₸"
13,14.01.25,120000.0,Пополнение,Назира Б.,False,"+ 120 000,00 ₸"
13,14.01.25,-10000.0,Перевод,На Kaspi Депозит,False,"- 10 000,00 ₸"
13,14.01.25,5000.0,Пополнение,С Kaspi Депозита,False,"+ 5 000,00 ₸"
13,14.01.25,-13200.0,Покупка,Болашак Навес,False,"- 13 200,00 ₸"
13,14.01.25,15000.0,Пополнение,Назира Б.,False,"+ 15 000,00 ₸"
13,13.01.25,-5875.0,Покупка,Мызы 6 овощи/фрукты,False,"- 5 875,00 ₸"
13,13.01.25,6000.0,Пополнение,Назира Б.,False,"+ 6 000,00 ₸"
13,13.01.25,-4320.0,Перевод,Сымбат Т.,False,"- 4 320,00 ₸"
13,13.01.25,5000.0,Пополнение,Назира Б.,False,"+ 5 000,00 ₸"
13,13.01.25,-12000.0,Покупка,ИП.Жаксыбаев,False,"- 12 000,00 ₸"
13,13.01.25,12000.0,Пополнение,Назира Б.,False,"+ 12 000,00 ₸"
13,12.01.25,-5000.0,Перевод,На Kaspi Депозит,False,"- 5 000,00 ₸"
13,12.01.25,-180.0,Покупка,Домъ,False,"- 180,00 ₸"
13,11.01.25,-10000.0,Покупка,АЗС «Водоканал»,False,"- 10 000,00 ₸"
13,11.01.25,-990.0,Покупка,Ахмер-Строй,False,"- 990,00 ₸"
13,11.01.25,15000.0,Пополнение,Назира Б.,False,"+ 15 000,00 ₸"
13,10.01.25,-1000.0,Перевод,Жанатхан Ш.,False,"- 1 000,00 ₸"
13,10.01.25,5000.0,Пополнение,Назира Б.,False,"+ 5 000,00 ₸"
13,09.01.25,-200.0,Покупка,ALMAZ,False,"- 200,00 ₸"
13,09.01.25,-600.0,Покупка,ХОЗТОВАРЫ,False,"- 600,00 ₸"
13,09.01.25,-1500.0,Перевод,Зайпжамал М.,False,"- 1 500,00 ₸"
13,06.01.25,-28000.0,Покупка,Сантехника,False,"- 28 000,00 ₸"
13,06.01.25,28000.0,Пополнение,Назира Б.,False,"+ 28 000,00 ₸"
13,06.01.25,-30000.0,Перевод,Имир С.,False,"- 30 000,00 ₸"
13,06.01.25,30000.0,Пополнение,Назира Б.,False,"+ 30 000,00 ₸"
13,05.01.25,-7028.0,Перевод,Оплата Kaspi Кредита,False,"- 7 028,00 ₸"
13,05.01.25,-2850.0,Перевод,Куралай К.,False,"- 2 850,00 ₸"
13,05.01.25,10000.0,Пополнение,Назира Б.,False,"+ 10 000,00 ₸"
13,05.01.25,-9080.0,Покупка,Аманжол,False,"- 9 080,00 ₸"
13,05.01.25,12000.0,Пополнение,Назира Б.,False,"+ 12 000,00 ₸"
13,03.01.25,-700.0,Перевод,Жанатхан Ш.,False,"- 700,00 ₸"
13,02.01.25,-30000.0,Перевод,Имир С.,False,"- 30 000,00 ₸"
13,02.01.25,2000.0,Пополнение,Назира Б.,False,"+ 2 000,00 ₸"
14,02.01.25,-1995.0,Разное,Оплата за годовое обслуживание,False,"- 1 995,00 ₸"
14,02.01.25,30000.0,Пополнение,Назира Б.,False,"+ 30 000,00 ₸"
14,28.12.24,-2700.0,Покупка,Altel,False,"- 2 700,00 ₸"
14,28.12.24,-100000.0,Перевод,Николай Д.,False,"- 100 000,00 ₸"
14,28.12.24,27000.0,Пополнение,С Kaspi Депозита,False,"+ 27 000,00 ₸"
14,28.12.24,-100.0,Перевод,Евгений Б.,False,"- 100,00 ₸"
14,27.12.24,-1250.0,Покупка,чаихана,False,"- 1 250,00 ₸"
14,26.12.24,75000.0,Пополнение,В Kaspi Терминале,False,"+ 75 000,00 ₸"
14,26.12.24,2000.0,Пополнение,В Kaspi Терминале,False,"+ 2 000,00 ₸"
14,25.12.24,-1040.0,Покупка,кафе Бриссоль,False,"- 1 040,00 ₸"
14,23.12.24,1000.0,Пополнение,Назира Б.,False,"+ 1 000,00 ₸"
14,22.12.24,-10000.0,Покупка,АЗС-109,False,"- 10 000,00 ₸"
14,22.12.24,10000.0,Пополнение,Назира Б.,False,"+ 10 000,00 ₸"
14,21.12.24,-2910.0,Покупка,Аманжол,False,"- 2 910,00 ₸"
14,21.12.24,-100.0,Перевод,Константин Б.,False,"- 100,00 ₸"
14,21.12.24,-150.0,Покупка,Аманжол,False,"- 150,00 ₸"
14,20.12.24,-230000.0,Снятие,Банкомат Bulvar Gagarina 18,False,"- 230 000,00 ₸"
14,20.12.24,-10000.0,Снятие,Банкомат Bulvar Gagarina 18,False,"- 10 000,00 ₸"
14,20.12.24,240000.0,Пополнение,Назира Б.,False,"+ 240 000,00 ₸"
14,20.12.24,-400.0,Покупка,Перекрёсток,False,"- 400,00 ₸"
14,20.12.24,-400.0,Перевод,Сайламхан Қ.,False,"- 400,00 ₸"
14,19.12.24,-650.0,Покупка,Столовая,False,"- 650,00 ₸"
14,19.12.24,-923.0,Покупка,Оплата услуг АвтоЦОН по QR,False,"- 923,00 ₸"
14,19.12.24,-4615.0,Покупка,Оплата услуг АвтоЦОН по QR,False,"- 4 615,00 ₸"
14,19.12.24,-10337.6,Покупка,Оплата услуг АвтоЦОН по QR,False,"- 10 337,60 ₸"
14,19.12.24,6000.0,Пополнение,Айгерим Ж.,False,"+ 6 000,00 ₸"
14,19.12.24,10000.0,Пополнение,Айгерим Ж.,False,"+ 10 000,00 ₸"
14,19.12.24,-2000.0,Перевод,Сайламхан Қ.,False,"- 2 000,00 ₸"
14,18.12.24,-480.0,Покупка,МТК,False,"- 480,00 ₸"
14,18.12.24,-10000.0,Перевод,Татьяна К.,False,"- 10 000,00 ₸"
14,18.12.24,10000.0,Пополнение,Айгерим Ж.,False,"+ 10 000,00 ₸"
14,18.12.24,500.0,Покупка,"TOO ""Kaspi Magazin""",False,"+ 500,00 ₸"
14,18.12.24,4399.0,Покупка,ИП ЛИ,False,"+ 4 399,00 ₸"
14,18.12.24,-100.0,Покупка,ИП ЖҰМАХАНОВА,False,"- 100,00 ₸"
14,17.12.24,-750.0,Покупка,ALMAZ,False,"- 750,00 ₸"
14,17.12.24,-2500.0,Покупка,ИП Тайбазаров,False,"- 2 500,00 ₸"
14,16.12.24,-1980.0,Перевод,Дархан Т.,False,"- 1 980,00 ₸"
14,16.12.24,-1190.0,Покупка,Асхана,False,"- 1 190,00 ₸"
14,16.12.24,-2000.0,Перевод,Талгат С.,False,"- 2 000,00 ₸"
14,16.12.24,-5000.0,Покупка,АЗС «Грузинская»,False,"- 5 000,00 ₸"
14,16.12.24,10000.0,Пополнение,Айгерим Ж.,False,"+ 10 000,00 ₸"
14,16.12.24,-840.0,Перевод,Алла Ж.,False,"- 840,00 ₸"
14,14.12.24,-3000.0,Перевод,Бактыгуль С.,False,"- 3 000,00 ₸"
14,14.12.24,-1500.0,Покупка,Авто,False,"- 1 500,00 ₸"
14,14.12.24,350.0,Покупка,WILDBERRIES,False,"+ 350,00 ₸"
14,13.12.24,-270.0,Покупка,Перекрёсток,False,"- 270,00 ₸"
14,13.12.24,-500.0,Перевод,Жанатхан Ш.,False,"- 500,00 ₸"
15,13.12.24,-250.0,Перевод,Жанатхан Ш.,False,"- 250,00 ₸"
15,13.12.24,-17000.0,Перевод,Кайрат И.,False,"- 17 000,00 ₸"
15,13.12.24,17000.0,Пополнение,Айгерим Ж.,False,"+ 17 000,00 ₸"
15,12.12.24,-10000.0,Перевод,На Kaspi Депозит,False,"- 10 000,00 ₸"
15,12.12.24,10000.0,Покупка,отопление ВКО,False,"+ 10 000,00 ₸"
15,12.12.24,-2500.0,Покупка,Safisa,False,"- 2 500,00 ₸"
15,12.12.24,10000.0,Пополнение,Назира Б.,False,"+ 10 000,00 ₸"
15,12.12.24,-30000.0,Перевод,Имир С.,False,"- 30 000,00 ₸"
15,12.12.24,30000.0,Пополнение,Назира Б.,False,"+ 30 000,00 ₸"
15,11.12.24,-5000.0,Перевод,Алибек Ж.,False,"- 5 000,00 ₸"
15,11.12.24,-2600.0,Перевод,Айнур С.,False,"- 2 600,00 ₸"
15,11.12.24,10000.0,Пополнение,Назира Б.,False,"+ 10 000,00 ₸"
15,09.12.24,-7632.0,Перевод,Роман И.,False,"- 7 632,00 ₸"
15,09.12.24,7000.0,Пополнение,Айгерим Ж.,False,"+ 7 000,00 ₸"
15,09.12.24,-10000.0,Перевод,Татьяна К.,False,"- 10 000,00 ₸"
15,09.12.24,10000.0,Пополнение,Айгерим Ж.,False,"+ 10 000,00 ₸"
15,08.12.24,-4900.0,Покупка,"ТОО ""MVK life""",False,"- 4 900,00 ₸"
15,08.12.24,-500.0,Покупка,"TOO ""Kaspi Magazin""",False,"- 500,00 ₸"
15,08.12.24,5000.0,Пополнение,Назира Б.,False,"+ 5 000,00 ₸"
15,08.12.24,-16571.0,Перевод,Оплата Kaspi Кредита,False,"- 16 571,00 ₸"
15,08.12.24,17000.0,Пополнение,Назира Б.,False,"+ 17 000,00 ₸"
15,07.12.24,-150.0,Покупка,ИП Лаушкин,False,"- 150,00 ₸"
15,07.12.24,-1620.0,Перевод,Дархан Т.,False,"- 1 620,00 ₸"
15,07.12.24,3000.0,Пополнение,Назира Б.,False,"+ 3 000,00 ₸"
15,05.12.24,-3990.0,Покупка,Beeline,False,"- 3 990,00 ₸"
15,04.12.24,-820.0,Покупка,Магазин Маркакол*,False,"- 820,00 ₸"
15,04.12.24,-20000.0,Перевод,Арман Ж.,False,"- 20 000,00 ₸"
15,04.12.24,20000.0,Пополнение,Айгерим Ж.,False,"+ 20 000,00 ₸"
15,03.12.24,-1728.0,Перевод,Куралай К.,False,"- 1 728,00 ₸"
15,02.12.24,-1950.0,Покупка,Октябрьский,False,"- 1 950,00 ₸"
15,02.12.24,10000.0,Пополнение,Назира Б.,False,"+ 10 000,00 ₸"
15,30.11.24,-500.0,Перевод,Галия И.,False,"- 500,00 ₸"
15,30.11.24,-900.0,Покупка,ИП  Берикболов  Сырбаз,False,"- 900,00 ₸"
15,29.11.24,-630.0,Покупка,ALMAZ,False,"- 630,00 ₸"
15,28.11.24,-200.0,Покупка,ALMAZ,False,"- 200,00 ₸"
15,28.11.24,-3150.0,Покупка,Аманжол,False,"- 3 150,00 ₸"
15,28.11.24,-560.0,Покупка,Болашақ Меновное 2,False,"- 560,00 ₸"
15,27.11.24,-10000.0,Покупка,отопление ВКО,False,"- 10 000,00 ₸"
15,27.11.24,15000.0,Пополнение,Айгерим Ж.,False,"+ 15 000,00 ₸"
15,27.11.24,-400.0,Покупка,ИП Троеглазова Олеся Алексеевна,False,"- 400,00 ₸"
15,27.11.24,-180.0,Покупка,ип Жакупова,False,"- 180,00 ₸"
15,26.11.24,-100.0,Покупка,Аманжол,False,"- 100,00 ₸"
15,26.11.24,-23000.0,Покупка,ИП  Берикболов  Сырбаз,False,"- 23 000,00 ₸"
15,26.11.24,25000.0,Пополнение,Назира Б.,False,"+ 25 000,00 ₸"
15,22.11.24,-530.0,Покупка,Перекрёсток,False,"- 530,00 ₸"
15,22.11.24,-15700.0,Перевод,Эммилия С.,False,"- 15 700,00 ₸"
15,22.11.24,-4000.0,Перевод,Олег К.,False,"- 4 000,00 ₸"
16,21.11.24,-470.0,Покупка,Аманжол,False,"- 470,00 ₸"
16,21.11.24,-5500.0,Покупка,ХОЗТОВАРЫ,False,"- 5 500,00 ₸"
16,21.11.24,25000.0,Пополнение,Айгерим Ж.,False,"+ 25 000,00 ₸"
16,21.11.24,-200.0,Покупка,ИП  Берикболов  Сырбаз,False,"- 200,00 ₸"
16,20.11.24,-100.0,Покупка,Аманжол,False,"- 100,00 ₸"
16,20.11.24,-500.0,Покупка,ИП ГРИГОРЬЕВА,False,"- 500,00 ₸"
16,20.11.24,-1940.0,Покупка,Асхана,False,"- 1 940,00 ₸"
16,20.11.24,3500.0,Пополнение,Назира Б.,False,"+ 3 500,00 ₸"
16,19.11.24,-400.0,Покупка,Перекрёсток,False,"- 400,00 ₸"
16,19.11.24,-1680.0,Покупка,Аманжол,False,"- 1 680,00 ₸"
16,19.11.24,-500.0,Перевод,Ирина А.,False,"- 500,00 ₸"
16,19.11.24,-146.0,Покупка,CITY CENTER,False,"- 146,00 ₸"
16,19.11.24,-2460.0,Покупка,Аптека(желтая),False,"- 2 460,00 ₸"
16,18.11.24,-15000.0,Перевод,Татьяна К.,False,"- 15 000,00 ₸"
16,18.11.24,-15000.0,Перевод,Татьяна К.,False,"- 15 000,00 ₸"
16,18.11.24,30000.0,Пополнение,Айгерим Ж.,False,"+ 30 000,00 ₸"
16,18.11.24,-660.0,Перевод,Алмаз О.,False,"- 660,00 ₸"
16,18.11.24,-1300.0,Покупка,ИП  Берикболов  Сырбаз,False,"- 1 300,00 ₸"
16,17.11.24,-590.0,Покупка,WILDBERRIES,False,"- 590,00 ₸"
16,16.11.24,-450.0,Покупка,Аманжол,False,"- 450,00 ₸"
16,15.11.24,-3000.0,Перевод,Назира Б.,False,"- 3 000,00 ₸"
16,15.11.24,-500.0,Покупка,"TOO ""Kaspi Magazin""",False,"- 500,00 ₸"
16,15.11.24,-4399.0,Покупка,ИП ЛИ,False,"- 4 399,00 ₸"
16,15.11.24,-2800.0,Покупка,ИП Лошкарев Сергей Валерьевич,False,"- 2 800,00 ₸"
16,15.11.24,500.0,Покупка,"TOO ""Kaspi Magazin""",True,"+ 500,00 ₸"
16,15.11.24,2800.0,Покупка,ИП Лошкарев Сергей Валерьевич,True,"+ 2 800,00 ₸"
16,15.11.24,-500.0,Покупка,"TOO ""Kaspi Magazin""",True,"- 500,00 ₸"
16,15.11.24,-2800.0,Покупка,ИП Лошкарев Сергей Валерьевич,True,"- 2 800,00 ₸"
16,15.11.24,-1000.0,Перевод,Назира Б.,False,"- 1 000,00 ₸"
16,15.11.24,-1500.0,Перевод,Акжол Б.,False,"- 1 500,00 ₸"
16,15.11.24,5000.0,Пополнение,Назира Б.,False,"+ 5 000,00 ₸"
16,14.11.24,-20000.0,Перевод,Арман Ж.,False,"- 20 000,00 ₸"
16,14.11.24,20000.0,Пополнение,Назира Б.,False,"+ 20 000,00 ₸"
16,13.11.24,-905.0,Перевод,Жанатхан Ш.,False,"- 905,00 ₸"
16,13.11.24,-1680.0,Покупка,Аманжол,False,"- 1 680,00 ₸"
16,13.11.24,-2400.0,Покупка,ИП  Берикболов  Сырбаз,False,"- 2 400,00 ₸"
16,13.11.24,10000.0,Пополнение,Назира Б.,False,"+ 10 000,00 ₸"
16,12.11.24,-1340.0,Покупка,ИП Кубентаев М.С. Асхана Мереке,False,"- 1 340,00 ₸"
16,09.11.24,-1000.0,Перевод,Дархан Т.,False,"- 1 000,00 ₸"
16,09.11.24,-10000.0,Перевод,Арман Ж.,False,"- 10 000,00 ₸"
16,09.11.24,10000.0,Пополнение,Назира Б.,False,"+ 10 000,00 ₸"
16,09.11.24,-3000.0,Перевод,Лариса Г.,False,"- 3 000,00 ₸"
16,08.11.24,-16579.0,Перевод,Оплата Kaspi Кредита,False,"- 16 579,00 ₸"
16,08.11.24,20000.0,Пополнение,Назира Б.,False,"+ 20 000,00 ₸"
16,08.11.24,-180.0,Покупка,Аманжол,False,"- 180,00 ₸"
16,08.11.24,-500.0,Покупка,ип Жакупова,False,"- 500,00 ₸"
16,08.11.24,-600.0,Перевод,Толкын З.,False,"- 600,00 ₸"
17,08.11.24,-3000.0,Перевод,Толкын З.,False,"- 3 000,00 ₸"
17,08.11.24,-89100.0,Перевод,Данил К.,False,"- 89 100,00 ₸"
17,08.11.24,95000.0,Пополнение,Айгерим Ж.,False,"+ 95 000,00 ₸"
17,08.11.24,-240.0,Покупка,Аманжол,False,"- 240,00 ₸"
17,08.11.24,-1650.0,Покупка,кафе,False,"- 1 650,00 ₸"
17,08.11.24,5000.0,Пополнение,Назира Б.,False,"+ 5 000,00 ₸"
17,07.11.24,-2000.0,Перевод,Айман Ж.,False,"- 2 000,00 ₸"
17,07.11.24,-1900000.0,Перевод,Назира Б.,False,"- 1 900 000,00 ₸"
17,06.11.24,-2000000.0,Перевод,Назира Б.,False,"- 2 000 000,00 ₸"
17,06.11.24,8000.0,Пополнение,Айгерим Ж.,False,"+ 8 000,00 ₸"
17,06.11.24,-3000.0,Покупка,АкваМастерСтоляр,False,"- 3 000,00 ₸"
17,06.11.24,-1290.0,Покупка,Вкусно как дома!,False,"- 1 290,00 ₸"
17,06.11.24,-200.0,Покупка,Beeline,False,"- 200,00 ₸"
17,05.11.24,3500.0,Пополнение,Назира Б.,False,"+ 3 500,00 ₸"
17,05.11.24,10000.0,Пополнение,Айгерим Ж.,False,"+ 10 000,00 ₸"
17,05.11.24,-12050.0,Перевод,Жанатхан Ш.,False,"- 12 050,00 ₸"
17,04.11.24,-740.0,Покупка,ИП КЕНЖЕ,False,"- 740,00 ₸"
17,04.11.24,-415.0,Покупка,Аманжол,False,"- 415,00 ₸"
17,04.11.24,-2000000.0,Перевод,Назира Б.,False,"- 2 000 000,00 ₸"
17,04.11.24,88000.0,Пополнение,Арман С.,False,"+ 88 000,00 ₸"
17,04.11.24,5762000.0,Пополнение,Оплата за проданный автомобиль,False,"+ 5 762 000,00 ₸"
17,04.11.24,-200.0,Покупка,Beeline,False,"- 200,00 ₸"
17,04.11.24,50000.0,Пополнение,Арман С.,False,"+ 50 000,00 ₸"
17,03.11.24,-1422.0,Перевод,Куралай К.,False,"- 1 422,00 ₸"
17,03.11.24,-1660.0,Перевод,Жанатхан Ш.,False,"- 1 660,00 ₸"
17,02.11.24,-510.0,Покупка,Перекрёсток,False,"- 510,00 ₸"
17,02.11.24,-7000.0,Перевод,Руслан М.,False,"- 7 000,00 ₸"
17,02.11.24,7000.0,Пополнение,Назира Б.,False,"+ 7 000,00 ₸"
17,02.11.24,-622.0,Покупка,Beeline,False,"- 622,00 ₸"
17,01.11.24,-10000.0,Покупка,АЗС-109,False,"- 10 000,00 ₸"
17,01.11.24,10000.0,Пополнение,Назира Б.,False,"+ 10 000,00 ₸"
17,01.11.24,-1850.0,Покупка,ХОЗТОВАРЫ,False,"- 1 850,00 ₸"
17,01.11.24,10000.0,Пополнение,Айгерим Ж.,False,"+ 10 000,00 ₸"
17,01.11.24,-2500.0,Покупка,Фараон,False,"- 2 500,00 ₸"
17,01.11.24,5000.0,Пополнение,Айгерим Ж.,False,"+ 5 000,00 ₸"
17,01.11.24,-3470.0,Перевод,Алмаз О.,False,"- 3 470,00 ₸"
17,31.10.24,-5550.0,Перевод,Алмаз О.,False,"- 5 550,00 ₸"
17,31.10.24,6000.0,Пополнение,Айгерим Ж.,False,"+ 6 000,00 ₸"
17,30.10.24,-30000.0,Перевод,Вероника К.,False,"- 30 000,00 ₸"
17,30.10.24,30000.0,Пополнение,Назира Б.,False,"+ 30 000,00 ₸"
17,30.10.24,-450.0,Покупка,Аманжол,False,"- 450,00 ₸"
17,30.10.24,-9750.0,Перевод,Алмаз О.,False,"- 9 750,00 ₸"
17,30.10.24,10000.0,Пополнение,Назира Б.,False,"+ 10 000,00 ₸"
17,30.10.24,-500.0,Перевод,Алмаз О.,False,"- 500,00 ₸"
17,29.10.24,-220.0,Покупка,Аманжол,False,"- 220,00 ₸"
17,29.10.24,-1000.0,Перевод,Жанатхан Ш.,False,"- 1 000,00 ₸"
17,29.10.24,-1115.0,Покупка,кафе,False,"- 1 115,00 ₸"
18,29.10.24,-6600.0,Перевод,Асем М.,False,"- 6 600,00 ₸"
18,29.10.24,-5970.0,Покупка,ИП  Берикболов  Сырбаз,False,"- 5 970,00 ₸"
18,29.10.24,-7000.0,Покупка,ИП Мухамедкалиев С.С,False,"- 7 000,00 ₸"
18,29.10.24,10000.0,Пополнение,Айгерим Ж.,False,"+ 10 000,00 ₸"
18,28.10.24,-4200.0,Покупка,Аманжол,False,"- 4 200,00 ₸"
18,28.10.24,20000.0,Пополнение,Назира Б.,False,"+ 20 000,00 ₸"
18,26.10.24,-10000.0,Покупка,ТОО БРИСТОЛЬ,False,"- 10 000,00 ₸"
18,26.10.24,10000.0,Пополнение,Назира Б.,False,"+ 10 000,00 ₸"
18,26.10.24,-350.0,Перевод,Бекзод Б.,False,"- 350,00 ₸"
18,26.10.24,-54000.0,Перевод,Дмитрий П.,False,"- 54 000,00 ₸"
18,26.10.24,55000.0,Пополнение,Айгерим Ж.,False,"+ 55 000,00 ₸"
18,24.10.24,-250.0,Покупка,Аманжол,False,"- 250,00 ₸"
18,24.10.24,-25000.0,Перевод,Имир С.,False,"- 25 000,00 ₸"
18,24.10.24,25000.0,Пополнение,Айгерим Ж.,False,"+ 25 000,00 ₸"
18,24.10.24,-100.0,Покупка,ИП  Берикболов  Сырбаз,False,"- 100,00 ₸"
18,23.10.24,-10000.0,Покупка,ТОО Клиника Муратова,False,"- 10 000,00 ₸"
18,23.10.24,10000.0,Пополнение,Алибек Ж.,False,"+ 10 000,00 ₸"
18,22.10.24,-100.0,Покупка,ALMAZ,False,"- 100,00 ₸"
18,21.10.24,-100.0,Перевод,Алмаз О.,False,"- 100,00 ₸"
18,20.10.24,-1200.0,Покупка,Аманжол,False,"- 1 200,00 ₸"
18,20.10.24,-580.0,Покупка,Перекрёсток,False,"- 580,00 ₸"
18,19.10.24,-2500.0,Покупка,Altel,False,"- 2 500,00 ₸"
18,19.10.24,-1720.0,Покупка,кафе Бриссоль,False,"- 1 720,00 ₸"
18,18.10.24,-1300.0,Перевод,Дархан Т.,False,"- 1 300,00 ₸"
18,18.10.24,-600.0,Перевод,Андрей В.,False,"- 600,00 ₸"
18,17.10.24,-19383.0,Покупка,ОФИС  Металлургов. 3,False,"- 19 383,00 ₸"
18,17.10.24,20000.0,Пополнение,Айгерим Ж.,False,"+ 20 000,00 ₸"
18,17.10.24,-1370.0,Покупка,кафе,False,"- 1 370,00 ₸"
18,17.10.24,9000.0,Пополнение,Назира Б.,False,"+ 9 000,00 ₸"
18,17.10.24,-900.0,Покупка,ИП  Берикболов  Сырбаз,False,"- 900,00 ₸"
18,17.10.24,1000.0,Пополнение,Назира Б.,False,"+ 1 000,00 ₸"
18,16.10.24,-4000.0,Перевод,Назира Б.,False,"- 4 000,00 ₸"
18,16.10.24,-9050.0,Покупка,ИП Сапелкина,False,"- 9 050,00 ₸"
18,16.10.24,-2000.0,Покупка,ИП  Берикболов  Сырбаз,False,"- 2 000,00 ₸"
18,15.10.24,-1500.0,Перевод,Фархат А.,False,"- 1 500,00 ₸"
18,15.10.24,-28800.0,Перевод,Дидар Н.,False,"- 28 800,00 ₸"
18,15.10.24,25000.0,Пополнение,Айгерим Ж.,False,"+ 25 000,00 ₸"
18,15.10.24,-1200.0,Перевод,Дания Р.,False,"- 1 200,00 ₸"
18,15.10.24,-50000.0,Перевод,Зарина С.,False,"- 50 000,00 ₸"
18,15.10.24,-700.0,Покупка,Аманжол,False,"- 700,00 ₸"
18,15.10.24,50000.0,Пополнение,Назира Б.,False,"+ 50 000,00 ₸"
18,14.10.24,-6000.0,Покупка,Activ,False,"- 6 000,00 ₸"
18,14.10.24,-11000.0,Перевод,Назира Б.,False,"- 11 000,00 ₸"
18,14.10.24,-1000.0,Перевод,Катипа Д.,False,"- 1 000,00 ₸"
18,13.10.24,-1400.0,Покупка,"Столовая ""Аппетитная""",False,"- 1 400,00 ₸"
18,13.10.24,-9000.0,Перевод,Руслан М.,False,"- 9 000,00 ₸"
18,12.10.24,-5000.0,Покупка,АЗС-109,False,"- 5 000,00 ₸"
19,12.10.24,-3800.0,Перевод,Людмила Т.,False,"- 3 800,00 ₸"
19,12.10.24,-1400.0,Покупка,ип Жакупова,False,"- 1 400,00 ₸"
19,12.10.24,-100.0,Покупка,Almaz,False,"- 100,00 ₸"
19,12.10.24,-490.0,Покупка,Апорт,False,"- 490,00 ₸"
19,12.10.24,52000.0,Пополнение,Виктор М.,False,"+ 52 000,00 ₸"
19,12.10.24,-40000.0,Снятие,Банкомат Sevastopolskaya ulitsa 5,False,"- 40 000,00 ₸"
19,12.10.24,-1500.0,Покупка,кафе Бриссоль,False,"- 1 500,00 ₸"
19,12.10.24,-57800.0,Перевод,Евгений З.,False,"- 57 800,00 ₸"
19,12.10.24,100000.0,Пополнение,Назира Б.,False,"+ 100 000,00 ₸"
19,11.10.24,-1300.0,Покупка,Столовая,False,"- 1 300,00 ₸"
19,11.10.24,10000.0,Пополнение,Назира Б.,False,"+ 10 000,00 ₸"
19,11.10.24,-500.0,Покупка,Аманжол,False,"- 500,00 ₸"
19,10.10.24,-7000.0,Покупка,ИП  Берикболов  Сырбаз,False,"- 7 000,00 ₸"
19,10.10.24,5000.0,Пополнение,Айгерим Ж.,False,"+ 5 000,00 ₸"
19,10.10.24,-13310.0,Покупка,ИП  Берикболов  Сырбаз,False,"- 13 310,00 ₸"
19,09.10.24,-10000.0,Покупка,АЗС-109,False,"- 10 000,00 ₸"
19,09.10.24,10000.0,Пополнение,Назира Б.,False,"+ 10 000,00 ₸"
19,09.10.24,-14056.49,Покупка,Долги по налогам,False,"- 14 056,49 ₸"
19,09.10.24,-14319.73,Покупка,Долги по налогам,False,"- 14 319,73 ₸"
19,09.10.24,-127500.0,Покупка,Долги по налогам,False,"- 127 500,00 ₸"
19,09.10.24,-127500.0,Покупка,Долги по налогам,False,"- 127 500,00 ₸"
19,09.10.24,113000.0,Пополнение,Айгерим Ж.,False,"+ 113 000,00 ₸"
19,09.10.24,170000.0,Пополнение,Айгерим Ж.,False,"+ 170 000,00 ₸"
19,09.10.24,-22000.0,Перевод,Гумар К.,False,"- 22 000,00 ₸"
19,09.10.24,25000.0,Пополнение,Назира Б.,False,"+ 25 000,00 ₸"
19,09.10.24,-960.0,Покупка,Аманжол,False,"- 960,00 ₸"
19,09.10.24,-35000.0,Перевод,Ербосын И.,False,"- 35 000,00 ₸"
19,09.10.24,40000.0,Пополнение,Айгерим Ж.,False,"+ 40 000,00 ₸"
19,08.10.24,-4920.0,Перевод,Талаптан К.,False,"- 4 920,00 ₸"
19,08.10.24,10000.0,Пополнение,Назира Б.,False,"+ 10 000,00 ₸"
19,08.10.24,-2500.0,Перевод,Берик Б.,False,"- 2 500,00 ₸"
19,08.10.24,-400.0,Покупка,Аманжол,False,"- 400,00 ₸"
19,08.10.24,5000.0,Пополнение,Назира Б.,False,"+ 5 000,00 ₸"
19,08.10.24,-1000.0,Покупка,Столовая,False,"- 1 000,00 ₸"
19,08.10.24,-9549.0,Перевод,Оплата Kaspi Кредита,False,"- 9 549,00 ₸"
19,08.10.24,10000.0,Пополнение,Айгерим Ж.,False,"+ 10 000,00 ₸"
19,07.10.24,-25740.0,Перевод,Эммилия С.,False,"- 25 740,00 ₸"
19,07.10.24,26000.0,Пополнение,Назира Б.,False,"+ 26 000,00 ₸"
19,07.10.24,-1200.0,Перевод,Куралай К.,False,"- 1 200,00 ₸"
19,07.10.24,-190.0,Покупка,Аманжол,False,"- 190,00 ₸"
19,06.10.24,-3300.0,Перевод,Дархан Т.,False,"- 3 300,00 ₸"
19,06.10.24,3000.0,Пополнение,Назира Б.,False,"+ 3 000,00 ₸"
19,06.10.24,-10000.0,Покупка,АЗС-107,False,"- 10 000,00 ₸"
19,06.10.24,10000.0,Пополнение,Назира Б.,False,"+ 10 000,00 ₸"
19,05.10.24,-25000.0,Перевод,Имир С.,False,"- 25 000,00 ₸"
19,05.10.24,25000.0,Пополнение,Айгерим Ж.,False,"+ 25 000,00 ₸"
19,05.10.24,-2760.0,Покупка,ИП  Берикболов  Сырбаз,False,"- 2 760,00 ₸"
20,04.10.24,-10000.0,Перевод,Фархат Б.,False,"- 10 000,00 ₸"
20,04.10.24,10000.0,Пополнение,Назира Б.,False,"+ 10 000,00 ₸"
20,04.10.24,-32480.0,Перевод,Эльмира Б.,False,"- 32 480,00 ₸"
20,04.10.24,35000.0,Пополнение,Айгерим Ж.,False,"+ 35 000,00 ₸"
20,02.10.24,-1300.0,Покупка,кафе Бриссоль,False,"- 1 300,00 ₸"
20,02.10.24,-1010.0,Покупка,WILDBERRIES,False,"- 1 010,00 ₸"
20,30.09.24,-2000.0,Покупка,Авто,False,"- 2 000,00 ₸"
20,30.09.24,-22000.0,Перевод,Алмаз О.,False,"- 22 000,00 ₸"
20,30.09.24,30000.0,Пополнение,Назира Б.,False,"+ 30 000,00 ₸"
20,30.09.24,-30000.0,Перевод,Имир С.,False,"- 30 000,00 ₸"
20,30.09.24,-19200.0,Покупка,KROVELNIY CENTR,False,"- 19 200,00 ₸"
20,30.09.24,40000.0,Пополнение,Назира Б.,False,"+ 40 000,00 ₸"
20,29.09.24,-600.0,Покупка,Аманжол,False,"- 600,00 ₸"
20,28.09.24,-9000.0,Покупка,АЗС-107,False,"- 9 000,00 ₸"
20,26.09.24,19008.0,Покупка,KROVELNIY CENTR,False,"+ 19 008,00 ₸"
20,26.09.24,-1210.0,Покупка,KROVELNIY CENTR,False,"- 1 210,00 ₸"
20,26.09.24,-98900.0,Покупка,KROVELNIY CENTR,False,"- 98 900,00 ₸"
20,26.09.24,90000.0,Пополнение,Назира Б.,False,"+ 90 000,00 ₸"
20,25.09.24,-420.0,Покупка,магазин Арзан Бага,False,"- 420,00 ₸"
20,25.09.24,-600.0,Покупка,Drive_Shop.kz,False,"- 600,00 ₸"
20,25.09.24,-3360.0,Покупка,кафе,False,"- 3 360,00 ₸"
20,25.09.24,-1500.0,Покупка,Столовая,False,"- 1 500,00 ₸"
20,24.09.24,-2500.0,Покупка,"Столовая ""Аппетитная""",False,"- 2 500,00 ₸"
20,23.09.24,-1000.0,Покупка,Activ,False,"- 1 000,00 ₸"
20,20.09.24,-360.0,Покупка,Аманжол,False,"- 360,00 ₸"
20,19.09.24,-330.0,Покупка,ИП Нургалиева,False,"- 330,00 ₸"
20,19.09.24,-420.0,Покупка,Аманжол,False,"- 420,00 ₸"
20,19.09.24,-970.0,Покупка,"Столовая ""Аппетитная""",False,"- 970,00 ₸"
20,19.09.24,-460.0,Покупка,AutoFRESH,False,"- 460,00 ₸"
20,19.09.24,-520.0,Перевод,Гульжан Б.,False,"- 520,00 ₸"
20,19.09.24,-290.0,Покупка,Аманжол,False,"- 290,00 ₸"
20,18.09.24,-1200.0,Перевод,Дархан Т.,False,"- 1 200,00 ₸"
20,18.09.24,-2700.0,Покупка,Altel,False,"- 2 700,00 ₸"
20,18.09.24,-370.0,Покупка,Аманжол,False,"- 370,00 ₸"
20,18.09.24,-1370.0,Покупка,WILDBERRIES,False,"- 1 370,00 ₸"
20,18.09.24,-910.0,Покупка,WILDBERRIES,False,"- 910,00 ₸"
20,17.09.24,-1500.0,Перевод,Амангельды А.,False,"- 1 500,00 ₸"
20,16.09.24,-37500.0,Перевод,Имир С.,False,"- 37 500,00 ₸"
20,16.09.24,40000.0,Пополнение,Назира Б.,False,"+ 40 000,00 ₸"
20,16.09.24,10000.0,Пополнение,Айгерим Ж.,False,"+ 10 000,00 ₸"
20,16.09.24,-290.0,Покупка,Аманжол,False,"- 290,00 ₸"
20,16.09.24,-390.0,Покупка,Аманжол,False,"- 390,00 ₸"
