﻿page,date,amount,operation,details,clock_icon,amount_text
0,24.08.25,-228300.0,Перевод,Мадина О.,False,"- 228 300,00 ₸"
0,23.08.25,-31600.0,Перевод,Лугмар С.,False,"- 31 600,00 ₸"
0,23.08.25,258000.0,Пополнение,Со своего Счета в Kaspi Pay,False,"+ 258 000,00 ₸"
0,22.08.25,-40000.0,Перевод,Сакен Ж.,False,"- 40 000,00 ₸"
0,22.08.25,-181300.0,Перевод,Ерболат Б.,False,"- 181 300,00 ₸"
0,20.08.25,130000.0,Пополнение,Со своего Счета в Kaspi Pay,False,"+ 130 000,00 ₸"
0,20.08.25,-158560.0,Перевод,Zheng Changzhong,False,"- 158 560,00 ₸"
0,20.08.25,-280600.0,Покупка,ИП FAVORITE,False,"- 280 600,00 ₸"
0,20.08.25,-25000.0,Покупка,Standard Life,False,"- 25 000,00 ₸"
0,20.08.25,-8813.0,Покупка,Услуги КСК/ОСИ,False,"- 8 813,00 ₸"
0,20.08.25,-5160.0,Покупка,Услуги КСК/ОСИ,False,"- 5 160,00 ₸"
0,20.08.25,-3350.0,Покупка,Услуги КСК/ОСИ,False,"- 3 350,00 ₸"
0,20.08.25,-24993.0,Перевод,Оплата Kaspi Кредита,False,"- 24 993,00 ₸"
0,20.08.25,-12500.0,Перевод,Айтолкын А.,False,"- 12 500,00 ₸"
0,20.08.25,-153027.0,Покупка,ИП МУСАЗОВА,False,"- 153 027,00 ₸"
0,20.08.25,800000.0,Пополнение,Со своего Счета в Kaspi Pay,False,"+ 800 000,00 ₸"
0,18.08.25,-1995.0,Разное,Оплата за годовое обслуживание,False,"- 1 995,00 ₸"
0,16.08.25,10000.0,Пополнение,Гульмира П.,False,"+ 10 000,00 ₸"
0,15.08.25,750.0,Пополнение,Тельман М.,False,"+ 750,00 ₸"
0,13.08.25,-62400.0,Перевод,Toktobubu C.,False,"- 62 400,00 ₸"
0,13.08.25,-244265.0,Перевод,Нурсулуу Ж.,False,"- 244 265,00 ₸"
1,13.08.25,70000.0,Пополнение,Со своего Счета в Kaspi Pay,False,"+ 70 000,00 ₸"
1,12.08.25,-293000.0,Покупка,Налоги для ИП,False,"- 293 000,00 ₸"
1,12.08.25,-495000.0,Покупка,Налоги для ИП,False,"- 495 000,00 ₸"
1,12.08.25,1000000.0,Пополнение,Со своего Счета в Kaspi Pay,False,"+ 1 000 000,00 ₸"
1,12.08.25,-1150.0,Покупка,Кондитерский,False,"- 1 150,00 ₸"
1,12.08.25,-81000.0,Перевод,Адиля М.,False,"- 81 000,00 ₸"
1,12.08.25,96000.0,Пополнение,Со своего Счета в Kaspi Pay,False,"+ 96 000,00 ₸"
1,10.08.25,-3000.0,Покупка,ЕРЦ-Кокшетау,False,"- 3 000,00 ₸"
1,09.08.25,-103300.0,Перевод,Бахаргүл Ə.,False,"- 103 300,00 ₸"
1,09.08.25,110000.0,Пополнение,Со своего Счета в Kaspi Pay,False,"+ 110 000,00 ₸"
1,09.08.25,-1900.0,Перевод,Зейнеп У.,False,"- 1 900,00 ₸"
1,09.08.25,-10800.0,Перевод,Nazymgul A.,False,"- 10 800,00 ₸"
1,09.08.25,-32400.0,Перевод,Фархад С.,False,"- 32 400,00 ₸"
1,09.08.25,50000.0,Пополнение,Со своего Счета в Kaspi Pay,False,"+ 50 000,00 ₸"
1,08.08.25,-14196.0,Покупка,TAZA QYZMET для организаций,False,"- 14 196,00 ₸"
1,07.08.25,-1900.0,Разное,Комиссия за снятие наличных сверх лимита,False,"- 1 900,00 ₸"
1,07.08.25,-500000.0,Снятие,Банкомат Aynalayyn,False,"- 500 000,00 ₸"
1,07.08.25,500000.0,Пополнение,Со своего Счета в Kaspi Pay,False,"+ 500 000,00 ₸"
1,05.08.25,-7436.0,Покупка,Кафе RUMMAN,False,"- 7 436,00 ₸"
1,05.08.25,2000.0,Пополнение,Марьям Б.,False,"+ 2 000,00 ₸"
1,04.08.25,-60794.05,Покупка,КЭ Акмолинская обл. для организаций,False,"- 60 794,05 ₸"
1,04.08.25,25000.0,Пополнение,Ерик С.,False,"+ 25 000,00 ₸"
1,03.08.25,-32600.0,Перевод,Нұрзия Ə.,False,"- 32 600,00 ₸"
1,02.08.25,-120000.0,Перевод,Омирбек Ю.,False,"- 120 000,00 ₸"
1,02.08.25,-52200.0,Покупка,ИП Mansur,False,"- 52 200,00 ₸"
1,01.08.25,-55358.46,Покупка,КЭ Акмолинская область,False,"- 55 358,46 ₸"
1,01.08.25,10000.0,Пополнение,Анар Е.,False,"+ 10 000,00 ₸"
1,31.07.25,69000.0,Пополнение,Акан Ж.,False,"+ 69 000,00 ₸"
1,31.07.25,-124280.0,Перевод,Ержан С.,False,"- 124 280,00 ₸"
1,31.07.25,-300000.0,Перевод,Ergesh I.,False,"- 300 000,00 ₸"
1,31.07.25,550000.0,Пополнение,Со своего Счета в Kaspi Pay,False,"+ 550 000,00 ₸"
1,31.07.25,115000.0,Пополнение,Самал Ж.,False,"+ 115 000,00 ₸"
1,30.07.25,-588000.0,Перевод,Бердібек С.,False,"- 588 000,00 ₸"
1,30.07.25,400000.0,Пополнение,Со своего Счета в Kaspi Pay,False,"+ 400 000,00 ₸"
1,28.07.25,20000.0,Пополнение,Акан Ж.,False,"+ 20 000,00 ₸"
1,28.07.25,-9830.0,Покупка,Штрафы по ИИН,False,"- 9 830,00 ₸"
1,27.07.25,-1000.0,Перевод,Нургуль М.,False,"- 1 000,00 ₸"
1,27.07.25,-200000.0,Перевод,На Kaspi Депозит,False,"- 200 000,00 ₸"
1,27.07.25,300000.0,Пополнение,Со своего Счета в Kaspi Pay,False,"+ 300 000,00 ₸"
1,26.07.25,-150200.0,Перевод,Khasanbai S.,False,"- 150 200,00 ₸"
1,25.07.25,-30000.0,Покупка,Студия йоги Аура,False,"- 30 000,00 ₸"
1,25.07.25,-520000.0,Перевод,На Kaspi Депозит,False,"- 520 000,00 ₸"
1,25.07.25,520000.0,Пополнение,Со своего Счета в Kaspi Pay,False,"+ 520 000,00 ₸"
1,24.07.25,-770.0,Покупка,"ТОО ""Азия-Центр"" розничный отдел",False,"- 770,00 ₸"
1,24.07.25,-10000.0,Перевод,Нургуль М.,False,"- 10 000,00 ₸"
1,22.07.25,-369800.0,Перевод,Махтагуль Б.,False,"- 369 800,00 ₸"
1,22.07.25,550000.0,Пополнение,Со своего Счета в Kaspi Pay,False,"+ 550 000,00 ₸"
2,21.07.25,-4500.0,Перевод,Асия Ю.,False,"- 4 500,00 ₸"
2,20.07.25,-50000.0,Перевод,Ислам Д.,False,"- 50 000,00 ₸"
2,20.07.25,-191140.0,Перевод,Талғат Қ.,False,"- 191 140,00 ₸"
2,19.07.25,-81540.0,Перевод,Джамалдин А.,False,"- 81 540,00 ₸"
2,19.07.25,-2500.0,Покупка,Платные дороги. QazAvtoJol,False,"- 2 500,00 ₸"
2,17.07.25,-22899.0,Перевод,Оплата Kaspi Кредита,False,"- 22 899,00 ₸"
2,16.07.25,-25000.0,Перевод,Ерик С.,False,"- 25 000,00 ₸"
2,16.07.25,450000.0,Пополнение,Со своего Счета в Kaspi Pay,False,"+ 450 000,00 ₸"
2,16.07.25,-20000.0,Перевод,Сакен Ж.,False,"- 20 000,00 ₸"
2,15.07.25,35000.0,Пополнение,Гульмира П.,False,"+ 35 000,00 ₸"
2,14.07.25,-25000.0,Покупка,Standard Life,False,"- 25 000,00 ₸"
2,12.07.25,-20000.0,Перевод,Сакен Ж.,False,"- 20 000,00 ₸"
2,11.07.25,-3350.0,Покупка,Услуги КСК/ОСИ,False,"- 3 350,00 ₸"
2,11.07.25,-14196.0,Покупка,TAZA QYZMET для организаций,False,"- 14 196,00 ₸"
2,11.07.25,-5160.0,Покупка,Услуги КСК/ОСИ,False,"- 5 160,00 ₸"
2,11.07.25,-8813.0,Покупка,Услуги КСК/ОСИ,False,"- 8 813,00 ₸"
2,11.07.25,-25000.0,Покупка,Standard Life,False,"- 25 000,00 ₸"
2,11.07.25,30000.0,Пополнение,Омирбек Ю.,False,"+ 30 000,00 ₸"
2,10.07.25,30000.0,Пополнение,Дидара К.,False,"+ 30 000,00 ₸"
2,10.07.25,20000.0,Пополнение,Данагуль М.,False,"+ 20 000,00 ₸"
2,10.07.25,-7102.74,Покупка,ЕРЦ-Кокшетау,False,"- 7 102,74 ₸"
2,10.07.25,20000.0,Пополнение,Салтанат Б.,False,"+ 20 000,00 ₸"
2,06.07.25,-40000.0,Перевод,Сакен Ж.,False,"- 40 000,00 ₸"
2,04.07.25,-461500.0,Перевод,Ислам Д.,False,"- 461 500,00 ₸"
2,04.07.25,403000.0,Пополнение,Со своего Счета в Kaspi Pay,False,"+ 403 000,00 ₸"
2,04.07.25,-20000.0,Покупка,ИП АБДАЛИМОВА,False,"- 20 000,00 ₸"
2,04.07.25,-62599.27,Покупка,КЭ Акмолинская обл. для организаций,False,"- 62 599,27 ₸"
2,02.07.25,-50000.0,Перевод,Фархад С.,False,"- 50 000,00 ₸"
2,02.07.25,215000.0,Пополнение,Со своего Счета в Kaspi Pay,False,"+ 215 000,00 ₸"
2,01.07.25,-40000.0,Перевод,Тансык А.,False,"- 40 000,00 ₸"
2,01.07.25,-393300.0,Перевод,Ernist N.,False,"- 393 300,00 ₸"
2,01.07.25,369000.0,Пополнение,Со своего Счета в Kaspi Pay,False,"+ 369 000,00 ₸"
2,30.06.25,-50000.0,Перевод,Жанар Т.,False,"- 50 000,00 ₸"
2,29.06.25,-10234.0,Покупка,C-41 Кокшетау Qazaq Oil,False,"- 10 234,00 ₸"
2,29.06.25,-2525.0,Покупка,Сеть супермаркетов Союз,False,"- 2 525,00 ₸"
2,29.06.25,-1104.0,Покупка,Сеть супермаркетов Союз,False,"- 1 104,00 ₸"
2,27.06.25,-30000.0,Покупка,AURA yogadance studio,False,"- 30 000,00 ₸"
2,27.06.25,-495000.0,Перевод,Zarmat A.,False,"- 495 000,00 ₸"
2,27.06.25,395000.0,Пополнение,Со своего Счета в Kaspi Pay,False,"+ 395 000,00 ₸"
2,27.06.25,-27985.78,Покупка,Налог на имущество,False,"- 27 985,78 ₸"
2,26.06.25,-36500.0,Перевод,Nazymgul A.,False,"- 36 500,00 ₸"
2,26.06.25,-10800.0,Перевод,Гулпери К.,False,"- 10 800,00 ₸"
2,26.06.25,-300.0,Покупка,Капитал,False,"- 300,00 ₸"
2,25.06.25,-45341.79,Покупка,КЭ Акмолинская область,False,"- 45 341,79 ₸"
2,25.06.25,3000.0,Пополнение,Дидара К.,False,"+ 3 000,00 ₸"
2,24.06.25,-10000.0,Перевод,Ануар Р.,False,"- 10 000,00 ₸"
2,24.06.25,-105370.0,Покупка,SAUR касса 1,False,"- 105 370,00 ₸"
3,24.06.25,-243500.0,Перевод,Тахир Д.,False,"- 243 500,00 ₸"
3,23.06.25,470000.0,Пополнение,Со своего Счета в Kaspi Pay,False,"+ 470 000,00 ₸"
3,22.06.25,1250.0,Пополнение,Дидара К.,False,"+ 1 250,00 ₸"
3,21.06.25,-1602.0,Покупка,ZEBRA COFFE,False,"- 1 602,00 ₸"
3,20.06.25,-23400.0,Перевод,Khasanbai S.,False,"- 23 400,00 ₸"
3,20.06.25,-47700.0,Покупка,Jana Trend,False,"- 47 700,00 ₸"
3,20.06.25,320000.0,Пополнение,Со своего Счета в Kaspi Pay,False,"+ 320 000,00 ₸"
3,19.06.25,-290000.0,Перевод,Бердібек С.,False,"- 290 000,00 ₸"
3,18.06.25,-250000.0,Перевод,Бердібек С.,False,"- 250 000,00 ₸"
3,18.06.25,-22917.0,Перевод,Оплата Kaspi Кредита,False,"- 22 917,00 ₸"
3,18.06.25,600000.0,Пополнение,Со своего Счета в Kaspi Pay,False,"+ 600 000,00 ₸"
3,15.06.25,-25000.0,Покупка,Standard Life,False,"- 25 000,00 ₸"
3,15.06.25,-10000.0,Покупка,Altel,False,"- 10 000,00 ₸"
3,13.06.25,-163830.0,Перевод,Zhiping Z.,False,"- 163 830,00 ₸"
3,13.06.25,-100000.0,Покупка,Отбасы банк. Пополнение депозита,False,"- 100 000,00 ₸"
3,13.06.25,-8813.0,Покупка,Услуги КСК/ОСИ,False,"- 8 813,00 ₸"
3,13.06.25,-5160.0,Покупка,Услуги КСК/ОСИ,False,"- 5 160,00 ₸"
3,13.06.25,350.0,Пополнение,Гульмира Ж.,False,"+ 350,00 ₸"
3,12.06.25,-5000.0,Перевод,Джалил А.,False,"- 5 000,00 ₸"
3,11.06.25,-468700.0,Перевод,Chynara A.,False,"- 468 700,00 ₸"
3,11.06.25,600000.0,Пополнение,Со своего Счета в Kaspi Pay,False,"+ 600 000,00 ₸"
3,10.06.25,-5507.23,Покупка,ЕРЦ-Кокшетау,False,"- 5 507,23 ₸"
3,10.06.25,-2000.0,Перевод,Зумрат М.,False,"- 2 000,00 ₸"
3,09.06.25,-20000.0,Перевод,Сакен Ж.,False,"- 20 000,00 ₸"
3,09.06.25,-188000.0,Перевод,Тахир Д.,False,"- 188 000,00 ₸"
3,09.06.25,-151500.0,Перевод,Махтагуль Б.,False,"- 151 500,00 ₸"
3,08.06.25,-44000.0,Перевод,Олжас Б.,False,"- 44 000,00 ₸"
3,08.06.25,170.0,Пополнение,Санжар Т.,False,"+ 170,00 ₸"
3,08.06.25,-165.0,Покупка,Леон,False,"- 165,00 ₸"
3,07.06.25,2500.0,Пополнение,Самал Ж.,False,"+ 2 500,00 ₸"
3,06.06.25,445000.0,Пополнение,Со своего Счета в Kaspi Pay,False,"+ 445 000,00 ₸"
3,06.06.25,-10000.0,Перевод,Сакен Ж.,False,"- 10 000,00 ₸"
3,05.06.25,-5300.0,Перевод,Назгуль Ш.,False,"- 5 300,00 ₸"
3,05.06.25,5300.0,Пополнение,Назгуль Ш.,False,"+ 5 300,00 ₸"
3,04.06.25,-8000.0,Перевод,Бибигуль Ж.,False,"- 8 000,00 ₸"
3,04.06.25,-918.44,Покупка,КЭ Акмолинская обл. для организаций,False,"- 918,44 ₸"
3,04.06.25,-64291.14,Покупка,КЭ Акмолинская обл. для организаций,False,"- 64 291,14 ₸"
3,04.06.25,920.0,Пополнение,Гульмира Ж.,False,"+ 920,00 ₸"
3,04.06.25,660.0,Пополнение,Ляззат Т.,False,"+ 660,00 ₸"
3,03.06.25,-14196.0,Покупка,TAZA QYZMET для организаций,False,"- 14 196,00 ₸"
3,03.06.25,-213500.0,Перевод,Сабит Е.,False,"- 213 500,00 ₸"
3,03.06.25,660.0,Пополнение,Ляззат Т.,False,"+ 660,00 ₸"
3,02.06.25,-370000.0,Перевод,Рымгуль У.,False,"- 370 000,00 ₸"
3,02.06.25,800000.0,Пополнение,Со своего Счета в Kaspi Pay,False,"+ 800 000,00 ₸"
3,02.06.25,750.0,Пополнение,Далида А.,False,"+ 750,00 ₸"
3,01.06.25,10000.0,Пополнение,Анар Е.,False,"+ 10 000,00 ₸"
3,31.05.25,-25000.0,Покупка,Standard Life,False,"- 25 000,00 ₸"
4,29.05.25,-60000.0,Перевод,Сакен Ж.,False,"- 60 000,00 ₸"
4,29.05.25,-100000.0,Покупка,Отбасы банк. Пополнение депозита,False,"- 100 000,00 ₸"
4,29.05.25,-56312.12,Покупка,КЭ Акмолинская область,False,"- 56 312,12 ₸"
4,29.05.25,-89400.0,Перевод,Nazymgul A.,False,"- 89 400,00 ₸"
4,29.05.25,-250400.0,Перевод,Lira K.,False,"- 250 400,00 ₸"
4,29.05.25,-181600.0,Перевод,Мухарме И.,False,"- 181 600,00 ₸"
4,29.05.25,520000.0,Пополнение,Со своего Счета в Kaspi Pay,False,"+ 520 000,00 ₸"
4,27.05.25,-25000.0,Покупка,Standard Life,False,"- 25 000,00 ₸"
4,27.05.25,20000.0,Пополнение,Малик И.,False,"+ 20 000,00 ₸"
4,26.05.25,-30000.0,Покупка,Студия йоги Аура,False,"- 30 000,00 ₸"
4,26.05.25,-5000.0,Перевод,Тахир Д.,False,"- 5 000,00 ₸"
4,26.05.25,-20000.0,Перевод,Сакен Ж.,False,"- 20 000,00 ₸"
4,25.05.25,-133600.0,Перевод,Махмуд Д.,False,"- 133 600,00 ₸"
4,25.05.25,-33240.0,Перевод,Арафат М.,False,"- 33 240,00 ₸"
4,25.05.25,490000.0,Пополнение,Со своего Счета в Kaspi Pay,False,"+ 490 000,00 ₸"
4,21.05.25,-44000.0,Перевод,Ерлан Ж.,False,"- 44 000,00 ₸"
4,21.05.25,-380500.0,Перевод,Руслан Н.,False,"- 380 500,00 ₸"
4,21.05.25,-3002.0,Покупка,"АЗС ""DakaR""",False,"- 3 002,00 ₸"
4,21.05.25,379000.0,Пополнение,Со своего Счета в Kaspi Pay,False,"+ 379 000,00 ₸"
4,20.05.25,-111600.0,Перевод,Фархад С.,False,"- 111 600,00 ₸"
4,20.05.25,-5927.0,Покупка,C-41 Кокшетау Qazaq Oil,False,"- 5 927,00 ₸"
4,20.05.25,-3732.0,Покупка,Сеть супермаркетов Союз,False,"- 3 732,00 ₸"
4,19.05.25,-20000.0,Перевод,Сакен Ж.,False,"- 20 000,00 ₸"
4,19.05.25,-2800.0,Перевод,Гульмира Д.,False,"- 2 800,00 ₸"
4,19.05.25,2550.0,Пополнение,Анаргуль М.,False,"+ 2 550,00 ₸"
4,18.05.25,-2000.0,Покупка,Платные дороги. QazAvtoJol,False,"- 2 000,00 ₸"
4,18.05.25,-22917.0,Перевод,Оплата Kaspi Кредита,False,"- 22 917,00 ₸"
4,17.05.25,-9988.0,Покупка,C-45,False,"- 9 988,00 ₸"
4,17.05.25,216000.0,Пополнение,Со своего Счета в Kaspi Pay,False,"+ 216 000,00 ₸"
4,16.05.25,3000.0,Пополнение,Ерик С.,False,"+ 3 000,00 ₸"
4,16.05.25,750.0,Пополнение,Далида А.,False,"+ 750,00 ₸"
4,15.05.25,1500.0,Пополнение,Анар Е.,False,"+ 1 500,00 ₸"
4,15.05.25,-2982.0,Покупка,ZEBRA COFFE Капитал,False,"- 2 982,00 ₸"
4,15.05.25,-45300.0,Перевод,Баймурат А.,False,"- 45 300,00 ₸"
4,15.05.25,2000.0,Пополнение,Анар Е.,False,"+ 2 000,00 ₸"
4,15.05.25,2300.0,Пополнение,Надия М.,False,"+ 2 300,00 ₸"
4,15.05.25,1800.0,Пополнение,Ляззат Т.,False,"+ 1 800,00 ₸"
4,15.05.25,560.0,Пополнение,Марьям Б.,False,"+ 560,00 ₸"
4,14.05.25,-4000.0,Покупка,blackбери кокшетау 3,False,"- 4 000,00 ₸"
4,13.05.25,-790.0,Покупка,Аппарат самообслуживания,False,"- 790,00 ₸"
4,13.05.25,-750.0,Покупка,Аппарат самообслуживания,False,"- 750,00 ₸"
4,13.05.25,-790.0,Покупка,Аппарат самообслуживания,False,"- 790,00 ₸"
4,13.05.25,-53700.0,Перевод,Rustambek A.,False,"- 53 700,00 ₸"
4,13.05.25,-100000.0,Перевод,Гульмира М.,False,"- 100 000,00 ₸"
4,13.05.25,1170.0,Пополнение,Ляззат Т.,False,"+ 1 170,00 ₸"
4,13.05.25,490.0,Пополнение,Марьям Б.,False,"+ 490,00 ₸"
4,12.05.25,-548000.0,Перевод,Кымбат Т.,False,"- 548 000,00 ₸"
5,12.05.25,3160.0,Пополнение,Алмагуль К.,False,"+ 3 160,00 ₸"
5,12.05.25,-20000.0,Перевод,Сакен Ж.,False,"- 20 000,00 ₸"
5,12.05.25,330.0,Пополнение,Анаргуль М.,False,"+ 330,00 ₸"
5,12.05.25,-10804.75,Покупка,ЕРЦ-Кокшетау,False,"- 10 804,75 ₸"
5,12.05.25,290.0,Пополнение,Марьям Б.,False,"+ 290,00 ₸"
5,12.05.25,800.0,Пополнение,Марьям Б.,False,"+ 800,00 ₸"
5,11.05.25,-80000.0,Перевод,Ержол С.,False,"- 80 000,00 ₸"
5,11.05.25,800000.0,Пополнение,Со своего Счета в Kaspi Pay,False,"+ 800 000,00 ₸"
5,11.05.25,-140700.0,Перевод,Taalaigul N.,False,"- 140 700,00 ₸"
5,11.05.25,-33000.0,Перевод,Zhanargul A.,False,"- 33 000,00 ₸"
5,11.05.25,-1692.0,Покупка,ZEBRA COFFE,False,"- 1 692,00 ₸"
5,10.05.25,-171600.0,Перевод,Шахмурат Д.,False,"- 171 600,00 ₸"
5,09.05.25,-5000.0,Перевод,Сакен Ж.,False,"- 5 000,00 ₸"
5,09.05.25,3550.0,Пополнение,Жанна Н.,False,"+ 3 550,00 ₸"
5,09.05.25,1300.0,Пополнение,Анаргуль М.,False,"+ 1 300,00 ₸"
5,09.05.25,3190.0,Пополнение,Алмагуль К.,False,"+ 3 190,00 ₸"
5,08.05.25,23400.0,Пополнение,Гульмира Н.,False,"+ 23 400,00 ₸"
5,08.05.25,-1324.0,Покупка,ИП Джафаров,False,"- 1 324,00 ₸"
5,07.05.25,-24000.0,Покупка,"Студия йоги ""Аура""",False,"- 24 000,00 ₸"
5,07.05.25,-198500.0,Перевод,Чишир В.,False,"- 198 500,00 ₸"
5,07.05.25,218000.0,Пополнение,Со своего Счета в Kaspi Pay,False,"+ 218 000,00 ₸"
5,06.05.25,-1180.0,Покупка,Национальный парк «Бурабай». Оплата за въезд,False,"- 1 180,00 ₸"
5,06.05.25,-64200.0,Перевод,Сания Л.,False,"- 64 200,00 ₸"
5,06.05.25,-74200.0,Перевод,Бахаргүл Ə.,False,"- 74 200,00 ₸"
5,06.05.25,453000.0,Пополнение,Со своего Счета в Kaspi Pay,False,"+ 453 000,00 ₸"
5,06.05.25,2970.0,Пополнение,Гульмира Ж.,False,"+ 2 970,00 ₸"
5,04.05.25,-1740.21,Покупка,КЭ Акмолинская обл. для организаций,False,"- 1 740,21 ₸"
5,04.05.25,-19085.0,Покупка,Кафе RUMMAN,False,"- 19 085,00 ₸"
5,04.05.25,-78230.0,Перевод,Бахаргүл Ə.,False,"- 78 230,00 ₸"
5,04.05.25,118000.0,Пополнение,Со своего Счета в Kaspi Pay,False,"+ 118 000,00 ₸"
5,04.05.25,-64194.46,Покупка,КЭ Акмолинская обл. для организаций,False,"- 64 194,46 ₸"
5,03.05.25,-11385.0,Покупка,CoffeeBoom Кокшетау 2,False,"- 11 385,00 ₸"
5,03.05.25,122000.0,Пополнение,Со своего Счета в Kaspi Pay,False,"+ 122 000,00 ₸"
5,03.05.25,-101500.0,Перевод,Аманбай У.,False,"- 101 500,00 ₸"
5,03.05.25,-300000.0,Перевод,Дильмурат С.,False,"- 300 000,00 ₸"
5,02.05.25,-5160.0,Покупка,Услуги КСК/ОСИ,False,"- 5 160,00 ₸"
5,02.05.25,-8813.0,Покупка,Услуги КСК/ОСИ,False,"- 8 813,00 ₸"
5,02.05.25,-14196.0,Покупка,TAZA QYZMET для организаций,False,"- 14 196,00 ₸"
5,02.05.25,-50342.28,Покупка,КЭ Акмолинская область,False,"- 50 342,28 ₸"
5,02.05.25,459000.0,Пополнение,Со своего Счета в Kaspi Pay,False,"+ 459 000,00 ₸"
5,02.05.25,-1602.0,Покупка,ZEBRA COFFE,False,"- 1 602,00 ₸"
5,01.05.25,-20000.0,Перевод,Сакен Ж.,False,"- 20 000,00 ₸"
5,30.04.25,-25000.0,Покупка,Standard Life,False,"- 25 000,00 ₸"
5,30.04.25,-19000.0,Перевод,Алия А.,False,"- 19 000,00 ₸"
5,28.04.25,-2000.0,Покупка,Касса Нло Астана,False,"- 2 000,00 ₸"
5,28.04.25,-1600.0,Покупка,лабиринт,False,"- 1 600,00 ₸"
5,28.04.25,-2400.0,Покупка,Тарзанка,False,"- 2 400,00 ₸"
6,28.04.25,-8000.0,Перевод,Сакен Ж.,False,"- 8 000,00 ₸"
6,28.04.25,105000.0,Пополнение,Со своего Счета в Kaspi Pay,False,"+ 105 000,00 ₸"
6,27.04.25,-370000.0,Перевод,Хожабай С.,False,"- 370 000,00 ₸"
6,27.04.25,246000.0,Пополнение,Со своего Счета в Kaspi Pay,False,"+ 246 000,00 ₸"
6,27.04.25,15000.0,Пополнение,Ерик С.,False,"+ 15 000,00 ₸"
6,27.04.25,-197600.0,Перевод,Зульфия С.,False,"- 197 600,00 ₸"
6,25.04.25,-260000.0,Перевод,Сакен Ж.,False,"- 260 000,00 ₸"
6,25.04.25,500000.0,Пополнение,Со своего Счета в Kaspi Pay,False,"+ 500 000,00 ₸"
6,25.04.25,-152800.0,Перевод,Айнур Б.,False,"- 152 800,00 ₸"
6,24.04.25,-10404.0,Покупка,C-47 Кокшетау,False,"- 10 404,00 ₸"
6,23.04.25,-115400.0,Перевод,Əбдірəсіл Ə.,False,"- 115 400,00 ₸"
6,23.04.25,-300.0,Перевод,Анастасия Т.,False,"- 300,00 ₸"
6,22.04.25,1200.0,Пополнение,Толғанай Ө.,False,"+ 1 200,00 ₸"
6,20.04.25,-40000.0,Перевод,Сакен Ж.,False,"- 40 000,00 ₸"
6,19.04.25,10000.0,Пополнение,Гульмира Ж.,False,"+ 10 000,00 ₸"
6,19.04.25,-100000.0,Покупка,Отбасы банк. Пополнение депозита,False,"- 100 000,00 ₸"
6,19.04.25,400000.0,Пополнение,Со своего Счета в Kaspi Pay,False,"+ 400 000,00 ₸"
6,18.04.25,-130000.0,Перевод,Ислам Д.,False,"- 130 000,00 ₸"
6,18.04.25,-56000.0,Перевод,Қасым І.,False,"- 56 000,00 ₸"
6,18.04.25,-22917.0,Перевод,Оплата Kaspi Кредита,False,"- 22 917,00 ₸"
6,18.04.25,-10000.0,Перевод,Дина Е.,False,"- 10 000,00 ₸"
6,18.04.25,-10000.0,Перевод,Гульмира Ж.,False,"- 10 000,00 ₸"
6,16.04.25,-8199.0,Покупка,C-45,False,"- 8 199,00 ₸"
6,16.04.25,-5000.0,Перевод,Ерик С.,False,"- 5 000,00 ₸"
6,15.04.25,-17700.0,Перевод,Махтагуль Б.,False,"- 17 700,00 ₸"
6,13.04.25,-20000.0,Перевод,Сакен Ж.,False,"- 20 000,00 ₸"
6,12.04.25,-135100.0,Перевод,Ульяна В.,False,"- 135 100,00 ₸"
6,12.04.25,-129000.0,Перевод,Анеля М.,False,"- 129 000,00 ₸"
6,12.04.25,280000.0,Пополнение,Со своего Счета в Kaspi Pay,False,"+ 280 000,00 ₸"
6,10.04.25,-18115.41,Покупка,ЕРЦ-Кокшетау,False,"- 18 115,41 ₸"
6,10.04.25,-510000.0,Перевод,Сакен Ж.,False,"- 510 000,00 ₸"
6,10.04.25,800000.0,Пополнение,Со своего Счета в Kaspi Pay,False,"+ 800 000,00 ₸"
6,10.04.25,-60000.0,Перевод,Рымгуль У.,False,"- 60 000,00 ₸"
6,08.04.25,-15000.0,Перевод,Сакен Ж.,False,"- 15 000,00 ₸"
6,06.04.25,-50000.0,Перевод,Рымгуль У.,False,"- 50 000,00 ₸"
6,05.04.25,-30000.0,Перевод,Сакен Ж.,False,"- 30 000,00 ₸"
6,04.04.25,-34224.15,Покупка,КЭ Акмолинская обл. для организаций,False,"- 34 224,15 ₸"
6,04.04.25,-65257.92,Покупка,КЭ Акмолинская обл. для организаций,False,"- 65 257,92 ₸"
6,03.04.25,-141700.0,Перевод,Пəрида Ө.,False,"- 141 700,00 ₸"
6,03.04.25,350000.0,Пополнение,Со своего Счета в Kaspi Pay,False,"+ 350 000,00 ₸"
6,03.04.25,-14196.0,Покупка,TAZA QYZMET для организаций,False,"- 14 196,00 ₸"
6,03.04.25,-8813.0,Покупка,Услуги КСК/ОСИ,False,"- 8 813,00 ₸"
6,03.04.25,-5160.0,Покупка,Услуги КСК/ОСИ,False,"- 5 160,00 ₸"
6,03.04.25,-3350.0,Покупка,Услуги КСК/ОСИ,False,"- 3 350,00 ₸"
6,02.04.25,-8000.0,Покупка,Кокшетау Су Арнасы,False,"- 8 000,00 ₸"
6,02.04.25,-1980.0,Покупка,ZEBRA COFFE,False,"- 1 980,00 ₸"
6,31.03.25,142000.0,Пополнение,Со своего Счета в Kaspi Pay,False,"+ 142 000,00 ₸"
7,31.03.25,-72811.27,Покупка,КЭ Акмолинская область,False,"- 72 811,27 ₸"
7,31.03.25,-25000.0,Покупка,Standard Life,False,"- 25 000,00 ₸"
7,31.03.25,-25561.0,Покупка,Налог на транспорт,False,"- 25 561,00 ₸"
7,30.03.25,2000.0,Пополнение,Айнагуль Т.,False,"+ 2 000,00 ₸"
7,30.03.25,-3231.0,Покупка,C-47 Кокшетау,False,"- 3 231,00 ₸"
7,28.03.25,-164290.0,Перевод,Айдын А.,False,"- 164 290,00 ₸"
7,27.03.25,50000.0,Пополнение,Жанна Н.,False,"+ 50 000,00 ₸"
7,27.03.25,-257400.0,Перевод,Бердібек С.,False,"- 257 400,00 ₸"
7,27.03.25,432000.0,Пополнение,Со своего Счета в Kaspi Pay,False,"+ 432 000,00 ₸"
7,27.03.25,-5000.0,Перевод,Рымгуль У.,False,"- 5 000,00 ₸"
7,24.03.25,2500.0,Пополнение,Жанна Н.,False,"+ 2 500,00 ₸"
7,22.03.25,-107900.0,Перевод,Саёра К.,False,"- 107 900,00 ₸"
7,21.03.25,-31500.0,Перевод,Ануар Р.,False,"- 31 500,00 ₸"
7,21.03.25,200000.0,Пополнение,Со своего Счета в Kaspi Pay,False,"+ 200 000,00 ₸"
7,20.03.25,-22917.0,Перевод,Оплата Kaspi Кредита,False,"- 22 917,00 ₸"
7,20.03.25,-63675.0,Перевод,Джамалдин А.,False,"- 63 675,00 ₸"
7,20.03.25,50000.0,Пополнение,Со своего Счета в Kaspi Pay,False,"+ 50 000,00 ₸"
7,20.03.25,-127000.0,Перевод,Куаныш Ч.,False,"- 127 000,00 ₸"
7,20.03.25,100000.0,Пополнение,Со своего Счета в Kaspi Pay,False,"+ 100 000,00 ₸"
7,18.03.25,-11371.0,Покупка,C-47 Кокшетау,False,"- 11 371,00 ₸"
7,17.03.25,-30000.0,Перевод,Сакен Ж.,False,"- 30 000,00 ₸"
7,16.03.25,-287000.0,Перевод,Рахим Ю.,False,"- 287 000,00 ₸"
7,16.03.25,400000.0,Пополнение,Со своего Счета в Kaspi Pay,False,"+ 400 000,00 ₸"
7,14.03.25,-26000.0,Перевод,Ақерке Ə.,False,"- 26 000,00 ₸"
7,12.03.25,-87250.0,Перевод,Ақерке Ə.,False,"- 87 250,00 ₸"
7,12.03.25,125000.0,Пополнение,Со своего Счета в Kaspi Pay,False,"+ 125 000,00 ₸"
7,12.03.25,-300000.0,Перевод,Orozali T.,False,"- 300 000,00 ₸"
7,11.03.25,-500.0,Покупка,Tele2,False,"- 500,00 ₸"
7,11.03.25,-205750.0,Перевод,Кайрат С.,False,"- 205 750,00 ₸"
7,11.03.25,-61400.0,Покупка,SAUR касса 3,False,"- 61 400,00 ₸"
7,11.03.25,-700000.0,Перевод,На Kaspi Депозит,False,"- 700 000,00 ₸"
7,11.03.25,1200000.0,Пополнение,Со своего Счета в Kaspi Pay,False,"+ 1 200 000,00 ₸"
7,10.03.25,-20000.0,Перевод,Сакен Ж.,False,"- 20 000,00 ₸"
7,10.03.25,-14381.28,Покупка,ЕРЦ-Кокшетау,False,"- 14 381,28 ₸"
7,09.03.25,-100000.0,Перевод,Мубарак Ю.,False,"- 100 000,00 ₸"
7,09.03.25,-60000.0,Перевод,Сакен Ж.,False,"- 60 000,00 ₸"
7,08.03.25,1200.0,Пополнение,Жанна Н.,False,"+ 1 200,00 ₸"
7,07.03.25,-642400.0,Перевод,Umsunai K.,False,"- 642 400,00 ₸"
7,07.03.25,270000.0,Пополнение,Со своего Счета в Kaspi Pay,False,"+ 270 000,00 ₸"
7,07.03.25,-815000.0,Перевод,Abrorkhon U.,False,"- 815 000,00 ₸"
7,07.03.25,798000.0,Пополнение,Со своего Счета в Kaspi Pay,False,"+ 798 000,00 ₸"
7,06.03.25,340000.0,Пополнение,"по номеру счета АО ""Народный Банк Казахстана""",False,"+ 340 000,00 ₸"
7,06.03.25,-15000.0,Перевод,Сакен Ж.,False,"- 15 000,00 ₸"
7,04.03.25,-35000.0,Перевод,Гулсагат С.,False,"- 35 000,00 ₸"
7,04.03.25,-10000.0,Покупка,ОО «Территория Успеха»,False,"- 10 000,00 ₸"
7,04.03.25,-9579.0,Покупка,C-47 Кокшетау,False,"- 9 579,00 ₸"
7,04.03.25,-265200.0,Перевод,Шахмурат Д.,False,"- 265 200,00 ₸"
8,04.03.25,640000.0,Пополнение,Со своего Счета в Kaspi Pay,False,"+ 640 000,00 ₸"
8,03.03.25,-20000.0,Перевод,Ерик С.,False,"- 20 000,00 ₸"
8,01.03.25,-83777.97,Покупка,КЭ Акмолинская область,False,"- 83 777,97 ₸"
8,01.03.25,-50000.0,Покупка,Отбасы банк. Пополнение депозита,False,"- 50 000,00 ₸"
8,01.03.25,-3350.0,Покупка,Услуги КСК/ОСИ,False,"- 3 350,00 ₸"
8,01.03.25,-5160.0,Покупка,Услуги КСК/ОСИ,False,"- 5 160,00 ₸"
8,01.03.25,-8813.0,Покупка,Услуги КСК/ОСИ,False,"- 8 813,00 ₸"
8,01.03.25,-14196.0,Покупка,TAZA QYZMET для организаций,False,"- 14 196,00 ₸"
8,01.03.25,-74442.36,Покупка,КЭ Акмолинская обл. для организаций,False,"- 74 442,36 ₸"
8,28.02.25,-25000.0,Покупка,Standard Life,False,"- 25 000,00 ₸"
8,28.02.25,-118636.0,Покупка,Kaspi Travel,False,"- 118 636,00 ₸"
8,28.02.25,-80831.0,Покупка,Kaspi Travel,False,"- 80 831,00 ₸"
8,28.02.25,320000.0,Пополнение,Со своего Счета в Kaspi Pay,False,"+ 320 000,00 ₸"
8,28.02.25,1530.0,Пополнение,Гульмира Ж.,False,"+ 1 530,00 ₸"
8,28.02.25,3540.0,Пополнение,Гюльшан О.,False,"+ 3 540,00 ₸"
8,28.02.25,1000.0,Пополнение,Гульмира Ж.,False,"+ 1 000,00 ₸"
8,27.02.25,-9350.0,Перевод,Алия А.,False,"- 9 350,00 ₸"
8,27.02.25,-10300.0,Перевод,Алия А.,False,"- 10 300,00 ₸"
8,27.02.25,180000.0,Пополнение,Со своего Счета в Kaspi Pay,False,"+ 180 000,00 ₸"
8,26.02.25,-15000.0,Перевод,Сакен Ж.,False,"- 15 000,00 ₸"
8,25.02.25,-57500.0,Перевод,Исмар М.,False,"- 57 500,00 ₸"
8,25.02.25,20000.0,Пополнение,Со своего Счета в Kaspi Pay,False,"+ 20 000,00 ₸"
8,25.02.25,-450000.0,Перевод,Ержан Ш.,False,"- 450 000,00 ₸"
8,25.02.25,230000.0,Пополнение,Со своего Счета в Kaspi Pay,False,"+ 230 000,00 ₸"
8,24.02.25,6200.0,Пополнение,Гульмира Ж.,False,"+ 6 200,00 ₸"
8,23.02.25,-24700.0,Покупка,"Мизам, касса 1",False,"- 24 700,00 ₸"
8,23.02.25,270000.0,Пополнение,Со своего Счета в Kaspi Pay,False,"+ 270 000,00 ₸"
8,23.02.25,-108260.0,Перевод,Ерболат Б.,False,"- 108 260,00 ₸"
8,23.02.25,-453130.0,Перевод,Бахаргүл Ə.,False,"- 453 130,00 ₸"
8,23.02.25,-1600.0,Перевод,Аманбол Е.,False,"- 1 600,00 ₸"
8,23.02.25,9800.0,Пополнение,Марьям Б.,False,"+ 9 800,00 ₸"
8,22.02.25,470000.0,Пополнение,Со своего Счета в Kaspi Pay,False,"+ 470 000,00 ₸"
8,21.02.25,-9982.0,Покупка,C-41 Кокшетау Qazaq Oil,False,"- 9 982,00 ₸"
8,21.02.25,1000.0,Пополнение,Гульмира Ж.,False,"+ 1 000,00 ₸"
8,19.02.25,-62920.0,Перевод,Кымбат Т.,False,"- 62 920,00 ₸"
8,18.02.25,-271900.0,Перевод,Erali Y.,False,"- 271 900,00 ₸"
8,18.02.25,300000.0,Пополнение,"по номеру счета АО ""Народный Банк Казахстана""",False,"+ 300 000,00 ₸"
8,18.02.25,-25000.0,Перевод,Azamat O.,False,"- 25 000,00 ₸"
8,18.02.25,-20000.0,Перевод,Сакен Ж.,False,"- 20 000,00 ₸"
8,17.02.25,1200.0,Пополнение,Салтанат Б.,False,"+ 1 200,00 ₸"
8,17.02.25,-2050.0,Покупка,"АЗС ""DakaR""",False,"- 2 050,00 ₸"
8,17.02.25,-200.0,Перевод,Гульмира Ж.,False,"- 200,00 ₸"
8,17.02.25,630.0,Пополнение,Гульмира Ж.,False,"+ 630,00 ₸"
8,15.02.25,-137250.0,Перевод,Илья Г.,False,"- 137 250,00 ₸"
8,15.02.25,234000.0,Пополнение,Со своего Счета в Kaspi Pay,False,"+ 234 000,00 ₸"
8,15.02.25,-116300.0,Перевод,Khasanbai S.,False,"- 116 300,00 ₸"
8,14.02.25,102000.0,Пополнение,Со своего Счета в Kaspi Pay,False,"+ 102 000,00 ₸"
9,14.02.25,-1900.0,Перевод,Гульмира Ж.,False,"- 1 900,00 ₸"
9,14.02.25,-500.0,Перевод,Гульмира Д.,False,"- 500,00 ₸"
9,13.02.25,-98400.0,Покупка,Almas,False,"- 98 400,00 ₸"
9,13.02.25,215000.0,Пополнение,Со своего Счета в Kaspi Pay,False,"+ 215 000,00 ₸"
9,13.02.25,-50100.0,Покупка,SAUR касса 3,False,"- 50 100,00 ₸"
9,12.02.25,-5000.0,Перевод,Джалил А.,False,"- 5 000,00 ₸"
9,12.02.25,-23750.0,Перевод,Yeerasili H.,False,"- 23 750,00 ₸"
9,12.02.25,-40000.0,Перевод,Сакен Ж.,False,"- 40 000,00 ₸"
9,11.02.25,-126130.0,Перевод,Кымбат Т.,False,"- 126 130,00 ₸"
9,11.02.25,126000.0,Пополнение,Со своего Счета в Kaspi Pay,False,"+ 126 000,00 ₸"
9,11.02.25,-27000.0,Перевод,Фархад С.,False,"- 27 000,00 ₸"
9,10.02.25,-16370.04,Покупка,ЕРЦ-Кокшетау,False,"- 16 370,04 ₸"
9,10.02.25,15000.0,Пополнение,Айнагуль Т.,False,"+ 15 000,00 ₸"
9,09.02.25,6500.0,Пополнение,Айнагуль Т.,False,"+ 6 500,00 ₸"
9,09.02.25,3500.0,Пополнение,Айнагуль Т.,False,"+ 3 500,00 ₸"
9,08.02.25,-9742.0,Покупка,C-41 Кокшетау Qazaq Oil,False,"- 9 742,00 ₸"
9,07.02.25,-20000.0,Перевод,Сакен Ж.,False,"- 20 000,00 ₸"
9,06.02.25,-351700.0,Перевод,Nazirakhan S.,False,"- 351 700,00 ₸"
9,06.02.25,490000.0,Пополнение,"по номеру счета АО ""Народный Банк Казахстана""",False,"+ 490 000,00 ₸"
9,06.02.25,-100000.0,Перевод,Айнагуль Т.,False,"- 100 000,00 ₸"
9,06.02.25,100000.0,Пополнение,Со своего Счета в Kaspi Pay,False,"+ 100 000,00 ₸"
9,06.02.25,-4100.0,Перевод,Алия А.,False,"- 4 100,00 ₸"
9,05.02.25,-22917.0,Перевод,Оплата Kaspi Кредита,False,"- 22 917,00 ₸"
9,05.02.25,50000.0,Пополнение,Со своего Счета в Kaspi Pay,False,"+ 50 000,00 ₸"
9,05.02.25,5000.0,Пополнение,Алия А.,False,"+ 5 000,00 ₸"
9,05.02.25,-2000.0,Перевод,Жолдасбек Т.,False,"- 2 000,00 ₸"
9,04.02.25,-43680.0,Перевод,Ринат Ш.,False,"- 43 680,00 ₸"
9,04.02.25,-9000.0,Перевод,Чишир В.,False,"- 9 000,00 ₸"
9,04.02.25,-70125.3,Покупка,КЭ Акмолинская обл. для организаций,False,"- 70 125,30 ₸"
9,04.02.25,2400.0,Пополнение,Гульмира Ж.,False,"+ 2 400,00 ₸"
9,04.02.25,1450.0,Пополнение,Алмагуль К.,False,"+ 1 450,00 ₸"
9,03.02.25,-152200.0,Перевод,Дилнура П.,False,"- 152 200,00 ₸"
9,03.02.25,220000.0,Пополнение,Со своего Счета в Kaspi Pay,False,"+ 220 000,00 ₸"
9,03.02.25,5000.0,Пополнение,Гульмира Ж.,False,"+ 5 000,00 ₸"
9,02.02.25,-166000.0,Перевод,Аяжан С.,False,"- 166 000,00 ₸"
9,02.02.25,-30000.0,Перевод,Ерик С.,False,"- 30 000,00 ₸"
9,01.02.25,-8813.0,Покупка,Услуги КСК/ОСИ,False,"- 8 813,00 ₸"
9,01.02.25,-14196.0,Покупка,TAZA QYZMET для организаций,False,"- 14 196,00 ₸"
9,01.02.25,-5160.0,Покупка,Услуги КСК/ОСИ,False,"- 5 160,00 ₸"
9,01.02.25,-3350.0,Покупка,Услуги КСК/ОСИ,False,"- 3 350,00 ₸"
9,01.02.25,-77301.8,Покупка,КЭ Акмолинская область,False,"- 77 301,80 ₸"
9,01.02.25,-91140.0,Покупка,Almas,False,"- 91 140,00 ₸"
9,01.02.25,-74550.0,Покупка,Favorite,False,"- 74 550,00 ₸"
9,01.02.25,500000.0,Пополнение,С Kaspi Депозита,False,"+ 500 000,00 ₸"
9,01.02.25,1000.0,Пополнение,Гульмира Ж.,False,"+ 1 000,00 ₸"
9,01.02.25,2000.0,Пополнение,Ляззат Т.,False,"+ 2 000,00 ₸"
9,31.01.25,-300000.0,Перевод,Ахат Ж.,False,"- 300 000,00 ₸"
10,31.01.25,285000.0,Пополнение,Со своего Счета в Kaspi Pay,False,"+ 285 000,00 ₸"
10,31.01.25,-1760.0,Покупка,"АЗС ""Эталон-авто""",False,"- 1 760,00 ₸"
10,31.01.25,1000.0,Пополнение,Гульмира Ж.,False,"+ 1 000,00 ₸"
10,31.01.25,2280.0,Пополнение,Гульмира Ж.,False,"+ 2 280,00 ₸"
10,31.01.25,1000.0,Пополнение,Ляззат Т.,False,"+ 1 000,00 ₸"
10,30.01.25,-10000.0,Перевод,Сакен Ж.,False,"- 10 000,00 ₸"
10,30.01.25,109.0,Покупка,C-47 Кокшетау,False,"+ 109,00 ₸"
10,30.01.25,-10000.0,Покупка,C-47 Кокшетау,False,"- 10 000,00 ₸"
10,30.01.25,-191400.0,Перевод,Гульжайнат Е.,False,"- 191 400,00 ₸"
10,29.01.25,-15000.0,Перевод,Салтанат Б.,False,"- 15 000,00 ₸"
10,29.01.25,200000.0,Пополнение,Со своего Счета в Kaspi Pay,False,"+ 200 000,00 ₸"
10,29.01.25,-87850.0,Перевод,Нұрзат А.,False,"- 87 850,00 ₸"
10,29.01.25,-2199.0,Покупка,Сеть супермаркетов Союз,False,"- 2 199,00 ₸"
10,29.01.25,-9636.0,Покупка,Сеть супермаркетов Союз,False,"- 9 636,00 ₸"
10,29.01.25,-19400.0,Перевод,Рамазан Д.,False,"- 19 400,00 ₸"
10,29.01.25,-112600.0,Перевод,Нұркелді Ө.,False,"- 112 600,00 ₸"
10,28.01.25,-431660.0,Покупка,erketoys.kz,False,"- 431 660,00 ₸"
10,28.01.25,300000.0,Пополнение,Со своего Счета в Kaspi Pay,False,"+ 300 000,00 ₸"
10,28.01.25,-64480.0,Перевод,Фархад С.,False,"- 64 480,00 ₸"
10,24.01.25,5000.0,Пополнение,Мубарак Ю.,False,"+ 5 000,00 ₸"
10,23.01.25,5000.0,Пополнение,Омирбек Ю.,False,"+ 5 000,00 ₸"
10,23.01.25,-402000.0,Перевод,Бекбол А.,False,"- 402 000,00 ₸"
10,23.01.25,760000.0,Пополнение,Со своего Счета в Kaspi Pay,False,"+ 760 000,00 ₸"
10,22.01.25,5000.0,Пополнение,Айнагуль Т.,False,"+ 5 000,00 ₸"
10,21.01.25,-6993.0,Покупка,C-45,False,"- 6 993,00 ₸"
10,21.01.25,-3438.0,Покупка,Сеть супермаркетов Союз,False,"- 3 438,00 ₸"
10,21.01.25,30000.0,Пополнение,Тагир К.,False,"+ 30 000,00 ₸"
10,20.01.25,-22917.0,Перевод,Оплата Kaspi Кредита,False,"- 22 917,00 ₸"
10,18.01.25,650.0,Пополнение,Индира К.,False,"+ 650,00 ₸"
10,17.01.25,-528000.0,Покупка,"Мизам, касса 1",False,"- 528 000,00 ₸"
10,17.01.25,-7000.0,Покупка,CvetOk,False,"- 7 000,00 ₸"
10,16.01.25,-341700.0,Перевод,Яхия Ф.,False,"- 341 700,00 ₸"
10,16.01.25,-5000.0,Перевод,Диар Р.,False,"- 5 000,00 ₸"
10,16.01.25,-4300.0,Покупка,Tele2,False,"- 4 300,00 ₸"
10,15.01.25,-22450.0,Перевод,Артем Т.,False,"- 22 450,00 ₸"
10,15.01.25,980000.0,Пополнение,Со своего Счета в Kaspi Pay,False,"+ 980 000,00 ₸"
10,14.01.25,-264500.0,Перевод,Шахмурат Д.,False,"- 264 500,00 ₸"
10,13.01.25,-8000.0,Перевод,Сакен Ж.,False,"- 8 000,00 ₸"
10,13.01.25,-4000.0,Перевод,Ерик С.,False,"- 4 000,00 ₸"
10,11.01.25,-150000.0,Перевод,Сакен Ж.,False,"- 150 000,00 ₸"
10,10.01.25,-10283.0,Покупка,C-47 Кокшетау,False,"- 10 283,00 ₸"
10,10.01.25,2500.0,Пополнение,Мадина К.,False,"+ 2 500,00 ₸"
10,10.01.25,2200.0,Пополнение,Ая М.,False,"+ 2 200,00 ₸"
10,10.01.25,950.0,Пополнение,Анастасия П.,False,"+ 950,00 ₸"
10,10.01.25,-3350.0,Покупка,Услуги КСК/ОСИ,False,"- 3 350,00 ₸"
10,10.01.25,-5160.0,Покупка,Услуги КСК/ОСИ,False,"- 5 160,00 ₸"
10,10.01.25,-14010.33,Покупка,ЕРЦ-Кокшетау,False,"- 14 010,33 ₸"
11,10.01.25,-12500.0,Покупка,Канцелярские товары,False,"- 12 500,00 ₸"
11,09.01.25,22000.0,Пополнение,Жанна Н.,False,"+ 22 000,00 ₸"
11,09.01.25,-1000000.0,Перевод,На Kaspi Депозит,False,"- 1 000 000,00 ₸"
11,09.01.25,300000.0,Пополнение,С карты другого банка,False,"+ 300 000,00 ₸"
11,09.01.25,1000000.0,Пополнение,Акан Ж.,False,"+ 1 000 000,00 ₸"
11,09.01.25,-18000.0,Перевод,Сакен Ж.,False,"- 18 000,00 ₸"
11,09.01.25,-70000.0,Перевод,Анар Е.,False,"- 70 000,00 ₸"
11,09.01.25,-25000.0,Покупка,Канцелярские товары,False,"- 25 000,00 ₸"
11,07.01.25,-521630.0,Покупка,SAUR касса 3,False,"- 521 630,00 ₸"
11,07.01.25,330000.0,Пополнение,Со своего Счета в Kaspi Pay,False,"+ 330 000,00 ₸"
11,07.01.25,1900.0,Пополнение,Алмагуль К.,False,"+ 1 900,00 ₸"
11,06.01.25,-250000.0,Перевод,Рымгуль У.,False,"- 250 000,00 ₸"
11,05.01.25,-200000.0,Перевод,На Kaspi Депозит,False,"- 200 000,00 ₸"
11,05.01.25,350000.0,Пополнение,Со своего Счета в Kaspi Pay,False,"+ 350 000,00 ₸"
11,05.01.25,-100000.0,Покупка,Отбасы банк. Пополнение депозита,False,"- 100 000,00 ₸"
11,05.01.25,-60000.0,Перевод,Сакен Ж.,False,"- 60 000,00 ₸"
11,04.01.25,-13600.0,Перевод,Сакен Ж.,False,"- 13 600,00 ₸"
11,04.01.25,500000.0,Пополнение,Саулеш О.,False,"+ 500 000,00 ₸"
11,04.01.25,-68492.92,Покупка,КЭ Акмолинская обл. для организаций,False,"- 68 492,92 ₸"
11,03.01.25,-500000.0,Перевод,Саулеш О.,False,"- 500 000,00 ₸"
11,03.01.25,450000.0,Пополнение,Со своего Счета в Kaspi Pay,False,"+ 450 000,00 ₸"
11,03.01.25,-14196.0,Покупка,TAZA QYZMET для организаций,False,"- 14 196,00 ₸"
11,02.01.25,-2753.0,Покупка,Кокшетау 13,False,"- 2 753,00 ₸"
11,02.01.25,-10000.0,Покупка,AppleShop03,False,"- 10 000,00 ₸"
11,02.01.25,-53720.0,Покупка,Спортмастер,False,"- 53 720,00 ₸"
11,02.01.25,-10000.0,Перевод,Рауза К.,False,"- 10 000,00 ₸"
11,01.01.25,-10000.0,Перевод,Ануар Р.,False,"- 10 000,00 ₸"
11,01.01.25,-200000.0,Перевод,На Kaspi Депозит,False,"- 200 000,00 ₸"
11,01.01.25,-75526.77,Покупка,КЭ Акмолинская область,False,"- 75 526,77 ₸"
11,01.01.25,723000.0,Пополнение,Со своего Счета в Kaspi Pay,False,"+ 723 000,00 ₸"
11,31.12.24,23950.0,Пополнение,Гульниса А.,False,"+ 23 950,00 ₸"
11,31.12.24,-26678.0,Покупка,SMALL,False,"- 26 678,00 ₸"
11,30.12.24,-400000.0,Перевод,На Kaspi Депозит,False,"- 400 000,00 ₸"
11,30.12.24,406000.0,Пополнение,Со своего Счета в Kaspi Pay,False,"+ 406 000,00 ₸"
11,30.12.24,-500000.0,Перевод,На Kaspi Депозит,False,"- 500 000,00 ₸"
11,30.12.24,-10000.0,Перевод,Сакен Ж.,False,"- 10 000,00 ₸"
11,30.12.24,2000.0,Пополнение,Толқын Р.,False,"+ 2 000,00 ₸"
11,30.12.24,375000.0,Пополнение,Со своего Счета в Kaspi Pay,False,"+ 375 000,00 ₸"
11,28.12.24,-70000.0,Перевод,Гулзат Н.,False,"- 70 000,00 ₸"
11,28.12.24,-202000.0,Перевод,Рымгуль У.,False,"- 202 000,00 ₸"
11,28.12.24,312000.0,Пополнение,Со своего Счета в Kaspi Pay,False,"+ 312 000,00 ₸"
11,28.12.24,-635.0,Перевод,Гульмира Д.,False,"- 635,00 ₸"
11,28.12.24,9300.0,Пополнение,Гульмира Ж.,False,"+ 9 300,00 ₸"
11,27.12.24,-1530.0,Покупка,Яблоко,False,"- 1 530,00 ₸"
11,27.12.24,-131000.0,Перевод,Salamat E.,False,"- 131 000,00 ₸"
11,27.12.24,239000.0,Пополнение,Со своего Счета в Kaspi Pay,False,"+ 239 000,00 ₸"
11,27.12.24,-20000.0,Перевод,Сакен Ж.,False,"- 20 000,00 ₸"
12,27.12.24,-25000.0,Перевод,Артем Т.,False,"- 25 000,00 ₸"
12,27.12.24,-12639.0,Покупка,C-41 Кокшетау Qazaq Oil,False,"- 12 639,00 ₸"
12,27.12.24,2000.0,Пополнение,Айгуль О.,False,"+ 2 000,00 ₸"
12,27.12.24,2000.0,Пополнение,Гульмира Ж.,False,"+ 2 000,00 ₸"
12,26.12.24,-119000.0,Перевод,Перизат Т.,False,"- 119 000,00 ₸"
12,26.12.24,-77000.0,Перевод,Турсун И.,False,"- 77 000,00 ₸"
12,26.12.24,-31000.0,Перевод,Сакен Ж.,False,"- 31 000,00 ₸"
12,26.12.24,182000.0,Пополнение,Со своего Счета в Kaspi Pay,False,"+ 182 000,00 ₸"
12,26.12.24,-20000.0,Перевод,Ерик С.,False,"- 20 000,00 ₸"
12,26.12.24,-242000.0,Перевод,Ermek T.,False,"- 242 000,00 ₸"
12,26.12.24,291000.0,Пополнение,Со своего Счета в Kaspi Pay,False,"+ 291 000,00 ₸"
12,26.12.24,-50000.0,Перевод,Айнагуль Т.,False,"- 50 000,00 ₸"
12,26.12.24,8760.0,Пополнение,Алмагуль К.,False,"+ 8 760,00 ₸"
12,26.12.24,2700.0,Пополнение,Марьям Б.,False,"+ 2 700,00 ₸"
12,25.12.24,-112900.0,Перевод,Раджеб И.,False,"- 112 900,00 ₸"
12,25.12.24,-300000.0,Покупка,Standard Life,False,"- 300 000,00 ₸"
12,25.12.24,-25000.0,Покупка,Standard Life,False,"- 25 000,00 ₸"
12,24.12.24,20000.0,Пополнение,Омирбек Ю.,False,"+ 20 000,00 ₸"
12,24.12.24,229000.0,Пополнение,Со своего Счета в Kaspi Pay,False,"+ 229 000,00 ₸"
12,24.12.24,-20000.0,Перевод,Омирбек Ю.,False,"- 20 000,00 ₸"
12,24.12.24,-50000.0,Перевод,Бауыржан Ж.,False,"- 50 000,00 ₸"
12,24.12.24,-111675.0,Перевод,Джамалдин А.,False,"- 111 675,00 ₸"
12,24.12.24,-20000.0,Перевод,Ерик С.,False,"- 20 000,00 ₸"
12,24.12.24,220000.0,Пополнение,Со своего Счета в Kaspi Pay,False,"+ 220 000,00 ₸"
12,23.12.24,-163000.0,Перевод,Шилир Х.,False,"- 163 000,00 ₸"
12,23.12.24,370000.0,Пополнение,С карты другого банка,False,"+ 370 000,00 ₸"
12,23.12.24,-2410.0,Перевод,Abdumutal O.,False,"- 2 410,00 ₸"
12,23.12.24,24300.0,Пополнение,Гульмира М.,False,"+ 24 300,00 ₸"
12,23.12.24,10400.0,Пополнение,Гульмира Ж.,False,"+ 10 400,00 ₸"
12,23.12.24,1890.0,Пополнение,Гульмира Д.,False,"+ 1 890,00 ₸"
12,23.12.24,5500.0,Пополнение,Толқын Р.,False,"+ 5 500,00 ₸"
12,22.12.24,-244900.0,Перевод,Шахмурат Д.,False,"- 244 900,00 ₸"
12,22.12.24,-150000.0,Перевод,Сакен Ж.,False,"- 150 000,00 ₸"
12,22.12.24,305000.0,Пополнение,Со своего Счета в Kaspi Pay,False,"+ 305 000,00 ₸"
12,22.12.24,7250.0,Пополнение,Бибигуль С.,False,"+ 7 250,00 ₸"
12,21.12.24,-737000.0,Перевод,Махтагуль Б.,False,"- 737 000,00 ₸"
12,21.12.24,216000.0,Пополнение,Со своего Счета в Kaspi Pay,False,"+ 216 000,00 ₸"
12,21.12.24,660.0,Пополнение,Айжан Б.,False,"+ 660,00 ₸"
12,20.12.24,162000.0,Пополнение,Со своего Счета в Kaspi Pay,False,"+ 162 000,00 ₸"
12,20.12.24,-12606.0,Покупка,"Гриль бар ""Bedduin""",False,"- 12 606,00 ₸"
12,20.12.24,-5400.0,Перевод,Аскар А.,False,"- 5 400,00 ₸"
12,20.12.24,-97900.0,Перевод,Аскар А.,False,"- 97 900,00 ₸"
12,20.12.24,2300.0,Пополнение,Гульмира Д.,False,"+ 2 300,00 ₸"
12,20.12.24,1100.0,Пополнение,Асель Ш.,False,"+ 1 100,00 ₸"
12,19.12.24,154000.0,Пополнение,Со своего Счета в Kaspi Pay,False,"+ 154 000,00 ₸"
12,19.12.24,1200.0,Пополнение,Айгуль О.,False,"+ 1 200,00 ₸"
12,19.12.24,2200.0,Пополнение,Марьям Б.,False,"+ 2 200,00 ₸"
13,19.12.24,550.0,Пополнение,Асель Ш.,False,"+ 550,00 ₸"
13,18.12.24,302000.0,Пополнение,Со своего Счета в Kaspi Pay,False,"+ 302 000,00 ₸"
13,18.12.24,-22917.0,Перевод,Оплата Kaspi Кредита,False,"- 22 917,00 ₸"
13,18.12.24,3000.0,Пополнение,Гульмира М.,False,"+ 3 000,00 ₸"
13,18.12.24,10000.0,Пополнение,Гульмира М.,False,"+ 10 000,00 ₸"
13,18.12.24,5500.0,Пополнение,Толқын Р.,False,"+ 5 500,00 ₸"
13,18.12.24,5000.0,Пополнение,Марьям Б.,False,"+ 5 000,00 ₸"
13,17.12.24,10000.0,Пополнение,Слухан Ю.,False,"+ 10 000,00 ₸"
13,17.12.24,-65900.0,Перевод,Ақерке Ə.,False,"- 65 900,00 ₸"
13,17.12.24,10590.0,Пополнение,Айгуль О.,False,"+ 10 590,00 ₸"
13,17.12.24,11000.0,Пополнение,Гульмира Ж.,False,"+ 11 000,00 ₸"
13,17.12.24,6800.0,Пополнение,Толқын Р.,False,"+ 6 800,00 ₸"
13,16.12.24,-20000.0,Перевод,Сакен Ж.,False,"- 20 000,00 ₸"
13,16.12.24,7350.0,Пополнение,Асель С.,False,"+ 7 350,00 ₸"
13,15.12.24,-250000.0,Перевод,Ramazan T.,False,"- 250 000,00 ₸"
13,15.12.24,-24950.0,Покупка,erketoys.kz,False,"- 24 950,00 ₸"
13,15.12.24,416000.0,Пополнение,Со своего Счета в Kaspi Pay,False,"+ 416 000,00 ₸"
13,14.12.24,-13005.0,Покупка,C-47 Кокшетау,False,"- 13 005,00 ₸"
13,14.12.24,-137000.0,Перевод,Ramazan T.,False,"- 137 000,00 ₸"
13,13.12.24,-50000.0,Перевод,Сакен Ж.,False,"- 50 000,00 ₸"
13,13.12.24,-12100.0,Перевод,Мария Б.,False,"- 12 100,00 ₸"
13,13.12.24,2900.0,Пополнение,Алмагуль К.,False,"+ 2 900,00 ₸"
13,12.12.24,-330000.0,Перевод,Сабит Е.,False,"- 330 000,00 ₸"
13,12.12.24,247000.0,Пополнение,С карты другого банка,False,"+ 247 000,00 ₸"
13,12.12.24,12100.0,Пополнение,Мария Б.,False,"+ 12 100,00 ₸"
13,12.12.24,312000.0,Пополнение,Со своего Счета в Kaspi Pay,False,"+ 312 000,00 ₸"
13,10.12.24,-255000.0,Перевод,Сакен Ж.,False,"- 255 000,00 ₸"
13,10.12.24,-186000.0,Перевод,Наталия Б.,False,"- 186 000,00 ₸"
13,10.12.24,400000.0,Пополнение,Со своего Счета в Kaspi Pay,False,"+ 400 000,00 ₸"
13,10.12.24,-88500.0,Перевод,Руфаил А.,False,"- 88 500,00 ₸"
13,10.12.24,-7060.47,Покупка,ЕРЦ-Кокшетау,False,"- 7 060,47 ₸"
13,09.12.24,9300.0,Пополнение,Омирбек Ю.,False,"+ 9 300,00 ₸"
13,08.12.24,-1000000.0,Перевод,Жасулан Д.,False,"- 1 000 000,00 ₸"
13,08.12.24,870000.0,Пополнение,С Kaspi Депозита,False,"+ 870 000,00 ₸"
13,08.12.24,400.0,Пополнение,С Kaspi Депозита,False,"+ 400,00 ₸"
13,07.12.24,-225500.0,Перевод,Гулпери К.,False,"- 225 500,00 ₸"
13,07.12.24,300000.0,Пополнение,Со своего Счета в Kaspi Pay,False,"+ 300 000,00 ₸"
13,07.12.24,-8326.0,Покупка,SMALL,False,"- 8 326,00 ₸"
13,07.12.24,4500.0,Пополнение,Марьям Б.,False,"+ 4 500,00 ₸"
13,06.12.24,-6000.0,Перевод,Гульмира П.,False,"- 6 000,00 ₸"
13,06.12.24,1900.0,Пополнение,Сабит Д.,False,"+ 1 900,00 ₸"
13,06.12.24,-1300.0,Перевод,Чишир В.,False,"- 1 300,00 ₸"
13,06.12.24,115000.0,Пополнение,Со своего Счета в Kaspi Pay,False,"+ 115 000,00 ₸"
13,06.12.24,2000.0,Пополнение,Асель Ш.,False,"+ 2 000,00 ₸"
13,05.12.24,-32200.0,Перевод,Гульмира Ж.,False,"- 32 200,00 ₸"
13,05.12.24,-159200.0,Перевод,Ikboljon D.,False,"- 159 200,00 ₸"
13,05.12.24,227000.0,Пополнение,Со своего Счета в Kaspi Pay,False,"+ 227 000,00 ₸"
14,05.12.24,-10000.0,Перевод,Гульмира Ж.,False,"- 10 000,00 ₸"
14,04.12.24,11680.0,Пополнение,Куралай Н.,False,"+ 11 680,00 ₸"
14,04.12.24,-39712.51,Покупка,КЭ Акмолинская обл. для организаций,False,"- 39 712,51 ₸"
14,03.12.24,-5160.0,Покупка,Услуги КСК/ОСИ,False,"- 5 160,00 ₸"
14,03.12.24,-3350.0,Покупка,Услуги КСК/ОСИ,False,"- 3 350,00 ₸"
14,03.12.24,-8813.0,Покупка,Услуги КСК/ОСИ,False,"- 8 813,00 ₸"
14,03.12.24,-14196.0,Покупка,TAZA QYZMET для организаций,False,"- 14 196,00 ₸"
14,03.12.24,-66970.19,Покупка,КЭ Акмолинская область,False,"- 66 970,19 ₸"
14,03.12.24,-32000.0,Перевод,Аксана А.,False,"- 32 000,00 ₸"
14,03.12.24,-940.0,Покупка,C-45,False,"- 940,00 ₸"
14,03.12.24,-9530.0,Покупка,C-41 Кокшетау Qazaq Oil,False,"- 9 530,00 ₸"
14,03.12.24,2850.0,Пополнение,Асель Ш.,False,"+ 2 850,00 ₸"
14,03.12.24,-38750.0,Перевод,Ахмет И.,False,"- 38 750,00 ₸"
14,03.12.24,252000.0,Пополнение,Со своего Счета в Kaspi Pay,False,"+ 252 000,00 ₸"
14,02.12.24,-1800.0,Перевод,Бахытжан И.,False,"- 1 800,00 ₸"
14,02.12.24,500.0,Пополнение,Асель Ш.,False,"+ 500,00 ₸"
14,01.12.24,-220000.0,Покупка,erketoys.kz,False,"- 220 000,00 ₸"
14,01.12.24,9000.0,Пополнение,Со своего Счета в Kaspi Pay,False,"+ 9 000,00 ₸"
14,01.12.24,-78700.0,Перевод,Azamat A.,False,"- 78 700,00 ₸"
14,01.12.24,2400.0,Пополнение,Анаргуль М.,False,"+ 2 400,00 ₸"
14,01.12.24,125000.0,Пополнение,Со своего Счета в Kaspi Pay,False,"+ 125 000,00 ₸"
14,01.12.24,-71850.0,Перевод,Сабит Д.,False,"- 71 850,00 ₸"
14,30.11.24,-244290.0,Покупка,SAUR касса 3,False,"- 244 290,00 ₸"
14,30.11.24,310000.0,Пополнение,Со своего Счета в Kaspi Pay,False,"+ 310 000,00 ₸"
14,29.11.24,-5000.0,Перевод,Гульмира Ж.,False,"- 5 000,00 ₸"
14,29.11.24,3450.0,Пополнение,Алмагуль К.,False,"+ 3 450,00 ₸"
14,27.11.24,-5000.0,Перевод,Руслан Г.,False,"- 5 000,00 ₸"
14,27.11.24,-278000.0,Перевод,Турсун И.,False,"- 278 000,00 ₸"
14,27.11.24,-68000.0,Перевод,Мөлдір С.,False,"- 68 000,00 ₸"
14,27.11.24,-160800.0,Перевод,Фая С.,False,"- 160 800,00 ₸"
14,27.11.24,632000.0,Пополнение,Со своего Счета в Kaspi Pay,False,"+ 632 000,00 ₸"
14,26.11.24,3000.0,Пополнение,Зачисление на KaspiGold переводом из другого банка,False,"+ 3 000,00 ₸"
14,25.11.24,-17000.0,Перевод,Данияр Ж.,False,"- 17 000,00 ₸"
14,25.11.24,1650.0,Пополнение,Толқын Р.,False,"+ 1 650,00 ₸"
14,24.11.24,-2500.0,Перевод,Гульмира П.,False,"- 2 500,00 ₸"
14,24.11.24,-3000.0,Перевод,Ахат Ж.,False,"- 3 000,00 ₸"
14,24.11.24,3600.0,Пополнение,Салима Я.,False,"+ 3 600,00 ₸"
14,24.11.24,-320.0,Перевод,Гульмира Ж.,False,"- 320,00 ₸"
14,23.11.24,-4098.0,Покупка,C-47 Кокшетау,False,"- 4 098,00 ₸"
14,23.11.24,-52260.0,Перевод,Диасбек Ш.,False,"- 52 260,00 ₸"
14,22.11.24,-10000.0,Перевод,На свой Счет в Kaspi Pay,False,"- 10 000,00 ₸"
14,22.11.24,-83000.0,Перевод,Baisalbek A.,False,"- 83 000,00 ₸"
14,22.11.24,-167000.0,Перевод,Мөлдір С.,False,"- 167 000,00 ₸"
14,22.11.24,380000.0,Пополнение,С карты другого банка,False,"+ 380 000,00 ₸"
14,21.11.24,-71839.49,Покупка,КЭ Акмолинская обл. для организаций,False,"- 71 839,49 ₸"
14,21.11.24,20000.0,Пополнение,Акан Ж.,False,"+ 20 000,00 ₸"
14,21.11.24,1000.0,Пополнение,Гульмира Ж.,False,"+ 1 000,00 ₸"
15,20.11.24,9940.0,Пополнение,Жадра К.,False,"+ 9 940,00 ₸"
15,20.11.24,300.0,Пополнение,Гульмира Ж.,False,"+ 300,00 ₸"
15,20.11.24,1000.0,Пополнение,Алмагуль К.,False,"+ 1 000,00 ₸"
15,19.11.24,19000.0,Пополнение,Кунсулу Е.,False,"+ 19 000,00 ₸"
15,19.11.24,-250000.0,Перевод,Рымгуль У.,False,"- 250 000,00 ₸"
15,19.11.24,180000.0,Пополнение,Со своего Счета в Kaspi Pay,False,"+ 180 000,00 ₸"
15,19.11.24,-95176.17,Покупка,КЭ Акмолинская обл. для организаций,False,"- 95 176,17 ₸"
15,19.11.24,-22917.0,Перевод,Оплата Kaspi Кредита,False,"- 22 917,00 ₸"
15,19.11.24,-59300.0,Перевод,Ислам Н.,False,"- 59 300,00 ₸"
15,18.11.24,-12320.0,Покупка,C-41 Кокшетау Qazaq Oil,False,"- 12 320,00 ₸"
15,18.11.24,280000.0,Пополнение,Со своего Счета в Kaspi Pay,False,"+ 280 000,00 ₸"
15,18.11.24,2700.0,Пополнение,Толқын Р.,False,"+ 2 700,00 ₸"
15,17.11.24,-80900.0,Перевод,Замзагуль А.,False,"- 80 900,00 ₸"
15,17.11.24,20000.0,Пополнение,Слухан Ю.,False,"+ 20 000,00 ₸"
15,17.11.24,-8600.0,Перевод,Umut R.,False,"- 8 600,00 ₸"
15,16.11.24,-50000.0,Перевод,Сакен Ж.,False,"- 50 000,00 ₸"
15,16.11.24,94000.0,Пополнение,Со своего Счета в Kaspi Pay,False,"+ 94 000,00 ₸"
15,16.11.24,5000.0,Пополнение,Ринат Ю.,False,"+ 5 000,00 ₸"
15,15.11.24,-241000.0,Перевод,Фая С.,False,"- 241 000,00 ₸"
15,15.11.24,220000.0,Пополнение,Со своего Счета в Kaspi Pay,False,"+ 220 000,00 ₸"
15,15.11.24,300.0,Пополнение,Гульмира Ж.,False,"+ 300,00 ₸"
15,15.11.24,-1200.0,Перевод,Гульмира Д.,False,"- 1 200,00 ₸"
15,15.11.24,-191700.0,Перевод,Ислам Н.,False,"- 191 700,00 ₸"
15,14.11.24,-20000.0,Перевод,Ерик С.,False,"- 20 000,00 ₸"
15,14.11.24,-9945.0,Покупка,C-47 Кокшетау,False,"- 9 945,00 ₸"
15,13.11.24,-417700.0,Перевод,Umut R.,False,"- 417 700,00 ₸"
15,13.11.24,500000.0,Пополнение,Со своего Счета в Kaspi Pay,False,"+ 500 000,00 ₸"
15,13.11.24,13500.0,Пополнение,Зачисление на KaspiGold переводом из другого банка,False,"+ 13 500,00 ₸"
15,12.11.24,-30000.0,Перевод,Сакен Ж.,False,"- 30 000,00 ₸"
15,11.11.24,1700.0,Пополнение,Алмагуль К.,False,"+ 1 700,00 ₸"
15,10.11.24,-8065.64,Покупка,ЕРЦ-Кокшетау,False,"- 8 065,64 ₸"
15,09.11.24,-282670.0,Перевод,Чишир В.,False,"- 282 670,00 ₸"
15,09.11.24,270000.0,Пополнение,Со своего Счета в Kaspi Pay,False,"+ 270 000,00 ₸"
15,07.11.24,-24000.0,Перевод,Алия А.,False,"- 24 000,00 ₸"
15,07.11.24,199000.0,Пополнение,Со своего Счета в Kaspi Pay,False,"+ 199 000,00 ₸"
15,07.11.24,-170.0,Перевод,Айгуль К.,False,"- 170,00 ₸"
15,06.11.24,-8833.0,Покупка,C-47 Кокшетау,False,"- 8 833,00 ₸"
15,06.11.24,-147900.0,Перевод,Шахмурат Д.,False,"- 147 900,00 ₸"
15,05.11.24,500.0,Пополнение,Зачисление на KaspiGold переводом из другого банка,False,"+ 500,00 ₸"
15,05.11.24,-402600.0,Перевод,Махтагуль Б.,False,"- 402 600,00 ₸"
15,05.11.24,340000.0,Пополнение,Со своего Счета в Kaspi Pay,False,"+ 340 000,00 ₸"
15,05.11.24,-87560.0,Перевод,Фархад С.,False,"- 87 560,00 ₸"
15,05.11.24,-86000.0,Покупка,SAUR касса 3,False,"- 86 000,00 ₸"
15,05.11.24,-93000.0,Перевод,Клариса Р.,False,"- 93 000,00 ₸"
15,05.11.24,750.0,Пополнение,Айгуль О.,False,"+ 750,00 ₸"
15,05.11.24,-1500.0,Перевод,Гульнара Б.,False,"- 1 500,00 ₸"
15,05.11.24,2060.0,Пополнение,Толқын Р.,False,"+ 2 060,00 ₸"
16,04.11.24,-100000.0,Покупка,Отбасы банк. Пополнение депозита,False,"- 100 000,00 ₸"
16,04.11.24,-14196.0,Покупка,TAZA QYZMET для организаций,False,"- 14 196,00 ₸"
16,04.11.24,-8813.0,Покупка,Услуги КСК/ОСИ,False,"- 8 813,00 ₸"
16,04.11.24,-3350.0,Покупка,Услуги КСК/ОСИ,False,"- 3 350,00 ₸"
16,04.11.24,-5160.0,Покупка,Услуги КСК/ОСИ,False,"- 5 160,00 ₸"
16,04.11.24,300000.0,Пополнение,С карты другого банка,False,"+ 300 000,00 ₸"
16,04.11.24,1000.0,Пополнение,Айгуль О.,False,"+ 1 000,00 ₸"
16,04.11.24,950.0,Пополнение,Алмагуль К.,False,"+ 950,00 ₸"
16,04.11.24,1000.0,Пополнение,Гульмира Ж.,False,"+ 1 000,00 ₸"
16,03.11.24,15000.0,Пополнение,Алмагуль К.,False,"+ 15 000,00 ₸"
16,02.11.24,-52716.42,Покупка,КЭ Акмолинская область,False,"- 52 716,42 ₸"
16,02.11.24,380000.0,Пополнение,Со своего Счета в Kaspi Pay,False,"+ 380 000,00 ₸"
16,02.11.24,-4239.0,Покупка,C-41 Кокшетау Qazaq Oil,False,"- 4 239,00 ₸"
16,01.11.24,2650.0,Пополнение,Гульнара Б.,False,"+ 2 650,00 ₸"
16,31.10.24,-1000.0,Перевод,Ерик С.,False,"- 1 000,00 ₸"
16,30.10.24,1350.0,Пополнение,Анаргуль М.,False,"+ 1 350,00 ₸"
16,29.10.24,2625.0,Пополнение,Аманбол Е.,False,"+ 2 625,00 ₸"
16,29.10.24,-114020.0,Покупка,SAUR касса 3,False,"- 114 020,00 ₸"
16,29.10.24,25000.0,Пополнение,Со своего Счета в Kaspi Pay,False,"+ 25 000,00 ₸"
16,29.10.24,-10000.0,Перевод,Ерик С.,False,"- 10 000,00 ₸"
16,29.10.24,110000.0,Пополнение,Со своего Счета в Kaspi Pay,False,"+ 110 000,00 ₸"
16,29.10.24,1900.0,Пополнение,Гульмира Ж.,False,"+ 1 900,00 ₸"
16,28.10.24,-250000.0,Перевод,Анар Е.,False,"- 250 000,00 ₸"
16,28.10.24,-554000.0,Перевод,Гэсыр Х.,False,"- 554 000,00 ₸"
16,28.10.24,-305180.0,Перевод,Гулзат Н.,False,"- 305 180,00 ₸"
16,28.10.24,900000.0,Пополнение,Со своего Счета в Kaspi Pay,False,"+ 900 000,00 ₸"
16,28.10.24,-750.0,Перевод,Гульнара Б.,False,"- 750,00 ₸"
16,27.10.24,3200.0,Пополнение,Алмагуль К.,False,"+ 3 200,00 ₸"
16,24.10.24,-20000.0,Перевод,Ерик С.,False,"- 20 000,00 ₸"
16,23.10.24,1050.0,Пополнение,Гульмира Ж.,False,"+ 1 050,00 ₸"
16,22.10.24,-40000.0,Перевод,Рымгуль У.,False,"- 40 000,00 ₸"
16,22.10.24,-5160.0,Покупка,Услуги КСК/ОСИ,False,"- 5 160,00 ₸"
16,22.10.24,-3350.0,Покупка,Услуги КСК/ОСИ,False,"- 3 350,00 ₸"
16,22.10.24,25000.0,Пополнение,Ерик С.,False,"+ 25 000,00 ₸"
16,22.10.24,9420.0,Пополнение,Гульмира Ж.,False,"+ 9 420,00 ₸"
16,22.10.24,1700.0,Пополнение,Ерик С.,False,"+ 1 700,00 ₸"
16,22.10.24,-1692.0,Покупка,Зебра кофе Цум,False,"- 1 692,00 ₸"
16,22.10.24,-50000.0,Перевод,Сакен Ж.,False,"- 50 000,00 ₸"
16,21.10.24,-106688.33,Покупка,КЭ Акмолинская обл. для организаций,False,"- 106 688,33 ₸"
16,21.10.24,300000.0,Пополнение,Со своего Счета в Kaspi Pay,False,"+ 300 000,00 ₸"
16,19.10.24,3110.0,Пополнение,Алмагуль А.,False,"+ 3 110,00 ₸"
16,18.10.24,-11578.0,Покупка,C-47 Кокшетау,False,"- 11 578,00 ₸"
16,18.10.24,-300000.0,Перевод,Рымгуль У.,False,"- 300 000,00 ₸"
16,18.10.24,140000.0,Пополнение,Со своего Счета в Kaspi Pay,False,"+ 140 000,00 ₸"
16,17.10.24,170000.0,Пополнение,Со своего Счета в Kaspi Pay,False,"+ 170 000,00 ₸"
16,17.10.24,400.0,Пополнение,Айнур Ш.,False,"+ 400,00 ₸"
16,17.10.24,875.0,Пополнение,Алмагуль К.,False,"+ 875,00 ₸"
17,17.10.24,738.0,Пополнение,Гульмира Д.,False,"+ 738,00 ₸"
17,16.10.24,-20000.0,Перевод,Ерик С.,False,"- 20 000,00 ₸"
17,16.10.24,-22917.0,Перевод,Оплата Kaspi Кредита,False,"- 22 917,00 ₸"
17,16.10.24,-233300.0,Перевод,Куаныш Ч.,False,"- 233 300,00 ₸"
17,16.10.24,160000.0,Пополнение,Со своего Счета в Kaspi Pay,False,"+ 160 000,00 ₸"
17,16.10.24,9120.0,Пополнение,Алтынай С.,False,"+ 9 120,00 ₸"
17,15.10.24,-9280.0,Перевод,Перизат Т.,False,"- 9 280,00 ₸"
17,15.10.24,-150000.0,Перевод,Акан Ж.,False,"- 150 000,00 ₸"
17,15.10.24,273000.0,Пополнение,Со своего Счета в Kaspi Pay,False,"+ 273 000,00 ₸"
17,14.10.24,-10000.0,Перевод,Ерик С.,False,"- 10 000,00 ₸"
17,14.10.24,-37720.0,Перевод,Гульнар Ю.,False,"- 37 720,00 ₸"
17,14.10.24,-9150.0,Перевод,Гульнар Ю.,False,"- 9 150,00 ₸"
17,14.10.24,750.0,Пополнение,Дина Е.,False,"+ 750,00 ₸"
17,13.10.24,13970.0,Покупка,ИП НҰРЗАТ МАДИНА,True,"+ 13 970,00 ₸"
17,13.10.24,-13970.0,Покупка,ИП НҰРЗАТ МАДИНА,True,"- 13 970,00 ₸"
17,13.10.24,13970.0,Покупка,ИП НҰРЗАТ МАДИНА,True,"+ 13 970,00 ₸"
17,13.10.24,-13970.0,Покупка,ИП НҰРЗАТ МАДИНА,True,"- 13 970,00 ₸"
17,11.10.24,-338750.0,Перевод,Перизат Т.,False,"- 338 750,00 ₸"
17,11.10.24,480000.0,Пополнение,Со своего Счета в Kaspi Pay,False,"+ 480 000,00 ₸"
17,10.10.24,1000.0,Пополнение,Гульмира Ж.,False,"+ 1 000,00 ₸"
17,09.10.24,-11200.0,Покупка,Coffeeboom Kokshetau,False,"- 11 200,00 ₸"
17,09.10.24,-249480.0,Покупка,"Мизам, касса 1",False,"- 249 480,00 ₸"
17,08.10.24,-76000.0,Перевод,Семе Н.,False,"- 76 000,00 ₸"
17,08.10.24,250000.0,Пополнение,Рымгуль У.,False,"+ 250 000,00 ₸"
17,07.10.24,-250000.0,Перевод,Рымгуль У.,False,"- 250 000,00 ₸"
17,07.10.24,1000.0,Пополнение,Гульмира Ж.,False,"+ 1 000,00 ₸"
17,06.10.24,-52600.0,Перевод,Қабай Ə.,False,"- 52 600,00 ₸"
17,06.10.24,355000.0,Пополнение,Со своего Счета в Kaspi Pay,False,"+ 355 000,00 ₸"
17,06.10.24,-1000.0,Перевод,Амангелди Б.,False,"- 1 000,00 ₸"
17,06.10.24,1560.0,Пополнение,Алия С.,False,"+ 1 560,00 ₸"
17,05.10.24,-6000.0,Перевод,Анар Е.,False,"- 6 000,00 ₸"
17,05.10.24,10000.0,Пополнение,Айнагуль Т.,False,"+ 10 000,00 ₸"
17,04.10.24,-132480.0,Перевод,Гэсыр Х.,False,"- 132 480,00 ₸"
17,04.10.24,37000.0,Пополнение,Со своего Счета в Kaspi Pay,False,"+ 37 000,00 ₸"
17,04.10.24,-500.0,Покупка,Tele2,False,"- 500,00 ₸"
17,04.10.24,-11861.48,Покупка,ЕРЦ-Кокшетау,False,"- 11 861,48 ₸"
17,04.10.24,-100000.0,Покупка,Отбасы банк. Пополнение депозита,False,"- 100 000,00 ₸"
17,04.10.24,-8813.0,Покупка,Услуги КСК/ОСИ,False,"- 8 813,00 ₸"
17,04.10.24,-3350.0,Покупка,Услуги КСК/ОСИ,False,"- 3 350,00 ₸"
17,04.10.24,-5160.0,Покупка,Услуги КСК/ОСИ,False,"- 5 160,00 ₸"
17,04.10.24,-63540.03,Покупка,КЭ Акмолинская обл. для организаций,False,"- 63 540,03 ₸"
17,04.10.24,-83772.95,Покупка,КЭ Акмолинская область,False,"- 83 772,95 ₸"
17,04.10.24,391000.0,Пополнение,Со своего Счета в Kaspi Pay,False,"+ 391 000,00 ₸"
17,04.10.24,2500.0,Пополнение,Гульмира М.,False,"+ 2 500,00 ₸"
17,04.10.24,4700.0,Пополнение,Дина Е.,False,"+ 4 700,00 ₸"
17,03.10.24,1000.0,Пополнение,Жанна Н.,False,"+ 1 000,00 ₸"
17,03.10.24,-350000.0,Покупка,CaseShop,False,"- 350 000,00 ₸"
18,03.10.24,-1579.0,Покупка,Васильковский 3 а,False,"- 1 579,00 ₸"
18,03.10.24,-600.0,Покупка,шедевры вкуса,False,"- 600,00 ₸"
18,03.10.24,9600.0,Пополнение,Алмагуль А.,False,"+ 9 600,00 ₸"
18,03.10.24,4500.0,Пополнение,Аманбол Е.,False,"+ 4 500,00 ₸"
18,02.10.24,-190000.0,Покупка,Айсафи,False,"- 190 000,00 ₸"
18,02.10.24,-2821.2,Покупка,Услуги ЦОН,False,"- 2 821,20 ₸"
18,02.10.24,530000.0,Пополнение,Со своего Счета в Kaspi Pay,False,"+ 530 000,00 ₸"
18,01.10.24,-1000.0,Перевод,Ерик С.,False,"- 1 000,00 ₸"
18,30.09.24,-100.0,Перевод,Ерик С.,False,"- 100,00 ₸"
18,30.09.24,-61000.0,Перевод,Ринат Ю.,False,"- 61 000,00 ₸"
18,29.09.24,-241000.0,Перевод,Ramazan T.,False,"- 241 000,00 ₸"
18,29.09.24,100000.0,Пополнение,Со своего Счета в Kaspi Pay,False,"+ 100 000,00 ₸"
18,28.09.24,-314500.0,Перевод,Рахия И.,False,"- 314 500,00 ₸"
18,28.09.24,380000.0,Пополнение,Со своего Счета в Kaspi Pay,False,"+ 380 000,00 ₸"
18,28.09.24,1550.0,Пополнение,Салтанат Б.,False,"+ 1 550,00 ₸"
18,28.09.24,-190.0,Покупка,Жасмин,False,"- 190,00 ₸"
18,27.09.24,-2934.0,Покупка,Сеть супермаркетов Союз,False,"- 2 934,00 ₸"
18,27.09.24,4600.0,Пополнение,Гульмира Ж.,False,"+ 4 600,00 ₸"
18,25.09.24,-275000.0,Перевод,Шахмурат Д.,False,"- 275 000,00 ₸"
18,25.09.24,410000.0,Пополнение,Со своего Счета в Kaspi Pay,False,"+ 410 000,00 ₸"
18,24.09.24,-700.0,Перевод,Бахытжан И.,False,"- 700,00 ₸"
18,21.09.24,-380000.0,Перевод,Шахмурат Д.,False,"- 380 000,00 ₸"
18,21.09.24,-150000.0,Перевод,Рымгуль У.,False,"- 150 000,00 ₸"
18,21.09.24,405000.0,Пополнение,Со своего Счета в Kaspi Pay,False,"+ 405 000,00 ₸"
18,21.09.24,-10273.0,Покупка,C-47 Кокшетау,False,"- 10 273,00 ₸"
18,21.09.24,-30000.0,Перевод,Ерик С.,False,"- 30 000,00 ₸"
18,21.09.24,3500.0,Пополнение,Салтанат Ж.,False,"+ 3 500,00 ₸"
18,21.09.24,2450.0,Пополнение,Айжан Б.,False,"+ 2 450,00 ₸"
18,20.09.24,-650.0,Перевод,Шилир Х.,False,"- 650,00 ₸"
18,19.09.24,-1280.0,Покупка,Вита,False,"- 1 280,00 ₸"
18,18.09.24,-154800.0,Перевод,Сания Л.,False,"- 154 800,00 ₸"
18,18.09.24,-22917.0,Перевод,Оплата Kaspi Кредита,False,"- 22 917,00 ₸"
18,18.09.24,340000.0,Пополнение,Со своего Счета в Kaspi Pay,False,"+ 340 000,00 ₸"
18,17.09.24,-87600.0,Перевод,Равиль М.,False,"- 87 600,00 ₸"
18,17.09.24,2000.0,Покупка,Zerde,False,"+ 2 000,00 ₸"
18,17.09.24,-1000.0,Перевод,Гульнара Б.,False,"- 1 000,00 ₸"
18,16.09.24,-300.0,Перевод,Дина Е.,False,"- 300,00 ₸"
18,16.09.24,-1650.0,Перевод,Айнур Ш.,False,"- 1 650,00 ₸"
18,15.09.24,10000.0,Пополнение,Ерик С.,False,"+ 10 000,00 ₸"
18,14.09.24,-276440.0,Покупка,Zerde,False,"- 276 440,00 ₸"
18,14.09.24,243000.0,Пополнение,Со своего Счета в Kaspi Pay,False,"+ 243 000,00 ₸"
18,14.09.24,2200.0,Пополнение,Наталья Ш.,False,"+ 2 200,00 ₸"
18,13.09.24,-10000.0,Перевод,Ерик С.,False,"- 10 000,00 ₸"
18,13.09.24,900.0,Пополнение,Алмагуль К.,False,"+ 900,00 ₸"
18,12.09.24,-17600.0,Покупка,Favorite,False,"- 17 600,00 ₸"
18,12.09.24,3654.0,Пополнение,Зумрат М.,False,"+ 3 654,00 ₸"
18,11.09.24,-48000.0,Перевод,Сакен Ж.,False,"- 48 000,00 ₸"
19,11.09.24,180000.0,Пополнение,Со своего Счета в Kaspi Pay,False,"+ 180 000,00 ₸"
19,11.09.24,-390000.0,Перевод,Сакен Ж.,False,"- 390 000,00 ₸"
19,11.09.24,-3000.0,Перевод,Сакен Ж.,False,"- 3 000,00 ₸"
19,11.09.24,-73000.0,Перевод,Toktobubu C.,False,"- 73 000,00 ₸"
19,11.09.24,-264760.0,Покупка,"Мизам, касса 1",False,"- 264 760,00 ₸"
19,11.09.24,700000.0,Пополнение,Со своего Счета в Kaspi Pay,False,"+ 700 000,00 ₸"
19,11.09.24,-611.0,Покупка,Услуги Қазақтелеком по номеру телефона,False,"- 611,00 ₸"
19,11.09.24,1800.0,Пополнение,Гульмира Д.,False,"+ 1 800,00 ₸"
19,11.09.24,1350.0,Пополнение,Кульбаршин Ж.,False,"+ 1 350,00 ₸"
19,10.09.24,-124600.0,Перевод,Гулойим М.,False,"- 124 600,00 ₸"
19,10.09.24,-63800.0,Перевод,Лугмар С.,False,"- 63 800,00 ₸"
19,10.09.24,-3616.56,Покупка,ЕРЦ-Кокшетау,False,"- 3 616,56 ₸"
19,10.09.24,1700.0,Пополнение,Анаргуль М.,False,"+ 1 700,00 ₸"
19,10.09.24,-14196.0,Покупка,TAZA QYZMET для организаций,False,"- 14 196,00 ₸"
19,10.09.24,312.0,Пополнение,Салтанат Ж.,False,"+ 312,00 ₸"
19,10.09.24,195.0,Пополнение,Аманбол Е.,False,"+ 195,00 ₸"
19,10.09.24,-730.0,Перевод,Асель С.,False,"- 730,00 ₸"
19,09.09.24,-800.0,Покупка,Курортная зона.Поляна Абылай Хана,False,"- 800,00 ₸"
19,09.09.24,-490.0,Покупка,C-45,False,"- 490,00 ₸"
19,09.09.24,-8262.0,Покупка,C-45,False,"- 8 262,00 ₸"
19,09.09.24,-2980.0,Покупка,Лакомках Кулия.отдела,False,"- 2 980,00 ₸"
19,09.09.24,4900.0,Пополнение,Айжан Б.,False,"+ 4 900,00 ₸"
19,08.09.24,5480.0,Пополнение,Ильяс Б.,False,"+ 5 480,00 ₸"
19,07.09.24,-63900.0,Покупка,Favorite,False,"- 63 900,00 ₸"
19,07.09.24,290000.0,Пополнение,Со своего Счета в Kaspi Pay,False,"+ 290 000,00 ₸"
19,06.09.24,-1800.0,Перевод,Айжан Б.,False,"- 1 800,00 ₸"
19,06.09.24,1800.0,Пополнение,Бибинур Б.,False,"+ 1 800,00 ₸"
19,06.09.24,300.0,Пополнение,Гульмира Ж.,False,"+ 300,00 ₸"
19,06.09.24,7300.0,Пополнение,Аманбол Е.,False,"+ 7 300,00 ₸"
19,05.09.24,-130000.0,Перевод,Амангелди Б.,False,"- 130 000,00 ₸"
19,05.09.24,-62000.0,Перевод,Имран М.,False,"- 62 000,00 ₸"
19,05.09.24,-330700.0,Перевод,Dzmitry L.,False,"- 330 700,00 ₸"
19,05.09.24,-96500.0,Перевод,Chen Y.,False,"- 96 500,00 ₸"
19,05.09.24,-156663.63,Покупка,КЭ Акмолинская обл. для организаций,False,"- 156 663,63 ₸"
19,05.09.24,-63584.64,Покупка,КЭ Акмолинская обл. для организаций,False,"- 63 584,64 ₸"
19,05.09.24,690000.0,Пополнение,Со своего Счета в Kaspi Pay,False,"+ 690 000,00 ₸"
19,05.09.24,3050.0,Пополнение,Зухра И.,False,"+ 3 050,00 ₸"
19,05.09.24,-2550.0,Перевод,Айжан Б.,False,"- 2 550,00 ₸"
19,05.09.24,-239000.0,Перевод,Nazymgul A.,False,"- 239 000,00 ₸"
19,05.09.24,2200.0,Пополнение,Нургуль Н.,False,"+ 2 200,00 ₸"
19,04.09.24,-9089.0,Покупка,Услуги Қазақтелеком по номеру телефона,False,"- 9 089,00 ₸"
19,04.09.24,5000.0,Пополнение,Слухан Ю.,False,"+ 5 000,00 ₸"
19,04.09.24,1000.0,Пополнение,Елена Л.,False,"+ 1 000,00 ₸"
19,04.09.24,5040.0,Пополнение,Гульмира Д.,False,"+ 5 040,00 ₸"
19,03.09.24,-6787.0,Покупка,"Гриль бар ""Bedduin""",False,"- 6 787,00 ₸"
19,03.09.24,13000.0,Пополнение,Гульмира Ж.,False,"+ 13 000,00 ₸"
19,02.09.24,-37500.0,Перевод,Замзагуль К.,False,"- 37 500,00 ₸"
20,02.09.24,-90000.0,Перевод,Ринат Ю.,False,"- 90 000,00 ₸"
20,02.09.24,2200.0,Пополнение,Гульмира М.,False,"+ 2 200,00 ₸"
20,01.09.24,-100000.0,Покупка,Отбасы банк. Пополнение депозита,False,"- 100 000,00 ₸"
20,01.09.24,-14196.0,Покупка,TAZA QYZMET для организаций,False,"- 14 196,00 ₸"
20,01.09.24,-5160.0,Покупка,Услуги КСК/ОСИ,False,"- 5 160,00 ₸"
20,01.09.24,-3350.0,Покупка,Услуги КСК/ОСИ,False,"- 3 350,00 ₸"
20,01.09.24,-8813.0,Покупка,Услуги КСК/ОСИ,False,"- 8 813,00 ₸"
20,01.09.24,-56097.11,Покупка,КЭ Акмолинская область,False,"- 56 097,11 ₸"
20,01.09.24,660000.0,Пополнение,Со своего Счета в Kaspi Pay,False,"+ 660 000,00 ₸"
20,01.09.24,-10000.0,Перевод,Сакен Ж.,False,"- 10 000,00 ₸"
20,01.09.24,14000.0,Пополнение,Забира Ю.,False,"+ 14 000,00 ₸"
20,01.09.24,-240.0,Перевод,Алмагуль К.,False,"- 240,00 ₸"
20,31.08.24,-716000.0,Перевод,Махтагуль Б.,False,"- 716 000,00 ₸"
20,31.08.24,-475000.0,Перевод,Салтанат Т.,False,"- 475 000,00 ₸"
20,31.08.24,1000000.0,Пополнение,Со своего Счета в Kaspi Pay,False,"+ 1 000 000,00 ₸"
20,31.08.24,4400.0,Пополнение,Малик И.,False,"+ 4 400,00 ₸"
20,30.08.24,-8480.0,Покупка,C-45,False,"- 8 480,00 ₸"
20,30.08.24,6840.0,Пополнение,Дина Е.,False,"+ 6 840,00 ₸"
20,30.08.24,2500.0,Пополнение,Айгуль К.,False,"+ 2 500,00 ₸"
20,29.08.24,-41000.0,Перевод,Даулетбек К.,False,"- 41 000,00 ₸"
20,29.08.24,-200.0,Перевод,Айгуль К.,False,"- 200,00 ₸"
20,29.08.24,3000.0,Пополнение,Айжан Б.,False,"+ 3 000,00 ₸"
20,28.08.24,-7360.0,Перевод,Гульнар Ю.,False,"- 7 360,00 ₸"
20,28.08.24,-72000.0,Перевод,Гульнар Ю.,False,"- 72 000,00 ₸"
20,28.08.24,2600.0,Пополнение,Анаргуль М.,False,"+ 2 600,00 ₸"
20,28.08.24,-371000.0,Перевод,Раджеб И.,False,"- 371 000,00 ₸"
20,28.08.24,570000.0,Пополнение,Со своего Счета в Kaspi Pay,False,"+ 570 000,00 ₸"
20,28.08.24,-560.0,Перевод,Гульмира Ж.,False,"- 560,00 ₸"
20,28.08.24,4250.0,Пополнение,Айгуль К.,False,"+ 4 250,00 ₸"
20,28.08.24,2550.0,Пополнение,Дина Е.,False,"+ 2 550,00 ₸"
20,28.08.24,850.0,Пополнение,Наталья Ш.,False,"+ 850,00 ₸"
20,27.08.24,-29250.0,Покупка,Favorite,False,"- 29 250,00 ₸"
20,27.08.24,-2500.0,Перевод,Ольга П.,False,"- 2 500,00 ₸"
20,27.08.24,4305.0,Пополнение,Алия А.,False,"+ 4 305,00 ₸"
20,26.08.24,-35000.0,Перевод,Омирбек Ю.,False,"- 35 000,00 ₸"
20,26.08.24,-200000.0,Перевод,Рымгуль У.,False,"- 200 000,00 ₸"
20,26.08.24,380.0,Пополнение,Дина Е.,False,"+ 380,00 ₸"
20,26.08.24,-410.0,Перевод,Айгуль О.,False,"- 410,00 ₸"
20,26.08.24,570.0,Пополнение,Алия А.,False,"+ 570,00 ₸"
20,26.08.24,570.0,Пополнение,Гульмира Ж.,False,"+ 570,00 ₸"
20,25.08.24,-14667.0,Покупка,Шашлычный Двор,False,"- 14 667,00 ₸"
20,25.08.24,390000.0,Пополнение,Со своего Счета в Kaspi Pay,False,"+ 390 000,00 ₸"
20,25.08.24,10000.0,Пополнение,Анар Е.,False,"+ 10 000,00 ₸"
20,24.08.24,-236400.0,Перевод,Лугмар С.,False,"- 236 400,00 ₸"
20,24.08.24,186000.0,Пополнение,Со своего Счета в Kaspi Pay,False,"+ 186 000,00 ₸"
