﻿page,date,amount,operation,details,clock_icon,amount_text
0,01.08.25,-180.0,Перевод,Жанна С.,False,"- 180,00 ₸"
0,01.08.25,-2500.0,Перевод,Сайра Б.,False,"- 2 500,00 ₸"
0,29.07.25,-180.0,Перевод,Мақпал С.,False,"- 180,00 ₸"
0,27.07.25,1200.0,Пополнение,Жазира И.,False,"+ 1 200,00 ₸"
0,26.07.25,-2015.0,Покупка,Nagashi,False,"- 2 015,00 ₸"
0,26.07.25,1300.0,Пополнение,Жазира И.,False,"+ 1 300,00 ₸"
0,24.07.25,-180.0,Покупка,ИП Азим,False,"- 180,00 ₸"
0,24.07.25,4550.0,Пополнение,Маржан К.,False,"+ 4 550,00 ₸"
0,22.07.25,-10000.0,Перевод,Роза Р.,False,"- 10 000,00 ₸"
0,22.07.25,10000.0,Пополнение,Кульзат К.,False,"+ 10 000,00 ₸"
0,22.07.25,-700.0,Перевод,Роза Р.,False,"- 700,00 ₸"
0,21.07.25,-60000.0,Перевод,Бакытбек К.,False,"- 60 000,00 ₸"
0,21.07.25,60000.0,Пополнение,С карты другого банка,False,"+ 60 000,00 ₸"
0,20.07.25,-170.0,Перевод,Қымбат С.,False,"- 170,00 ₸"
0,20.07.25,-15000.0,Перевод,Гүлжайна Т.,False,"- 15 000,00 ₸"
0,18.07.25,-4253.0,Покупка,Магазин Сəтті,False,"- 4 253,00 ₸"
0,17.07.25,-340.0,Перевод,Жанна С.,False,"- 340,00 ₸"
0,17.07.25,20000.0,Пополнение,Роза Б.,False,"+ 20 000,00 ₸"
0,16.07.25,-2050.0,Перевод,Комил С.,False,"- 2 050,00 ₸"
0,16.07.25,-2000.0,Перевод,Сандугаш К.,False,"- 2 000,00 ₸"
0,15.07.25,500.0,Пополнение,Диана Ə.,False,"+ 500,00 ₸"
1,14.07.25,-700.0,Перевод,Жанна С.,False,"- 700,00 ₸"
1,14.07.25,-2400.0,Покупка,Activ,False,"- 2 400,00 ₸"
1,13.07.25,3000.0,Пополнение,Жазира И.,False,"+ 3 000,00 ₸"
1,12.07.25,-170.0,Перевод,Балжан С.,False,"- 170,00 ₸"
1,11.07.25,-800.0,Перевод,Бакыткуль К.,False,"- 800,00 ₸"
1,11.07.25,2950.0,Пополнение,Ұлан Қ.,False,"+ 2 950,00 ₸"
1,10.07.25,-2210.0,Покупка,Алтай 3,False,"- 2 210,00 ₸"
1,10.07.25,-500.0,Перевод,Бектас О.,False,"- 500,00 ₸"
1,10.07.25,-10000.0,Перевод,Акылбек Ж.,False,"- 10 000,00 ₸"
1,10.07.25,10000.0,Пополнение,Роза Б.,False,"+ 10 000,00 ₸"
1,09.07.25,9700.0,Пополнение,Гульзат О.,False,"+ 9 700,00 ₸"
1,02.07.25,-1000.0,Перевод,Сандугаш К.,False,"- 1 000,00 ₸"
1,02.07.25,-1000.0,Перевод,Бакыткуль К.,False,"- 1 000,00 ₸"
1,02.07.25,-5417.0,Перевод,Оплата Kaspi Кредита,False,"- 5 417,00 ₸"
1,02.07.25,-70000.0,Перевод,Сагдат С.,False,"- 70 000,00 ₸"
1,02.07.25,-20400.0,Перевод,Сарқытбек Қ.,False,"- 20 400,00 ₸"
1,02.07.25,80000.0,Пополнение,С карты другого банка,False,"+ 80 000,00 ₸"
1,01.07.25,-340.0,Покупка,ИП Азим,False,"- 340,00 ₸"
1,01.07.25,1900.0,Пополнение,Жулдуз А.,False,"+ 1 900,00 ₸"
1,30.06.25,700.0,Пополнение,Ұлан Қ.,False,"+ 700,00 ₸"
1,30.06.25,-5000.0,Перевод,Жулдыз И.,False,"- 5 000,00 ₸"
1,30.06.25,2000.0,Пополнение,Бакытбек К.,False,"+ 2 000,00 ₸"
1,29.06.25,10555.0,Пополнение,Гульзат О.,False,"+ 10 555,00 ₸"
1,29.06.25,-170.0,Перевод,Анар Т.,False,"- 170,00 ₸"
1,28.06.25,-300.0,Перевод,Жумакан Ч.,False,"- 300,00 ₸"
1,28.06.25,-550.0,Перевод,Ерболат Ч.,False,"- 550,00 ₸"
1,28.06.25,-2860.0,Покупка,Магазин Сəтті,False,"- 2 860,00 ₸"
1,28.06.25,6650.0,Пополнение,Жазира И.,False,"+ 6 650,00 ₸"
1,28.06.25,-2385.0,Перевод,Файзулла К.,False,"- 2 385,00 ₸"
1,28.06.25,4500.0,Пополнение,Семейгуль К.,False,"+ 4 500,00 ₸"
1,28.06.25,-15000.0,Перевод,Кербез Б.,False,"- 15 000,00 ₸"
1,28.06.25,-500.0,Перевод,Ернат Т.,False,"- 500,00 ₸"
1,28.06.25,-840.0,Перевод,Рамиль М.,False,"- 840,00 ₸"
1,28.06.25,-1000.0,Покупка,Ип Тенькебаева,False,"- 1 000,00 ₸"
1,28.06.25,-5000.0,Перевод,Архат Б.,False,"- 5 000,00 ₸"
1,28.06.25,20000.0,Пополнение,Жазира И.,False,"+ 20 000,00 ₸"
1,27.06.25,-340.0,Покупка,Магазин Сəтті,False,"- 340,00 ₸"
1,27.06.25,-100000.0,Снятие,Банкомат ZAISANSKOE RU 150799,False,"- 100 000,00 ₸"
1,27.06.25,-100000.0,Снятие,Банкомат SALEM TD,False,"- 100 000,00 ₸"
1,27.06.25,-100000.0,Снятие,"Банкомат A-15503 10,KONDURIN",False,"- 100 000,00 ₸"
1,27.06.25,300000.0,Пополнение,Жазира И.,False,"+ 300 000,00 ₸"
1,26.06.25,-620.0,Покупка,Магазин Сəтті,False,"- 620,00 ₸"
1,26.06.25,5000.0,Пополнение,Семейгуль К.,False,"+ 5 000,00 ₸"
1,26.06.25,-150.0,Перевод,Жумакан Ч.,False,"- 150,00 ₸"
1,24.06.25,-20000.0,Перевод,Бакытбек К.,False,"- 20 000,00 ₸"
1,24.06.25,20000.0,Пополнение,Жазира И.,False,"+ 20 000,00 ₸"
1,23.06.25,-870.0,Перевод,Жазира И.,False,"- 870,00 ₸"
2,23.06.25,2000.0,Пополнение,Жазира И.,False,"+ 2 000,00 ₸"
2,21.06.25,-8785.0,Покупка,Магазин Сəтті,False,"- 8 785,00 ₸"
2,20.06.25,-1000.0,Перевод,Алия С.,False,"- 1 000,00 ₸"
2,20.06.25,5000.0,Пополнение,Семейгуль К.,False,"+ 5 000,00 ₸"
2,18.06.25,1000.0,Пополнение,Сайра Б.,False,"+ 1 000,00 ₸"
2,16.06.25,-150.0,Перевод,Узбек А.,False,"- 150,00 ₸"
2,15.06.25,-200.0,Перевод,Ақмарал Ə.,False,"- 200,00 ₸"
2,14.06.25,-3450.0,Перевод,Жанерке О.,False,"- 3 450,00 ₸"
2,14.06.25,-170.0,Покупка,ИП Азим,False,"- 170,00 ₸"
2,14.06.25,-61400.0,Перевод,Бакытбек К.,False,"- 61 400,00 ₸"
2,14.06.25,61400.0,Пополнение,С карты другого банка,False,"+ 61 400,00 ₸"
2,12.06.25,-9000.0,Покупка,ЕВРОМЕД,False,"- 9 000,00 ₸"
2,12.06.25,-2990.0,Покупка,DeFacto,False,"- 2 990,00 ₸"
2,12.06.25,-3580.0,Покупка,SInsay,False,"- 3 580,00 ₸"
2,11.06.25,-1990.0,Покупка,"618.Аптека *Биосфера""",False,"- 1 990,00 ₸"
2,11.06.25,-1760.0,Перевод,Марат К.,False,"- 1 760,00 ₸"
2,10.06.25,5700.0,Пополнение,Бакытбек К.,False,"+ 5 700,00 ₸"
2,08.06.25,-170.0,Покупка,ИП Азим,False,"- 170,00 ₸"
2,08.06.25,-3700.0,Покупка,Activ,False,"- 3 700,00 ₸"
2,07.06.25,350.0,Пополнение,Əділбек Қ.,False,"+ 350,00 ₸"
2,07.06.25,-5417.0,Перевод,Оплата Kaspi Кредита,False,"- 5 417,00 ₸"
2,06.06.25,-1700.0,Перевод,Роза Р.,False,"- 1 700,00 ₸"
2,04.06.25,30000.0,Пополнение,Сауле К.,False,"+ 30 000,00 ₸"
2,04.06.25,1000.0,Пополнение,Əлібек М.,False,"+ 1 000,00 ₸"
2,03.06.25,-26000.0,Перевод,Сарқытбек Қ.,False,"- 26 000,00 ₸"
2,03.06.25,2900.0,Пополнение,Жулдыз С.,False,"+ 2 900,00 ₸"
2,03.06.25,5930.0,Пополнение,Жазира И.,False,"+ 5 930,00 ₸"
2,03.06.25,7000.0,Пополнение,Алия С.,False,"+ 7 000,00 ₸"
2,03.06.25,3500.0,Пополнение,Жулдыз С.,False,"+ 3 500,00 ₸"
2,03.06.25,-6500.0,Перевод,Армангуль Н.,False,"- 6 500,00 ₸"
2,03.06.25,3500.0,Пополнение,Жазира Д.,False,"+ 3 500,00 ₸"
2,03.06.25,500.0,Пополнение,Айнұр М.,False,"+ 500,00 ₸"
2,03.06.25,-170.0,Перевод,Бакыткуль К.,False,"- 170,00 ₸"
2,02.06.25,-170.0,Покупка,ИП Азим,False,"- 170,00 ₸"
2,02.06.25,3500.0,Пополнение,Серик К.,False,"+ 3 500,00 ₸"
2,02.06.25,6360.0,Пополнение,Семейгуль К.,False,"+ 6 360,00 ₸"
2,02.06.25,100.0,Пополнение,Гульзат О.,False,"+ 100,00 ₸"
2,31.05.25,800.0,Пополнение,С карты другого банка,False,"+ 800,00 ₸"
2,31.05.25,-123300.0,Перевод,Бакытбек К.,False,"- 123 300,00 ₸"
2,31.05.25,123500.0,Пополнение,С карты другого банка,False,"+ 123 500,00 ₸"
2,29.05.25,-1070.0,Покупка,Магазин Сəтті,False,"- 1 070,00 ₸"
2,24.05.25,-34000.0,Перевод,Канат О.,False,"- 34 000,00 ₸"
2,23.05.25,30000.0,Пополнение,В Kaspi Банкомате,False,"+ 30 000,00 ₸"
2,23.05.25,5000.0,Пополнение,Нуркия А.,False,"+ 5 000,00 ₸"
2,21.05.25,-170.0,Покупка,ИП Азим,False,"- 170,00 ₸"
2,21.05.25,-1000.0,Перевод,Бакыткуль К.,False,"- 1 000,00 ₸"
2,21.05.25,1000.0,Пополнение,Бакыткуль К.,False,"+ 1 000,00 ₸"
3,20.05.25,-800.0,Перевод,Мамлюда Қ.,False,"- 800,00 ₸"
3,20.05.25,800.0,Пополнение,Мамлюда Қ.,False,"+ 800,00 ₸"
3,20.05.25,-170.0,Покупка,ИП Азим,False,"- 170,00 ₸"
3,20.05.25,250.0,Пополнение,Семейгуль К.,False,"+ 250,00 ₸"
3,19.05.25,-650.0,Перевод,Ақмарал Ə.,False,"- 650,00 ₸"
3,19.05.25,-14000.0,Перевод,Айжан Ж.,False,"- 14 000,00 ₸"
3,17.05.25,-240.0,Покупка,ИП Азим,False,"- 240,00 ₸"
3,17.05.25,-1220.0,Покупка,ИП Азим,False,"- 1 220,00 ₸"
3,15.05.25,500.0,Пополнение,Семейгуль К.,False,"+ 500,00 ₸"
3,14.05.25,-500.0,Перевод,Жазира И.,False,"- 500,00 ₸"
3,14.05.25,-980.0,Покупка,Магазин Сəтті,False,"- 980,00 ₸"
3,14.05.25,1500.0,Пополнение,Армангуль Н.,False,"+ 1 500,00 ₸"
3,13.05.25,-695.0,Покупка,Магазин Сəтті,False,"- 695,00 ₸"
3,13.05.25,-3000.0,Перевод,Женисбек С.,False,"- 3 000,00 ₸"
3,13.05.25,-20000.0,Покупка,"ТД ""Береке""",False,"- 20 000,00 ₸"
3,13.05.25,-9085.0,Покупка,Меркит,False,"- 9 085,00 ₸"
3,13.05.25,-1600.0,Перевод,Маржан О.,False,"- 1 600,00 ₸"
3,12.05.25,50000.0,Пополнение,Роза Б.,False,"+ 50 000,00 ₸"
3,11.05.25,-170.0,Покупка,ИП Азим,False,"- 170,00 ₸"
3,08.05.25,-1650.0,Перевод,Маржан О.,False,"- 1 650,00 ₸"
3,08.05.25,2000.0,Пополнение,С карты другого банка,False,"+ 2 000,00 ₸"
3,08.05.25,-2000.0,Покупка,Activ,False,"- 2 000,00 ₸"
3,08.05.25,2000.0,Пополнение,Армангуль Н.,False,"+ 2 000,00 ₸"
3,07.05.25,-5417.0,Перевод,Оплата Kaspi Кредита,False,"- 5 417,00 ₸"
3,07.05.25,500.0,Пополнение,Гульзат О.,False,"+ 500,00 ₸"
3,07.05.25,5000.0,Пополнение,Мамлюда Қ.,False,"+ 5 000,00 ₸"
3,06.05.25,-3000.0,Перевод,Бакытбек К.,False,"- 3 000,00 ₸"
3,06.05.25,3000.0,Пополнение,Айжан С.,False,"+ 3 000,00 ₸"
3,06.05.25,-15000.0,Перевод,Бакытбек К.,False,"- 15 000,00 ₸"
3,06.05.25,9000.0,Пополнение,Маржан К.,False,"+ 9 000,00 ₸"
3,06.05.25,-10000.0,Перевод,Жазира И.,False,"- 10 000,00 ₸"
3,06.05.25,-6000.0,Перевод,Аружан Қ.,False,"- 6 000,00 ₸"
3,06.05.25,-550.0,Перевод,Жалын А.,False,"- 550,00 ₸"
3,05.05.25,5000.0,Пополнение,Гульзат О.,False,"+ 5 000,00 ₸"
3,05.05.25,12135.0,Пополнение,Гульзат О.,False,"+ 12 135,00 ₸"
3,05.05.25,-2000.0,Перевод,Айжан Ж.,False,"- 2 000,00 ₸"
3,05.05.25,1000.0,Пополнение,Семейгуль К.,False,"+ 1 000,00 ₸"
3,05.05.25,6000.0,Пополнение,Семейгуль К.,False,"+ 6 000,00 ₸"
3,04.05.25,-500.0,Перевод,Акылбек Ж.,False,"- 500,00 ₸"
3,02.05.25,-20000.0,Перевод,Бакытбек К.,False,"- 20 000,00 ₸"
3,02.05.25,-5000.0,Перевод,Бакытбек К.,False,"- 5 000,00 ₸"
3,02.05.25,-115000.0,Перевод,Бакытбек К.,False,"- 115 000,00 ₸"
3,02.05.25,115000.0,Пополнение,С карты другого банка,False,"+ 115 000,00 ₸"
3,02.05.25,4000.0,Пополнение,Маржан К.,False,"+ 4 000,00 ₸"
3,02.05.25,150.0,Пополнение,Семейгуль К.,False,"+ 150,00 ₸"
3,02.05.25,2375.0,Пополнение,Семейгуль К.,False,"+ 2 375,00 ₸"
3,02.05.25,6325.0,Пополнение,Жазира И.,False,"+ 6 325,00 ₸"
4,02.05.25,-1000.0,Перевод,Мəдина М.,False,"- 1 000,00 ₸"
4,02.05.25,1600.0,Пополнение,Жулдуз А.,False,"+ 1 600,00 ₸"
4,02.05.25,5000.0,Пополнение,Семейгуль К.,False,"+ 5 000,00 ₸"
4,30.04.25,-1000.0,Перевод,Бекзат А.,False,"- 1 000,00 ₸"
4,30.04.25,-10000.0,Перевод,Гульзат О.,False,"- 10 000,00 ₸"
4,29.04.25,-20000.0,Перевод,Роза Б.,False,"- 20 000,00 ₸"
4,28.04.25,38400.0,Пополнение,С карты другого банка,False,"+ 38 400,00 ₸"
4,20.04.25,-1400.0,Перевод,Гулшат С.,False,"- 1 400,00 ₸"
4,20.04.25,200.0,Пополнение,Əлібек М.,False,"+ 200,00 ₸"
4,19.04.25,-170.0,Покупка,ИП Азим,False,"- 170,00 ₸"
4,18.04.25,1480.0,Пополнение,Жулдуз А.,False,"+ 1 480,00 ₸"
4,17.04.25,-1700.0,Перевод,Жəнібек Ш.,False,"- 1 700,00 ₸"
4,16.04.25,-570.0,Перевод,Дастан К.,False,"- 570,00 ₸"
4,16.04.25,2000.0,Пополнение,Алмагуль Ж.,False,"+ 2 000,00 ₸"
4,16.04.25,-1000.0,Перевод,Алия С.,False,"- 1 000,00 ₸"
4,16.04.25,-53000.0,Перевод,Айнур М.,False,"- 53 000,00 ₸"
4,16.04.25,54000.0,Пополнение,С карты другого банка,False,"+ 54 000,00 ₸"
4,15.04.25,-150.0,Перевод,Нурсолтан А.,False,"- 150,00 ₸"
4,15.04.25,-20000.0,Перевод,Алия С.,False,"- 20 000,00 ₸"
4,15.04.25,20000.0,Пополнение,С карты другого банка,False,"+ 20 000,00 ₸"
4,14.04.25,-1140.0,Покупка,Магазин Сəтті,False,"- 1 140,00 ₸"
4,11.04.25,-170.0,Покупка,Сеземаг,False,"- 170,00 ₸"
4,11.04.25,-600.0,Перевод,Нургуль С.,False,"- 600,00 ₸"
4,09.04.25,2100.0,Пополнение,Назгул К.,False,"+ 2 100,00 ₸"
4,06.04.25,-5417.0,Перевод,Оплата Kaspi Кредита,False,"- 5 417,00 ₸"
4,03.04.25,5000.0,Пополнение,Семейгуль К.,False,"+ 5 000,00 ₸"
4,02.04.25,-10000.0,Перевод,Бакытбек К.,False,"- 10 000,00 ₸"
4,02.04.25,6460.0,Пополнение,Гульзат О.,False,"+ 6 460,00 ₸"
4,02.04.25,-7142.12,Покупка,ОЭСК,False,"- 7 142,12 ₸"
4,02.04.25,3780.0,Пополнение,Жазира И.,False,"+ 3 780,00 ₸"
4,02.04.25,100.0,Пополнение,Жулдыз К.,False,"+ 100,00 ₸"
4,02.04.25,3540.0,Пополнение,Семейгуль К.,False,"+ 3 540,00 ₸"
4,02.04.25,1820.0,Пополнение,Жулдыз С.,False,"+ 1 820,00 ₸"
4,01.04.25,-1465.0,Покупка,"ИП ""Сиырбаев А С""",False,"- 1 465,00 ₸"
4,21.03.25,320.0,Пополнение,Роза Р.,False,"+ 320,00 ₸"
4,20.03.25,1830.0,Пополнение,Нуркия А.,False,"+ 1 830,00 ₸"
4,20.03.25,-340.0,Перевод,Мақпал С.,False,"- 340,00 ₸"
4,20.03.25,-400.0,Перевод,Оралбек А.,False,"- 400,00 ₸"
4,19.03.25,-7000.0,Перевод,Куляш Т.,False,"- 7 000,00 ₸"
4,19.03.25,-1000.0,Перевод,Армангуль Н.,False,"- 1 000,00 ₸"
4,17.03.25,900.0,Пополнение,Армангуль Н.,False,"+ 900,00 ₸"
4,17.03.25,600.0,Пополнение,Галия Е.,False,"+ 600,00 ₸"
4,17.03.25,300.0,Пополнение,Айжан Ж.,False,"+ 300,00 ₸"
4,16.03.25,-500.0,Перевод,Камшат М.,False,"- 500,00 ₸"
4,15.03.25,-30640.0,Перевод,Əсетқан Қ.,False,"- 30 640,00 ₸"
4,14.03.25,35000.0,Пополнение,Роза Б.,False,"+ 35 000,00 ₸"
4,14.03.25,-30000.0,Перевод,Əсел Б.,False,"- 30 000,00 ₸"
5,14.03.25,-45000.0,Перевод,Роза Б.,False,"- 45 000,00 ₸"
5,14.03.25,-3700.0,Перевод,Бакытбек К.,False,"- 3 700,00 ₸"
5,14.03.25,83000.0,Пополнение,С карты другого банка,False,"+ 83 000,00 ₸"
5,12.03.25,-15000.0,Перевод,Бакытбек К.,False,"- 15 000,00 ₸"
5,12.03.25,15000.0,Пополнение,Нарғыз С.,False,"+ 15 000,00 ₸"
5,11.03.25,-100000.0,Перевод,Бакытбек К.,False,"- 100 000,00 ₸"
5,11.03.25,100000.0,Пополнение,В терминале,False,"+ 100 000,00 ₸"
5,08.03.25,-700.0,Перевод,Назгуль И.,False,"- 700,00 ₸"
5,07.03.25,-5417.0,Перевод,Оплата Kaspi Кредита,False,"- 5 417,00 ₸"
5,07.03.25,-19500.0,Перевод,Бакытбек К.,False,"- 19 500,00 ₸"
5,07.03.25,25000.0,Пополнение,С карты другого банка,False,"+ 25 000,00 ₸"
5,05.03.25,-5583.18,Покупка,ОЭСК,False,"- 5 583,18 ₸"
5,05.03.25,4000.0,Пополнение,Еркин Б.,False,"+ 4 000,00 ₸"
5,04.03.25,-10000.0,Перевод,Бакытбек К.,False,"- 10 000,00 ₸"
5,04.03.25,3000.0,Пополнение,Гульзат О.,False,"+ 3 000,00 ₸"
5,04.03.25,1575.0,Пополнение,Жазира И.,False,"+ 1 575,00 ₸"
5,04.03.25,3920.0,Пополнение,Семейгуль К.,False,"+ 3 920,00 ₸"
5,04.03.25,3675.0,Пополнение,Маржан К.,False,"+ 3 675,00 ₸"
5,28.02.25,-23000.0,Перевод,Семейгуль К.,False,"- 23 000,00 ₸"
5,28.02.25,23200.0,Пополнение,С карты другого банка,False,"+ 23 200,00 ₸"
5,24.02.25,-400.0,Перевод,Руслан Р.,False,"- 400,00 ₸"
5,19.02.25,-730.0,Покупка,Магазин Сəтті,False,"- 730,00 ₸"
5,19.02.25,-2000.0,Перевод,Дамир Т.,False,"- 2 000,00 ₸"
5,19.02.25,2000.0,Пополнение,Жулдыз С.,False,"+ 2 000,00 ₸"
5,18.02.25,-2000.0,Перевод,Галия Е.,False,"- 2 000,00 ₸"
5,18.02.25,2000.0,Пополнение,Еркежан Ж.,False,"+ 2 000,00 ₸"
5,18.02.25,-15000.0,Перевод,Галия Е.,False,"- 15 000,00 ₸"
5,18.02.25,2000.0,Пополнение,Аманжол А.,False,"+ 2 000,00 ₸"
5,18.02.25,5000.0,Пополнение,Маржан К.,False,"+ 5 000,00 ₸"
5,18.02.25,2000.0,Пополнение,Саруез Ж.,False,"+ 2 000,00 ₸"
5,18.02.25,1000.0,Пополнение,Серик К.,False,"+ 1 000,00 ₸"
5,18.02.25,1000.0,Пополнение,Серик К.,False,"+ 1 000,00 ₸"
5,18.02.25,2000.0,Пополнение,Бауыржан Қ.,False,"+ 2 000,00 ₸"
5,18.02.25,2000.0,Пополнение,Гульжазира Т.,False,"+ 2 000,00 ₸"
5,18.02.25,-400.0,Перевод,Арда С.,False,"- 400,00 ₸"
5,14.02.25,-15000.0,Перевод,Семейгуль К.,False,"- 15 000,00 ₸"
5,12.02.25,5420.0,Пополнение,Бакытбек К.,False,"+ 5 420,00 ₸"
5,11.02.25,3675.0,Пополнение,Жазира И.,False,"+ 3 675,00 ₸"
5,10.02.25,4725.0,Пополнение,Маржан К.,False,"+ 4 725,00 ₸"
5,09.02.25,-300.0,Перевод,Динара К.,False,"- 300,00 ₸"
5,08.02.25,-2000.0,Перевод,Айнур М.,False,"- 2 000,00 ₸"
5,08.02.25,-41700.0,Перевод,Роза Р.,False,"- 41 700,00 ₸"
5,08.02.25,-3000.0,Перевод,Динара К.,False,"- 3 000,00 ₸"
5,08.02.25,42000.0,Пополнение,Динара К.,False,"+ 42 000,00 ₸"
5,07.02.25,-5417.0,Перевод,Оплата Kaspi Кредита,False,"- 5 417,00 ₸"
5,06.02.25,-10000.0,Перевод,Нуркия А.,False,"- 10 000,00 ₸"
5,06.02.25,-6323.0,Покупка,ОЭСК,False,"- 6 323,00 ₸"
6,06.02.25,27000.0,Пополнение,С карты другого банка,False,"+ 27 000,00 ₸"
6,06.02.25,-10000.0,Перевод,Бакытбек К.,False,"- 10 000,00 ₸"
6,06.02.25,10000.0,Пополнение,Маржан М.,False,"+ 10 000,00 ₸"
6,06.02.25,-170.0,Покупка,ИП Азим,False,"- 170,00 ₸"
6,06.02.25,-1000.0,Перевод,Тоғжан Ə.,False,"- 1 000,00 ₸"
6,04.02.25,-5000.0,Перевод,Роза Б.,False,"- 5 000,00 ₸"
6,04.02.25,-2860.0,Перевод,Ермек К.,False,"- 2 860,00 ₸"
6,04.02.25,10000.0,Пополнение,Əлібек М.,False,"+ 10 000,00 ₸"
6,03.02.25,-3472.0,Покупка,Magnum Cash&Carry,False,"- 3 472,00 ₸"
6,01.02.25,-5400.0,Перевод,Капура М.,False,"- 5 400,00 ₸"
6,30.01.25,10000.0,Пополнение,Бақтикамал З.,False,"+ 10 000,00 ₸"
6,29.01.25,-80000.0,Перевод,Жазира И.,False,"- 80 000,00 ₸"
6,29.01.25,80000.0,Пополнение,В терминале,False,"+ 80 000,00 ₸"
6,23.01.25,-170.0,Покупка,ИП Азим,False,"- 170,00 ₸"
6,22.01.25,350.0,Пополнение,Семейгуль К.,False,"+ 350,00 ₸"
6,14.01.25,-400.0,Покупка,"магазин ""Шынар""",False,"- 400,00 ₸"
6,08.01.25,-3000.0,Покупка,Activ,False,"- 3 000,00 ₸"
6,08.01.25,-9000.0,Покупка,Налоги для ИП,False,"- 9 000,00 ₸"
6,08.01.25,-20000.0,Перевод,Алмагүл Т.,False,"- 20 000,00 ₸"
6,06.01.25,-5417.0,Перевод,Оплата Kaspi Кредита,False,"- 5 417,00 ₸"
6,06.01.25,500.0,Пополнение,Жанерке О.,False,"+ 500,00 ₸"
6,03.01.25,1300.0,Пополнение,Кульзат К.,False,"+ 1 300,00 ₸"
6,03.01.25,9700.0,Пополнение,Кульзат К.,False,"+ 9 700,00 ₸"
6,03.01.25,-1300.0,Покупка,Tatti Moll,False,"- 1 300,00 ₸"
6,03.01.25,-9700.0,Перевод,Роза Р.,False,"- 9 700,00 ₸"
6,03.01.25,-1300.0,Покупка,Tatti Moll,False,"- 1 300,00 ₸"
6,03.01.25,10000.0,Пополнение,В терминале,False,"+ 10 000,00 ₸"
6,02.01.25,-2000.0,Перевод,Нуркия А.,False,"- 2 000,00 ₸"
6,31.12.24,-10000.0,Перевод,Əлібек М.,False,"- 10 000,00 ₸"
6,31.12.24,-2740.0,Покупка,Аптека Айшат,False,"- 2 740,00 ₸"
6,30.12.24,19000.0,Пополнение,Бакытбек К.,False,"+ 19 000,00 ₸"
6,28.12.24,-300.0,Перевод,Гулшат С.,False,"- 300,00 ₸"
6,28.12.24,-1000.0,Перевод,Гулшат С.,False,"- 1 000,00 ₸"
6,27.12.24,-57000.0,Перевод,Галия Ч.,False,"- 57 000,00 ₸"
6,27.12.24,57000.0,Пополнение,Бакытбек К.,False,"+ 57 000,00 ₸"
6,27.12.24,-2000.0,Перевод,Армангуль Н.,False,"- 2 000,00 ₸"
6,27.12.24,-4000.0,Перевод,Асемказы О.,False,"- 4 000,00 ₸"
6,26.12.24,-170.0,Покупка,ИП Азим,False,"- 170,00 ₸"
6,26.12.24,-550.0,Перевод,Бейбит И.,False,"- 550,00 ₸"
6,26.12.24,-2000.0,Покупка,Казына,False,"- 2 000,00 ₸"
6,26.12.24,3500.0,Пополнение,Аружан А.,False,"+ 3 500,00 ₸"
6,26.12.24,2500.0,Пополнение,Гульзат О.,False,"+ 2 500,00 ₸"
6,25.12.24,-720.0,Покупка,Магазин Сəтті,False,"- 720,00 ₸"
6,25.12.24,-10000.0,Перевод,Семейгуль К.,False,"- 10 000,00 ₸"
6,24.12.24,-170.0,Покупка,Сеземаг,False,"- 170,00 ₸"
6,24.12.24,-89000.0,Перевод,Семейгуль К.,False,"- 89 000,00 ₸"
6,24.12.24,89000.0,Пополнение,С карты другого банка,False,"+ 89 000,00 ₸"
7,24.12.24,6000.0,Пополнение,Балауса Т.,False,"+ 6 000,00 ₸"
7,24.12.24,-1000.0,Перевод,Арман Б.,False,"- 1 000,00 ₸"
7,23.12.24,-170.0,Покупка,Сеземаг,False,"- 170,00 ₸"
7,23.12.24,-10645.0,Перевод,Минура Қ.,False,"- 10 645,00 ₸"
7,23.12.24,10645.0,Пополнение,Зарплата,False,"+ 10 645,00 ₸"
7,23.12.24,350.0,Пополнение,Семейгуль К.,False,"+ 350,00 ₸"
7,23.12.24,-9000.0,Перевод,Семейгуль К.,False,"- 9 000,00 ₸"
7,23.12.24,9000.0,Пополнение,С карты другого банка,False,"+ 9 000,00 ₸"
7,23.12.24,100.0,Пополнение,Нургуль С.,False,"+ 100,00 ₸"
7,22.12.24,2000.0,Пополнение,Бакытбек К.,False,"+ 2 000,00 ₸"
7,22.12.24,-8000.0,Перевод,Бакытбек К.,False,"- 8 000,00 ₸"
7,22.12.24,40000.0,Пополнение,С карты другого банка,False,"+ 40 000,00 ₸"
7,21.12.24,-30000.0,Перевод,Ақбота А.,False,"- 30 000,00 ₸"
7,18.12.24,-1400.0,Покупка,Транстелеком ОФД,False,"- 1 400,00 ₸"
7,18.12.24,-10000.0,Покупка,Обязательные пенсионные взносы,False,"- 10 000,00 ₸"
7,18.12.24,-3150.0,Покупка,Cоциальные отчисления,False,"- 3 150,00 ₸"
7,18.12.24,-5950.0,Покупка,Взносы на обязательное соц.мед.страхование для ИП,False,"- 5 950,00 ₸"
7,17.12.24,6000.0,Пополнение,Сеелжан С.,False,"+ 6 000,00 ₸"
7,17.12.24,6000.0,Пополнение,Маржан К.,False,"+ 6 000,00 ₸"
7,17.12.24,1050.0,Пополнение,Маржан К.,False,"+ 1 050,00 ₸"
7,17.12.24,1400.0,Пополнение,Семейгуль К.,False,"+ 1 400,00 ₸"
7,17.12.24,3500.0,Пополнение,Семейгуль К.,False,"+ 3 500,00 ₸"
7,17.12.24,6000.0,Пополнение,Гульзат О.,False,"+ 6 000,00 ₸"
7,17.12.24,-4000.0,Перевод,Даулет Р.,False,"- 4 000,00 ₸"
7,16.12.24,-340.0,Покупка,Сеземаг,False,"- 340,00 ₸"
7,15.12.24,600.0,Пополнение,Гульнара Б.,False,"+ 600,00 ₸"
7,14.12.24,30000.0,Пополнение,Əлібек М.,False,"+ 30 000,00 ₸"
7,14.12.24,-49600.0,Перевод,Айдын Қ.,False,"- 49 600,00 ₸"
7,13.12.24,50000.0,Пополнение,Роза Б.,False,"+ 50 000,00 ₸"
7,13.12.24,-1000.0,Покупка,Аптека 15 ИП Амиренова И.М ул Кондюрина 3,False,"- 1 000,00 ₸"
7,13.12.24,-250.0,Покупка,Мустафин Асханасы,False,"- 250,00 ₸"
7,13.12.24,-12435.0,Перевод,Гульжазира Т.,False,"- 12 435,00 ₸"
7,12.12.24,120.0,Пополнение,Семейгуль К.,False,"+ 120,00 ₸"
7,12.12.24,6000.0,Пополнение,Айжан Ж.,False,"+ 6 000,00 ₸"
7,11.12.24,-150.0,Перевод,Кумархан С.,False,"- 150,00 ₸"
7,11.12.24,-1788.0,Покупка,Аптека 15+ ИП Амиренова И.М ул Кабанбай батыра,False,"- 1 788,00 ₸"
7,11.12.24,-120.0,Перевод,Семейгуль К.,False,"- 120,00 ₸"
7,11.12.24,-100000.0,Перевод,Семейгуль К.,False,"- 100 000,00 ₸"
7,11.12.24,100150.0,Пополнение,С карты другого банка,False,"+ 100 150,00 ₸"
7,09.12.24,6000.0,Пополнение,Плус Г.,False,"+ 6 000,00 ₸"
7,09.12.24,1000.0,Пополнение,Лимара С.,False,"+ 1 000,00 ₸"
7,07.12.24,-6200.0,Перевод,Гулшат С.,False,"- 6 200,00 ₸"
7,07.12.24,-544.0,Покупка,Magnum Cash&Carry,False,"- 544,00 ₸"
7,07.12.24,-1117.0,Покупка,Magnum Cash&Carry,False,"- 1 117,00 ₸"
7,07.12.24,-5417.0,Перевод,Оплата Kaspi Кредита,False,"- 5 417,00 ₸"
7,06.12.24,-3000.0,Покупка,Activ,False,"- 3 000,00 ₸"
8,06.12.24,-300.0,Покупка,Аптека Тохтарова,False,"- 300,00 ₸"
8,06.12.24,-16500.0,Перевод,Нургуль К.,False,"- 16 500,00 ₸"
8,06.12.24,3500.0,Пополнение,Еркежан Ə.,False,"+ 3 500,00 ₸"
8,05.12.24,3325.0,Пополнение,Жазира И.,False,"+ 3 325,00 ₸"
8,05.12.24,-1000.0,Перевод,Айнур И.,False,"- 1 000,00 ₸"
8,05.12.24,7000.0,Пополнение,Айнур И.,False,"+ 7 000,00 ₸"
8,04.12.24,3500.0,Пополнение,Жулдыз С.,False,"+ 3 500,00 ₸"
8,03.12.24,3500.0,Пополнение,Сайра Т.,False,"+ 3 500,00 ₸"
8,03.12.24,-9500.0,Перевод,Асемказы О.,False,"- 9 500,00 ₸"
8,03.12.24,2000.0,Пополнение,Маржан К.,False,"+ 2 000,00 ₸"
8,03.12.24,6000.0,Пополнение,Ерік Н.,False,"+ 6 000,00 ₸"
8,03.12.24,3500.0,Пополнение,Серик К.,False,"+ 3 500,00 ₸"
8,02.12.24,-5800.0,Перевод,Бакытбек К.,False,"- 5 800,00 ₸"
8,02.12.24,1400.0,Пополнение,Семейгуль К.,False,"+ 1 400,00 ₸"
8,02.12.24,-85000.0,Перевод,Семейгуль К.,False,"- 85 000,00 ₸"
8,02.12.24,85150.0,Пополнение,С карты другого банка,False,"+ 85 150,00 ₸"
8,02.12.24,6000.0,Пополнение,Айсара А.,False,"+ 6 000,00 ₸"
8,02.12.24,6000.0,Пополнение,Талант А.,False,"+ 6 000,00 ₸"
8,01.12.24,-170.0,Покупка,Сеземаг,False,"- 170,00 ₸"
8,30.11.24,-1400.0,Покупка,Транстелеком ОФД,False,"- 1 400,00 ₸"
8,30.11.24,-5950.0,Покупка,Взносы на обязательное соц.мед.страхование для ИП,False,"- 5 950,00 ₸"
8,30.11.24,-3150.0,Покупка,Cоциальные отчисления,False,"- 3 150,00 ₸"
8,30.11.24,-10000.0,Покупка,Обязательные пенсионные взносы,False,"- 10 000,00 ₸"
8,30.11.24,-500.0,Перевод,Мұратбек Ы.,False,"- 500,00 ₸"
8,30.11.24,-171570.0,Перевод,Дидар Ш.,False,"- 171 570,00 ₸"
8,29.11.24,180000.0,Пополнение,Роза Б.,False,"+ 180 000,00 ₸"
8,28.11.24,-510.0,Покупка,Магазин Сəтті,False,"- 510,00 ₸"
8,28.11.24,-360.0,Покупка,Магазин Сəтті,False,"- 360,00 ₸"
8,28.11.24,-5000.0,Перевод,Гулжанат Т.,False,"- 5 000,00 ₸"
8,28.11.24,-10000.0,Перевод,Гулжанат Т.,False,"- 10 000,00 ₸"
8,27.11.24,-10000.0,Перевод,Жулдыз И.,False,"- 10 000,00 ₸"
8,26.11.24,40000.0,Пополнение,Гульзат О.,False,"+ 40 000,00 ₸"
8,25.11.24,-26190.0,Перевод,Минура Қ.,False,"- 26 190,00 ₸"
8,25.11.24,26190.0,Пополнение,Зарплата,False,"+ 26 190,00 ₸"
8,23.11.24,-4800.0,Перевод,Роза Р.,False,"- 4 800,00 ₸"
8,23.11.24,4800.0,Пополнение,Кульзат К.,False,"+ 4 800,00 ₸"
8,22.11.24,-5390.0,Покупка,Producti_zaisan,False,"- 5 390,00 ₸"
8,22.11.24,-7580.0,Перевод,Капура М.,False,"- 7 580,00 ₸"
8,22.11.24,-1000.0,Перевод,Жанел Ж.,False,"- 1 000,00 ₸"
8,22.11.24,-1500.0,Перевод,Гульжанат К.,False,"- 1 500,00 ₸"
8,21.11.24,20000.0,Пополнение,Жазира И.,False,"+ 20 000,00 ₸"
8,21.11.24,-7000.0,Перевод,Ұлпан С.,False,"- 7 000,00 ₸"
8,20.11.24,-2000.0,Перевод,Айым А.,False,"- 2 000,00 ₸"
8,20.11.24,-380.0,Покупка,Аптека Тохтарова,False,"- 380,00 ₸"
8,19.11.24,-170.0,Покупка,Магазин Сəтті,False,"- 170,00 ₸"
8,17.11.24,-1400.0,Перевод,Нұргүл М.,False,"- 1 400,00 ₸"
8,16.11.24,-60000.0,Снятие,Банкомат SALEM TD,False,"- 60 000,00 ₸"
9,16.11.24,-100000.0,Перевод,Анаргул Ж.,False,"- 100 000,00 ₸"
9,16.11.24,-125000.0,Перевод,Алмагуль С.,False,"- 125 000,00 ₸"
9,16.11.24,-20000.0,Перевод,Гулжан Ж.,False,"- 20 000,00 ₸"
9,14.11.24,-110000.0,Перевод,Гульнара Б.,False,"- 110 000,00 ₸"
9,12.11.24,-60000.0,Перевод,Алия С.,False,"- 60 000,00 ₸"
9,11.11.24,-2000.0,Перевод,Нарғыз С.,False,"- 2 000,00 ₸"
9,11.11.24,-40000.0,Перевод,Гульзат О.,False,"- 40 000,00 ₸"
9,10.11.24,-1995.0,Разное,Оплата за годовое обслуживание,False,"- 1 995,00 ₸"
9,08.11.24,-25000.0,Перевод,Асқар Қ.,False,"- 25 000,00 ₸"
9,08.11.24,-13000.0,Перевод,Нұржан Б.,False,"- 13 000,00 ₸"
9,08.11.24,-340.0,Покупка,Магазин Нуржан,False,"- 340,00 ₸"
9,08.11.24,-4800.0,Перевод,Нұржан Б.,False,"- 4 800,00 ₸"
9,08.11.24,-260.0,Покупка,Sulpak,False,"- 260,00 ₸"
9,05.11.24,560000.0,Пополнение,Бакытбек К.,False,"+ 560 000,00 ₸"
9,05.11.24,-2000.0,Перевод,Жанерке О.,False,"- 2 000,00 ₸"
9,04.11.24,-570.0,Покупка,Магазин Сəтті,False,"- 570,00 ₸"
9,04.11.24,-860.0,Покупка,Магазин Сəтті,False,"- 860,00 ₸"
9,04.11.24,13000.0,Пополнение,Роза Б.,False,"+ 13 000,00 ₸"
9,04.11.24,-3500.0,Перевод,Нұргүл М.,False,"- 3 500,00 ₸"
9,04.11.24,-13000.0,Перевод,Роза Б.,False,"- 13 000,00 ₸"
9,03.11.24,1300.0,Пополнение,Балауса Т.,False,"+ 1 300,00 ₸"
9,03.11.24,-90.0,Покупка,OSKEMENCARD. Оплата проезда по Kaspi QR,False,"- 90,00 ₸"
9,02.11.24,650.0,Пополнение,Жанар Е.,False,"+ 650,00 ₸"
9,02.11.24,-1000.0,Покупка,Activ,False,"- 1 000,00 ₸"
9,02.11.24,-979.0,Покупка,Magnum Cash&Carry,False,"- 979,00 ₸"
9,31.10.24,-10000.0,Перевод,Бакытбек К.,False,"- 10 000,00 ₸"
9,30.10.24,-1400.0,Покупка,Транстелеком ОФД,False,"- 1 400,00 ₸"
9,30.10.24,-10000.0,Покупка,Обязательные пенсионные взносы,False,"- 10 000,00 ₸"
9,30.10.24,-3150.0,Покупка,Cоциальные отчисления,False,"- 3 150,00 ₸"
9,30.10.24,-5950.0,Покупка,Взносы на обязательное соц.мед.страхование для ИП,False,"- 5 950,00 ₸"
9,30.10.24,-4600.0,Покупка,Activ,False,"- 4 600,00 ₸"
9,30.10.24,-5000.0,Перевод,Бакытбек К.,False,"- 5 000,00 ₸"
9,28.10.24,60000.0,Пополнение,Жазира И.,False,"+ 60 000,00 ₸"
9,28.10.24,-14000.0,Перевод,Бакытбек К.,False,"- 14 000,00 ₸"
9,28.10.24,6000.0,Пополнение,Жазира И.,False,"+ 6 000,00 ₸"
9,27.10.24,-60000.0,Перевод,Жазира И.,False,"- 60 000,00 ₸"
9,24.10.24,-160.0,Покупка,Магазин Сəтті,False,"- 160,00 ₸"
9,24.10.24,-170.0,Покупка,Nagashi,False,"- 170,00 ₸"
9,23.10.24,-180.0,Покупка,Магазин Сəтті,False,"- 180,00 ₸"
9,23.10.24,-177108.0,Перевод,Минура Қ.,False,"- 177 108,00 ₸"
9,23.10.24,100000.0,Пополнение,Зарплата,False,"+ 100 000,00 ₸"
9,23.10.24,77108.0,Пополнение,Зарплата,False,"+ 77 108,00 ₸"
9,21.10.24,-17376.0,Перевод,Гулшат К.,False,"- 17 376,00 ₸"
9,21.10.24,-25000.0,Перевод,Бахтикамал К.,False,"- 25 000,00 ₸"
9,21.10.24,-25000.0,Перевод,Гулжанат Т.,False,"- 25 000,00 ₸"
9,21.10.24,200.0,Пополнение,Мактагуль К.,False,"+ 200,00 ₸"
9,21.10.24,88500.0,Пополнение,В терминале,False,"+ 88 500,00 ₸"
10,21.10.24,8500.0,Пополнение,Гульзат О.,False,"+ 8 500,00 ₸"
10,20.10.24,-500.0,Перевод,Гульзат О.,False,"- 500,00 ₸"
10,20.10.24,20000.0,Пополнение,Бакытбек К.,False,"+ 20 000,00 ₸"
10,17.10.24,-700.0,Перевод,Роза Р.,False,"- 700,00 ₸"
10,17.10.24,-12500.0,Перевод,Бакытбек К.,False,"- 12 500,00 ₸"
10,17.10.24,-3600.0,Перевод,Акылбек К.,False,"- 3 600,00 ₸"
10,17.10.24,-3165.0,Перевод,Кулянхан Ч.,False,"- 3 165,00 ₸"
10,17.10.24,-500.0,Перевод,Замира Ж.,False,"- 500,00 ₸"
10,16.10.24,-2780.0,Покупка,Магазин Сəтті,False,"- 2 780,00 ₸"
10,15.10.24,-1900.0,Покупка,Activ,False,"- 1 900,00 ₸"
10,15.10.24,-180.0,Покупка,Магазин Сəтті,False,"- 180,00 ₸"
10,15.10.24,10000.0,Пополнение,В Kaspi Банкомате,False,"+ 10 000,00 ₸"
10,15.10.24,-5860.0,Покупка,"ИП ""Сиырбаев А С""",False,"- 5 860,00 ₸"
10,15.10.24,-600.0,Покупка,"ИП ""Сиырбаев А С""",False,"- 600,00 ₸"
10,15.10.24,-1000.0,Перевод,Алия С.,False,"- 1 000,00 ₸"
10,15.10.24,10000.0,Пополнение,Сагатбек С.,False,"+ 10 000,00 ₸"
10,14.10.24,-10000.0,Перевод,Зульфия Б.,False,"- 10 000,00 ₸"
10,14.10.24,750.0,Пополнение,Алмагуль Ж.,False,"+ 750,00 ₸"
10,14.10.24,10000.0,Пополнение,Бақдəулет Т.,False,"+ 10 000,00 ₸"
10,14.10.24,-45600.0,Перевод,Роза Р.,False,"- 45 600,00 ₸"
10,14.10.24,10000.0,Пополнение,Шынар О.,False,"+ 10 000,00 ₸"
10,14.10.24,900.0,Пополнение,Гульнара Б.,False,"+ 900,00 ₸"
10,14.10.24,800.0,Пополнение,Айсара А.,False,"+ 800,00 ₸"
10,14.10.24,-998.0,Покупка,Еламан,False,"- 998,00 ₸"
10,13.10.24,-61045.0,Перевод,Сакен З.,False,"- 61 045,00 ₸"
10,13.10.24,15061.0,Пополнение,Гульзат О.,False,"+ 15 061,00 ₸"
10,13.10.24,8875.0,Пополнение,Жазира И.,False,"+ 8 875,00 ₸"
10,13.10.24,1000.0,Пополнение,Гулзайра К.,False,"+ 1 000,00 ₸"
10,12.10.24,-3500.0,Перевод,Нуркия А.,False,"- 3 500,00 ₸"
10,12.10.24,-610.0,Покупка,РАХАТ,False,"- 610,00 ₸"
10,12.10.24,-370.0,Покупка,мн Санжар,False,"- 370,00 ₸"
10,12.10.24,340.0,Пополнение,Кульзат К.,False,"+ 340,00 ₸"
10,12.10.24,-31000.0,Перевод,Капура М.,False,"- 31 000,00 ₸"
10,12.10.24,-2500.0,Перевод,Семейгуль К.,False,"- 2 500,00 ₸"
10,12.10.24,-5000.0,Перевод,Айшолпан Ш.,False,"- 5 000,00 ₸"
10,12.10.24,-5600.0,Перевод,Гульшат М.,False,"- 5 600,00 ₸"
10,12.10.24,-5500.0,Перевод,Айнур М.,False,"- 5 500,00 ₸"
10,12.10.24,-15000.0,Перевод,Алия С.,False,"- 15 000,00 ₸"
10,12.10.24,95000.0,Пополнение,С карты другого банка,False,"+ 95 000,00 ₸"
10,10.10.24,-550.0,Перевод,Аскар Ч.,False,"- 550,00 ₸"
10,09.10.24,-427.5,Разное,Комиссия за перевод на карту др. банка,False,"- 427,50 ₸"
10,09.10.24,-45000.0,Перевод,На карту Halyk Bank*1161,False,"- 45 000,00 ₸"
10,09.10.24,-5030.0,Покупка,Аптека Айшат,False,"- 5 030,00 ₸"
10,09.10.24,-340.0,Покупка,Магазин Сəтті,False,"- 340,00 ₸"
10,08.10.24,-34500.0,Перевод,Гульнар М.,False,"- 34 500,00 ₸"
10,08.10.24,-1200.0,Перевод,Жанерке О.,False,"- 1 200,00 ₸"
10,06.10.24,-340.0,Покупка,Nagashi,False,"- 340,00 ₸"
11,06.10.24,-78500.0,Перевод,Роза Р.,False,"- 78 500,00 ₸"
11,05.10.24,-7390.0,Покупка,Хоз.товарыЗайсан,False,"- 7 390,00 ₸"
11,05.10.24,-36481.0,Покупка,Producti_zaisan,False,"- 36 481,00 ₸"
11,05.10.24,150000.0,Пополнение,Айнур М.,False,"+ 150 000,00 ₸"
11,05.10.24,-5580.0,Покупка,ИП АЙТБАЕВА КАМИЛА,False,"- 5 580,00 ₸"
11,05.10.24,-11750.0,Перевод,Капура М.,False,"- 11 750,00 ₸"
11,05.10.24,-8040.0,Покупка,"ИП ""Сиырбаев А С""",False,"- 8 040,00 ₸"
11,05.10.24,-23492.0,Покупка,Салем,False,"- 23 492,00 ₸"
11,05.10.24,-116090.0,Перевод,Олиха С.,False,"- 116 090,00 ₸"
11,05.10.24,-93500.0,Покупка,"ИП ""Сиырбаев А С""",False,"- 93 500,00 ₸"
11,05.10.24,-27000.0,Перевод,Дидар Р.,False,"- 27 000,00 ₸"
11,04.10.24,150000.0,Пополнение,Гулжанат Т.,False,"+ 150 000,00 ₸"
11,04.10.24,100000.0,Пополнение,Гулшат К.,False,"+ 100 000,00 ₸"
11,03.10.24,-1350.0,Покупка,Магазин Сəтті,False,"- 1 350,00 ₸"
11,02.10.24,-360.0,Покупка,Магазин Сəтті,False,"- 360,00 ₸"
11,02.10.24,-150.0,Перевод,Альбек К.,False,"- 150,00 ₸"
11,02.10.24,-3500.0,Перевод,Нұргүл М.,False,"- 3 500,00 ₸"
11,02.10.24,-2000.0,Перевод,Гульжанат К.,False,"- 2 000,00 ₸"
11,02.10.24,100.0,Пополнение,Ажар Қ.,False,"+ 100,00 ₸"
11,01.10.24,-360.0,Покупка,Магазин Сəтті,False,"- 360,00 ₸"
11,01.10.24,-3000.0,Перевод,Айым А.,False,"- 3 000,00 ₸"
11,30.09.24,-170.0,Покупка,Магазин Сəтті,False,"- 170,00 ₸"
11,29.09.24,-2120.0,Покупка,Магазин Сəтті,False,"- 2 120,00 ₸"
11,27.09.24,-5000.0,Перевод,Жанерке О.,False,"- 5 000,00 ₸"
11,27.09.24,-100000.0,Перевод,Минура Қ.,False,"- 100 000,00 ₸"
11,27.09.24,150000.0,Пополнение,Бахтикамал К.,False,"+ 150 000,00 ₸"
11,27.09.24,100000.0,Пополнение,Зарплата,False,"+ 100 000,00 ₸"
11,26.09.24,-10000.0,Перевод,Ислам З.,False,"- 10 000,00 ₸"
11,26.09.24,-1400.0,Покупка,Транстелеком ОФД,False,"- 1 400,00 ₸"
11,26.09.24,-5950.0,Покупка,Взносы на обязательное соц.мед.страхование для ИП,False,"- 5 950,00 ₸"
11,26.09.24,-3150.0,Покупка,Cоциальные отчисления,False,"- 3 150,00 ₸"
11,26.09.24,-10000.0,Покупка,Обязательные пенсионные взносы,False,"- 10 000,00 ₸"
11,26.09.24,-360.0,Перевод,Айдарбек Ə.,False,"- 360,00 ₸"
11,25.09.24,70000.0,Пополнение,Сагдат С.,False,"+ 70 000,00 ₸"
11,23.09.24,-340.0,Покупка,Nagashi,False,"- 340,00 ₸"
11,22.09.24,700.0,Пополнение,Байказан Б.,False,"+ 700,00 ₸"
11,21.09.24,-1000.0,Перевод,Бакытбек К.,False,"- 1 000,00 ₸"
11,21.09.24,1000.0,Пополнение,Жазира И.,False,"+ 1 000,00 ₸"
11,20.09.24,-480000.0,Перевод,Жазира И.,False,"- 480 000,00 ₸"
11,20.09.24,480000.0,Пополнение,В терминале,False,"+ 480 000,00 ₸"
11,16.09.24,-640.0,Перевод,Сейтбек Б.,False,"- 640,00 ₸"
11,16.09.24,-600.0,Покупка,Ип Сейлжанова,False,"- 600,00 ₸"
11,16.09.24,-300.0,Перевод,Риза К.,False,"- 300,00 ₸"
11,14.09.24,-990.0,Покупка,Сеземаг,False,"- 990,00 ₸"
11,14.09.24,700.0,Пополнение,Байказан Б.,False,"+ 700,00 ₸"
11,12.09.24,-1000.0,Перевод,Гульзат О.,False,"- 1 000,00 ₸"
11,12.09.24,3000.0,Пополнение,Бакытбек К.,False,"+ 3 000,00 ₸"
12,11.09.24,-10000.0,Перевод,Бағдат И.,False,"- 10 000,00 ₸"
12,09.09.24,-360.0,Покупка,Магазин Сəтті,False,"- 360,00 ₸"
12,09.09.24,-3000.0,Покупка,Activ,False,"- 3 000,00 ₸"
12,08.09.24,700.0,Пополнение,Байказан Б.,False,"+ 700,00 ₸"
12,06.09.24,-2650.0,Перевод,Роза Р.,False,"- 2 650,00 ₸"
12,06.09.24,-1170.0,Перевод,Ризабек Ч.,False,"- 1 170,00 ₸"
12,06.09.24,-1800.0,Перевод,Капура М.,False,"- 1 800,00 ₸"
12,06.09.24,-100.0,Перевод,Бактигул Т.,False,"- 100,00 ₸"
12,06.09.24,-4500.0,Перевод,Галия Б.,False,"- 4 500,00 ₸"
12,06.09.24,-20000.0,Перевод,Гулшат С.,False,"- 20 000,00 ₸"
12,06.09.24,20000.0,Пополнение,Людмила К.,False,"+ 20 000,00 ₸"
12,06.09.24,20000.0,Пополнение,Семейгуль К.,False,"+ 20 000,00 ₸"
12,05.09.24,-360.0,Покупка,Магазин Сəтті,False,"- 360,00 ₸"
12,05.09.24,-500.0,Перевод,Гульзат О.,False,"- 500,00 ₸"
12,05.09.24,-240.0,Перевод,Жазира У.,False,"- 240,00 ₸"
12,04.09.24,-170.0,Покупка,Сеземаг,False,"- 170,00 ₸"
12,03.09.24,-1140.0,Покупка,Магазин Сəтті,False,"- 1 140,00 ₸"
12,03.09.24,350.0,Пополнение,Жанерке О.,False,"+ 350,00 ₸"
12,03.09.24,-2110.0,Перевод,Файзулла К.,False,"- 2 110,00 ₸"
12,02.09.24,2000.0,Пополнение,Армангуль Н.,False,"+ 2 000,00 ₸"
12,01.09.24,-220.0,Покупка,Магазин Сəтті,False,"- 220,00 ₸"
12,01.09.24,-500.0,Перевод,Оксана К.,False,"- 500,00 ₸"
12,01.09.24,700.0,Пополнение,Гульнара Б.,False,"+ 700,00 ₸"
12,31.08.24,-10000.0,Перевод,Бакытбек К.,False,"- 10 000,00 ₸"
12,31.08.24,10000.0,Пополнение,Айгуль К.,False,"+ 10 000,00 ₸"
12,31.08.24,1000.0,Пополнение,Гулзайра К.,False,"+ 1 000,00 ₸"
12,31.08.24,-1400.0,Покупка,Транстелеком ОФД,False,"- 1 400,00 ₸"
12,31.08.24,-10000.0,Покупка,Обязательные пенсионные взносы,False,"- 10 000,00 ₸"
12,31.08.24,-3150.0,Покупка,Cоциальные отчисления,False,"- 3 150,00 ₸"
12,31.08.24,-5950.0,Покупка,Взносы на обязательное соц.мед.страхование для ИП,False,"- 5 950,00 ₸"
12,31.08.24,700.0,Пополнение,Байказан Б.,False,"+ 700,00 ₸"
12,30.08.24,4000.0,Пополнение,Салтанат К.,False,"+ 4 000,00 ₸"
12,30.08.24,6000.0,Пополнение,Еркежан С.,False,"+ 6 000,00 ₸"
12,29.08.24,-6000.0,Перевод,Əлібек М.,False,"- 6 000,00 ₸"
12,29.08.24,19000.0,Пополнение,С карты другого банка,False,"+ 19 000,00 ₸"
12,29.08.24,525.0,Пополнение,Гульнара Б.,False,"+ 525,00 ₸"
12,27.08.24,-1830.0,Покупка,Магазин Сəтті,False,"- 1 830,00 ₸"
12,27.08.24,700.0,Пополнение,Жулдуз А.,False,"+ 700,00 ₸"
12,24.08.24,1435.0,Пополнение,Салтанат К.,False,"+ 1 435,00 ₸"
12,24.08.24,-6500.0,Перевод,Бакытбек К.,False,"- 6 500,00 ₸"
12,24.08.24,6500.0,Пополнение,Сайра Б.,False,"+ 6 500,00 ₸"
12,21.08.24,-100000.0,Перевод,Минура Қ.,False,"- 100 000,00 ₸"
12,20.08.24,-360.0,Покупка,Магазин Сəтті,False,"- 360,00 ₸"
12,20.08.24,100000.0,Пополнение,Зарплата,False,"+ 100 000,00 ₸"
12,19.08.24,-170.0,Покупка,Сеземаг,False,"- 170,00 ₸"
12,18.08.24,-170.0,Перевод,Мақпал С.,False,"- 170,00 ₸"
12,17.08.24,-170.0,Покупка,Сеземаг,False,"- 170,00 ₸"
13,15.08.24,-170.0,Покупка,Сеземаг,False,"- 170,00 ₸"
13,13.08.24,-360.0,Покупка,Магазин Сəтті,False,"- 360,00 ₸"
13,13.08.24,400.0,Пополнение,Жазира И.,False,"+ 400,00 ₸"
13,12.08.24,-180.0,Покупка,Магазин Сəтті,False,"- 180,00 ₸"
13,12.08.24,1200.0,Пополнение,С карты другого банка,False,"+ 1 200,00 ₸"
13,10.08.24,-170.0,Покупка,Сеземаг,False,"- 170,00 ₸"
13,09.08.24,-4000.0,Перевод,Сайра Б.,False,"- 4 000,00 ₸"
13,09.08.24,-70000.0,Перевод,Айгуль К.,False,"- 70 000,00 ₸"
13,09.08.24,70000.0,Пополнение,Бакытбек К.,False,"+ 70 000,00 ₸"
13,08.08.24,-170.0,Покупка,Сеземаг,False,"- 170,00 ₸"
13,07.08.24,-740.0,Покупка,Магазин Сəтті,False,"- 740,00 ₸"
13,07.08.24,2000.0,Пополнение,Гульнара Б.,False,"+ 2 000,00 ₸"
13,06.08.24,-1010.0,Покупка,Магазин Сəтті,False,"- 1 010,00 ₸"
13,06.08.24,3000.0,Пополнение,Маржан К.,False,"+ 3 000,00 ₸"
13,06.08.24,-125500.0,Перевод,Бакытбек К.,False,"- 125 500,00 ₸"
13,05.08.24,125500.0,Пополнение,С карты другого банка,False,"+ 125 500,00 ₸"
13,04.08.24,-5000.0,Перевод,Жазира И.,False,"- 5 000,00 ₸"
13,04.08.24,5000.0,Пополнение,Сайра Б.,False,"+ 5 000,00 ₸"
13,03.08.24,-30000.0,Перевод,Аймен С.,False,"- 30 000,00 ₸"
13,03.08.24,-16000.0,Покупка,Trendy_zaysan,False,"- 16 000,00 ₸"
13,03.08.24,-4000.0,Покупка,Салем,False,"- 4 000,00 ₸"
13,03.08.24,-5000.0,Покупка,Салем,False,"- 5 000,00 ₸"
13,03.08.24,-10000.0,Перевод,Эльвира Т.,False,"- 10 000,00 ₸"
13,03.08.24,-4000.0,Покупка,Товары для дома,False,"- 4 000,00 ₸"
13,03.08.24,70000.0,Пополнение,Айгуль К.,False,"+ 70 000,00 ₸"
13,01.08.24,-5000.0,Покупка,Activ,False,"- 5 000,00 ₸"
13,01.08.24,5000.0,Пополнение,Жазира И.,False,"+ 5 000,00 ₸"
