﻿page,date,amount,operation,details,clock_icon,amount_text
0,22.09.25,200000.0,Пополнение,В Kaspi Банкомате,False,"+ 200 000,00 ₸"
0,19.09.25,-40000.0,Покупка,Рандеву,False,"- 40 000,00 ₸"
0,18.09.25,-4805.0,Покупка,Magnum Cash&Carry,False,"- 4 805,00 ₸"
0,18.09.25,-1000.0,Покупка,Талғар Медресе құрылысы,False,"- 1 000,00 ₸"
0,17.09.25,-130000.0,Перевод,На Kaspi Депозит,False,"- 130 000,00 ₸"
0,17.09.25,175000.0,Пополнение,Аида Ə.,False,"+ 175 000,00 ₸"
0,16.09.25,-30800.0,Перевод,Кенжекей Н.,False,"- 30 800,00 ₸"
0,16.09.25,-23770.0,Покупка,ТОО Kaspi Travel,False,"- 23 770,00 ₸"
0,16.09.25,-19958.0,Покупка,ТОО Kaspi Travel,False,"- 19 958,00 ₸"
0,13.09.25,-500.0,Покупка,Талғар Медресе құрылысы,False,"- 500,00 ₸"
0,12.09.25,74000.0,Пополнение,В Kaspi Терминале,False,"+ 74 000,00 ₸"
0,12.09.25,-1135.0,Покупка,SMALL,False,"- 1 135,00 ₸"
0,11.09.25,-5355.0,Покупка,SMALL,False,"- 5 355,00 ₸"
0,11.09.25,-500.0,Перевод,Маншук А.,False,"- 500,00 ₸"
0,09.09.25,-78000.0,Покупка,Отбасы банк. Погашение кредита,False,"- 78 000,00 ₸"
0,09.09.25,30000.0,Пополнение,С Kaspi Депозита,False,"+ 30 000,00 ₸"
0,08.09.25,-300000.0,Перевод,На Kaspi Депозит,False,"- 300 000,00 ₸"
0,08.09.25,100000.0,Пополнение,Ақбота Ж.,False,"+ 100 000,00 ₸"
0,08.09.25,-4000.0,Перевод,Нагашбек О.,False,"- 4 000,00 ₸"
0,08.09.25,-2250.0,Перевод,Əділхан М.,False,"- 2 250,00 ₸"
0,07.09.25,220000.0,Пополнение,Дарига Ж.,False,"+ 220 000,00 ₸"
1,06.09.25,-182000.0,Перевод,На Kaspi Депозит,False,"- 182 000,00 ₸"
1,06.09.25,-29454.5,Покупка,АЛСЕКО - квитанции за квартиру,False,"- 29 454,50 ₸"
1,06.09.25,-30000.0,Перевод,Ақбота Ж.,False,"- 30 000,00 ₸"
1,06.09.25,180000.0,Пополнение,Ақбота Ж.,False,"+ 180 000,00 ₸"
1,05.09.25,-1000.0,Покупка,Талғар Медресе құрылысы,False,"- 1 000,00 ₸"
1,05.09.25,-1000.0,Покупка,Nur-Mubarak qory,False,"- 1 000,00 ₸"
1,05.09.25,-6229.0,Покупка,SMALL,False,"- 6 229,00 ₸"
1,05.09.25,-149.0,Разное,Комиссия за перевод на карту др. банка,False,"- 149,00 ₸"
1,05.09.25,-15000.0,Перевод,На карту Halyk Bank*4822,False,"- 15 000,00 ₸"
1,05.09.25,34380.0,Покупка,ТОО Kaspi Travel,False,"+ 34 380,00 ₸"
1,05.09.25,-500.0,Перевод,Мəдина Ш.,False,"- 500,00 ₸"
1,04.09.25,-10890.0,Покупка,Harissa,False,"- 10 890,00 ₸"
1,03.09.25,-1200.0,Покупка,ИП Кадирова,False,"- 1 200,00 ₸"
1,03.09.25,-480.0,Перевод,Акмарал А.,False,"- 480,00 ₸"
1,03.09.25,-10000.0,Перевод,Нурлан Ж.,False,"- 10 000,00 ₸"
1,03.09.25,-10400.0,Покупка,ИП Киндратив,False,"- 10 400,00 ₸"
1,02.09.25,-2100.0,Покупка,Magnum Cash&Carry,False,"- 2 100,00 ₸"
1,02.09.25,-22500.0,Покупка,ИП Киндратив,False,"- 22 500,00 ₸"
1,02.09.25,-250.0,Покупка,IP AKZHOL,False,"- 250,00 ₸"
1,01.09.25,-375.0,Перевод,Ракыш А.,False,"- 375,00 ₸"
1,01.09.25,-2877.0,Покупка,Magnum Cash&Carry,False,"- 2 877,00 ₸"
1,31.08.25,-300.0,Покупка,Activ,False,"- 300,00 ₸"
1,31.08.25,-11.3,Покупка,Долги по налогам,False,"- 11,30 ₸"
1,31.08.25,-300.0,Покупка,Beeline,False,"- 300,00 ₸"
1,31.08.25,-1228.0,Покупка,SMALL,False,"- 1 228,00 ₸"
1,31.08.25,-1580.0,Покупка,Аптека со склада,False,"- 1 580,00 ₸"
1,31.08.25,-50000.0,Перевод,Ақбота Ж.,False,"- 50 000,00 ₸"
1,29.08.25,-1000.0,Перевод,Nuri Н.,False,"- 1 000,00 ₸"
1,29.08.25,200724.0,Пополнение,Зарплата,False,"+ 200 724,00 ₸"
1,28.08.25,-9372.0,Покупка,SMALL,False,"- 9 372,00 ₸"
1,27.08.25,-280000.0,Перевод,На Kaspi Депозит,False,"- 280 000,00 ₸"
1,27.08.25,-10000.0,Покупка,Долги по налогам,False,"- 10 000,00 ₸"
1,26.08.25,-39680.0,Покупка,ТОО Kaspi Travel,False,"- 39 680,00 ₸"
1,26.08.25,300000.0,Пополнение,"по номеру счета АО ""Банк ЦентрКредит""",False,"+ 300 000,00 ₸"
1,26.08.25,-253000.0,Покупка,Отбасы банк. Погашение кредита,False,"- 253 000,00 ₸"
1,26.08.25,300000.0,Пополнение,С Kaspi Депозита,False,"+ 300 000,00 ₸"
1,25.08.25,-20000.0,Перевод,Ақбота Ж.,False,"- 20 000,00 ₸"
1,25.08.25,-300.0,Покупка,Beeline,False,"- 300,00 ₸"
1,24.08.25,-136000.0,Покупка,Отбасы банк. Погашение кредита,False,"- 136 000,00 ₸"
1,24.08.25,-29.46,Покупка,Долги по налогам,False,"- 29,46 ₸"
1,24.08.25,-58565.0,Перевод,Оплата Kaspi Кредита,False,"- 58 565,00 ₸"
1,24.08.25,185000.0,Пополнение,В Kaspi Банкомате,False,"+ 185 000,00 ₸"
1,24.08.25,-7963.0,Покупка,SMALL,False,"- 7 963,00 ₸"
1,22.08.25,-1000.0,Покупка,Талғар Медресе құрылысы,False,"- 1 000,00 ₸"
1,22.08.25,-500.0,Покупка,5 парыз Ислам орталығы,False,"- 500,00 ₸"
1,19.08.25,-5897.0,Покупка,SMALL,False,"- 5 897,00 ₸"
1,18.08.25,-200000.0,Перевод,На Kaspi Депозит,False,"- 200 000,00 ₸"
2,18.08.25,-12729.87,Покупка,АЛСЕКО - квитанции за квартиру,False,"- 12 729,87 ₸"
2,18.08.25,-500.0,Перевод,Ақжарқын Д.,False,"- 500,00 ₸"
2,18.08.25,-6028.0,Покупка,Ресторан Fahar,False,"- 6 028,00 ₸"
2,18.08.25,-20000.0,Покупка,Almaty Vision,False,"- 20 000,00 ₸"
2,18.08.25,-500.0,Покупка,Jannatul Rayan Qogamdiq Qori,False,"- 500,00 ₸"
2,17.08.25,173000.0,Пополнение,Аида Ə.,False,"+ 173 000,00 ₸"
2,16.08.25,-150000.0,Перевод,На Kaspi Депозит,False,"- 150 000,00 ₸"
2,15.08.25,54184.0,Покупка,ТОО Kaspi Travel,False,"+ 54 184,00 ₸"
2,15.08.25,-1000.0,Покупка,Медресе қурлысы ниетіңіз қабыл болсын,False,"- 1 000,00 ₸"
2,14.08.25,20887.0,Покупка,ТОО Kaspi Travel,False,"+ 20 887,00 ₸"
2,13.08.25,-500.0,Покупка,Арена 1,False,"- 500,00 ₸"
2,12.08.25,43085.0,Покупка,ТОО Kaspi Travel,False,"+ 43 085,00 ₸"
2,09.08.25,-11040.0,Покупка,Magnum Cash&Carry,False,"- 11 040,00 ₸"
2,08.08.25,-6616.0,Покупка,Magnum Cash&Carry,False,"- 6 616,00 ₸"
2,08.08.25,-100000.0,Перевод,На Kaspi Депозит,False,"- 100 000,00 ₸"
2,08.08.25,-1000.0,Покупка,Отбасы банк. Погашение кредита,False,"- 1 000,00 ₸"
2,08.08.25,-77000.0,Покупка,Отбасы банк. Погашение кредита,False,"- 77 000,00 ₸"
2,08.08.25,-500.0,Покупка,Талғар Медресе құрылысы,False,"- 500,00 ₸"
2,08.08.25,220000.0,Пополнение,Марияш К.,False,"+ 220 000,00 ₸"
2,07.08.25,-1090.0,Покупка,Tele2,False,"- 1 090,00 ₸"
2,05.08.25,-1440.0,Перевод,Arujan T.,False,"- 1 440,00 ₸"
2,05.08.25,-820.0,Перевод,Амирхан Ш.,False,"- 820,00 ₸"
2,05.08.25,-150.0,Покупка,Beeline,False,"- 150,00 ₸"
2,03.08.25,-40000.0,Покупка,PROrobotkz,False,"- 40 000,00 ₸"
2,03.08.25,-20000.0,Перевод,Ақбота Ж.,False,"- 20 000,00 ₸"
2,02.08.25,-1000.0,Покупка,ONAY. Пополнение баланса,False,"- 1 000,00 ₸"
2,02.08.25,-4740.0,Покупка,Долги по налогам,False,"- 4 740,00 ₸"
2,01.08.25,-21000.0,Покупка,Анталия,False,"- 21 000,00 ₸"
2,01.08.25,-1030.0,Покупка,D&D маркет,False,"- 1 030,00 ₸"
2,31.07.25,-1040.0,Покупка,SMALL,False,"- 1 040,00 ₸"
2,30.07.25,-6190.0,Покупка,SMALL,False,"- 6 190,00 ₸"
2,30.07.25,-200.0,Покупка,Аптека со склада,False,"- 200,00 ₸"
2,30.07.25,200805.0,Пополнение,Зарплата,False,"+ 200 805,00 ₸"
2,26.07.25,-85000.0,Перевод,На Kaspi Депозит,False,"- 85 000,00 ₸"
2,26.07.25,85000.0,Пополнение,В Kaspi Банкомате,False,"+ 85 000,00 ₸"
2,25.07.25,-58565.0,Перевод,Оплата Kaspi Кредита,False,"- 58 565,00 ₸"
2,25.07.25,-136000.0,Покупка,Отбасы банк. Погашение кредита,False,"- 136 000,00 ₸"
2,25.07.25,150000.0,Пополнение,С Kaspi Депозита,False,"+ 150 000,00 ₸"
2,25.07.25,-253000.0,Покупка,Отбасы банк. Погашение кредита,False,"- 253 000,00 ₸"
2,25.07.25,300000.0,Пополнение,"по номеру счета АО ""Банк ЦентрКредит""",False,"+ 300 000,00 ₸"
2,25.07.25,-4085.0,Покупка,Magnum Cash&Carry,False,"- 4 085,00 ₸"
2,25.07.25,-500.0,Покупка,Nur-Mubarak qory,False,"- 500,00 ₸"
2,24.07.25,-1000.0,Перевод,Ақбаян А.,False,"- 1 000,00 ₸"
2,23.07.25,-3121.0,Покупка,Magnum Cash&Carry,False,"- 3 121,00 ₸"
2,21.07.25,-12889.74,Покупка,АЛСЕКО - квитанции за квартиру,False,"- 12 889,74 ₸"
2,21.07.25,500.0,Покупка,"TOO ""Kaspi Magazin""",True,"+ 500,00 ₸"
2,21.07.25,1100.0,Покупка,"ИП ""LUXE""",True,"+ 1 100,00 ₸"
3,20.07.25,-100.0,Перевод,Талгат Б.,False,"- 100,00 ₸"
3,20.07.25,-250.0,Перевод,Махаббат Р.,False,"- 250,00 ₸"
3,19.07.25,-250.0,Перевод,Куандык Е.,False,"- 250,00 ₸"
3,19.07.25,-650.0,Перевод,Аягоз Н.,False,"- 650,00 ₸"
3,19.07.25,-70.0,Покупка,Avtobys. Оплата проезда по QR,False,"- 70,00 ₸"
3,19.07.25,-2900.0,Перевод,Ерболат М.,False,"- 2 900,00 ₸"
3,19.07.25,-1500.0,Перевод,Джангилай С.,False,"- 1 500,00 ₸"
3,19.07.25,-3000.0,Перевод,Фариза М.,False,"- 3 000,00 ₸"
3,19.07.25,-800.0,Покупка,Techno KZ,False,"- 800,00 ₸"
3,19.07.25,-5000.0,Покупка,Феруза,False,"- 5 000,00 ₸"
3,18.07.25,-1000.0,Покупка,Nur-Mubarak qory,False,"- 1 000,00 ₸"
3,18.07.25,-500.0,Покупка,Мадина,False,"- 500,00 ₸"
3,18.07.25,-7000.0,Перевод,Назира Е.,False,"- 7 000,00 ₸"
3,18.07.25,-170.0,Перевод,Жанар Ə.,False,"- 170,00 ₸"
3,18.07.25,-202402.0,Перевод,На Kaspi Депозит,False,"- 202 402,00 ₸"
3,18.07.25,-70.0,Покупка,Avtobys. Оплата проезда по QR,False,"- 70,00 ₸"
3,18.07.25,-2600.0,Перевод,Надира С.,False,"- 2 600,00 ₸"
3,18.07.25,168100.0,Пополнение,Аида Ə.,False,"+ 168 100,00 ₸"
3,17.07.25,-34474.0,Покупка,Ресторан Fahar,False,"- 34 474,00 ₸"
3,17.07.25,-5737.0,Покупка,SMALL,False,"- 5 737,00 ₸"
3,16.07.25,-200.0,Перевод,Нұржан Н.,False,"- 200,00 ₸"
3,16.07.25,-1305.0,Покупка,ИП Зарифа,False,"- 1 305,00 ₸"
3,16.07.25,-750.0,Покупка,ИП Зарифа,False,"- 750,00 ₸"
3,16.07.25,-1000.0,Перевод,Жанна Б.,False,"- 1 000,00 ₸"
3,16.07.25,-1000.0,Перевод,Аккумис Ж.,False,"- 1 000,00 ₸"
3,16.07.25,-14000.0,Перевод,Гүлназ М.,False,"- 14 000,00 ₸"
3,16.07.25,-1000.0,Покупка,Jannatul Rayan qogamdyq qory,False,"- 1 000,00 ₸"
3,15.07.25,-11546.0,Покупка,Magnum Cash&Carry,False,"- 11 546,00 ₸"
3,15.07.25,-220.0,Покупка,Кафе Томирис,False,"- 220,00 ₸"
3,15.07.25,-3000.0,Покупка,Кафе Томирис,False,"- 3 000,00 ₸"
3,15.07.25,30000.0,Пополнение,Асел Ж.,False,"+ 30 000,00 ₸"
3,15.07.25,-9000.0,Покупка,Кафе Томирис,False,"- 9 000,00 ₸"
3,15.07.25,-500.0,Покупка,"TOO ""Kaspi Magazin""",True,"- 500,00 ₸"
3,15.07.25,-1100.0,Покупка,"ИП ""LUXE""",True,"- 1 100,00 ₸"
3,15.07.25,-500.0,Покупка,"TOO ""Kaspi Magazin""",False,"- 500,00 ₸"
3,15.07.25,-1454.0,Покупка,ИП MADINKA,False,"- 1 454,00 ₸"
3,15.07.25,-1000.0,Покупка,ONAY. Пополнение баланса,False,"- 1 000,00 ₸"
3,14.07.25,150000.0,Пополнение,Асел Ж.,False,"+ 150 000,00 ₸"
3,14.07.25,-2090.0,Покупка,Кафе Томирис,False,"- 2 090,00 ₸"
3,14.07.25,-69000.0,Покупка,Кафе Томирис,False,"- 69 000,00 ₸"
3,14.07.25,70000.0,Пополнение,С Kaspi Депозита,False,"+ 70 000,00 ₸"
3,14.07.25,-5000.0,Покупка,Кафе Томирис,False,"- 5 000,00 ₸"
3,14.07.25,-15000.0,Перевод,Махамет К.,False,"- 15 000,00 ₸"
3,11.07.25,-2589.0,Покупка,ИП ИСАЕВА,False,"- 2 589,00 ₸"
3,11.07.25,-300.0,Покупка,Beeline,False,"- 300,00 ₸"
3,11.07.25,-1000.0,Покупка,Nur-Mubarak qory,False,"- 1 000,00 ₸"
3,09.07.25,-217000.0,Перевод,На Kaspi Депозит,False,"- 217 000,00 ₸"
4,09.07.25,-40000.0,Перевод,Ақбота Ж.,False,"- 40 000,00 ₸"
4,09.07.25,220000.0,Пополнение,Динара К.,False,"+ 220 000,00 ₸"
4,09.07.25,-6694.0,Покупка,SMALL,False,"- 6 694,00 ₸"
4,09.07.25,-77000.0,Покупка,Отбасы банк. Погашение кредита,False,"- 77 000,00 ₸"
4,07.07.25,140000.0,Пополнение,Ақбота Ж.,False,"+ 140 000,00 ₸"
4,07.07.25,-16375.0,Покупка,Magnum Cash&Carry,False,"- 16 375,00 ₸"
4,06.07.25,-21537.0,Покупка,ТОО Kaspi Travel,False,"- 21 537,00 ₸"
4,06.07.25,-56784.0,Покупка,ТОО Kaspi Travel,False,"- 56 784,00 ₸"
4,06.07.25,90000.0,Пополнение,С Kaspi Депозита,False,"+ 90 000,00 ₸"
4,05.07.25,-45035.0,Покупка,ТОО Kaspi Travel,False,"- 45 035,00 ₸"
4,04.07.25,-300000.0,Перевод,На Kaspi Депозит,False,"- 300 000,00 ₸"
4,04.07.25,-33286.0,Покупка,ТОО Kaspi Travel,False,"- 33 286,00 ₸"
4,04.07.25,300000.0,Пополнение,"по номеру счета АО ""Банк ЦентрКредит""",False,"+ 300 000,00 ₸"
4,04.07.25,-1000.0,Покупка,Nur-Mubarak qory,False,"- 1 000,00 ₸"
4,04.07.25,-2122.0,Покупка,Magnum Cash&Carry,False,"- 2 122,00 ₸"
4,03.07.25,-4929.0,Покупка,SMALL,False,"- 4 929,00 ₸"
4,03.07.25,-101000.0,Перевод,На Kaspi Депозит,False,"- 101 000,00 ₸"
4,30.06.25,200886.0,Пополнение,Зарплата,False,"+ 200 886,00 ₸"
4,28.06.25,-4740.0,Покупка,Долги по налогам,False,"- 4 740,00 ₸"
4,28.06.25,-784.03,Покупка,Налог на имущество,False,"- 784,03 ₸"
4,28.06.25,-6057.59,Покупка,Налог на имущество,False,"- 6 057,59 ₸"
4,27.06.25,-6325.0,Покупка,Magnum Cash&Carry,False,"- 6 325,00 ₸"
4,27.06.25,19000.0,Пополнение,С Kaspi Депозита,False,"+ 19 000,00 ₸"
4,27.06.25,-500.0,Перевод,Маншук А.,False,"- 500,00 ₸"
4,26.06.25,-3795.0,Покупка,SMALL,False,"- 3 795,00 ₸"
4,25.06.25,-318000.0,Покупка,Отбасы банк. Погашение кредита,False,"- 318 000,00 ₸"
4,25.06.25,175000.0,Пополнение,С Kaspi Депозита,False,"+ 175 000,00 ₸"
4,25.06.25,-2591.0,Покупка,Magnum Cash&Carry,False,"- 2 591,00 ₸"
4,25.06.25,20000.0,Пополнение,В Kaspi Банкомате,False,"+ 20 000,00 ₸"
4,25.06.25,132000.0,Пополнение,В Kaspi Банкомате,False,"+ 132 000,00 ₸"
4,25.06.25,-136000.0,Покупка,Отбасы банк. Погашение кредита,False,"- 136 000,00 ₸"
4,25.06.25,-49979.0,Перевод,Оплата Kaspi Кредита,False,"- 49 979,00 ₸"
4,23.06.25,53000.0,Пополнение,Асел Ж.,False,"+ 53 000,00 ₸"
4,23.06.25,-1600.0,Покупка,UniMarket,False,"- 1 600,00 ₸"
4,23.06.25,80000.0,Пополнение,Асел Ж.,False,"+ 80 000,00 ₸"
4,22.06.25,-1846.0,Покупка,Magnum Cash&Carry,False,"- 1 846,00 ₸"
4,20.06.25,55000.0,Пополнение,В Kaspi Банкомате,False,"+ 55 000,00 ₸"
4,20.06.25,-3247.0,Покупка,Magnum Cash&Carry,False,"- 3 247,00 ₸"
4,20.06.25,5000.0,Пополнение,С Kaspi Депозита,False,"+ 5 000,00 ₸"
4,19.06.25,-198000.0,Перевод,На Kaspi Депозит,False,"- 198 000,00 ₸"
4,19.06.25,-1246.0,Покупка,SMALL,False,"- 1 246,00 ₸"
4,18.06.25,-11167.0,Покупка,Magnum Cash&Carry,False,"- 11 167,00 ₸"
4,18.06.25,-20000.0,Перевод,Ақбота Ж.,False,"- 20 000,00 ₸"
4,18.06.25,-15015.85,Покупка,АЛСЕКО - квитанции за квартиру,False,"- 15 015,85 ₸"
4,17.06.25,180000.0,Пополнение,Аида Ə.,False,"+ 180 000,00 ₸"
4,16.06.25,-1780.0,Покупка,сага,False,"- 1 780,00 ₸"
4,15.06.25,20000.0,Пополнение,Ақбота Ж.,False,"+ 20 000,00 ₸"
5,14.06.25,-5847.0,Покупка,SMALL,False,"- 5 847,00 ₸"
5,14.06.25,-4000.0,Покупка,"Салон красоты  ""ALMA""",False,"- 4 000,00 ₸"
5,11.06.25,-100.0,Покупка,ONAY. Пополнение баланса,False,"- 100,00 ₸"
5,11.06.25,-6000.0,Покупка,Яблоко,False,"- 6 000,00 ₸"
5,11.06.25,-4000.0,Покупка,ТОО Мир развлечений,False,"- 4 000,00 ₸"
5,11.06.25,-3000.0,Покупка,ТОО Мир развлечений,False,"- 3 000,00 ₸"
5,11.06.25,-500.0,Покупка,Beeline,False,"- 500,00 ₸"
5,11.06.25,-160000.0,Перевод,На Kaspi Депозит,False,"- 160 000,00 ₸"
5,09.06.25,-4664.0,Покупка,Magnum Cash&Carry,False,"- 4 664,00 ₸"
5,09.06.25,220000.0,Пополнение,Динара К.,False,"+ 220 000,00 ₸"
5,09.06.25,-1000.0,Покупка,ONAY. Пополнение баланса,False,"- 1 000,00 ₸"
5,08.06.25,-30000.0,Перевод,Ақбота Ж.,False,"- 30 000,00 ₸"
5,08.06.25,-25000.0,Перевод,Алма Т.,False,"- 25 000,00 ₸"
5,07.06.25,-258.0,Покупка,SMALL,False,"- 258,00 ₸"
5,05.06.25,-20000.0,Перевод,Ақбота Ж.,False,"- 20 000,00 ₸"
5,05.06.25,-78000.0,Покупка,Отбасы банк. Погашение кредита,False,"- 78 000,00 ₸"
5,05.06.25,-400.0,Перевод,Hojivali K.,False,"- 400,00 ₸"
5,05.06.25,-600.0,Покупка,сага,False,"- 600,00 ₸"
5,05.06.25,110000.0,Пополнение,В Kaspi Терминале,False,"+ 110 000,00 ₸"
5,04.06.25,-5744.0,Покупка,SMALL,False,"- 5 744,00 ₸"
5,03.06.25,-100000.0,Перевод,На Kaspi Депозит,False,"- 100 000,00 ₸"
5,02.06.25,-2876.0,Покупка,Аксайсити,False,"- 2 876,00 ₸"
5,02.06.25,-5.88,Покупка,Долги по налогам,False,"- 5,88 ₸"
5,02.06.25,-1285.0,Покупка,UniMarket,False,"- 1 285,00 ₸"
5,01.06.25,-500.0,Перевод,Гулмира У.,False,"- 500,00 ₸"
5,31.05.25,-450.0,Перевод,Гулзира Ж.,False,"- 450,00 ₸"
5,30.05.25,-500.0,Перевод,Назипа К.,False,"- 500,00 ₸"
5,29.05.25,-20000.0,Перевод,Ақбота Ж.,False,"- 20 000,00 ₸"
5,29.05.25,-5530.0,Покупка,Magnum Cash&Carry,False,"- 5 530,00 ₸"
5,28.05.25,-11166.59,Покупка,АЛСЕКО - квитанции за квартиру,False,"- 11 166,59 ₸"
5,28.05.25,-5200.0,Покупка,Долги по налогам,False,"- 5 200,00 ₸"
5,28.05.25,-500.0,Перевод,Жулдыз Н.,False,"- 500,00 ₸"
5,28.05.25,200966.0,Пополнение,Зарплата,False,"+ 200 966,00 ₸"
5,28.05.25,-500.0,Покупка,Quranga Qyzmet 2,False,"- 500,00 ₸"
5,26.05.25,-200.0,Покупка,Beeline,False,"- 200,00 ₸"
5,26.05.25,-19112.29,Покупка,АЛСЕКО - квитанции за квартиру,False,"- 19 112,29 ₸"
5,26.05.25,-50483.0,Перевод,Оплата Kaspi Кредита,False,"- 50 483,00 ₸"
5,26.05.25,-136000.0,Покупка,Отбасы банк. Погашение кредита,False,"- 136 000,00 ₸"
5,26.05.25,200000.0,Пополнение,С Kaspi Депозита,False,"+ 200 000,00 ₸"
5,24.05.25,2000.0,Пополнение,Гаухар К.,False,"+ 2 000,00 ₸"
5,24.05.25,-2000.0,Перевод,Гаухар К.,False,"- 2 000,00 ₸"
5,23.05.25,-990.0,Покупка,Мансур,False,"- 990,00 ₸"
5,23.05.25,-1600.0,Перевод,Аймаш Ə.,False,"- 1 600,00 ₸"
5,23.05.25,-9800.0,Перевод,Нурканат А.,False,"- 9 800,00 ₸"
5,23.05.25,-56000.0,Покупка,"Кенжехан-1, 2 павильон, 37 бутик.",False,"- 56 000,00 ₸"
5,23.05.25,-6800.0,Перевод,Елена М.,False,"- 6 800,00 ₸"
5,22.05.25,-1764000.0,Перевод,Асел Ж.,False,"- 1 764 000,00 ₸"
6,22.05.25,-4550.0,Перевод,Елена Т.,False,"- 4 550,00 ₸"
6,21.05.25,-1147.0,Покупка,Magnum Cash&Carry,False,"- 1 147,00 ₸"
6,21.05.25,-2342.0,Покупка,Magnum Cash&Carry,False,"- 2 342,00 ₸"
6,20.05.25,-1200000.0,Перевод,Асел Ж.,False,"- 1 200 000,00 ₸"
6,20.05.25,-800000.0,Перевод,На Kaspi Депозит,False,"- 800 000,00 ₸"
6,20.05.25,-1043.0,Покупка,SMALL,False,"- 1 043,00 ₸"
6,19.05.25,-900000.0,Перевод,Асел Ж.,False,"- 900 000,00 ₸"
6,19.05.25,-1025000.0,Перевод,Сауле Р.,False,"- 1 025 000,00 ₸"
6,19.05.25,5600000.0,Пополнение,"по номеру счета АО ""Банк ЦентрКредит""",False,"+ 5 600 000,00 ₸"
6,19.05.25,-10000.0,Перевод,Ақбота Ж.,False,"- 10 000,00 ₸"
6,17.05.25,-1025.0,Покупка,SMALL,False,"- 1 025,00 ₸"
6,16.05.25,180000.0,Пополнение,Аида Ə.,False,"+ 180 000,00 ₸"
6,16.05.25,-100000.0,Перевод,Асел Ж.,False,"- 100 000,00 ₸"
6,15.05.25,-35000.0,Перевод,Ақбота Ж.,False,"- 35 000,00 ₸"
6,15.05.25,-1000.0,Покупка,ONAY. Пополнение баланса,False,"- 1 000,00 ₸"
6,15.05.25,-1070.0,Покупка,сага,False,"- 1 070,00 ₸"
6,15.05.25,160000.0,Пополнение,В Kaspi Терминале,False,"+ 160 000,00 ₸"
6,14.05.25,-25000.0,Перевод,Ақбота Ж.,False,"- 25 000,00 ₸"
6,14.05.25,10000.0,Пополнение,Асел Ж.,False,"+ 10 000,00 ₸"
6,14.05.25,-162000.0,Покупка,Отбасы банк. Погашение кредита,False,"- 162 000,00 ₸"
6,14.05.25,-6221.69,Покупка,"Оплата за регистрацию недвижимости, изготовление",False,"- 6 221,69 ₸"
6,14.05.25,80000.0,Пополнение,В Kaspi Банкомате,False,"+ 80 000,00 ₸"
6,14.05.25,100000.0,Пополнение,В Kaspi Банкомате,False,"+ 100 000,00 ₸"
6,13.05.25,-5000.0,Перевод,Асел Ж.,False,"- 5 000,00 ₸"
6,13.05.25,-652.0,Покупка,SMALL,False,"- 652,00 ₸"
6,12.05.25,-2000.0,Покупка,Отбасы банк. Пополнение депозита,False,"- 2 000,00 ₸"
6,12.05.25,-420000.0,Покупка,Отбасы банк. Пополнение депозита,False,"- 420 000,00 ₸"
6,12.05.25,363000.0,Пополнение,С Kaspi Депозита,False,"+ 363 000,00 ₸"
6,12.05.25,60000.0,Пополнение,Ақбота Ж.,False,"+ 60 000,00 ₸"
6,12.05.25,-1580000.0,Покупка,Отбасы банк. Пополнение депозита,False,"- 1 580 000,00 ₸"
6,12.05.25,1000000.0,Пополнение,С Kaspi Депозита,False,"+ 1 000 000,00 ₸"
6,12.05.25,500000.0,Пополнение,В Kaspi Банкомате,False,"+ 500 000,00 ₸"
6,11.05.25,-900.0,Покупка,Activ,False,"- 900,00 ₸"
6,11.05.25,-363000.0,Перевод,На Kaspi Депозит,False,"- 363 000,00 ₸"
6,11.05.25,-4529.0,Покупка,Magnum Cash&Carry,False,"- 4 529,00 ₸"
6,09.05.25,-5000.0,Перевод,Ақбота Ж.,False,"- 5 000,00 ₸"
6,09.05.25,-2790.0,Покупка,IP MURZANOVA AYNURA SERIKZH,False,"- 2 790,00 ₸"
6,09.05.25,-800.0,Перевод,Ауелбек Б.,False,"- 800,00 ₸"
6,09.05.25,-1200.0,Перевод,Бақдəулет Қ.,False,"- 1 200,00 ₸"
6,09.05.25,200000.0,Пополнение,Динара К.,False,"+ 200 000,00 ₸"
6,08.05.25,-78000.0,Покупка,Отбасы банк. Погашение кредита,False,"- 78 000,00 ₸"
6,08.05.25,-45.52,Покупка,Долги по налогам,False,"- 45,52 ₸"
6,08.05.25,150000.0,Пополнение,Ақбота Ж.,False,"+ 150 000,00 ₸"
6,05.05.25,160000.0,Пополнение,Бекарыс Н.,False,"+ 160 000,00 ₸"
6,05.05.25,-600001.0,Покупка,Отбасы банк. Пополнение депозита,False,"- 600 001,00 ₸"
6,05.05.25,600001.0,Пополнение,С Kaspi Депозита,False,"+ 600 001,00 ₸"
7,05.05.25,-236608.0,Покупка,Отбасы банк. Пополнение депозита,False,"- 236 608,00 ₸"
7,04.05.25,-1000000.0,Покупка,Отбасы банк. Пополнение депозита,False,"- 1 000 000,00 ₸"
7,04.05.25,1000000.0,Пополнение,В Kaspi Банкомате,False,"+ 1 000 000,00 ₸"
7,04.05.25,180000.0,Пополнение,В Kaspi Банкомате,False,"+ 180 000,00 ₸"
7,03.05.25,-23050.0,Покупка,"ТОО  ""Аптека- N 2""",False,"- 23 050,00 ₸"
7,02.05.25,100000.0,Пополнение,С Kaspi Депозита,False,"+ 100 000,00 ₸"
7,02.05.25,-380.0,Покупка,магазин 2 е,False,"- 380,00 ₸"
7,02.05.25,-1437.0,Перевод,Айгерим Т.,False,"- 1 437,00 ₸"
7,30.04.25,-665.0,Покупка,UniMarket,False,"- 665,00 ₸"
7,30.04.25,-1624.0,Перевод,Айгерим Т.,False,"- 1 624,00 ₸"
7,30.04.25,-200000.0,Покупка,Отбасы банк. Пополнение депозита,False,"- 200 000,00 ₸"
7,28.04.25,-4240.0,Покупка,Долги по налогам,False,"- 4 240,00 ₸"
7,28.04.25,-960.0,Покупка,Melita,False,"- 960,00 ₸"
7,28.04.25,201046.0,Пополнение,Зарплата,False,"+ 201 046,00 ₸"
7,27.04.25,-1343.0,Покупка,Оптовка 1 касса,False,"- 1 343,00 ₸"
7,27.04.25,-1000.0,Покупка,"Микрорайон Мамыр 1,4",False,"- 1 000,00 ₸"
7,26.04.25,-2300.0,Покупка,INVITRO,False,"- 2 300,00 ₸"
7,25.04.25,-47000.0,Перевод,Асел Ж.,False,"- 47 000,00 ₸"
7,25.04.25,-50231.0,Перевод,Оплата Kaspi Кредита,False,"- 50 231,00 ₸"
7,25.04.25,-15033.89,Покупка,АЛСЕКО - квитанции за квартиру,False,"- 15 033,89 ₸"
7,25.04.25,-136000.0,Покупка,Отбасы банк. Погашение кредита,False,"- 136 000,00 ₸"
7,25.04.25,250000.0,Пополнение,С Kaspi Депозита,False,"+ 250 000,00 ₸"
7,23.04.25,-3140.0,Покупка,Достык,False,"- 3 140,00 ₸"
7,23.04.25,-470.0,Покупка,Аптека со склада,False,"- 470,00 ₸"
7,22.04.25,-2225.0,Покупка,ТОО Асыл Био-Фарм,False,"- 2 225,00 ₸"
7,21.04.25,300.0,Пополнение,Саян С.,False,"+ 300,00 ₸"
7,19.04.25,-500.0,Перевод,Бахыт Ш.,False,"- 500,00 ₸"
7,18.04.25,-150000.0,Перевод,На Kaspi Депозит,False,"- 150 000,00 ₸"
7,18.04.25,-1000.0,Покупка,Nur-Mubarak qory,False,"- 1 000,00 ₸"
7,17.04.25,-28438.13,Покупка,АЛСЕКО - квитанции за квартиру,False,"- 28 438,13 ₸"
7,17.04.25,-1500.0,Покупка,Достык самса,False,"- 1 500,00 ₸"
7,17.04.25,188500.0,Пополнение,Аида Ə.,False,"+ 188 500,00 ₸"
7,16.04.25,-1000.0,Покупка,ONAY. Пополнение баланса,False,"- 1 000,00 ₸"
7,16.04.25,-120.0,Покупка,ABAY STATION,False,"- 120,00 ₸"
7,16.04.25,3000.0,Пополнение,Асел Ж.,False,"+ 3 000,00 ₸"
7,15.04.25,-200000.0,Перевод,На Kaspi Депозит,False,"- 200 000,00 ₸"
7,15.04.25,-60000.0,Перевод,Асел Ж.,False,"- 60 000,00 ₸"
7,15.04.25,240000.0,Пополнение,Ақбота Ж.,False,"+ 240 000,00 ₸"
7,14.04.25,-3427.0,Покупка,SMALL,False,"- 3 427,00 ₸"
7,14.04.25,-350.0,Покупка,Достык самса,False,"- 350,00 ₸"
7,13.04.25,5000.0,Пополнение,Асел Ж.,False,"+ 5 000,00 ₸"
7,12.04.25,-1730.0,Покупка,сага,False,"- 1 730,00 ₸"
7,11.04.25,-5195.0,Покупка,SMALL,False,"- 5 195,00 ₸"
7,11.04.25,30000.0,Пополнение,Калдыкул К.,False,"+ 30 000,00 ₸"
7,09.04.25,-2030.0,Перевод,Тумар К.,False,"- 2 030,00 ₸"
7,08.04.25,-229000.0,Перевод,На Kaspi Депозит,False,"- 229 000,00 ₸"
7,08.04.25,200000.0,Пополнение,Динара К.,False,"+ 200 000,00 ₸"
8,07.04.25,-78000.0,Покупка,Отбасы банк. Погашение кредита,False,"- 78 000,00 ₸"
8,07.04.25,70000.0,Пополнение,В Kaspi Банкомате,False,"+ 70 000,00 ₸"
8,06.04.25,-3259.0,Покупка,SMALL,False,"- 3 259,00 ₸"
8,05.04.25,-183.0,Покупка,Magnum Cash&Carry,False,"- 183,00 ₸"
8,05.04.25,-5581.0,Покупка,Magnum Cash&Carry,False,"- 5 581,00 ₸"
8,05.04.25,-1000.0,Перевод,Тауекел К.,False,"- 1 000,00 ₸"
8,03.04.25,-2115.0,Покупка,SMALL,False,"- 2 115,00 ₸"
8,03.04.25,-5000.0,Снятие,Банкомат Otdelenie kaspi.kz,False,"- 5 000,00 ₸"
8,02.04.25,-1890.0,Перевод,Руфат Е.,False,"- 1 890,00 ₸"
8,02.04.25,-10000.0,Перевод,Ақбота Ж.,False,"- 10 000,00 ₸"
8,01.04.25,-1750.0,Перевод,Aziza R.,False,"- 1 750,00 ₸"
8,01.04.25,-10187.0,Покупка,Magnum Cash&Carry,False,"- 10 187,00 ₸"
8,31.03.25,-4000.0,Покупка,"Салон красоты  ""ALMA""",False,"- 4 000,00 ₸"
8,31.03.25,-2500.0,Покупка,"Салон красоты  ""ALMA""",False,"- 2 500,00 ₸"
8,29.03.25,-50000.0,Перевод,Нуржигит А.,False,"- 50 000,00 ₸"
8,29.03.25,-1000.0,Покупка,Nur-Mubarak qory,False,"- 1 000,00 ₸"
8,28.03.25,-1000.0,Покупка,ONAY. Пополнение баланса,False,"- 1 000,00 ₸"
8,28.03.25,-10000.0,Перевод,Асел Ж.,False,"- 10 000,00 ₸"
8,28.03.25,-1000.0,Покупка,Медресе қурлысы ниетіңіз қабыл болсын,False,"- 1 000,00 ₸"
8,28.03.25,-35156.34,Покупка,АЛСЕКО - квитанции за квартиру,False,"- 35 156,34 ₸"
8,28.03.25,-4240.0,Покупка,Долги по налогам,False,"- 4 240,00 ₸"
8,28.03.25,-1000.0,Покупка,Медресе қурлысы ниетіңіз қабыл болсын,False,"- 1 000,00 ₸"
8,28.03.25,201126.0,Пополнение,Зарплата,False,"+ 201 126,00 ₸"
8,27.03.25,-1000.0,Покупка,ОФ «Quranga qyzmet»,False,"- 1 000,00 ₸"
8,27.03.25,-2000.0,Покупка,Nur-Mubarak qory,False,"- 2 000,00 ₸"
8,26.03.25,-1000.0,Покупка,Nur-Mubarak qory,False,"- 1 000,00 ₸"
8,26.03.25,-1000.0,Покупка,Аңсар Кайсар комек,False,"- 1 000,00 ₸"
8,26.03.25,-1000.0,Покупка,Студенттерге жатақхана,False,"- 1 000,00 ₸"
8,26.03.25,-1475.0,Перевод,Алима Е.,False,"- 1 475,00 ₸"
8,26.03.25,-2560.0,Перевод,Amirbek S.,False,"- 2 560,00 ₸"
8,25.03.25,-340.0,Перевод,Amirbek S.,False,"- 340,00 ₸"
8,25.03.25,-50231.0,Перевод,Оплата Kaspi Кредита,False,"- 50 231,00 ₸"
8,25.03.25,-136000.0,Покупка,Отбасы банк. Погашение кредита,False,"- 136 000,00 ₸"
8,25.03.25,200000.0,Пополнение,С Kaspi Депозита,False,"+ 200 000,00 ₸"
8,22.03.25,-1000.0,Перевод,Ермахан Р.,False,"- 1 000,00 ₸"
8,21.03.25,-1000.0,Перевод,Нурдаулет Т.,False,"- 1 000,00 ₸"
8,21.03.25,-150.0,Покупка,ИП МЕРЕКЕ,False,"- 150,00 ₸"
8,21.03.25,-4000.0,Покупка,Молочка,False,"- 4 000,00 ₸"
8,21.03.25,-600.0,Перевод,Тоқжан Д.,False,"- 600,00 ₸"
8,21.03.25,-1000.0,Покупка,Nur-Mubarak qory,False,"- 1 000,00 ₸"
8,20.03.25,-1000.0,Покупка,Жаннатқа жол,False,"- 1 000,00 ₸"
8,20.03.25,-11493.0,Покупка,SMALL,False,"- 11 493,00 ₸"
8,20.03.25,20000.0,Пополнение,С Kaspi Депозита,False,"+ 20 000,00 ₸"
8,19.03.25,-1000.0,Покупка,ОФ «Жаннатул Раяан»,False,"- 1 000,00 ₸"
8,19.03.25,-1000.0,Покупка,Жаннатқа жол,False,"- 1 000,00 ₸"
8,18.03.25,-3500000.0,Покупка,Отбасы банк. Пополнение депозита,False,"- 3 500 000,00 ₸"
8,18.03.25,3500000.0,Пополнение,С Kaspi Депозита,False,"+ 3 500 000,00 ₸"
9,18.03.25,-1000.0,Покупка,5 парыз Ислам орталығы,False,"- 1 000,00 ₸"
9,18.03.25,-280000.0,Перевод,На Kaspi Депозит,False,"- 280 000,00 ₸"
9,17.03.25,100000.0,Пополнение,Калдыкул К.,False,"+ 100 000,00 ₸"
9,17.03.25,-30806.06,Покупка,АЛСЕКО - квитанции за квартиру,False,"- 30 806,06 ₸"
9,17.03.25,-1555.42,Покупка,"Оплата за регистрацию недвижимости, изготовление",False,"- 1 555,42 ₸"
9,17.03.25,191000.0,Пополнение,Аида Ə.,False,"+ 191 000,00 ₸"
9,17.03.25,-1000.0,Покупка,Отбасы банк. Погашение кредита,False,"- 1 000,00 ₸"
9,17.03.25,-1000.0,Покупка,Жаннатул Фердауси кайырымдылык коры,False,"- 1 000,00 ₸"
9,16.03.25,-890.0,Покупка,ИП Замир,False,"- 890,00 ₸"
9,15.03.25,-1000.0,Покупка,Quranga Qyzmet 2,False,"- 1 000,00 ₸"
9,14.03.25,-220000.0,Перевод,На Kaspi Депозит,False,"- 220 000,00 ₸"
9,14.03.25,250000.0,Пополнение,В Kaspi Банкомате,False,"+ 250 000,00 ₸"
9,14.03.25,-1000.0,Покупка,ИП Жулдызбаев,False,"- 1 000,00 ₸"
9,14.03.25,-500.0,Перевод,Гульжахан Ж.,False,"- 500,00 ₸"
9,14.03.25,-1000.0,Покупка,5 парыз Ислам орталығы,False,"- 1 000,00 ₸"
9,13.03.25,-130000.0,Перевод,На Kaspi Депозит,False,"- 130 000,00 ₸"
9,13.03.25,-2130.0,Покупка,SMALL,False,"- 2 130,00 ₸"
9,13.03.25,-500.0,Покупка,О.Ф.А.А,False,"- 500,00 ₸"
9,10.03.25,-1000.0,Покупка,Медресе қурлысы ниетіңіз қабыл болсын,False,"- 1 000,00 ₸"
9,10.03.25,-1000.0,Покупка,Nur-Mubarak qory,False,"- 1 000,00 ₸"
9,09.03.25,-1000.0,Покупка,Nur-Mubarak qory,False,"- 1 000,00 ₸"
9,07.03.25,-78000.0,Покупка,Отбасы банк. Погашение кредита,False,"- 78 000,00 ₸"
9,07.03.25,-1000.0,Перевод,Дамира Ж.,False,"- 1 000,00 ₸"
9,07.03.25,200000.0,Пополнение,Динара К.,False,"+ 200 000,00 ₸"
9,07.03.25,-8238.0,Покупка,Magnum Cash&Carry,False,"- 8 238,00 ₸"
9,06.03.25,-500.0,Покупка,DAYIM,False,"- 500,00 ₸"
9,05.03.25,-1000.0,Перевод,Аяулым Д.,False,"- 1 000,00 ₸"
9,05.03.25,-2000.0,Покупка,Nur-Mubarak qory,False,"- 2 000,00 ₸"
9,03.03.25,-1800.0,Покупка,Activ,False,"- 1 800,00 ₸"
9,03.03.25,-10257.0,Покупка,Magnum Cash&Carry,False,"- 10 257,00 ₸"
9,02.03.25,-1000.0,Перевод,Мухағали М.,False,"- 1 000,00 ₸"
9,02.03.25,-800.0,Покупка,Beeline,False,"- 800,00 ₸"
9,02.03.25,-1000.0,Покупка,Beeline,False,"- 1 000,00 ₸"
9,01.03.25,-3000.0,Покупка,Activ,False,"- 3 000,00 ₸"
9,01.03.25,-4000.0,Покупка,Beeline,False,"- 4 000,00 ₸"
9,01.03.25,50000.0,Пополнение,Асел Ж.,False,"+ 50 000,00 ₸"
9,28.02.25,-36938.28,Покупка,АЛСЕКО - квитанции за квартиру,False,"- 36 938,28 ₸"
9,28.02.25,10000.0,Пополнение,Ақбота Ж.,False,"+ 10 000,00 ₸"
9,28.02.25,17000.0,Пополнение,Аида Ə.,False,"+ 17 000,00 ₸"
9,28.02.25,-1000.0,Перевод,Назипа К.,False,"- 1 000,00 ₸"
9,28.02.25,-40000.0,Перевод,Ақбота Ж.,False,"- 40 000,00 ₸"
9,28.02.25,20000.0,Пополнение,С Kaspi Депозита,False,"+ 20 000,00 ₸"
9,28.02.25,-4240.0,Покупка,Долги по налогам,False,"- 4 240,00 ₸"
9,28.02.25,-134000.0,Покупка,Отбасы банк. Погашение кредита,False,"- 134 000,00 ₸"
9,28.02.25,130000.0,Пополнение,С Kaspi Депозита,False,"+ 130 000,00 ₸"
9,28.02.25,-173000.0,Перевод,На Kaspi Депозит,False,"- 173 000,00 ₸"
10,28.02.25,-1000.0,Перевод,Абдукахарходжа Р.,False,"- 1 000,00 ₸"
10,27.02.25,201205.0,Пополнение,Зарплата,False,"+ 201 205,00 ₸"
10,27.02.25,-250.0,Покупка,"Дежурная Аптека ""Достык""",False,"- 250,00 ₸"
10,24.02.25,-50231.0,Перевод,Оплата Kaspi Кредита,False,"- 50 231,00 ₸"
10,24.02.25,60000.0,Пополнение,Ақбота Ж.,False,"+ 60 000,00 ₸"
10,24.02.25,-31000.0,Перевод,На Kaspi Депозит,False,"- 31 000,00 ₸"
10,24.02.25,-76500.0,Покупка,HALYKLIFE.KZ,False,"- 76 500,00 ₸"
10,22.02.25,110000.0,Пополнение,В Kaspi Терминале,False,"+ 110 000,00 ₸"
10,21.02.25,-8680.0,Покупка,книжный магазин Атамұра  Алматы,False,"- 8 680,00 ₸"
10,21.02.25,-7360.0,Покупка,Elephant-Food 1,False,"- 7 360,00 ₸"
10,19.02.25,-4456.0,Покупка,SMALL,False,"- 4 456,00 ₸"
10,19.02.25,-42.08,Покупка,Долги по налогам,False,"- 42,08 ₸"
10,19.02.25,-4240.0,Покупка,Долги по налогам,False,"- 4 240,00 ₸"
10,16.02.25,-140000.0,Перевод,Калдыкул К.,False,"- 140 000,00 ₸"
10,14.02.25,-10267.0,Покупка,SMALL,False,"- 10 267,00 ₸"
10,14.02.25,-2618.0,Перевод,Зауреш Н.,False,"- 2 618,00 ₸"
10,14.02.25,180000.0,Пополнение,Аида Ə.,False,"+ 180 000,00 ₸"
10,13.02.25,-1000.0,Покупка,Nur-Mubarak qory,False,"- 1 000,00 ₸"
10,13.02.25,-500.0,Покупка,5 парыз Ислам орталығы,False,"- 500,00 ₸"
10,13.02.25,-1000.0,Покупка,Медресе қурлысы ниетіңіз қабыл болсын,False,"- 1 000,00 ₸"
10,13.02.25,-1451.0,Покупка,SMALL,False,"- 1 451,00 ₸"
10,11.02.25,-2757.0,Покупка,SMALL,False,"- 2 757,00 ₸"
10,11.02.25,-130000.0,Перевод,На Kaspi Депозит,False,"- 130 000,00 ₸"
10,09.02.25,20000.0,Пополнение,Динара К.,False,"+ 20 000,00 ₸"
10,09.02.25,-78000.0,Покупка,Отбасы банк. Погашение кредита,False,"- 78 000,00 ₸"
10,09.02.25,180000.0,Пополнение,Динара К.,False,"+ 180 000,00 ₸"
10,08.02.25,-2000.0,Перевод,Гаухар К.,False,"- 2 000,00 ₸"
10,07.02.25,-2761.0,Покупка,Magnum Cash&Carry,False,"- 2 761,00 ₸"
10,07.02.25,-1000.0,Покупка,Nur-Mubarak qory,False,"- 1 000,00 ₸"
10,06.02.25,20000.0,Пополнение,Гаухар К.,False,"+ 20 000,00 ₸"
10,05.02.25,-200000.0,Перевод,На Kaspi Депозит,False,"- 200 000,00 ₸"
10,05.02.25,-500.0,Перевод,Нургул Ш.,False,"- 500,00 ₸"
10,04.02.25,-3621.0,Покупка,SMALL,False,"- 3 621,00 ₸"
10,02.02.25,-4000.0,Покупка,Beeline,False,"- 4 000,00 ₸"
10,31.01.25,15000.0,Пополнение,Даурен Ж.,False,"+ 15 000,00 ₸"
10,31.01.25,-8349.0,Покупка,MAGNUM CASH&CARRY,False,"- 8 349,00 ₸"
10,31.01.25,-1600.0,Покупка,IP SAURAMBAEVA R,False,"- 1 600,00 ₸"
10,31.01.25,-5020.0,Покупка,IP SAURAMBAEVA R,False,"- 5 020,00 ₸"
10,31.01.25,13500.0,Пополнение,Зарплата,False,"+ 13 500,00 ₸"
10,31.01.25,187785.0,Пополнение,Зарплата,False,"+ 187 785,00 ₸"
10,31.01.25,-3000.0,Покупка,Activ,False,"- 3 000,00 ₸"
10,30.01.25,-1050.0,Покупка,Зенкова,False,"- 1 050,00 ₸"
10,27.01.25,-1280.0,Покупка,Достык,False,"- 1 280,00 ₸"
10,27.01.25,-16743.64,Покупка,АЛСЕКО - квитанции за квартиру,False,"- 16 743,64 ₸"
10,27.01.25,-135000.0,Покупка,Отбасы банк. Погашение кредита,False,"- 135 000,00 ₸"
10,27.01.25,50000.0,Пополнение,Ақбота Ж.,False,"+ 50 000,00 ₸"
10,24.01.25,-4745.0,Покупка,Magnum Cash&Carry,False,"- 4 745,00 ₸"
11,24.01.25,-34502.0,Перевод,Оплата Kaspi Кредита,False,"- 34 502,00 ₸"
11,24.01.25,-500.0,Перевод,Кристина А.,False,"- 500,00 ₸"
11,23.01.25,150000.0,Пополнение,В Kaspi Банкомате,False,"+ 150 000,00 ₸"
11,22.01.25,-190000.0,Перевод,На Kaspi Депозит,False,"- 190 000,00 ₸"
11,22.01.25,-500.0,Покупка,Beeline,False,"- 500,00 ₸"
11,22.01.25,-35359.21,Покупка,АЛСЕКО - квитанции за квартиру,False,"- 35 359,21 ₸"
11,21.01.25,-780.0,Покупка,Зенкова,False,"- 780,00 ₸"
11,20.01.25,-5905.0,Покупка,Magnum Cash&Carry,False,"- 5 905,00 ₸"
11,18.01.25,3000.0,Пополнение,Ақбота Ж.,False,"+ 3 000,00 ₸"
11,18.01.25,-3000.0,Покупка,АЗС-10,False,"- 3 000,00 ₸"
11,18.01.25,180000.0,Пополнение,Аида Ə.,False,"+ 180 000,00 ₸"
11,17.01.25,-500.0,Перевод,Руслан А.,False,"- 500,00 ₸"
11,14.01.25,-21600.0,Перевод,Гүлзахира Ж.,False,"- 21 600,00 ₸"
11,13.01.25,-42.07,Покупка,Долги по налогам,False,"- 42,07 ₸"
11,13.01.25,-4240.0,Покупка,Долги по налогам,False,"- 4 240,00 ₸"
11,09.01.25,10000.0,Пополнение,Гаухар К.,False,"+ 10 000,00 ₸"
11,08.01.25,-200000.0,Перевод,На Kaspi Депозит,False,"- 200 000,00 ₸"
11,08.01.25,200000.0,Пополнение,Динара К.,False,"+ 200 000,00 ₸"
11,07.01.25,60000.0,Пополнение,Ақбота Ж.,False,"+ 60 000,00 ₸"
11,06.01.25,-2370.0,Перевод,Болат К.,False,"- 2 370,00 ₸"
11,06.01.25,-200000.0,Перевод,Асел Ж.,False,"- 200 000,00 ₸"
11,06.01.25,200000.0,Пополнение,С Kaspi Депозита,False,"+ 200 000,00 ₸"
11,06.01.25,-185000.0,Снятие,Банкомат Dostyk 42,False,"- 185 000,00 ₸"
11,06.01.25,-15729.0,Перевод,Оплата Kaspi Кредита,False,"- 15 729,00 ₸"
11,06.01.25,206000.0,Пополнение,С Kaspi Депозита,False,"+ 206 000,00 ₸"
11,06.01.25,-78000.0,Покупка,Отбасы банк. Погашение кредита,False,"- 78 000,00 ₸"
11,04.01.25,-2050.0,Покупка,РАМАЗАН,False,"- 2 050,00 ₸"
11,03.01.25,-2630.0,Перевод,Бегзат М.,False,"- 2 630,00 ₸"
11,03.01.25,-4981.77,Покупка,Нұр-Мүбарак жаңа оқу ғимараты,False,"- 4 981,77 ₸"
11,02.01.25,-500.0,Покупка,Beeline,False,"- 500,00 ₸"
11,01.01.25,-3000.0,Покупка,Activ,False,"- 3 000,00 ₸"
11,01.01.25,-2040.0,Покупка,"Дежурная Аптека ""Достык""",False,"- 2 040,00 ₸"
11,01.01.25,-4000.0,Покупка,Beeline,False,"- 4 000,00 ₸"
11,31.12.24,20000.0,Пополнение,В Kaspi Банкомате,False,"+ 20 000,00 ₸"
11,31.12.24,-1564.0,Покупка,Magnum Cash&Carry,False,"- 1 564,00 ₸"
11,31.12.24,-2522.0,Покупка,SMALL,False,"- 2 522,00 ₸"
11,30.12.24,80000.0,Пополнение,В Kaspi Банкомате,False,"+ 80 000,00 ₸"
11,29.12.24,-150000.0,Перевод,На Kaspi Депозит,False,"- 150 000,00 ₸"
11,27.12.24,-34903.0,Покупка,Ресторан Fahar,False,"- 34 903,00 ₸"
11,27.12.24,-1000.0,Перевод,Алия Б.,False,"- 1 000,00 ₸"
11,26.12.24,-19221.0,Покупка,Magnum Cash&Carry,False,"- 19 221,00 ₸"
11,25.12.24,-1770.0,Перевод,Эльнара К.,False,"- 1 770,00 ₸"
11,25.12.24,187527.0,Пополнение,Зарплата,False,"+ 187 527,00 ₸"
11,25.12.24,-200.0,Перевод,Кристина А.,False,"- 200,00 ₸"
11,24.12.24,-5750.0,Перевод,Оплата Kaspi Кредита,False,"- 5 750,00 ₸"
11,23.12.24,-135000.0,Покупка,Отбасы банк. Погашение кредита,False,"- 135 000,00 ₸"
11,22.12.24,-30742.66,Покупка,АЛСЕКО - квитанции за квартиру,False,"- 30 742,66 ₸"
12,22.12.24,-20000.0,Перевод,Ақбота Ж.,False,"- 20 000,00 ₸"
12,22.12.24,80000.0,Пополнение,Аида Ə.,False,"+ 80 000,00 ₸"
12,21.12.24,-1000.0,Перевод,Ержан Б.,False,"- 1 000,00 ₸"
12,21.12.24,-32592.0,Покупка,Kaspi Travel,False,"- 32 592,00 ₸"
12,19.12.24,-6000.0,Покупка,Санаторий Казахстан,False,"- 6 000,00 ₸"
12,18.12.24,-2200.0,Перевод,Лазат К.,False,"- 2 200,00 ₸"
12,18.12.24,-6000.0,Покупка,Санаторий Казахстан,False,"- 6 000,00 ₸"
12,17.12.24,100000.0,Пополнение,Аида Ə.,False,"+ 100 000,00 ₸"
12,16.12.24,-5000.0,Покупка,Мавзолей Ходжа Ахмеда Ясави,False,"- 5 000,00 ₸"
12,14.12.24,-10248.0,Покупка,Magnum Cash&Carry,False,"- 10 248,00 ₸"
12,14.12.24,50000.0,Пополнение,Асел Ж.,False,"+ 50 000,00 ₸"
12,14.12.24,-3500.0,Покупка,"Салон красоты  ""ALMA""",False,"- 3 500,00 ₸"
12,13.12.24,-14414.55,Покупка,АЛСЕКО - квитанции за квартиру,False,"- 14 414,55 ₸"
12,12.12.24,50000.0,Пополнение,Асел Ж.,False,"+ 50 000,00 ₸"
12,11.12.24,-8.49,Покупка,Долги по налогам,False,"- 8,49 ₸"
12,09.12.24,-110000.0,Перевод,На Kaspi Депозит,False,"- 110 000,00 ₸"
12,09.12.24,-78000.0,Покупка,Отбасы банк. Погашение кредита,False,"- 78 000,00 ₸"
12,08.12.24,200000.0,Пополнение,Динара К.,False,"+ 200 000,00 ₸"
12,08.12.24,-20000.0,Перевод,Олжас Ж.,False,"- 20 000,00 ₸"
12,07.12.24,20000.0,Пополнение,Ақбота Ж.,False,"+ 20 000,00 ₸"
12,06.12.24,-1000.0,Перевод,Ермухан М.,False,"- 1 000,00 ₸"
12,06.12.24,-1000.0,Перевод,Еркинбой А.,False,"- 1 000,00 ₸"
12,06.12.24,-8000.0,Покупка,CASE ROOM,False,"- 8 000,00 ₸"
12,06.12.24,-15000.0,Покупка,игрушки,False,"- 15 000,00 ₸"
12,06.12.24,-2740.0,Покупка,Долги по налогам,False,"- 2 740,00 ₸"
12,06.12.24,-100000.0,Перевод,Асел Ж.,False,"- 100 000,00 ₸"
12,05.12.24,-830.0,Покупка,Зенкова,False,"- 830,00 ₸"
12,05.12.24,-750.0,Покупка,Достык самса,False,"- 750,00 ₸"
12,05.12.24,-817.0,Покупка,Магазин Сага,False,"- 817,00 ₸"
12,04.12.24,-2000.0,Перевод,Акмарал А.,False,"- 2 000,00 ₸"
12,04.12.24,-4500.0,Перевод,Гулжахан З.,False,"- 4 500,00 ₸"
12,04.12.24,-3000.0,Перевод,Sharifkhoja M.,False,"- 3 000,00 ₸"
12,04.12.24,-1000.0,Перевод,Меруерт Б.,False,"- 1 000,00 ₸"
12,04.12.24,-6500.0,Покупка,такси,False,"- 6 500,00 ₸"
12,04.12.24,-9000.0,Перевод,Касым Н.,False,"- 9 000,00 ₸"
12,04.12.24,-500.0,Покупка,ОФ ҚАМҚОРШЫМ,False,"- 500,00 ₸"
12,03.12.24,-3000.0,Покупка,Activ,False,"- 3 000,00 ₸"
12,03.12.24,-1000.0,Покупка,Ип Цой.о.а,False,"- 1 000,00 ₸"
12,02.12.24,150000.0,Пополнение,Елена П.,False,"+ 150 000,00 ₸"
12,02.12.24,-4000.0,Покупка,Beeline,False,"- 4 000,00 ₸"
12,30.11.24,-1000.0,Перевод,Гульфия Ч.,False,"- 1 000,00 ₸"
12,30.11.24,-240000.0,Перевод,На Kaspi Депозит,False,"- 240 000,00 ₸"
12,30.11.24,100000.0,Пополнение,Асел Ж.,False,"+ 100 000,00 ₸"
12,29.11.24,-3500.0,Перевод,Aimila B.,False,"- 3 500,00 ₸"
12,29.11.24,-11000.0,Перевод,Нурзат М.,False,"- 11 000,00 ₸"
12,29.11.24,-1800.0,Перевод,Мерей А.,False,"- 1 800,00 ₸"
12,29.11.24,-1450.0,Покупка,Восток,False,"- 1 450,00 ₸"
13,29.11.24,-3000.0,Перевод,Ерханат А.,False,"- 3 000,00 ₸"
13,28.11.24,-7575.0,Покупка,SMALL,False,"- 7 575,00 ₸"
13,28.11.24,187606.0,Пополнение,Зарплата,False,"+ 187 606,00 ₸"
13,27.11.24,-1250.0,Перевод,Райхан С.,False,"- 1 250,00 ₸"
13,27.11.24,-765.0,Перевод,Райхан С.,False,"- 765,00 ₸"
13,27.11.24,-700.0,Перевод,Райхан С.,False,"- 700,00 ₸"
13,27.11.24,-2800.0,Покупка,Сымбат,False,"- 2 800,00 ₸"
13,27.11.24,-1000.0,Покупка,ONAY. Пополнение баланса,False,"- 1 000,00 ₸"
13,27.11.24,3000.0,Пополнение,Гаухар К.,False,"+ 3 000,00 ₸"
13,26.11.24,-2000.0,Перевод,Гульфия Ч.,False,"- 2 000,00 ₸"
13,26.11.24,-3000.0,Перевод,Гаухар К.,False,"- 3 000,00 ₸"
13,26.11.24,-135000.0,Покупка,Отбасы банк. Погашение кредита,False,"- 135 000,00 ₸"
13,26.11.24,140000.0,Пополнение,С Kaspi Депозита,False,"+ 140 000,00 ₸"
13,24.11.24,-330.0,Покупка,D&D маркет,False,"- 330,00 ₸"
13,23.11.24,-100000.0,Перевод,Асел Ж.,False,"- 100 000,00 ₸"
13,23.11.24,100000.0,Пополнение,С Kaspi Депозита,False,"+ 100 000,00 ₸"
13,21.11.24,-250000.0,Перевод,Нурбол Т.,False,"- 250 000,00 ₸"
13,20.11.24,250000.0,Пополнение,Махтал Қ.,False,"+ 250 000,00 ₸"
13,17.11.24,-600.0,Перевод,Замирбек С.,False,"- 600,00 ₸"
13,17.11.24,5000.0,Пополнение,Гаухар К.,False,"+ 5 000,00 ₸"
13,16.11.24,-173000.0,Перевод,На Kaspi Депозит,False,"- 173 000,00 ₸"
13,16.11.24,-5000.0,Перевод,Гаухар К.,False,"- 5 000,00 ₸"
13,16.11.24,-9327.89,Покупка,АЛСЕКО - квитанции за квартиру,False,"- 9 327,89 ₸"
13,16.11.24,-16479.65,Покупка,АЛСЕКО - квитанции за квартиру,False,"- 16 479,65 ₸"
13,16.11.24,177000.0,Пополнение,Аида Ə.,False,"+ 177 000,00 ₸"
13,15.11.24,20000.0,Пополнение,Нуржигит А.,False,"+ 20 000,00 ₸"
13,15.11.24,-1000.0,Перевод,Тоғжан Қ.,False,"- 1 000,00 ₸"
13,14.11.24,-5088.0,Покупка,SMALL,False,"- 5 088,00 ₸"
13,14.11.24,-130000.0,Перевод,На Kaspi Депозит,False,"- 130 000,00 ₸"
13,13.11.24,-6379.0,Покупка,Magnum Cash&Carry,False,"- 6 379,00 ₸"
13,13.11.24,150000.0,Пополнение,В Kaspi Банкомате,False,"+ 150 000,00 ₸"
13,12.11.24,-160000.0,Перевод,На Kaspi Депозит,False,"- 160 000,00 ₸"
13,12.11.24,-50000.0,Перевод,Асел Ж.,False,"- 50 000,00 ₸"
13,11.11.24,5000.0,Пополнение,Гульжамал А.,False,"+ 5 000,00 ₸"
13,09.11.24,-230.0,Покупка,Зенкова,False,"- 230,00 ₸"
13,08.11.24,200000.0,Пополнение,Динара К.,False,"+ 200 000,00 ₸"
13,08.11.24,-500.0,Перевод,Алия Б.,False,"- 500,00 ₸"
13,06.11.24,-78000.0,Покупка,Отбасы банк. Погашение кредита,False,"- 78 000,00 ₸"
13,06.11.24,50000.0,Пополнение,Асел Ж.,False,"+ 50 000,00 ₸"
13,05.11.24,25000.0,Пополнение,Ақбота Ж.,False,"+ 25 000,00 ₸"
13,04.11.24,-1.6,Покупка,Долги по налогам,False,"- 1,60 ₸"
13,04.11.24,-25000.0,Перевод,Ақбота Ж.,False,"- 25 000,00 ₸"
13,02.11.24,-2428.0,Покупка,JARDI RETAIL,False,"- 2 428,00 ₸"
13,02.11.24,30000.0,Пополнение,Асел Ж.,False,"+ 30 000,00 ₸"
13,02.11.24,-300.0,Покупка,Beeline,False,"- 300,00 ₸"
13,01.11.24,-135000.0,Перевод,На Kaspi Депозит,False,"- 135 000,00 ₸"
13,01.11.24,-30000.0,Перевод,Ақбота Ж.,False,"- 30 000,00 ₸"
14,01.11.24,-1000.0,Перевод,Улжалгас Р.,False,"- 1 000,00 ₸"
14,31.10.24,-3650.0,Покупка,Зенкова,False,"- 3 650,00 ₸"
14,31.10.24,-4000.0,Покупка,Beeline,False,"- 4 000,00 ₸"
14,30.10.24,-1640.0,Покупка,Долги по налогам,False,"- 1 640,00 ₸"
14,30.10.24,187684.0,Пополнение,Зарплата,False,"+ 187 684,00 ₸"
14,29.10.24,-6410.0,Покупка,ИП Саурамбаева Р.,False,"- 6 410,00 ₸"
14,29.10.24,-1995.0,Разное,Оплата за годовое обслуживание,False,"- 1 995,00 ₸"
14,28.10.24,-135000.0,Покупка,Отбасы банк. Погашение кредита,False,"- 135 000,00 ₸"
14,28.10.24,35000.0,Пополнение,С Kaspi Депозита,False,"+ 35 000,00 ₸"
14,25.10.24,-1765.0,Покупка,SMALL,False,"- 1 765,00 ₸"
14,21.10.24,-2590.0,Покупка,YANDEX.GO,False,"- 2 590,00 ₸"
14,21.10.24,20.0,Покупка,YANDEX.GO,True,"+ 20,00 ₸"
14,21.10.24,-20.0,Покупка,YANDEX.GO,True,"- 20,00 ₸"
14,21.10.24,-500.0,Покупка,ONAY. Пополнение баланса,False,"- 500,00 ₸"
14,20.10.24,-1000.0,Покупка,ONAY. Пополнение баланса,False,"- 1 000,00 ₸"
14,20.10.24,-300.0,Покупка,Beeline,False,"- 300,00 ₸"
14,19.10.24,105000.0,Пополнение,В Kaspi Банкомате,False,"+ 105 000,00 ₸"
14,18.10.24,-1980.0,Покупка,D&D маркет,False,"- 1 980,00 ₸"
14,18.10.24,7000.0,Пополнение,Алихан Қ.,False,"+ 7 000,00 ₸"
14,17.10.24,-1570.0,Покупка,Магазин Сага,False,"- 1 570,00 ₸"
14,16.10.24,-11500.0,Перевод,Айгерим Б.,False,"- 11 500,00 ₸"
14,11.10.24,-147000.0,Перевод,На Kaspi Депозит,False,"- 147 000,00 ₸"
14,11.10.24,-7154.16,Покупка,АЛСЕКО - квитанции за квартиру,False,"- 7 154,16 ₸"
14,11.10.24,-15713.02,Покупка,АЛСЕКО - квитанции за квартиру,False,"- 15 713,02 ₸"
14,11.10.24,176000.0,Пополнение,Аида Ə.,False,"+ 176 000,00 ₸"
14,09.10.24,-1980000.0,Перевод,На Kaspi Депозит,False,"- 1 980 000,00 ₸"
14,09.10.24,1980000.0,Пополнение,Асел Ж.,False,"+ 1 980 000,00 ₸"
14,09.10.24,-130000.0,Перевод,На Kaspi Депозит,False,"- 130 000,00 ₸"
14,07.10.24,-78000.0,Покупка,Отбасы банк. Погашение кредита,False,"- 78 000,00 ₸"
14,07.10.24,200000.0,Пополнение,Динара К.,False,"+ 200 000,00 ₸"
14,03.10.24,-905.0,Покупка,Магазин Сага,False,"- 905,00 ₸"
14,03.10.24,-1465.0,Покупка,ИП Жубаева,False,"- 1 465,00 ₸"
14,02.10.24,-200.0,Покупка,Beeline,False,"- 200,00 ₸"
14,02.10.24,-1000.0,Покупка,Beeline,False,"- 1 000,00 ₸"
14,02.10.24,-2800.0,Покупка,Beeline,False,"- 2 800,00 ₸"
14,01.10.24,-5.77,Покупка,Долги по налогам,False,"- 5,77 ₸"
14,01.10.24,-160000.0,Покупка,Отбасы банк. Пополнение депозита,False,"- 160 000,00 ₸"
14,30.09.24,-30000.0,Перевод,Ақбота Ж.,False,"- 30 000,00 ₸"
14,30.09.24,187762.0,Пополнение,Зарплата,False,"+ 187 762,00 ₸"
14,29.09.24,-340000.0,Покупка,Отбасы банк. Пополнение депозита,False,"- 340 000,00 ₸"
14,29.09.24,340000.0,Пополнение,Асел Ж.,False,"+ 340 000,00 ₸"
14,28.09.24,20000.0,Пополнение,Шарипа К.,False,"+ 20 000,00 ₸"
14,28.09.24,-3940.0,Покупка,Долги по налогам,False,"- 3 940,00 ₸"
14,27.09.24,-340000.0,Перевод,Асел Ж.,False,"- 340 000,00 ₸"
14,27.09.24,340000.0,Пополнение,С Kaspi Депозита,False,"+ 340 000,00 ₸"
14,26.09.24,-5405.0,Покупка,SMALL,False,"- 5 405,00 ₸"
14,25.09.24,-13386.31,Покупка,АЛСЕКО - квитанции за квартиру,False,"- 13 386,31 ₸"
15,25.09.24,-135000.0,Покупка,Отбасы банк. Погашение кредита,False,"- 135 000,00 ₸"
15,25.09.24,150000.0,Пополнение,С Kaspi Депозита,False,"+ 150 000,00 ₸"
15,25.09.24,-4833.0,Покупка,SMALL,False,"- 4 833,00 ₸"
15,24.09.24,-280.0,Покупка,Зенкова,False,"- 280,00 ₸"
15,22.09.24,-6500.0,Перевод,Райхан Т.,False,"- 6 500,00 ₸"
