﻿page,date,amount,operation,details,clock_icon,amount_text
0,29.09.25,-14990.0,Покупка,Beeline Интернет дома,False,"- 14 990,00 ₸"
0,28.09.25,-110.0,Покупка,Avtobys. Оплата проезда по QR,False,"- 110,00 ₸"
0,28.09.25,-110.0,Покупка,Avtobys. Оплата проезда по QR,False,"- 110,00 ₸"
0,27.09.25,-400.0,Покупка,ИП КАРАБЕКОВА,False,"- 400,00 ₸"
0,27.09.25,-18000.0,Перевод,Сабира Р.,False,"- 18 000,00 ₸"
0,27.09.25,-7400.0,Перевод,Сауле А.,False,"- 7 400,00 ₸"
0,27.09.25,-1860.0,Покупка,Rondo отдел связной,False,"- 1 860,00 ₸"
0,26.09.25,-7045.0,Покупка,FIX PRICE,False,"- 7 045,00 ₸"
0,24.09.25,-3450.0,Покупка,Кулан Косметика,False,"- 3 450,00 ₸"
0,23.09.25,-5762.0,Покупка,LAKOMKA SHOP,False,"- 5 762,00 ₸"
0,23.09.25,-41500.0,Перевод,Күлəн М.,False,"- 41 500,00 ₸"
0,23.09.25,191000.0,Пополнение,С карты другого банка,False,"+ 191 000,00 ₸"
0,22.09.25,-8385.8,Покупка,ЭПК-forfait (ЭПК-форфайт). Физические лица,False,"- 8 385,80 ₸"
0,22.09.25,-5950.0,Покупка,Взносы на обязательное соц.мед.страхование для ИП,False,"- 5 950,00 ₸"
0,22.09.25,-4250.0,Покупка,Cоциальные отчисления,False,"- 4 250,00 ₸"
0,22.09.25,-8500.0,Покупка,Обязательные пенсионные взносы,False,"- 8 500,00 ₸"
0,22.09.25,-13065.0,Перевод,Оплата Kaspi Кредита,False,"- 13 065,00 ₸"
0,21.09.25,-3000.0,Покупка,Beeline,False,"- 3 000,00 ₸"
0,21.09.25,71000.0,Пополнение,Со своего Счета в Kaspi Pay,False,"+ 71 000,00 ₸"
0,21.09.25,-3297.0,Покупка,FIX PRICE,False,"- 3 297,00 ₸"
0,20.09.25,-4247.0,Покупка,"TOO ""AYAN-OZAT""",False,"- 4 247,00 ₸"
1,17.09.25,-1310.42,Покупка,QAZAQGAZ AIMAQ Костанай,False,"- 1 310,42 ₸"
1,17.09.25,-71300.0,Перевод,Zulfiia Rashidovna M.,False,"- 71 300,00 ₸"
1,17.09.25,21000.0,Пополнение,Со своего Счета в Kaspi Pay,False,"+ 21 000,00 ₸"
1,16.09.25,-2100.0,Покупка,PRODUKTY SHOP,False,"- 2 100,00 ₸"
1,16.09.25,3500.0,Пополнение,Александр С.,False,"+ 3 500,00 ₸"
1,15.09.25,-300000.0,Перевод,На Kaspi Депозит,False,"- 300 000,00 ₸"
1,15.09.25,316000.0,Пополнение,С карты другого банка,False,"+ 316 000,00 ₸"
1,14.09.25,-443.71,Разное,Комиссия за перевод на карту др. банка,False,"- 443,71 ₸"
1,14.09.25,-46706.0,Перевод,На карту другого банка HCB Kazakhstan JSC,False,"- 46 706,00 ₸"
1,14.09.25,73000.0,Пополнение,Со своего Счета в Kaspi Pay,False,"+ 73 000,00 ₸"
1,12.09.25,-1232.0,Покупка,FIX PRICE,False,"- 1 232,00 ₸"
1,12.09.25,-3395.0,Покупка,LAKOMKA SHOP,False,"- 3 395,00 ₸"
1,12.09.25,-1415.0,Покупка,PRODUKTY SHOP,False,"- 1 415,00 ₸"
1,11.09.25,-5000.0,Покупка,magicenergy,False,"- 5 000,00 ₸"
1,11.09.25,3000.0,Пополнение,Айнур С.,False,"+ 3 000,00 ₸"
1,09.09.25,3200.0,Пополнение,Махаббат С.,False,"+ 3 200,00 ₸"
1,09.09.25,-11000.0,Покупка,Стретчинг,False,"- 11 000,00 ₸"
1,07.09.25,-30770.0,Перевод,Айбек Қ.,False,"- 30 770,00 ₸"
1,07.09.25,55000.0,Пополнение,Со своего Счета в Kaspi Pay,False,"+ 55 000,00 ₸"
1,05.09.25,-2640.0,Покупка,WILDBERRIES,False,"- 2 640,00 ₸"
1,05.09.25,5325.0,Пополнение,Алина М.,False,"+ 5 325,00 ₸"
1,04.09.25,-157700.0,Покупка,KRISTALL AHMUS,False,"- 157 700,00 ₸"
1,04.09.25,140000.0,Пополнение,С карты другого банка,False,"+ 140 000,00 ₸"
1,31.08.25,-100000.0,Покупка,Отбасы банк. Пополнение депозита,False,"- 100 000,00 ₸"
1,31.08.25,37000.0,Пополнение,Со своего Счета в Kaspi Pay,False,"+ 37 000,00 ₸"
1,31.08.25,-14990.0,Покупка,Beeline Интернет дома,False,"- 14 990,00 ₸"
1,29.08.25,-29165.0,Перевод,Дильфуза Т.,False,"- 29 165,00 ₸"
1,28.08.25,-16660.0,Покупка,ONUSH,False,"- 16 660,00 ₸"
1,28.08.25,-5881.0,Покупка,IP YUCHSHENKO INNA SERGEEVN,False,"- 5 881,00 ₸"
1,28.08.25,-2905.0,Покупка,KHALIMOV S.A. PC,False,"- 2 905,00 ₸"
1,27.08.25,-250000.0,Перевод,Ильяс К.,False,"- 250 000,00 ₸"
1,27.08.25,290000.0,Пополнение,С карты другого банка,False,"+ 290 000,00 ₸"
1,27.08.25,116000.0,Пополнение,Со своего Счета в Kaspi Pay,False,"+ 116 000,00 ₸"
1,27.08.25,350.0,Пополнение,Альбина М.,False,"+ 350,00 ₸"
1,23.08.25,-1000.0,Покупка,ИП ШАДЕНОВА,False,"- 1 000,00 ₸"
1,23.08.25,-750.0,Покупка,Жер су,False,"- 750,00 ₸"
1,23.08.25,-5950.0,Покупка,Взносы на обязательное соц.мед.страхование для ИП,False,"- 5 950,00 ₸"
1,23.08.25,-4250.0,Покупка,Cоциальные отчисления,False,"- 4 250,00 ₸"
1,23.08.25,-8500.0,Покупка,Обязательные пенсионные взносы,False,"- 8 500,00 ₸"
1,23.08.25,-13065.0,Перевод,Оплата Kaspi Кредита,False,"- 13 065,00 ₸"
1,22.08.25,-786.4,Покупка,Госпошлина за получение документов,False,"- 786,40 ₸"
1,22.08.25,-85680.0,Перевод,Айбек Қ.,False,"- 85 680,00 ₸"
1,22.08.25,100000.0,Пополнение,С карты другого банка,False,"+ 100 000,00 ₸"
1,21.08.25,-38830.0,Перевод,Күлəн М.,False,"- 38 830,00 ₸"
1,19.08.25,20000.0,Пополнение,Сабира Р.,False,"+ 20 000,00 ₸"
1,19.08.25,800.0,Пополнение,Асем К.,False,"+ 800,00 ₸"
1,19.08.25,2500.0,Пополнение,Жанат Х.,False,"+ 2 500,00 ₸"
2,19.08.25,2000.0,Пополнение,Ангелина Т.,False,"+ 2 000,00 ₸"
2,19.08.25,2400.0,Пополнение,Надежда П.,False,"+ 2 400,00 ₸"
2,19.08.25,1900.0,Пополнение,Турсункуль М.,False,"+ 1 900,00 ₸"
2,19.08.25,600.0,Пополнение,Азамат А.,False,"+ 600,00 ₸"
2,19.08.25,2200.0,Пополнение,Гулмира Н.,False,"+ 2 200,00 ₸"
2,18.08.25,10000.0,Пополнение,Юлия Ш.,False,"+ 10 000,00 ₸"
2,17.08.25,-300.0,Перевод,Вера К.,False,"- 300,00 ₸"
2,17.08.25,3000.0,Пополнение,Несибели К.,False,"+ 3 000,00 ₸"
2,17.08.25,3000.0,Пополнение,Азамат К.,False,"+ 3 000,00 ₸"
2,17.08.25,4000.0,Пополнение,Фарида Н.,False,"+ 4 000,00 ₸"
2,15.08.25,-2364.15,Покупка,QAZAQGAZ AIMAQ Костанай,False,"- 2 364,15 ₸"
2,15.08.25,-3609.28,Покупка,РЦКУ-Костанай,False,"- 3 609,28 ₸"
2,15.08.25,5000.0,Пополнение,Ильяс К.,False,"+ 5 000,00 ₸"
2,15.08.25,-5000.0,Перевод,Ильяс К.,False,"- 5 000,00 ₸"
2,14.08.25,-443.71,Разное,Комиссия за перевод на карту др. банка,False,"- 443,71 ₸"
2,14.08.25,-46706.0,Перевод,На карту другого банка HCB Kazakhstan JSC,False,"- 46 706,00 ₸"
2,14.08.25,1456.0,Покупка,AVTOBUS-KOSTANAY.KZ,False,"+ 1 456,00 ₸"
2,13.08.25,21000.0,Пополнение,Со своего Счета в Kaspi Pay,False,"+ 21 000,00 ₸"
2,12.08.25,-18000.0,Перевод,Динара Т.,False,"- 18 000,00 ₸"
2,12.08.25,-3000.0,Перевод,Kabatullo D.,False,"- 3 000,00 ₸"
2,12.08.25,-2800.0,Покупка,Магазин Избушка,False,"- 2 800,00 ₸"
2,12.08.25,-164750.0,Перевод,Айгуль М.,False,"- 164 750,00 ₸"
2,12.08.25,200000.0,Пополнение,С карты другого банка,False,"+ 200 000,00 ₸"
2,12.08.25,-900.0,Перевод,Сакен Ж.,False,"- 900,00 ₸"
2,11.08.25,-1350.0,Перевод,Самат Х.,False,"- 1 350,00 ₸"
2,11.08.25,-3932.0,Покупка,Налог для физ. лиц по реквизитам,False,"- 3 932,00 ₸"
2,11.08.25,-900.0,Перевод,Мереке Ш.,False,"- 900,00 ₸"
2,11.08.25,-100000.0,Снятие,Банкомат Otdelenie Kaspi.kz,False,"- 100 000,00 ₸"
2,11.08.25,99000.0,Пополнение,Со своего Счета в Kaspi Pay,False,"+ 99 000,00 ₸"
2,11.08.25,-900.0,Перевод,Юрий Г.,False,"- 900,00 ₸"
2,10.08.25,-2660.0,Покупка,AVTOBUS-KOSTANAY.KZ,False,"- 2 660,00 ₸"
2,09.08.25,-5000.0,Перевод,Алма И.,False,"- 5 000,00 ₸"
2,09.08.25,-500.0,Перевод,Кристина С.,False,"- 500,00 ₸"
2,08.08.25,-15000.0,Перевод,Кристина С.,False,"- 15 000,00 ₸"
2,07.08.25,2676.0,Пополнение,Асылбек Р.,False,"+ 2 676,00 ₸"
2,06.08.25,-11000.0,Покупка,Стретчинг,False,"- 11 000,00 ₸"
2,04.08.25,-1750.0,Перевод,Карина Ю.,False,"- 1 750,00 ₸"
2,31.07.25,57000.0,Пополнение,Со своего Счета в Kaspi Pay,False,"+ 57 000,00 ₸"
2,30.07.25,-3945.0,Покупка,FIX PRICE,False,"- 3 945,00 ₸"
2,30.07.25,-7485.0,Покупка,KHOROSHII SHOP,False,"- 7 485,00 ₸"
2,30.07.25,-1675.0,Покупка,KHOROSHII SHOP,False,"- 1 675,00 ₸"
2,30.07.25,-5250.0,Покупка,KHOROSHII SHOP,False,"- 5 250,00 ₸"
2,30.07.25,4225.0,Пополнение,Асем К.,False,"+ 4 225,00 ₸"
2,29.07.25,-20.0,Покупка,WILDBERRIES,False,"- 20,00 ₸"
2,29.07.25,-8748.0,Покупка,TOO ZABOTA COMPANY LTD,False,"- 8 748,00 ₸"
2,29.07.25,-6300.0,Покупка,WILDBERRIES,False,"- 6 300,00 ₸"
2,29.07.25,1860.0,Пополнение,Ильяс К.,False,"+ 1 860,00 ₸"
3,29.07.25,-14990.0,Покупка,Beeline Интернет дома,False,"- 14 990,00 ₸"
3,29.07.25,-163000.0,Перевод,Ильяс К.,False,"- 163 000,00 ₸"
3,29.07.25,200000.0,Пополнение,С карты другого банка,False,"+ 200 000,00 ₸"
3,26.07.25,-101290.0,Перевод,Күлəн М.,False,"- 101 290,00 ₸"
3,26.07.25,31000.0,Пополнение,Со своего Счета в Kaspi Pay,False,"+ 31 000,00 ₸"
3,25.07.25,-4000.0,Покупка,Tele2,False,"- 4 000,00 ₸"
3,24.07.25,-2000.0,Перевод,Кристина С.,False,"- 2 000,00 ₸"
3,22.07.25,-8500.0,Покупка,Обязательные пенсионные взносы,False,"- 8 500,00 ₸"
3,22.07.25,-8500.0,Покупка,Обязательные пенсионные взносы,False,"- 8 500,00 ₸"
3,22.07.25,-4250.0,Покупка,Cоциальные отчисления,False,"- 4 250,00 ₸"
3,22.07.25,-4250.0,Покупка,Cоциальные отчисления,False,"- 4 250,00 ₸"
3,22.07.25,-5950.0,Покупка,Взносы на обязательное соц.мед.страхование для ИП,False,"- 5 950,00 ₸"
3,22.07.25,-5950.0,Покупка,Взносы на обязательное соц.мед.страхование для ИП,False,"- 5 950,00 ₸"
3,22.07.25,-13065.0,Перевод,Оплата Kaspi Кредита,False,"- 13 065,00 ₸"
3,22.07.25,-128850.0,Перевод,Турсын М.,False,"- 128 850,00 ₸"
3,22.07.25,218000.0,Пополнение,С карты другого банка,False,"+ 218 000,00 ₸"
3,21.07.25,42000.0,Пополнение,Со своего Счета в Kaspi Pay,False,"+ 42 000,00 ₸"
3,20.07.25,-500.0,Перевод,Елена К.,False,"- 500,00 ₸"
3,20.07.25,-960.0,Покупка,ИП АЯУЛЫ,False,"- 960,00 ₸"
3,20.07.25,-110.0,Покупка,Avtobys. Оплата проезда по QR,False,"- 110,00 ₸"
3,20.07.25,-1500.0,Перевод,Самиға Д.,False,"- 1 500,00 ₸"
3,20.07.25,-110.0,Покупка,Avtobys. Оплата проезда по QR,False,"- 110,00 ₸"
3,19.07.25,-1910.0,Покупка,Аптека  13 Гиппократ,False,"- 1 910,00 ₸"
3,19.07.25,-3700.0,Покупка,ИП АЯУЛЫ,False,"- 3 700,00 ₸"
3,19.07.25,-1250.0,Покупка,Аптека  13 Гиппократ,False,"- 1 250,00 ₸"
3,19.07.25,-2980.0,Покупка,Ип Нуралина,False,"- 2 980,00 ₸"
3,19.07.25,-3765.0,Перевод,Нуржан А.,False,"- 3 765,00 ₸"
3,19.07.25,-1978.0,Покупка,ИПАЛУА,False,"- 1 978,00 ₸"
3,19.07.25,-4900.0,Покупка,месной магазин,False,"- 4 900,00 ₸"
3,19.07.25,-110.0,Покупка,Avtobys. Оплата проезда по QR,False,"- 110,00 ₸"
3,19.07.25,-110.0,Покупка,Avtobys. Оплата проезда по QR,False,"- 110,00 ₸"
3,19.07.25,-1500.0,Покупка,Казахтелеком ОФД по лицевому счету,False,"- 1 500,00 ₸"
3,17.07.25,-110.0,Покупка,Avtobys. Оплата проезда по QR,False,"- 110,00 ₸"
3,17.07.25,-2500.0,Покупка,Tap-Tatti Aruzhan,False,"- 2 500,00 ₸"
3,17.07.25,-2290.0,Покупка,SInsay,False,"- 2 290,00 ₸"
3,17.07.25,-110.0,Покупка,Avtobys. Оплата проезда по QR,False,"- 110,00 ₸"
3,16.07.25,-58510.0,Перевод,Наргиза З.,False,"- 58 510,00 ₸"
3,16.07.25,-470.0,Покупка,ИП АЯУЛЫ,False,"- 470,00 ₸"
3,16.07.25,55000.0,Пополнение,Со своего Счета в Kaspi Pay,False,"+ 55 000,00 ₸"
3,16.07.25,-110.0,Покупка,Avtobys. Оплата проезда по QR,False,"- 110,00 ₸"
3,16.07.25,-600.0,Покупка,BOOZA 7 континент,False,"- 600,00 ₸"
3,16.07.25,-110.0,Покупка,Avtobys. Оплата проезда по QR,False,"- 110,00 ₸"
3,15.07.25,-7556.0,Покупка,ТОО Kaspi Travel,False,"- 7 556,00 ₸"
3,13.07.25,-443.71,Разное,Комиссия за перевод на карту др. банка,False,"- 443,71 ₸"
3,13.07.25,-46706.0,Перевод,На карту другого банка HCB Kazakhstan JSC,False,"- 46 706,00 ₸"
3,12.07.25,-1000.0,Покупка,Alanda Tau Group,False,"- 1 000,00 ₸"
3,12.07.25,-930.0,Покупка,ИП Оралов,False,"- 930,00 ₸"
4,12.07.25,-110.0,Покупка,Avtobys. Оплата проезда по QR,False,"- 110,00 ₸"
4,12.07.25,-110.0,Покупка,Avtobys. Оплата проезда по QR,False,"- 110,00 ₸"
4,12.07.25,-110.0,Покупка,Avtobys. Оплата проезда по QR,False,"- 110,00 ₸"
4,11.07.25,7500.0,Пополнение,Ерлан Ж.,False,"+ 7 500,00 ₸"
4,11.07.25,36300.0,Пополнение,Ерлан Ж.,False,"+ 36 300,00 ₸"
4,10.07.25,-200.0,Перевод,Вера К.,False,"- 200,00 ₸"
4,09.07.25,-4250.0,Покупка,"Взносы на обязательное соц.мед.страхование, для",False,"- 4 250,00 ₸"
4,09.07.25,-4250.0,Покупка,"Взносы на обязательное соц.мед.страхование, для",False,"- 4 250,00 ₸"
4,09.07.25,-4250.0,Покупка,"Взносы на обязательное соц.мед.страхование, для",False,"- 4 250,00 ₸"
4,09.07.25,-4250.0,Покупка,"Взносы на обязательное соц.мед.страхование, для",False,"- 4 250,00 ₸"
4,09.07.25,-4250.0,Покупка,"Взносы на обязательное соц.мед.страхование, для",False,"- 4 250,00 ₸"
4,09.07.25,-4250.0,Покупка,"Взносы на обязательное соц.мед.страхование, для",False,"- 4 250,00 ₸"
4,09.07.25,-4250.0,Покупка,"Взносы на обязательное соц.мед.страхование, для",False,"- 4 250,00 ₸"
4,09.07.25,-4250.0,Покупка,"Взносы на обязательное соц.мед.страхование, для",False,"- 4 250,00 ₸"
4,09.07.25,-4250.0,Покупка,"Взносы на обязательное соц.мед.страхование, для",False,"- 4 250,00 ₸"
4,09.07.25,-4250.0,Покупка,"Взносы на обязательное соц.мед.страхование, для",False,"- 4 250,00 ₸"
4,09.07.25,-4250.0,Покупка,"Взносы на обязательное соц.мед.страхование, для",False,"- 4 250,00 ₸"
4,09.07.25,-4250.0,Покупка,"Взносы на обязательное соц.мед.страхование, для",False,"- 4 250,00 ₸"
4,09.07.25,-23216.0,Покупка,TOO ZABOTA COMPANY LTD,False,"- 23 216,00 ₸"
4,09.07.25,113000.0,Пополнение,Со своего Счета в Kaspi Pay,False,"+ 113 000,00 ₸"
4,07.07.25,-37401.0,Покупка,Faberlic,False,"- 37 401,00 ₸"
4,06.07.25,-2790.0,Покупка,WILDBERRIES,False,"- 2 790,00 ₸"
4,06.07.25,-9000.0,Перевод,Сабира Р.,False,"- 9 000,00 ₸"
4,06.07.25,-200000.0,Перевод,Олеся Я.,False,"- 200 000,00 ₸"
4,06.07.25,200000.0,Пополнение,С карты другого банка,False,"+ 200 000,00 ₸"
4,30.06.25,-80000.0,Покупка,Отбасы банк. Пополнение депозита,False,"- 80 000,00 ₸"
4,30.06.25,147000.0,Пополнение,С карты другого банка,False,"+ 147 000,00 ₸"
4,30.06.25,-19717.6,Покупка,ЭПК-forfait (ЭПК-форфайт). Физические лица,False,"- 19 717,60 ₸"
4,29.06.25,-1510.0,Покупка,WILDBERRIES,False,"- 1 510,00 ₸"
4,27.06.25,-169000.0,Перевод,Айгуль М.,False,"- 169 000,00 ₸"
4,27.06.25,36000.0,Пополнение,Со своего Счета в Kaspi Pay,False,"+ 36 000,00 ₸"
4,26.06.25,27290.0,Пополнение,Наиль Ж.,False,"+ 27 290,00 ₸"
4,24.06.25,-750.0,Покупка,Жер су,False,"- 750,00 ₸"
4,22.06.25,-8330.0,Покупка,ИП Ермакова Н.В,False,"- 8 330,00 ₸"
4,22.06.25,-80322.0,Покупка,Рудный Аромика,False,"- 80 322,00 ₸"
5,22.06.25,216000.0,Пополнение,Со своего Счета в Kaspi Pay,False,"+ 216 000,00 ₸"
5,21.06.25,1200.0,Пополнение,Асылбек Р.,False,"+ 1 200,00 ₸"
5,19.06.25,2680.0,Пополнение,Раушан Б.,False,"+ 2 680,00 ₸"
5,19.06.25,-1000.0,Покупка,Beeline,False,"- 1 000,00 ₸"
5,19.06.25,-1000.0,Покупка,Beeline,False,"- 1 000,00 ₸"
5,17.06.25,2000.0,Пополнение,Алина Д.,False,"+ 2 000,00 ₸"
5,14.06.25,-443.71,Разное,Комиссия за перевод на карту др. банка,False,"- 443,71 ₸"
5,14.06.25,-46706.0,Перевод,На карту другого банка HCB Kazakhstan JSC,False,"- 46 706,00 ₸"
5,13.06.25,-4500.0,Перевод,Алина М.,False,"- 4 500,00 ₸"
5,13.06.25,-5500.0,Перевод,Алина М.,False,"- 5 500,00 ₸"
5,12.06.25,-110200.0,Покупка,KRISTALL AHMUS,False,"- 110 200,00 ₸"
5,12.06.25,150000.0,Пополнение,С карты другого банка,False,"+ 150 000,00 ₸"
5,12.06.25,-3803.12,Покупка,QAZAQGAZ AIMAQ Костанай,False,"- 3 803,12 ₸"
5,12.06.25,2700.0,Пополнение,Раушан Б.,False,"+ 2 700,00 ₸"
5,09.06.25,300.0,Пополнение,Айгуль Ж.,False,"+ 300,00 ₸"
5,09.06.25,1500.0,Пополнение,Асылбек Р.,False,"+ 1 500,00 ₸"
5,08.06.25,-873.0,Перевод,Аруна Д.,False,"- 873,00 ₸"
5,08.06.25,-582.0,Перевод,Аруна Д.,False,"- 582,00 ₸"
5,06.06.25,-2000.0,Покупка,Платные дороги. QazAvtoJol,False,"- 2 000,00 ₸"
5,05.06.25,-300.0,Покупка,WILDBERRIES,False,"- 300,00 ₸"
5,05.06.25,-8840.0,Покупка,WILDBERRIES,False,"- 8 840,00 ₸"
5,05.06.25,6200.0,Пополнение,Ляйлим К.,False,"+ 6 200,00 ₸"
5,04.06.25,-300000.0,Перевод,На Kaspi Депозит,False,"- 300 000,00 ₸"
5,04.06.25,43000.0,Пополнение,Со своего Счета в Kaspi Pay,False,"+ 43 000,00 ₸"
5,04.06.25,-74540.0,Перевод,Күлəн М.,False,"- 74 540,00 ₸"
5,04.06.25,340000.0,Пополнение,С карты другого банка,False,"+ 340 000,00 ₸"
5,31.05.25,-80000.0,Покупка,Отбасы банк. Пополнение депозита,False,"- 80 000,00 ₸"
5,31.05.25,29000.0,Пополнение,Со своего Счета в Kaspi Pay,False,"+ 29 000,00 ₸"
5,31.05.25,-750.0,Покупка,Жер су,False,"- 750,00 ₸"
5,30.05.25,-5012.0,Покупка,Beeline Интернет дома,False,"- 5 012,00 ₸"
5,30.05.25,-5950.0,Покупка,Взносы на обязательное соц.мед.страхование для ИП,False,"- 5 950,00 ₸"
5,30.05.25,-7285.23,Покупка,ЭПК-forfait (ЭПК-форфайт). Физические лица,False,"- 7 285,23 ₸"
5,26.05.25,-20000.0,Перевод,Сабира Р.,False,"- 20 000,00 ₸"
5,25.05.25,100000.0,Пополнение,Ирина Т.,False,"+ 100 000,00 ₸"
5,25.05.25,-4250.0,Покупка,Cоциальные отчисления,False,"- 4 250,00 ₸"
5,25.05.25,-8500.0,Покупка,Обязательные пенсионные взносы,False,"- 8 500,00 ₸"
5,25.05.25,12000.0,Пополнение,Со своего Счета в Kaspi Pay,False,"+ 12 000,00 ₸"
5,24.05.25,3000.0,Пополнение,Надежда К.,False,"+ 3 000,00 ₸"
5,24.05.25,1000.0,Пополнение,Венера К.,False,"+ 1 000,00 ₸"
5,23.05.25,-110.0,Покупка,Avtobys. Оплата проезда по QR,False,"- 110,00 ₸"
5,23.05.25,-300.0,Покупка,ИП АНДЕШЕВА,False,"- 300,00 ₸"
5,23.05.25,-2160.0,Перевод,Аида Б.,False,"- 2 160,00 ₸"
5,23.05.25,-1800.0,Перевод,Нуркелди П.,False,"- 1 800,00 ₸"
5,22.05.25,-33782.0,Перевод,Лариса И.,False,"- 33 782,00 ₸"
5,22.05.25,-27550.0,Покупка,Цветочная ферма ASMI,False,"- 27 550,00 ₸"
5,22.05.25,43000.0,Пополнение,С карты другого банка,False,"+ 43 000,00 ₸"
5,22.05.25,15000.0,Пополнение,Со своего Счета в Kaspi Pay,False,"+ 15 000,00 ₸"
6,21.05.25,-800.0,Перевод,Айдын Д.,False,"- 800,00 ₸"
6,21.05.25,140.0,Пополнение,Куандык М.,False,"+ 140,00 ₸"
6,20.05.25,-18000.0,Перевод,Сабира Р.,False,"- 18 000,00 ₸"
6,20.05.25,-110.0,Покупка,Avtobys. Оплата проезда по QR,False,"- 110,00 ₸"
6,20.05.25,-110.0,Покупка,Avtobys. Оплата проезда по QR,False,"- 110,00 ₸"
6,18.05.25,-9000.0,Покупка,Фото 1,False,"- 9 000,00 ₸"
6,18.05.25,30000.0,Пополнение,Со своего Счета в Kaspi Pay,False,"+ 30 000,00 ₸"
6,18.05.25,-2700.0,Покупка,DINARA N3,False,"- 2 700,00 ₸"
6,18.05.25,-80.0,Покупка,Встреча,False,"- 80,00 ₸"
6,18.05.25,-110.0,Покупка,Avtobys. Оплата проезда по QR,False,"- 110,00 ₸"
6,18.05.25,-110.0,Покупка,Avtobys. Оплата проезда по QR,False,"- 110,00 ₸"
6,17.05.25,-110.0,Покупка,Avtobys. Оплата проезда по QR,False,"- 110,00 ₸"
6,17.05.25,-110.0,Покупка,Avtobys. Оплата проезда по QR,False,"- 110,00 ₸"
6,17.05.25,-9800.0,Покупка,Delish Туркестан,False,"- 9 800,00 ₸"
6,17.05.25,-110.0,Покупка,Avtobys. Оплата проезда по QR,False,"- 110,00 ₸"
6,17.05.25,-110.0,Покупка,Avtobys. Оплата проезда по QR,False,"- 110,00 ₸"
6,16.05.25,-110.0,Покупка,Avtobys. Оплата проезда по QR,False,"- 110,00 ₸"
6,16.05.25,-110.0,Покупка,Avtobys. Оплата проезда по QR,False,"- 110,00 ₸"
6,16.05.25,-3000.0,Перевод,Болатбек И.,False,"- 3 000,00 ₸"
6,15.05.25,-1200.0,Покупка,ИП КАРАБЕКОВА,False,"- 1 200,00 ₸"
6,15.05.25,5000.0,Пополнение,Гульмира Ж.,False,"+ 5 000,00 ₸"
6,15.05.25,1725.0,Пополнение,Несибели К.,False,"+ 1 725,00 ₸"
6,14.05.25,2225.0,Пополнение,Алина М.,False,"+ 2 225,00 ₸"
6,14.05.25,-443.71,Разное,Комиссия за перевод на карту др. банка,False,"- 443,71 ₸"
6,14.05.25,-46706.0,Перевод,На карту другого банка HCBCREDIT3,False,"- 46 706,00 ₸"
6,14.05.25,48000.0,Пополнение,Со своего Счета в Kaspi Pay,False,"+ 48 000,00 ₸"
6,13.05.25,-1000.0,Перевод,Вера К.,False,"- 1 000,00 ₸"
6,12.05.25,-1500.0,Покупка,Казахтелеком ОФД по лицевому счету,False,"- 1 500,00 ₸"
6,07.05.25,-22793.0,Покупка,Рудный Аромика,False,"- 22 793,00 ₸"
6,07.05.25,38000.0,Пополнение,Со своего Счета в Kaspi Pay,False,"+ 38 000,00 ₸"
6,06.05.25,2225.0,Пополнение,Сандугаш У.,False,"+ 2 225,00 ₸"
6,06.05.25,-2225.0,Перевод,Фарида Н.,False,"- 2 225,00 ₸"
6,03.05.25,2225.0,Пополнение,Махаббат С.,False,"+ 2 225,00 ₸"
6,03.05.25,-73870.0,Перевод,Raziya T.,False,"- 73 870,00 ₸"
6,03.05.25,3000.0,Пополнение,Вера К.,False,"+ 3 000,00 ₸"
6,03.05.25,36000.0,Пополнение,С карты другого банка,False,"+ 36 000,00 ₸"
6,03.05.25,12000.0,Пополнение,Со своего Счета в Kaspi Pay,False,"+ 12 000,00 ₸"
6,02.05.25,-10000.0,Перевод,Raziya T.,False,"- 10 000,00 ₸"
6,02.05.25,-10800.0,Перевод,Гульнара И.,False,"- 10 800,00 ₸"
6,01.05.25,8800.0,Пополнение,Ляйлим К.,False,"+ 8 800,00 ₸"
6,30.04.25,-80000.0,Покупка,Отбасы банк. Пополнение депозита,False,"- 80 000,00 ₸"
6,30.04.25,43000.0,Пополнение,Со своего Счета в Kaspi Pay,False,"+ 43 000,00 ₸"
6,29.04.25,-14990.0,Покупка,Beeline Интернет дома,False,"- 14 990,00 ₸"
6,26.04.25,2225.0,Пополнение,Азамат К.,False,"+ 2 225,00 ₸"
6,26.04.25,2225.0,Пополнение,Асем К.,False,"+ 2 225,00 ₸"
6,26.04.25,2225.0,Пополнение,Фарида Н.,False,"+ 2 225,00 ₸"
6,25.04.25,-8000.0,Перевод,Дмитрий М.,False,"- 8 000,00 ₸"
7,25.04.25,-16600.0,Перевод,Дарья М.,False,"- 16 600,00 ₸"
7,25.04.25,1000.0,Пополнение,Руслан А.,False,"+ 1 000,00 ₸"
7,25.04.25,-123075.0,Перевод,Мариям В.,False,"- 123 075,00 ₸"
7,25.04.25,177000.0,Пополнение,Со своего Счета в Kaspi Pay,False,"+ 177 000,00 ₸"
7,25.04.25,-500000.0,Перевод,На Kaspi Депозит,False,"- 500 000,00 ₸"
7,25.04.25,500000.0,Пополнение,С карты другого банка,False,"+ 500 000,00 ₸"
7,25.04.25,-8500.0,Покупка,Обязательные пенсионные взносы,False,"- 8 500,00 ₸"
7,25.04.25,-4250.0,Покупка,Cоциальные отчисления,False,"- 4 250,00 ₸"
7,25.04.25,-5950.0,Покупка,Взносы на обязательное соц.мед.страхование для ИП,False,"- 5 950,00 ₸"
7,24.04.25,5300.0,Пополнение,Судаба А.,False,"+ 5 300,00 ₸"
7,24.04.25,-12500.0,Перевод,Сабира Р.,False,"- 12 500,00 ₸"
7,20.04.25,-2000.0,Покупка,Tele2,False,"- 2 000,00 ₸"
7,20.04.25,-4080.0,Покупка,WILDBERRIES,False,"- 4 080,00 ₸"
7,19.04.25,-53600.0,Перевод,Айбек Қ.,False,"- 53 600,00 ₸"
7,19.04.25,6300.0,Пополнение,Күлəн М.,False,"+ 6 300,00 ₸"
7,18.04.25,5000.0,Пополнение,Элеонора И.,False,"+ 5 000,00 ₸"
7,18.04.25,-4511.6,Покупка,РЦКУ-Костанай,False,"- 4 511,60 ₸"
7,18.04.25,-2000.0,Покупка,Beeline,False,"- 2 000,00 ₸"
7,17.04.25,-13250.0,Покупка,WILDBERRIES,False,"- 13 250,00 ₸"
7,17.04.25,-79480.0,Перевод,Күлəн М.,False,"- 79 480,00 ₸"
7,16.04.25,-7473.18,Покупка,ЭПК-forfait (ЭПК-форфайт). Физические лица,False,"- 7 473,18 ₸"
7,14.04.25,-443.71,Разное,Комиссия за перевод на карту др. банка,False,"- 443,71 ₸"
7,14.04.25,-46706.0,Перевод,На карту другого банка HCBCREDIT3,False,"- 46 706,00 ₸"
7,14.04.25,12750.0,Покупка,WILDBERRIES,True,"+ 12 750,00 ₸"
7,14.04.25,-2000.0,Перевод,Ксения Д.,False,"- 2 000,00 ₸"
7,14.04.25,-8000.0,Перевод,Ксения Д.,False,"- 8 000,00 ₸"
7,14.04.25,-12750.0,Покупка,WILDBERRIES,True,"- 12 750,00 ₸"
7,12.04.25,-1500.0,Покупка,Казахтелеком ОФД по лицевому счету,False,"- 1 500,00 ₸"
7,11.04.25,250.0,Пополнение,Ботагоз Б.,False,"+ 250,00 ₸"
7,10.04.25,-30000.0,Перевод,Сабира Р.,False,"- 30 000,00 ₸"
7,10.04.25,-23130.0,Покупка,WILDBERRIES,False,"- 23 130,00 ₸"
7,10.04.25,30000.0,Пополнение,Сабира Р.,False,"+ 30 000,00 ₸"
7,08.04.25,-1221.99,Покупка,MPOS YEN STORE11,False,"- 1 221,99 ₸"
7,07.04.25,-8536.87,Покупка,HKD VO THI MY PHUOC,False,"- 8 536,87 ₸"
7,07.04.25,-24183.42,Покупка,PRINCESS JEWELRY,False,"- 24 183,42 ₸"
7,06.04.25,-13248.68,Покупка,NGOC THACH MART 96,False,"- 13 248,68 ₸"
7,06.04.25,-16255.21,Покупка,MAT KINH HUY NHUNG,False,"- 16 255,21 ₸"
7,06.04.25,10000.0,Пополнение,Ляйлим К.,False,"+ 10 000,00 ₸"
7,03.04.25,-15267.21,Покупка,CUA HANG VINH TIEN -VND,False,"- 15 267,21 ₸"
7,31.03.25,-80000.0,Покупка,Отбасы банк. Пополнение депозита,False,"- 80 000,00 ₸"
7,30.03.25,-14507.0,Покупка,Beeline Интернет дома,False,"- 14 507,00 ₸"
8,27.03.25,-134000.0,Перевод,Сабира Р.,False,"- 134 000,00 ₸"
8,27.03.25,500000.0,Пополнение,С карты другого банка,False,"+ 500 000,00 ₸"
8,27.03.25,82000.0,Пополнение,Со своего Счета в Kaspi Pay,False,"+ 82 000,00 ₸"
8,27.03.25,-41000.0,Перевод,На свой Счет в Kaspi Pay,False,"- 41 000,00 ₸"
8,27.03.25,-2500.0,Перевод,Бактияр М.,False,"- 2 500,00 ₸"
8,25.03.25,-5950.0,Покупка,Взносы на обязательное соц.мед.страхование для ИП,False,"- 5 950,00 ₸"
8,25.03.25,-4250.0,Покупка,Cоциальные отчисления,False,"- 4 250,00 ₸"
8,25.03.25,-8500.0,Покупка,Обязательные пенсионные взносы,False,"- 8 500,00 ₸"
8,25.03.25,-30000.0,Перевод,Дмитрий М.,False,"- 30 000,00 ₸"
8,25.03.25,118000.0,Пополнение,Со своего Счета в Kaspi Pay,False,"+ 118 000,00 ₸"
8,19.03.25,-1820.0,Покупка,WILDBERRIES,False,"- 1 820,00 ₸"
8,19.03.25,-4200.0,Покупка,WILDBERRIES,False,"- 4 200,00 ₸"
8,19.03.25,-6000.0,Перевод,Вера К.,False,"- 6 000,00 ₸"
8,18.03.25,-1000.0,Покупка,Beeline,False,"- 1 000,00 ₸"
8,18.03.25,-63060.0,Перевод,Айбек Қ.,False,"- 63 060,00 ₸"
8,18.03.25,-20000.0,Перевод,Ксения Д.,False,"- 20 000,00 ₸"
8,17.03.25,1400.0,Пополнение,Алина М.,False,"+ 1 400,00 ₸"
8,17.03.25,-25491.0,Покупка,Налог на транспорт,False,"- 25 491,00 ₸"
8,17.03.25,-7590.7,Покупка,ЭПК-forfait (ЭПК-форфайт). Физические лица,False,"- 7 590,70 ₸"
8,17.03.25,-184000.0,Перевод,Елена В.,False,"- 184 000,00 ₸"
8,17.03.25,300000.0,Пополнение,С карты другого банка,False,"+ 300 000,00 ₸"
8,15.03.25,-12000.0,Перевод,Сабира Р.,False,"- 12 000,00 ₸"
8,15.03.25,-3000.0,Перевод,Калдыгуль Д.,False,"- 3 000,00 ₸"
8,14.03.25,-131075.0,Покупка,KRISTALL AHMUS,False,"- 131 075,00 ₸"
8,14.03.25,-2040.0,Перевод,Людмила П.,False,"- 2 040,00 ₸"
8,14.03.25,-300000.0,Покупка,Киви Тур,False,"- 300 000,00 ₸"
8,14.03.25,398000.0,Пополнение,Со своего Счета в Kaspi Pay,False,"+ 398 000,00 ₸"
8,13.03.25,5800.0,Пополнение,Танзиля А.,False,"+ 5 800,00 ₸"
8,13.03.25,1400.0,Пополнение,Азамат К.,False,"+ 1 400,00 ₸"
8,13.03.25,1400.0,Пополнение,Асем К.,False,"+ 1 400,00 ₸"
8,12.03.25,-600.0,Перевод,Вера К.,False,"- 600,00 ₸"
8,12.03.25,500.0,Пополнение,Кульзада А.,False,"+ 500,00 ₸"
8,11.03.25,-500.0,Перевод,Александр Т.,False,"- 500,00 ₸"
8,11.03.25,2000.0,Пополнение,Гулмира И.,False,"+ 2 000,00 ₸"
8,11.03.25,-4000.0,Перевод,Гульнара И.,False,"- 4 000,00 ₸"
8,09.03.25,-200.0,Перевод,Ксения Д.,False,"- 200,00 ₸"
8,09.03.25,-1500.0,Покупка,Казахтелеком ОФД по лицевому счету,False,"- 1 500,00 ₸"
8,08.03.25,-15000.0,Перевод,Сабира Р.,False,"- 15 000,00 ₸"
8,08.03.25,200.0,Пополнение,Рахия Х.,False,"+ 200,00 ₸"
8,08.03.25,-1780.0,Покупка,KASHKARBAYEVA ZH.A. PC,False,"- 1 780,00 ₸"
8,07.03.25,1300.0,Пополнение,Алтынай А.,False,"+ 1 300,00 ₸"
8,07.03.25,1300.0,Пополнение,Гулмира Н.,False,"+ 1 300,00 ₸"
8,07.03.25,900.0,Пополнение,Гулжанат Н.,False,"+ 900,00 ₸"
8,07.03.25,1400.0,Пополнение,Зарина Д.,False,"+ 1 400,00 ₸"
8,07.03.25,28000.0,Пополнение,Мария З.,False,"+ 28 000,00 ₸"
8,07.03.25,3000.0,Пополнение,Алия А.,False,"+ 3 000,00 ₸"
8,06.03.25,4000.0,Пополнение,Айгуль К.,False,"+ 4 000,00 ₸"
9,06.03.25,6000.0,Пополнение,Любовь Ж.,False,"+ 6 000,00 ₸"
9,06.03.25,7000.0,Пополнение,Галина Г.,False,"+ 7 000,00 ₸"
9,06.03.25,1400.0,Пополнение,Каролина Т.,False,"+ 1 400,00 ₸"
9,06.03.25,1800.0,Пополнение,Елена Т.,False,"+ 1 800,00 ₸"
9,06.03.25,3000.0,Пополнение,Гульдана К.,False,"+ 3 000,00 ₸"
9,05.03.25,-600.0,Перевод,Ксения Д.,False,"- 600,00 ₸"
9,04.03.25,-1796.0,Покупка,ТОО Забота Company LTD  96,False,"- 1 796,00 ₸"
9,04.03.25,-3810.0,Покупка,WILDBERRIES,False,"- 3 810,00 ₸"
9,03.03.25,700.0,Пополнение,Ксения Д.,False,"+ 700,00 ₸"
9,03.03.25,8000.0,Пополнение,С карты другого банка,False,"+ 8 000,00 ₸"
9,01.03.25,500.0,Пополнение,Елена Ш.,False,"+ 500,00 ₸"
9,28.02.25,-80000.0,Покупка,Отбасы банк. Пополнение депозита,False,"- 80 000,00 ₸"
9,28.02.25,63000.0,Пополнение,Со своего Счета в Kaspi Pay,False,"+ 63 000,00 ₸"
9,28.02.25,-59008.0,Перевод,На свой Счет в Kaspi Pay,False,"- 59 008,00 ₸"
9,28.02.25,59008.0,Пополнение,Со своего Счета в Kaspi Pay,False,"+ 59 008,00 ₸"
9,28.02.25,-6508.0,Покупка,Beeline Интернет дома,False,"- 6 508,00 ₸"
9,26.02.25,1700.0,Пополнение,Таншолпан И.,False,"+ 1 700,00 ₸"
9,25.02.25,-5950.0,Покупка,Взносы на обязательное соц.мед.страхование для ИП,False,"- 5 950,00 ₸"
9,25.02.25,-4250.0,Покупка,Cоциальные отчисления,False,"- 4 250,00 ₸"
9,25.02.25,-8500.0,Покупка,Обязательные пенсионные взносы,False,"- 8 500,00 ₸"
9,22.02.25,-46650.0,Перевод,Айбек Қ.,False,"- 46 650,00 ₸"
9,22.02.25,80000.0,Пополнение,С карты другого банка,False,"+ 80 000,00 ₸"
9,21.02.25,-38740.0,Покупка,Косметичка,False,"- 38 740,00 ₸"
9,21.02.25,-38800.0,Перевод,Гулнар П.,False,"- 38 800,00 ₸"
9,21.02.25,91000.0,Пополнение,Со своего Счета в Kaspi Pay,False,"+ 91 000,00 ₸"
9,20.02.25,-24754.0,Перевод,Шухан М.,False,"- 24 754,00 ₸"
9,19.02.25,-10000.0,Перевод,Шухан М.,False,"- 10 000,00 ₸"
9,18.02.25,-11.82,Покупка,Долги по налогам,False,"- 11,82 ₸"
9,18.02.25,12000.0,Пополнение,Елена К.,False,"+ 12 000,00 ₸"
9,17.02.25,-2533.06,Покупка,QAZAQGAZ AIMAQ Костанай,False,"- 2 533,06 ₸"
9,17.02.25,-10000.0,Перевод,Ксения Д.,False,"- 10 000,00 ₸"
9,16.02.25,2465.0,Пополнение,Сандугаш У.,False,"+ 2 465,00 ₸"
9,15.02.25,500.0,Пополнение,Жанар Б.,False,"+ 500,00 ₸"
9,12.02.25,10200.0,Пополнение,Елена К.,False,"+ 10 200,00 ₸"
9,11.02.25,1400.0,Пополнение,Махаббат С.,False,"+ 1 400,00 ₸"
9,11.02.25,-55883.0,Перевод,Лариса И.,False,"- 55 883,00 ₸"
9,11.02.25,69000.0,Пополнение,Со своего Счета в Kaspi Pay,False,"+ 69 000,00 ₸"
9,11.02.25,-6765.44,Покупка,ЭПК-forfait (ЭПК-форфайт). Физические лица,False,"- 6 765,44 ₸"
9,11.02.25,-3000.0,Покупка,ЭПК-forfait (ЭПК-форфайт). Физические лица,False,"- 3 000,00 ₸"
9,10.02.25,-750.0,Покупка,ип жер су,False,"- 750,00 ₸"
9,09.02.25,985.0,Пополнение,Махаббат С.,False,"+ 985,00 ₸"
9,09.02.25,965.0,Пополнение,Азамат К.,False,"+ 965,00 ₸"
9,09.02.25,965.0,Пополнение,Алина М.,False,"+ 965,00 ₸"
9,09.02.25,965.0,Пополнение,Фарида Н.,False,"+ 965,00 ₸"
9,09.02.25,965.0,Пополнение,Асем К.,False,"+ 965,00 ₸"
9,08.02.25,-10500.0,Перевод,Амир Б.,False,"- 10 500,00 ₸"
9,05.02.25,-1500.0,Покупка,Казахтелеком ОФД по лицевому счету,False,"- 1 500,00 ₸"
10,01.02.25,11000.0,Пополнение,Сабира Т.,False,"+ 11 000,00 ₸"
10,01.02.25,-11000.0,Перевод,Сабира Т.,False,"- 11 000,00 ₸"
10,01.02.25,-2600.0,Перевод,Мəдияр А.,False,"- 2 600,00 ₸"
10,01.02.25,-13500.0,Покупка,Супермаркет Ильяс,False,"- 13 500,00 ₸"
10,01.02.25,-17177.0,Покупка,Супермаркет GALMART,False,"- 17 177,00 ₸"
10,31.01.25,-80000.0,Покупка,Отбасы банк. Пополнение депозита,False,"- 80 000,00 ₸"
10,31.01.25,120000.0,Пополнение,С карты другого банка,False,"+ 120 000,00 ₸"
10,31.01.25,-1110.0,Перевод,Гульмира Ш.,False,"- 1 110,00 ₸"
10,31.01.25,-1320.0,Перевод,Берик Д.,False,"- 1 320,00 ₸"
10,31.01.25,-1400.0,Покупка,EUROPHARMA,False,"- 1 400,00 ₸"
10,31.01.25,-250.0,Покупка,EUROPHARMA,False,"- 250,00 ₸"
10,30.01.25,-1995.0,Разное,Оплата за годовое обслуживание,False,"- 1 995,00 ₸"
10,29.01.25,-50876.0,Перевод,Макентай К.,False,"- 50 876,00 ₸"
10,29.01.25,33000.0,Пополнение,Со своего Счета в Kaspi Pay,False,"+ 33 000,00 ₸"
10,29.01.25,-1220.0,Покупка,Кондитерская Ваниль Астана кафетерий,False,"- 1 220,00 ₸"
10,29.01.25,-1393.0,Покупка,Кондитерская Ваниль Астана кафетерий,False,"- 1 393,00 ₸"
10,28.01.25,-1686.0,Покупка,Магазин,False,"- 1 686,00 ₸"
10,26.01.25,-110.0,Покупка,Avtobys. Оплата проезда по QR,False,"- 110,00 ₸"
10,25.01.25,-8500.0,Покупка,Обязательные пенсионные взносы,False,"- 8 500,00 ₸"
10,25.01.25,-4250.0,Покупка,Cоциальные отчисления,False,"- 4 250,00 ₸"
10,25.01.25,-5950.0,Покупка,Взносы на обязательное соц.мед.страхование для ИП,False,"- 5 950,00 ₸"
10,24.01.25,-110.0,Покупка,Avtobys. Оплата проезда по QR,False,"- 110,00 ₸"
10,24.01.25,-250.0,Покупка,Avtobys. Пригород. Оплата проезда по QR,False,"- 250,00 ₸"
10,23.01.25,-117810.0,Покупка,KRISTALL AHMUS,False,"- 117 810,00 ₸"
10,23.01.25,100000.0,Пополнение,Со своего Счета в Kaspi Pay,False,"+ 100 000,00 ₸"
10,17.01.25,-51730.0,Перевод,Хамид Л.,False,"- 51 730,00 ₸"
10,17.01.25,-180000.0,Перевод,На Kaspi Депозит,False,"- 180 000,00 ₸"
10,17.01.25,-420000.0,Перевод,На Kaspi Депозит,False,"- 420 000,00 ₸"
10,17.01.25,600000.0,Пополнение,С карты другого банка,False,"+ 600 000,00 ₸"
10,16.01.25,-48908.0,Перевод,Алуа Ж.,False,"- 48 908,00 ₸"
10,15.01.25,-15000.0,Покупка,Beeline Интернет дома,False,"- 15 000,00 ₸"
10,15.01.25,-10000.0,Перевод,Алуа Ж.,False,"- 10 000,00 ₸"
10,14.01.25,-45070.0,Перевод,Айбек Қ.,False,"- 45 070,00 ₸"
10,14.01.25,254000.0,Пополнение,Со своего Счета в Kaspi Pay,False,"+ 254 000,00 ₸"
10,12.01.25,-2900.0,Покупка,WILDBERRIES,False,"- 2 900,00 ₸"
10,12.01.25,-38102.0,Покупка,"магазин ""У Татьяны""",False,"- 38 102,00 ₸"
10,11.01.25,-13430.0,Покупка,WILDBERRIES,False,"- 13 430,00 ₸"
10,11.01.25,8700.0,Пополнение,С карты другого банка,False,"+ 8 700,00 ₸"
10,06.01.25,-2000.0,Перевод,Татьяна Б.,False,"- 2 000,00 ₸"
10,05.01.25,-2880.0,Покупка,WILDBERRIES,False,"- 2 880,00 ₸"
10,03.01.25,-1500.0,Покупка,Казахтелеком ОФД по лицевому счету,False,"- 1 500,00 ₸"
10,31.12.24,2350.0,Пополнение,Даяна И.,False,"+ 2 350,00 ₸"
10,31.12.24,-30000.0,Перевод,Кульзада А.,False,"- 30 000,00 ₸"
10,31.12.24,5600.0,Пополнение,Андрей В.,False,"+ 5 600,00 ₸"
10,31.12.24,6500.0,Пополнение,Анастасия К.,False,"+ 6 500,00 ₸"
10,30.12.24,-30130.0,Перевод,Ренат Ю.,False,"- 30 130,00 ₸"
10,30.12.24,-5000.0,Перевод,Кимбат А.,False,"- 5 000,00 ₸"
11,30.12.24,-860.0,Перевод,Ксения Д.,False,"- 860,00 ₸"
11,30.12.24,-750.0,Покупка,ип жер су,False,"- 750,00 ₸"
11,30.12.24,4800.0,Пополнение,Гульбану Ж.,False,"+ 4 800,00 ₸"
11,30.12.24,-1350.0,Перевод,Ксения Д.,False,"- 1 350,00 ₸"
11,30.12.24,3000.0,Пополнение,Галина Г.,False,"+ 3 000,00 ₸"
11,30.12.24,27000.0,Пополнение,Гулзамира К.,False,"+ 27 000,00 ₸"
11,30.12.24,3200.0,Пополнение,Алия А.,False,"+ 3 200,00 ₸"
11,30.12.24,3200.0,Пополнение,Амира С.,False,"+ 3 200,00 ₸"
11,30.12.24,1000.0,Пополнение,Амира С.,False,"+ 1 000,00 ₸"
11,30.12.24,1250.0,Пополнение,Амира С.,False,"+ 1 250,00 ₸"
11,29.12.24,-2000.0,Перевод,Кимбат А.,False,"- 2 000,00 ₸"
11,29.12.24,-6600.0,Покупка,WILDBERRIES,False,"- 6 600,00 ₸"
11,29.12.24,76000.0,Пополнение,Со своего Счета в Kaspi Pay,False,"+ 76 000,00 ₸"
11,29.12.24,-4500.0,Перевод,Кимбат А.,False,"- 4 500,00 ₸"
11,28.12.24,7000.0,Пополнение,Гульзира М.,False,"+ 7 000,00 ₸"
11,27.12.24,-70000.0,Покупка,Отбасы банк. Пополнение депозита,False,"- 70 000,00 ₸"
11,27.12.24,63000.0,Пополнение,С карты другого банка,False,"+ 63 000,00 ₸"
11,26.12.24,2640.0,Пополнение,Булат М.,False,"+ 2 640,00 ₸"
11,26.12.24,1800.0,Пополнение,Гульфара Т.,False,"+ 1 800,00 ₸"
11,26.12.24,-77100.0,Перевод,Елена М.,False,"- 77 100,00 ₸"
11,26.12.24,30000.0,Пополнение,С карты другого банка,False,"+ 30 000,00 ₸"
11,26.12.24,-56700.0,Перевод,Хамид Л.,False,"- 56 700,00 ₸"
11,26.12.24,6900.0,Пополнение,Жанслу К.,False,"+ 6 900,00 ₸"
11,26.12.24,17000.0,Пополнение,Со своего Счета в Kaspi Pay,False,"+ 17 000,00 ₸"
11,25.12.24,10000.0,Пополнение,Дарья А.,False,"+ 10 000,00 ₸"
11,25.12.24,1250.0,Пополнение,Абу-Бекир У.,False,"+ 1 250,00 ₸"
11,24.12.24,-5950.0,Покупка,Взносы на обязательное соц.мед.страхование для ИП,False,"- 5 950,00 ₸"
11,24.12.24,-2975.0,Покупка,Cоциальные отчисления,False,"- 2 975,00 ₸"
11,24.12.24,-8500.0,Покупка,Обязательные пенсионные взносы,False,"- 8 500,00 ₸"
11,24.12.24,73000.0,Пополнение,Со своего Счета в Kaspi Pay,False,"+ 73 000,00 ₸"
11,24.12.24,2640.0,Пополнение,Азамат К.,False,"+ 2 640,00 ₸"
11,24.12.24,11000.0,Пополнение,Алдияр К.,False,"+ 11 000,00 ₸"
11,24.12.24,2640.0,Пополнение,Махаббат С.,False,"+ 2 640,00 ₸"
11,23.12.24,-9600.0,Перевод,Ксения Д.,False,"- 9 600,00 ₸"
11,20.12.24,-6120.0,Покупка,WILDBERRIES,False,"- 6 120,00 ₸"
11,20.12.24,2640.0,Пополнение,Алтынай К.,False,"+ 2 640,00 ₸"
11,19.12.24,-52900.0,Перевод,Гюзель Н.,False,"- 52 900,00 ₸"
11,19.12.24,4900.0,Пополнение,Жанат Х.,False,"+ 4 900,00 ₸"
11,19.12.24,3600.0,Пополнение,Жанат Х.,False,"+ 3 600,00 ₸"
11,19.12.24,1800.0,Пополнение,Салтанат С.,False,"+ 1 800,00 ₸"
11,19.12.24,9400.0,Пополнение,Тимур П.,False,"+ 9 400,00 ₸"
11,19.12.24,-61100.0,Перевод,Хамид Л.,False,"- 61 100,00 ₸"
11,19.12.24,73000.0,Пополнение,Со своего Счета в Kaspi Pay,False,"+ 73 000,00 ₸"
11,15.12.24,2640.0,Пополнение,Сандугаш У.,False,"+ 2 640,00 ₸"
11,15.12.24,2640.0,Пополнение,Асем К.,False,"+ 2 640,00 ₸"
11,12.12.24,-3310.0,Покупка,WILDBERRIES,False,"- 3 310,00 ₸"
11,11.12.24,-2080.0,Покупка,WILDBERRIES,False,"- 2 080,00 ₸"
12,11.12.24,-15000.0,Перевод,Тамара М.,False,"- 15 000,00 ₸"
12,11.12.24,11500.0,Пополнение,Ерик А.,False,"+ 11 500,00 ₸"
12,11.12.24,18600.0,Пополнение,Амалия А.,False,"+ 18 600,00 ₸"
12,11.12.24,18200.0,Пополнение,Ксения Д.,False,"+ 18 200,00 ₸"
12,09.12.24,-439.79,Разное,Комиссия за перевод на карту др. банка,False,"- 439,79 ₸"
12,09.12.24,-46294.0,Перевод,На карту другого банка HCBCREDIT3,False,"- 46 294,00 ₸"
12,09.12.24,35000.0,Пополнение,С карты другого банка,False,"+ 35 000,00 ₸"
12,09.12.24,-114850.0,Покупка,KRISTALL AHMUS,False,"- 114 850,00 ₸"
12,09.12.24,32000.0,Пополнение,Со своего Счета в Kaspi Pay,False,"+ 32 000,00 ₸"
12,09.12.24,1300.0,Пополнение,Гулжанат Н.,False,"+ 1 300,00 ₸"
12,09.12.24,600.0,Пополнение,Зарина Д.,False,"+ 600,00 ₸"
12,09.12.24,4900.0,Пополнение,Галина Г.,False,"+ 4 900,00 ₸"
12,09.12.24,3200.0,Пополнение,Амира С.,False,"+ 3 200,00 ₸"
12,07.12.24,-1.36,Покупка,Долги по налогам,False,"- 1,36 ₸"
12,06.12.24,50000.0,Пополнение,С карты другого банка,False,"+ 50 000,00 ₸"
12,05.12.24,32160.0,Покупка,WILDBERRIES,False,"+ 32 160,00 ₸"
12,04.12.24,-15000.0,Покупка,Beeline Интернет дома,False,"- 15 000,00 ₸"
12,04.12.24,15000.0,Пополнение,Тамара М.,False,"+ 15 000,00 ₸"
12,04.12.24,-1000.0,Перевод,Вера К.,False,"- 1 000,00 ₸"
12,03.12.24,-1500.0,Покупка,Казахтелеком ОФД по лицевому счету,False,"- 1 500,00 ₸"
12,02.12.24,-700.0,Покупка,WILDBERRIES,False,"- 700,00 ₸"
12,02.12.24,-34520.0,Покупка,WILDBERRIES,False,"- 34 520,00 ₸"
12,02.12.24,10000.0,Пополнение,Ксения Д.,False,"+ 10 000,00 ₸"
12,02.12.24,30800.0,Пополнение,Ксения Д.,False,"+ 30 800,00 ₸"
12,01.12.24,-57000.0,Перевод,Гулнар П.,False,"- 57 000,00 ₸"
12,01.12.24,1000.0,Пополнение,Ксения Д.,False,"+ 1 000,00 ₸"
12,01.12.24,24000.0,Пополнение,С карты другого банка,False,"+ 24 000,00 ₸"
12,30.11.24,-100000.0,Покупка,Отбасы банк. Пополнение депозита,False,"- 100 000,00 ₸"
12,30.11.24,62000.0,Пополнение,Со своего Счета в Kaspi Pay,False,"+ 62 000,00 ₸"
12,30.11.24,62000.0,Пополнение,С карты другого банка,False,"+ 62 000,00 ₸"
12,30.11.24,8500.0,Пополнение,Абай Е.,False,"+ 8 500,00 ₸"
12,28.11.24,-27000.0,Перевод,Олеся Я.,False,"- 27 000,00 ₸"
12,27.11.24,2500.0,Пополнение,Сатжан Т.,False,"+ 2 500,00 ₸"
12,27.11.24,-6460.0,Покупка,WILDBERRIES,False,"- 6 460,00 ₸"
12,26.11.24,4500.0,Пополнение,Эльвира А.,False,"+ 4 500,00 ₸"
12,25.11.24,-180.0,Покупка,Магазин Музтау,False,"- 180,00 ₸"
12,24.11.24,-8500.0,Покупка,Обязательные пенсионные взносы,False,"- 8 500,00 ₸"
12,24.11.24,-2975.0,Покупка,Cоциальные отчисления,False,"- 2 975,00 ₸"
12,24.11.24,-5950.0,Покупка,Взносы на обязательное соц.мед.страхование для ИП,False,"- 5 950,00 ₸"
12,24.11.24,-1006.11,Покупка,QAZAQGAZ AIMAQ Костанай,False,"- 1 006,11 ₸"
12,24.11.24,-902.32,Покупка,РЦКУ-Костанай,False,"- 902,32 ₸"
12,24.11.24,-137725.0,Покупка,KRISTALL AHMUS,False,"- 137 725,00 ₸"
12,24.11.24,120000.0,Пополнение,С карты другого банка,False,"+ 120 000,00 ₸"
12,22.11.24,-1110.0,Покупка,WILDBERRIES,False,"- 1 110,00 ₸"
12,21.11.24,-57400.0,Перевод,Kulizipa N.,False,"- 57 400,00 ₸"
12,21.11.24,52000.0,Пополнение,Со своего Счета в Kaspi Pay,False,"+ 52 000,00 ₸"
12,18.11.24,16900.0,Пополнение,Любовь А.,False,"+ 16 900,00 ₸"
13,18.11.24,14900.0,Пополнение,Любовь А.,False,"+ 14 900,00 ₸"
13,17.11.24,2000.0,Пополнение,Аружан Ж.,False,"+ 2 000,00 ₸"
13,16.11.24,-10000.0,Перевод,Сабира Т.,False,"- 10 000,00 ₸"
13,15.11.24,-3760.0,Покупка,WILDBERRIES,False,"- 3 760,00 ₸"
13,12.11.24,-84900.0,Перевод,Гюзель Н.,False,"- 84 900,00 ₸"
13,12.11.24,110000.0,Пополнение,С карты другого банка,False,"+ 110 000,00 ₸"
13,12.11.24,470.0,Пополнение,Андрей В.,False,"+ 470,00 ₸"
13,12.11.24,-36098.0,Перевод,Даулет А.,False,"- 36 098,00 ₸"
13,10.11.24,1400.0,Пополнение,Булат М.,False,"+ 1 400,00 ₸"
13,09.11.24,-439.81,Разное,Комиссия за перевод на карту др. банка,False,"- 439,81 ₸"
13,09.11.24,-46296.0,Перевод,На карту другого банка HCBCREDIT3,False,"- 46 296,00 ₸"
13,09.11.24,87000.0,Пополнение,Со своего Счета в Kaspi Pay,False,"+ 87 000,00 ₸"
13,09.11.24,15500.0,Пополнение,Елена Н.,False,"+ 15 500,00 ₸"
13,09.11.24,1300.0,Пополнение,Регина С.,False,"+ 1 300,00 ₸"
13,08.11.24,-1650.0,Перевод,Татьяна К.,False,"- 1 650,00 ₸"
13,05.11.24,-46196.0,Перевод,Даулет А.,False,"- 46 196,00 ₸"
13,05.11.24,15000.0,Пополнение,С карты другого банка,False,"+ 15 000,00 ₸"
13,05.11.24,15000.0,Пополнение,Со своего Счета в Kaspi Pay,False,"+ 15 000,00 ₸"
13,04.11.24,18000.0,Пополнение,Anna S.,False,"+ 18 000,00 ₸"
13,04.11.24,-1500.0,Покупка,Казахтелеком ОФД по лицевому счету,False,"- 1 500,00 ₸"
13,03.11.24,2000.0,Пополнение,Ильяс К.,False,"+ 2 000,00 ₸"
13,03.11.24,1600.0,Пополнение,Айгуль Е.,False,"+ 1 600,00 ₸"
13,03.11.24,-88628.0,Перевод,Даулет А.,False,"- 88 628,00 ₸"
13,03.11.24,3000.0,Пополнение,Батима К.,False,"+ 3 000,00 ₸"
13,03.11.24,28000.0,Пополнение,Со своего Счета в Kaspi Pay,False,"+ 28 000,00 ₸"
13,02.11.24,1400.0,Пополнение,Бектас И.,False,"+ 1 400,00 ₸"
13,02.11.24,13000.0,Пополнение,Хушбахт С.,False,"+ 13 000,00 ₸"
13,02.11.24,-1160.0,Покупка,WILDBERRIES,False,"- 1 160,00 ₸"
13,31.10.24,800.0,Пополнение,Айгуль М.,False,"+ 800,00 ₸"
13,30.10.24,-5000.0,Покупка,AiGu_shop_aktau,False,"- 5 000,00 ₸"
13,30.10.24,-5090.0,Покупка,WILDBERRIES,False,"- 5 090,00 ₸"
13,29.10.24,-50000.0,Перевод,Александр Ш.,False,"- 50 000,00 ₸"
13,29.10.24,94000.0,Пополнение,С карты другого банка,False,"+ 94 000,00 ₸"
13,29.10.24,9000.0,Пополнение,Ксения Ш.,False,"+ 9 000,00 ₸"
13,28.10.24,-80000.0,Покупка,Отбасы банк. Пополнение депозита,False,"- 80 000,00 ₸"
13,28.10.24,-400.0,Перевод,Кристина Г.,False,"- 400,00 ₸"
13,27.10.24,-2450.0,Покупка,WILDBERRIES,False,"- 2 450,00 ₸"
13,26.10.24,-2000.0,Перевод,Вера К.,False,"- 2 000,00 ₸"
13,25.10.24,-23150.0,Перевод,Даулет А.,False,"- 23 150,00 ₸"
13,25.10.24,100000.0,Пополнение,С карты другого банка,False,"+ 100 000,00 ₸"
13,24.10.24,-750.0,Перевод,Вера К.,False,"- 750,00 ₸"
13,23.10.24,-5950.0,Покупка,Взносы на обязательное соц.мед.страхование для ИП,False,"- 5 950,00 ₸"
13,23.10.24,-2975.0,Покупка,Cоциальные отчисления,False,"- 2 975,00 ₸"
13,23.10.24,-8500.0,Покупка,Обязательные пенсионные взносы,False,"- 8 500,00 ₸"
13,23.10.24,-1004.06,Покупка,QAZAQGAZ AIMAQ Костанай,False,"- 1 004,06 ₸"
13,23.10.24,-902.32,Покупка,РЦКУ-Костанай,False,"- 902,32 ₸"
13,23.10.24,26000.0,Пополнение,Со своего Счета в Kaspi Pay,False,"+ 26 000,00 ₸"
14,22.10.24,-57720.0,Перевод,Дархан Н.,False,"- 57 720,00 ₸"
14,22.10.24,-74370.0,Перевод,Олеся Я.,False,"- 74 370,00 ₸"
14,22.10.24,120000.0,Пополнение,С карты другого банка,False,"+ 120 000,00 ₸"
14,21.10.24,-10000.0,Перевод,Дархан Н.,False,"- 10 000,00 ₸"
14,18.10.24,-2000.0,Перевод,Вера К.,False,"- 2 000,00 ₸"
14,18.10.24,26000.0,Пополнение,Со своего Счета в Kaspi Pay,False,"+ 26 000,00 ₸"
14,17.10.24,-800000.0,Перевод,На Kaspi Депозит,False,"- 800 000,00 ₸"
14,17.10.24,800000.0,Пополнение,С карты другого банка,False,"+ 800 000,00 ₸"
14,16.10.24,-1400.0,Перевод,Гульмира Ж.,False,"- 1 400,00 ₸"
14,16.10.24,-56975.0,Перевод,Гюзель Н.,False,"- 56 975,00 ₸"
14,16.10.24,1200.0,Пополнение,Салтанат С.,False,"+ 1 200,00 ₸"
14,16.10.24,-98312.0,Перевод,Даулет А.,False,"- 98 312,00 ₸"
14,13.10.24,-5890.0,Покупка,TapTatti Retail,False,"- 5 890,00 ₸"
14,11.10.24,-7243.0,Покупка,Диона,False,"- 7 243,00 ₸"
14,11.10.24,-15000.0,Покупка,Бикеш,False,"- 15 000,00 ₸"
14,11.10.24,-8000.0,Покупка,AiGu_shop_aktau,False,"- 8 000,00 ₸"
14,11.10.24,-1947.0,Покупка,Кондитерская Ваниль Астана кафетерий,False,"- 1 947,00 ₸"
14,11.10.24,-2190.0,Покупка,Супермаркет Ильяс,False,"- 2 190,00 ₸"
14,10.10.24,-4460.0,Покупка,Косметичка,False,"- 4 460,00 ₸"
14,10.10.24,-110.0,Покупка,Avtobys. Оплата проезда по QR,False,"- 110,00 ₸"
14,09.10.24,-3345.0,Покупка,Market wo,False,"- 3 345,00 ₸"
14,09.10.24,-439.81,Разное,Комиссия за перевод на карту др. банка,False,"- 439,81 ₸"
14,09.10.24,-46296.0,Перевод,На карту другого банка HCBCREDIT3,False,"- 46 296,00 ₸"
14,09.10.24,-64200.0,Перевод,Ибрагим И.,False,"- 64 200,00 ₸"
14,09.10.24,300000.0,Пополнение,С карты другого банка,False,"+ 300 000,00 ₸"
14,09.10.24,-4900.0,Покупка,TapTatti Retail,False,"- 4 900,00 ₸"
14,09.10.24,-110.0,Покупка,Avtobys. Оплата проезда по QR,False,"- 110,00 ₸"
14,09.10.24,-110.0,Покупка,Avtobys. Оплата проезда по QR,False,"- 110,00 ₸"
14,08.10.24,-110.0,Покупка,Avtobys. Оплата проезда по QR,False,"- 110,00 ₸"
14,08.10.24,-110.0,Покупка,Avtobys. Оплата проезда по QR,False,"- 110,00 ₸"
14,08.10.24,-65200.0,Перевод,Ольга В.,False,"- 65 200,00 ₸"
14,08.10.24,50000.0,Пополнение,Со своего Счета в Kaspi Pay,False,"+ 50 000,00 ₸"
14,05.10.24,9500.0,Пополнение,Ляззат О.,False,"+ 9 500,00 ₸"
14,03.10.24,-1500.0,Покупка,Казахтелеком ОФД по лицевому счету,False,"- 1 500,00 ₸"
14,29.09.24,-5858.0,Перевод,Бағдəулет Ж.,False,"- 5 858,00 ₸"
14,29.09.24,-5000.0,Покупка,AiGu_shop_aktau,False,"- 5 000,00 ₸"
14,29.09.24,35000.0,Пополнение,С карты другого банка,False,"+ 35 000,00 ₸"
14,29.09.24,-50000.0,Покупка,Отбасы банк. Пополнение депозита,False,"- 50 000,00 ₸"
14,29.09.24,40000.0,Пополнение,Со своего Счета в Kaspi Pay,False,"+ 40 000,00 ₸"
